證券代碼,年月日,開盤價(元),最高價(元),最低價(元),收盤價(元),成交量(千股)
2303 聯電,2025/12/31,49.6,49.7,49.05,49.25,"25,921"
2303 聯電,2025/12/30,49.5,50,49.35,49.5,"26,508"
2303 聯電,2025/12/29,49.95,49.95,49.4,49.65,"24,205"
2303 聯電,2025/12/26,49.85,50.1,49.55,49.95,"40,876"
2303 聯電,2025/12/24,49.9,50,49.3,49.65,"47,846"
2303 聯電,2025/12/23,51,51,49.65,50,"46,416"
2303 聯電,2025/12/22,51,51.1,50.4,50.9,"65,904"
2303 聯電,2025/12/19,50.3,50.7,50.1,50.7,"68,294"
2303 聯電,2025/12/18,50.2,50.7,49.7,50.3,"62,841"
2303 聯電,2025/12/17,49.45,50.9,49.3,50.4,"121,851"
2303 聯電,2025/12/16,48.75,49.2,47.9,49.2,"83,189"
2303 聯電,2025/12/15,48.4,48.85,48.2,48.85,"43,378"
2303 聯電,2025/12/12,48.65,48.9,48.3,48.8,"41,378"
2303 聯電,2025/12/11,49.55,49.6,48,48.65,"42,523"
2303 聯電,2025/12/10,49.75,49.75,49,49.35,"42,738"
2303 聯電,2025/12/9,49.7,49.9,48.7,49.6,"43,805"
2303 聯電,2025/12/8,49.75,50,48.45,49.3,"66,870"
2303 聯電,2025/12/5,48.05,49.3,48,48.9,"83,118"
2303 聯電,2025/12/4,48,48.25,47.85,48,"46,139"
2303 聯電,2025/12/3,47.65,48.3,47.35,47.5,"48,743"
2303 聯電,2025/12/2,46.55,47.6,46.5,47.2,"46,427"
2303 聯電,2025/12/1,45.8,46.6,45.8,46.5,"40,233"
2303 聯電,2025/11/28,45.5,46,45.2,45.8,"24,694"
2303 聯電,2025/11/27,45.3,45.95,45.2,45.95,"31,977"
2303 聯電,2025/11/26,45.5,45.85,44.85,45.45,"37,443"
2303 聯電,2025/11/25,46.05,46.1,45.05,45.1,"48,758"
2303 聯電,2025/11/24,45.45,46.55,45,46.55,"102,019"
2303 聯電,2025/11/21,44.2,45,44.2,45,"36,002"
2303 聯電,2025/11/20,44.9,45,44.25,44.65,"34,080"
2303 聯電,2025/11/19,44.3,45.2,44,44.35,"36,291"
2303 聯電,2025/11/18,44.3,44.4,43.8,44.2,"37,694"
2303 聯電,2025/11/17,44.05,44.35,43.8,43.85,"24,924"
2303 聯電,2025/11/14,44.35,44.85,44.15,44.15,"33,061"
2303 聯電,2025/11/13,45,45.15,44.45,44.45,"39,804"
2303 聯電,2025/11/12,45.2,45.55,44.9,45,"33,091"
2303 聯電,2025/11/11,45.6,46,45.2,45.25,"29,572"
2303 聯電,2025/11/10,45.5,45.65,45.05,45.2,"23,076"
2303 聯電,2025/11/7,45.5,45.6,44.9,45,"33,482"
2303 聯電,2025/11/6,47.75,47.75,45.8,45.8,"60,793"
2303 聯電,2025/11/5,47.1,47.1,45.75,47.1,"48,895"
2303 聯電,2025/11/4,48.75,48.75,47.15,47.4,"65,466"
2303 聯電,2025/11/3,47,48.5,46.8,47.6,"96,761"
2303 聯電,2025/10/31,46.2,46.85,46,46.4,"50,967"
2303 聯電,2025/10/30,45.6,46.2,44.8,45.85,"55,850"
2303 聯電,2025/10/29,46.25,46.25,45.6,45.6,"28,822"
2303 聯電,2025/10/28,46,46.25,45.8,46,"44,913"
2303 聯電,2025/10/27,46.05,46.45,45.6,45.6,"44,626"
2303 聯電,2025/10/23,45.5,45.5,45.05,45.4,"15,649"
2303 聯電,2025/10/22,45.4,45.7,45.1,45.5,"23,785"
2303 聯電,2025/10/21,46.2,46.3,45.45,45.45,"26,102"
2303 聯電,2025/10/20,46.05,46.25,45.85,46.1,"33,201"
2303 聯電,2025/10/17,45.3,45.9,45.1,45.75,"45,984"
2303 聯電,2025/10/16,44.9,45.3,44.65,44.9,"31,651"
2303 聯電,2025/10/15,45,45.1,44.3,44.5,"36,130"
2303 聯電,2025/10/14,46,46.35,44.85,44.85,"46,680"
2303 聯電,2025/10/13,44.5,45.5,44.25,45.45,"59,654"
2303 聯電,2025/10/9,45.6,46.3,45.5,45.65,"72,308"
2303 聯電,2025/10/8,44.5,44.95,44.3,44.95,"40,094"
2303 聯電,2025/10/7,43.85,44.35,43.5,44.3,"29,966"
2303 聯電,2025/10/3,43.35,43.85,43.2,43.85,"41,001"
2303 聯電,2025/10/2,44.45,44.55,43.35,43.8,"62,306"
2303 聯電,2025/10/1,45.8,45.9,44,44.25,"80,627"
2303 聯電,2025/9/30,45.55,47.3,45.25,45.55,"135,636"
2303 聯電,2025/9/26,44.85,45.3,44.15,44.85,"48,738"
2303 聯電,2025/9/25,44.85,45.25,44.05,44.3,"59,196"
2303 聯電,2025/9/24,44.4,45.3,44.1,44.85,"86,632"
2303 聯電,2025/9/23,43.55,44.45,43.35,43.9,"84,792"
2303 聯電,2025/9/22,43.9,43.95,43,43.05,"65,240"
2303 聯電,2025/9/19,42.45,43.4,42.2,43.25,"108,494"
2303 聯電,2025/9/18,41.7,42.1,41.65,41.8,"38,832"
2303 聯電,2025/9/17,41.1,41.5,41.1,41.45,"22,065"
2303 聯電,2025/9/16,41.2,41.5,41.05,41.05,"20,434"
2303 聯電,2025/9/15,41.2,41.45,41.1,41.1,"27,497"
2303 聯電,2025/9/12,41,41.3,40.9,41.15,"28,555"
2303 聯電,2025/9/11,41.25,41.4,40.9,40.9,"22,457"
2303 聯電,2025/9/10,41.45,41.5,41.1,41.25,"22,731"
2303 聯電,2025/9/9,41.6,41.75,41.4,41.45,"17,679"
2303 聯電,2025/9/8,41.6,41.65,41.25,41.6,"16,976"
2303 聯電,2025/9/5,41.85,41.9,41.05,41.2,"36,623"
2303 聯電,2025/9/4,41.15,42.7,41.15,42,"68,277"
2303 聯電,2025/9/3,40.95,40.95,40.7,40.9,"11,884"
2303 聯電,2025/9/2,40.9,41,40.65,40.9,"20,463"
2303 聯電,2025/9/1,40.6,40.8,40.4,40.75,"20,893"
2303 聯電,2025/8/29,40.85,40.9,40.45,40.5,"24,987"
2303 聯電,2025/8/28,40.95,41.2,40.6,40.6,"24,015"
2303 聯電,2025/8/27,41.2,41.3,40.9,40.95,"30,468"
2303 聯電,2025/8/26,40.5,41.8,40.35,41.8,"64,250"
2303 聯電,2025/8/25,40.85,40.9,40.55,40.55,"21,545"
2303 聯電,2025/8/22,41.15,41.2,40.6,40.6,"24,838"
2303 聯電,2025/8/21,42,42.05,41.4,41.4,"46,331"
2303 聯電,2025/8/20,41.5,42.5,41.5,41.9,"109,831"
2303 聯電,2025/8/19,40.3,41.05,40.1,41.05,"32,392"
2303 聯電,2025/8/18,40.9,40.9,40.2,40.4,"50,965"
2303 聯電,2025/8/15,41.1,41.6,41,41.2,"33,183"
2303 聯電,2025/8/14,40.85,41,40.75,40.8,"25,613"
2303 聯電,2025/8/13,40.8,41,40.4,40.75,"29,688"
2303 聯電,2025/8/12,40.6,40.85,40.35,40.65,"24,184"
2303 聯電,2025/8/11,40.4,40.65,40.3,40.4,"24,922"
2303 聯電,2025/8/8,40.4,40.6,40.2,40.5,"34,984"
2303 聯電,2025/8/7,40.5,40.8,40.4,40.4,"55,531"
2303 聯電,2025/8/6,40.95,41,40.35,40.7,"42,666"
2303 聯電,2025/8/5,41.35,41.65,41.3,41.4,"27,928"
2303 聯電,2025/8/4,40.9,41.55,40.5,41.2,"36,148"
2303 聯電,2025/8/1,40.75,41.4,40.35,41.05,"30,847"
2303 聯電,2025/7/31,42.25,42.25,41.55,41.55,"43,354"
2303 聯電,2025/7/30,42.8,42.9,42.1,42.55,"46,318"
2303 聯電,2025/7/29,43.3,43.35,42.8,42.8,"35,928"
2303 聯電,2025/7/28,43.5,43.6,43,43.5,"35,893"
2303 聯電,2025/7/25,43.4,43.75,43.3,43.5,"17,727"
2303 聯電,2025/7/24,43.95,44,43.45,43.5,"15,056"
2303 聯電,2025/7/23,43.4,43.9,43.3,43.9,"24,654"
2303 聯電,2025/7/22,43.8,43.8,43,43,"26,480"
2303 聯電,2025/7/21,43.6,43.7,43.35,43.5,"16,484"
2303 聯電,2025/7/18,43.75,44.05,43.35,43.45,"25,905"
2303 聯電,2025/7/17,43.5,43.6,43.15,43.55,"24,169"
2303 聯電,2025/7/16,43.55,43.6,43.2,43.45,"28,442"
2303 聯電,2025/7/15,43,43.55,42.9,43.55,"21,213"
2303 聯電,2025/7/14,43.25,43.35,42.8,43.15,"23,398"
2303 聯電,2025/7/11,43.7,43.7,43.2,43.25,"20,103"
2303 聯電,2025/7/10,43.8,44,43.2,43.7,"31,767"
2303 聯電,2025/7/9,43.5,43.95,43.45,43.9,"24,747"
2303 聯電,2025/7/8,43.6,43.8,43.15,43.7,"29,455"
2303 聯電,2025/7/7,44.05,44.05,43.1,43.45,"39,218"
2303 聯電,2025/7/4,44.7,44.75,43.55,43.75,"44,412"
2303 聯電,2025/7/3,44.55,44.95,44.25,44.4,"37,209"
2303 聯電,2025/7/2,43.85,44.45,43.8,44.45,"41,524"
2303 聯電,2025/7/1,44.25,44.6,43.55,43.95,"51,209"
2303 聯電,2025/6/30,44.1,44.4,43.95,44.2,"27,637"
2303 聯電,2025/6/27,43.85,44.3,43.6,44.3,"49,404"
2303 聯電,2025/6/26,43.8,44.35,43.15,43.25,"81,797"
2303 聯電,2025/6/25,45.45,45.45,43.8,43.8,"96,213"
2303 聯電,2025/6/24,42.5,45.35,42.5,45.35,"132,725"
2303 聯電,2025/6/23,43.6704,44.3278,43.3887,44.14,"74,927"
2303 聯電,2025/6/20,44.4217,45.0322,43.9522,44.7504,"65,811"
2303 聯電,2025/6/19,45.4548,45.5018,44.7035,44.8444,"51,364"
2303 聯電,2025/6/18,44.7974,45.3609,44.7035,45.3609,"41,980"
2303 聯電,2025/6/17,45.3139,45.8305,44.6096,44.6096,"71,371"
2303 聯電,2025/6/16,44.4687,45.0792,44.4687,45.0792,"41,273"
2303 聯電,2025/6/13,43.9522,44.8444,43.9522,44.5626,"44,917"
2303 聯電,2025/6/12,44.3748,44.5157,44.0461,44.4217,"33,016"
2303 聯電,2025/6/11,43.7174,44.3748,43.7174,44.3748,"57,332"
2303 聯電,2025/6/10,43.06,43.6704,43.013,43.5765,"47,792"
2303 聯電,2025/6/9,42.2617,42.9661,42.1208,42.8722,"39,339"
2303 聯電,2025/6/6,42.5434,42.9661,42.2617,42.2617,"55,833"
2303 聯電,2025/6/5,42.8722,43.2478,42.3556,42.5434,"74,800"
2303 聯電,2025/6/4,44.2339,44.3748,43.013,43.1539,"85,623"
2303 聯電,2025/6/3,43.8583,44.4217,43.7643,44.3748,"78,597"
2303 聯電,2025/6/2,43.9522,44.093,43.1069,44.093,"82,317"
2303 聯電,2025/5/29,44.5157,45.1731,43.9052,43.9052,"149,194"
2303 聯電,2025/5/28,43.5765,44.5626,43.3417,44.187,"98,207"
2303 聯電,2025/5/27,44.2339,44.7035,43.2009,43.2009,"99,894"
2303 聯電,2025/5/26,44.8913,45.8305,44.2339,44.2339,"79,080"
2303 聯電,2025/5/23,45.1731,46.4409,45.1261,45.1261,"71,795"
2303 聯電,2025/5/22,46.4409,46.7696,45.9244,46.4409,"71,129"
2303 聯電,2025/5/21,45.0792,46.6757,44.9852,46.5348,"93,873"
2303 聯電,2025/5/20,45.0322,45.0792,44.3748,44.9383,"28,818"
2303 聯電,2025/5/19,44.7035,45.0322,44.6096,44.8444,"36,989"
2303 聯電,2025/5/16,44.7035,44.8913,44.4217,44.8913,"29,107"
2303 聯電,2025/5/15,44.093,44.6096,43.9991,44.6096,"42,408"
2303 聯電,2025/5/14,44.0461,44.187,43.9522,44.14,"27,592"
2303 聯電,2025/5/13,43.8113,43.9991,43.5296,43.7174,"32,070"
2303 聯電,2025/5/12,42.9661,43.6235,42.8252,43.6235,"34,164"
2303 聯電,2025/5/9,42.4495,42.9191,42.4026,42.7782,"16,916"
2303 聯電,2025/5/8,42.6374,42.9661,42.5434,42.5434,"21,261"
2303 聯電,2025/5/7,42.8252,43.1069,42.6374,42.9661,"31,901"
2303 聯電,2025/5/6,42.2617,43.013,41.886,42.6374,"43,527"
2303 聯電,2025/5/5,42.9661,43.013,41.886,42.3087,"35,467"
2303 聯電,2025/5/2,42.4495,43.06,42.4026,42.8722,"31,343"
2303 聯電,2025/4/30,42.0269,42.5434,42.0269,42.4495,"30,414"
2303 聯電,2025/4/29,41.98,42.3556,41.933,42.2147,"28,542"
2303 聯電,2025/4/28,41.8391,42.1678,41.5104,42.1678,"23,062"
2303 聯電,2025/4/25,41.4165,41.98,41.2756,41.933,"54,530"
2303 聯電,2025/4/24,42.0269,42.2147,40.7591,40.7591,"42,911"
2303 聯電,2025/4/23,42.2147,42.5434,41.886,42.3556,"33,826"
2303 聯電,2025/4/22,40.9469,41.8391,40.8999,41.6043,"27,874"
2303 聯電,2025/4/21,41.6513,41.6513,40.9939,40.9939,"14,753"
2303 聯電,2025/4/18,41.7452,41.7452,41.4165,41.6043,"16,139"
2303 聯電,2025/4/17,42.1208,42.1208,41.3695,41.4165,"20,672"
2303 聯電,2025/4/16,41.5104,42.2617,41.5104,42.2147,"35,970"
2303 聯電,2025/4/15,41.7921,42.2147,41.6982,41.98,"31,336"
2303 聯電,2025/4/14,42.0739,42.5904,41.6043,41.6043,"56,583"
2303 聯電,2025/4/11,40.1017,41.6043,39.5382,41.4165,"69,607"
2303 聯電,2025/4/10,41.1817,41.1817,40.853,41.1817,"49,755"
2303 聯電,2025/4/9,38.0825,38.9747,37.2842,37.472,"85,701"
2303 聯電,2025/4/8,37.1433,39.4443,37.0964,39.1625,"121,853"
2303 聯電,2025/4/7,38.2703,38.2703,38.2703,38.2703,"14,322"
2303 聯電,2025/4/2,43.013,43.013,42.4026,42.4965,"50,674"
2303 聯電,2025/4/1,44.3278,45.0792,42.4965,43.1539,"143,677"
2303 聯電,2025/3/31,40.8999,41.933,40.6652,41.933,"62,053"
2303 聯電,2025/3/28,41.886,41.886,41.4165,41.8391,"38,051"
2303 聯電,2025/3/27,41.4165,42.0739,41.3226,42.0739,"43,394"
2303 聯電,2025/3/26,42.0269,42.0739,41.6043,41.8391,"28,296"
2303 聯電,2025/3/25,42.2617,42.4495,41.7452,42.1208,"36,633"
2303 聯電,2025/3/24,42.2617,42.5434,41.886,42.1208,"36,174"
2303 聯電,2025/3/21,42.2617,42.2617,41.7921,42.2617,"39,471"
2303 聯電,2025/3/20,41.98,42.4026,41.98,42.4026,"43,495"
2303 聯電,2025/3/19,41.7921,42.1678,41.6043,41.6043,"37,455"
2303 聯電,2025/3/18,41.5104,42.2617,41.4634,41.7921,"42,307"
2303 聯電,2025/3/17,42.2617,42.4026,41.4165,41.4165,"44,408"
2303 聯電,2025/3/14,40.8999,42.3087,40.853,42.1678,"68,624"
2303 聯電,2025/3/13,41.98,41.98,40.9469,41.0408,"57,922"
2303 聯電,2025/3/12,41.98,42.2147,41.4165,42.0739,"43,460"
2303 聯電,2025/3/11,41.6043,42.2617,41.5104,42.1208,"68,311"
2303 聯電,2025/3/10,41.8391,42.5434,41.6982,42.3087,"59,203"
2303 聯電,2025/3/7,41.3226,41.886,41.1347,41.4634,"31,930"
2303 聯電,2025/3/6,41.6043,41.7452,41.2286,41.3226,"30,510"
2303 聯電,2025/3/5,41.4165,41.7921,41.0408,41.3226,"46,628"
2303 聯電,2025/3/4,40.3364,41.1817,40.2895,40.9469,"44,412"
2303 聯電,2025/3/3,40.4773,40.9469,40.2425,40.9469,"53,313"
2303 聯電,2025/2/27,41.3226,41.4634,40.7591,41.0408,"69,493"
2303 聯電,2025/2/26,40.4773,41.1347,40.4304,40.9469,"35,296"
2303 聯電,2025/2/25,40.4304,40.853,40.2895,40.6652,"36,339"
2303 聯電,2025/2/24,40.4304,40.9939,40.1956,40.8999,"30,334"
2303 聯電,2025/2/21,40.7121,40.9469,40.5712,40.9469,"34,489"
2303 聯電,2025/2/20,40.3834,40.6652,40.2425,40.3834,"40,230"
2303 聯電,2025/2/19,39.6321,40.3364,39.5851,39.9608,"54,879"
2303 聯電,2025/2/18,39.4912,39.726,39.1625,39.3973,"36,105"
2303 聯電,2025/2/17,38.9747,39.6321,38.9277,39.4443,"33,131"
2303 聯電,2025/2/14,38.9747,39.2095,38.5521,38.8808,"28,678"
2303 聯電,2025/2/13,37.8007,39.2095,37.7538,38.8808,"64,119"
2303 聯電,2025/2/12,37.9416,38.0355,37.6129,37.6599,"28,301"
2303 聯電,2025/2/11,37.8477,38.0355,37.7068,37.9416,"29,978"
2303 聯電,2025/2/10,37.7068,37.8477,37.472,37.7538,"31,106"
2303 聯電,2025/2/7,37.6599,37.8477,37.6599,37.7068,"23,231"
2303 聯電,2025/2/6,37.8477,37.8947,37.519,37.6599,"32,830"
2303 聯電,2025/2/5,37.9416,38.1764,37.6599,37.6599,"34,136"
2303 聯電,2025/2/4,38.4582,38.4582,37.6599,37.6599,"58,336"
2303 聯電,2025/2/3,37.7538,39.1156,37.566,38.0355,"112,511"
2303 聯電,2025/1/22,37.2842,38.0825,37.2842,37.7538,"149,025"
2303 聯電,2025/1/21,40.1486,40.6652,39.8199,40.3364,"42,396"
2303 聯電,2025/1/20,39.0216,40.1486,38.9747,40.1486,"47,464"
2303 聯電,2025/1/17,38.8808,39.2095,38.6929,38.6929,"44,241"
2303 聯電,2025/1/16,39.3503,39.679,39.0216,39.0216,"37,412"
2303 聯電,2025/1/15,39.4912,39.9138,38.9277,38.9277,"36,667"
2303 聯電,2025/1/14,38.6929,39.679,38.5521,39.679,"37,186"
2303 聯電,2025/1/13,38.5051,39.1625,38.3173,38.4112,"49,325"
2303 聯電,2025/1/10,38.7399,39.0686,38.3173,38.7869,"41,145"
2303 聯電,2025/1/9,40.1017,40.3364,39.0686,39.0686,"47,183"
2303 聯電,2025/1/8,39.8199,40.2895,39.773,40.1017,"38,044"
2303 聯電,2025/1/7,40.9939,41.1347,39.773,39.773,"59,202"
2303 聯電,2025/1/6,40.9469,41.0878,40.7121,40.7591,"33,049"
2303 聯電,2025/1/3,41.2756,41.4634,40.4773,40.4773,"42,529"
2303 聯電,2025/1/2,40.2895,41.0408,40.2425,41.0408,"65,489"
2303 聯電,2024/12/31,40.1017,40.806,39.6321,40.4304,"43,755"
2303 聯電,2024/12/30,40.5712,40.9469,40.4773,40.4773,"25,753"
2303 聯電,2024/12/27,40.8999,41.3695,40.806,40.9469,"22,762"
2303 聯電,2024/12/26,41.6043,41.6043,40.853,41.0408,"28,538"
2303 聯電,2024/12/25,41.7921,41.98,41.3695,41.3695,"52,749"
2303 聯電,2024/12/24,41.6982,42.2147,41.0408,41.3226,"133,767"
2303 聯電,2024/12/23,40.1486,40.6652,40.1486,40.2895,"36,819"
2303 聯電,2024/12/20,40.0077,40.3834,39.5851,39.773,"70,140"
2303 聯電,2024/12/19,40.3834,40.9469,40.1017,40.3834,"69,363"
2303 聯電,2024/12/18,40.4773,41.1817,40.3834,41.0408,"88,714"
2303 聯電,2024/12/17,39.4443,40.7591,39.3973,39.9608,"102,542"
2303 聯電,2024/12/16,38.7869,39.0686,38.2234,38.9277,"85,871"
2303 聯電,2024/12/13,39.4443,39.5382,38.1294,38.9277,"116,092"
2303 聯電,2024/12/12,40.5243,40.6652,39.5851,39.9138,"73,331"
2303 聯電,2024/12/11,40.6182,40.806,40.3834,40.3834,"44,548"
2303 聯電,2024/12/10,41.1347,41.2756,40.853,41.0408,"33,052"
2303 聯電,2024/12/9,40.853,41.3695,40.853,41.3695,"33,312"
2303 聯電,2024/12/6,40.5243,41.2756,40.5243,40.853,"43,886"
2303 聯電,2024/12/5,41.3695,41.5104,40.9469,40.9469,"57,737"
2303 聯電,2024/12/4,41.5573,41.7452,41.3226,41.7452,"51,839"
2303 聯電,2024/12/3,42.3556,42.4026,41.6043,42.0739,"50,827"
2303 聯電,2024/12/2,41.2756,41.886,41.1347,41.886,"38,808"
2303 聯電,2024/11/29,41.2286,41.4165,40.6182,40.8999,"66,391"
2303 聯電,2024/11/28,41.2756,41.4165,40.3834,41.2286,"84,388"
2303 聯電,2024/11/27,42.1208,42.1678,41.2756,41.6982,"89,385"
2303 聯電,2024/11/26,42.0739,42.9191,41.886,42.6374,"42,091"
2303 聯電,2024/11/25,42.3556,42.6843,42.1678,42.1678,"77,140"
2303 聯電,2024/11/22,42.0269,42.4495,41.7452,41.7452,"50,873"
2303 聯電,2024/11/21,41.8391,42.0269,41.6982,41.6982,"67,566"
2303 聯電,2024/11/20,42.4495,42.6843,42.1678,42.1678,"61,462"
2303 聯電,2024/11/19,42.4495,43.2009,42.4495,42.4495,"60,279"
2303 聯電,2024/11/18,42.1678,43.013,42.1208,42.3556,"69,335"
2303 聯電,2024/11/15,42.2617,42.6374,41.886,42.2617,"52,930"
2303 聯電,2024/11/14,42.8252,42.8252,42.2617,42.2617,"79,049"
2303 聯電,2024/11/13,43.1069,43.5296,42.9191,43.013,"53,138"
2303 聯電,2024/11/12,43.1539,44.093,42.9661,43.2948,"70,364"
2303 聯電,2024/11/11,43.6235,43.8113,42.9191,43.7174,"46,564"
2303 聯電,2024/11/8,44.5157,44.8913,43.8113,43.8113,"63,092"
2303 聯電,2024/11/7,43.1539,45.0322,43.1069,44.2809,"93,698"
2303 聯電,2024/11/6,42.2617,43.6235,42.2617,43.06,"79,644"
2303 聯電,2024/11/5,42.7313,42.8722,42.3087,42.5904,"85,444"
2303 聯電,2024/11/4,43.7643,43.8583,43.2009,43.2009,"60,431"
2303 聯電,2024/11/1,42.9661,44.14,42.8722,43.7643,"142,032"
2303 聯電,2024/10/30,45.5487,45.6896,45.0792,45.22,"54,660"
2303 聯電,2024/10/29,45.8774,45.9244,45.22,45.4548,"82,221"
2303 聯電,2024/10/28,46.7696,46.9575,46.2531,46.2531,"49,591"
2303 聯電,2024/10/25,46.9105,47.1453,46.7696,46.7696,"47,613"
2303 聯電,2024/10/24,46.9105,47.0514,46.8166,46.8635,"50,120"
2303 聯電,2024/10/23,47.6149,47.6149,47.1453,47.1453,"50,524"
2303 聯電,2024/10/22,47.3331,47.8027,47.3331,47.6149,"51,036"
2303 聯電,2024/10/21,47.2392,47.8027,46.9575,47.8027,"63,151"
2303 聯電,2024/10/18,48.3662,48.554,47.427,47.427,"79,201"
2303 聯電,2024/10/17,48.4601,48.7418,48.4601,48.554,"32,439"
2303 聯電,2024/10/16,48.2723,48.7418,48.1783,48.554,"61,244"
2303 聯電,2024/10/15,49.3992,49.5871,49.2114,49.3992,"25,326"
2303 聯電,2024/10/14,48.9297,49.3992,48.8357,49.3053,"27,090"
2303 聯電,2024/10/11,48.6479,49.1175,48.554,48.6479,"32,833"
2303 聯電,2024/10/9,49.1175,49.3053,48.554,48.7418,"42,465"
2303 聯電,2024/10/8,48.9297,49.3992,48.9297,49.3992,"39,756"
2303 聯電,2024/10/7,49.7749,50.0566,49.1175,49.681,"43,397"
2303 聯電,2024/10/4,49.3992,49.681,49.0236,49.3992,"63,348"
2303 聯電,2024/10/1,50.3384,50.9019,50.3384,50.4323,"24,979"
2303 聯電,2024/9/30,51.4654,51.841,50.5262,50.5262,"42,157"
2303 聯電,2024/9/27,52.0289,52.0289,51.6532,51.6532,"40,025"
2303 聯電,2024/9/26,51.5593,51.7471,51.3715,51.5593,"47,535"
2303 聯電,2024/9/25,50.9958,51.4654,50.808,51.1836,"52,411"
2303 聯電,2024/9/24,50.714,50.808,50.3384,50.6201,"43,459"
2303 聯電,2024/9/23,50.5262,50.714,50.1506,50.714,"30,909"
2303 聯電,2024/9/20,50.808,51.0897,49.8688,50.5262,"71,866"
2303 聯電,2024/9/19,50.4323,50.9019,50.2445,50.4323,"44,964"
2303 聯電,2024/9/18,50.808,50.9019,50.0566,50.5262,"57,765"
2303 聯電,2024/9/16,51.2775,51.4654,50.9958,51.1836,"24,475"
2303 聯電,2024/9/13,51.841,51.9349,50.9958,51.2775,"30,635"
2303 聯電,2024/9/12,51.7471,52.0289,51.5593,51.841,"35,327"
2303 聯電,2024/9/11,50.0566,50.714,49.9627,50.714,"24,122"
2303 聯電,2024/9/10,50.5262,50.5262,49.681,50.0566,"34,262"
2303 聯電,2024/9/9,49.681,50.5262,49.3992,50.5262,"46,437"
2303 聯電,2024/9/6,50.9958,51.1836,50.3384,51.1836,"24,617"
2303 聯電,2024/9/5,50.6201,51.2775,50.3384,50.6201,"37,783"
2303 聯電,2024/9/4,49.7749,50.808,49.1175,50.0566,"85,748"
2303 聯電,2024/9/3,51.841,52.2167,51.6532,51.7471,"27,896"
2303 聯電,2024/9/2,52.2167,52.2167,51.4654,52.0289,"35,096"
2303 聯電,2024/8/30,51.2775,52.1228,51.2775,52.1228,"62,697"
2303 聯電,2024/8/29,51.3715,51.4654,50.9958,51.2775,"23,254"
2303 聯電,2024/8/28,50.9019,51.841,50.808,51.841,"29,808"
2303 聯電,2024/8/27,51.1836,51.2775,50.5262,50.714,"38,928"
2303 聯電,2024/8/26,52.4045,52.4045,51.5593,51.7471,"27,664"
2303 聯電,2024/8/23,51.841,52.2167,51.4654,52.2167,"31,165"
2303 聯電,2024/8/22,52.5923,52.7802,52.1228,52.4984,"30,087"
2303 聯電,2024/8/21,52.4984,52.5923,51.9349,52.5923,"35,451"
2303 聯電,2024/8/20,52.8741,52.968,52.2167,52.5923,"47,715"
2303 聯電,2024/8/19,52.4984,52.5923,52.0289,52.5923,"42,753"
2303 聯電,2024/8/16,52.5923,52.5923,52.0289,52.4045,"68,166"
2303 聯電,2024/8/15,52.3106,52.3106,51.1836,51.3715,"36,309"
2303 聯電,2024/8/14,52.1228,52.4045,51.841,52.3106,"96,047"
2303 聯電,2024/8/13,51.4654,51.5593,50.9958,51.4654,"40,357"
2303 聯電,2024/8/12,50.9958,51.3715,50.9019,51.3715,"60,707"
2303 聯電,2024/8/9,50.9019,51.0897,50.2445,50.6201,"92,121"
2303 聯電,2024/8/8,48.8357,49.681,48.4601,49.5871,"41,940"
2303 聯電,2024/8/7,49.0236,49.7749,48.554,49.7749,"66,432"
2303 聯電,2024/8/6,48.2723,48.7418,46.4879,48.554,"91,083"
2303 聯電,2024/8/5,48.3662,48.3662,46.394,46.9105,"114,919"
2303 聯電,2024/8/2,49.4932,49.681,48.8357,49.681,"91,983"
2303 聯電,2024/8/1,50.4323,50.714,49.3992,50.6201,"177,167"
2303 聯電,2024/7/31,46.5818,47.427,46.347,47.3331,"48,572"
2303 聯電,2024/7/30,46.9105,46.9575,46.2061,46.9575,"55,881"
2303 聯電,2024/7/29,47.9905,48.2723,46.9105,47.1453,"53,281"
2303 聯電,2024/7/26,46.4409,47.6149,46.1592,47.6149,"90,576"
2303 聯電,2024/7/23,47.8966,48.1783,47.427,48.1783,"54,070"
2303 聯電,2024/7/22,48.3662,48.4601,46.8166,47.1453,"87,881"
2303 聯電,2024/7/19,49.0236,49.2114,48.554,48.7418,"50,320"
2303 聯電,2024/7/18,49.3053,49.681,48.6479,49.4932,"80,643"
2303 聯電,2024/7/17,49.8688,50.0566,49.5871,49.7749,"73,727"
2303 聯電,2024/7/16,50.4323,50.5262,49.681,49.7749,"52,998"
2303 聯電,2024/7/15,49.8688,50.3384,49.7749,50.1506,"46,266"
2303 聯電,2024/7/12,50.4323,50.4323,49.5871,49.7749,"97,130"
2303 聯電,2024/7/11,51.841,51.841,50.9019,51.3715,"60,577"
2303 聯電,2024/7/10,51.841,52.0289,50.9019,51.3715,"57,142"
2303 聯電,2024/7/9,52.4045,52.8741,51.6532,51.9349,"83,989"
2303 聯電,2024/7/8,50.714,52.1228,50.3384,51.9349,"120,702"
2303 聯電,2024/7/5,50.714,50.808,50.1506,50.2445,"55,352"
2303 聯電,2024/7/4,50.0566,51.0897,49.9627,50.714,"110,580"
2303 聯電,2024/7/3,49.8688,50.0566,49.3992,49.4932,"111,658"
2303 聯電,2024/7/2,50.2445,50.2445,48.7418,49.4932,"248,206"
2303 聯電,2024/7/1,49.7213,50.9665,49.7213,50.6107,"145,605"
2303 聯電,2024/6/28,49.8992,49.9881,49.4544,49.5434,"86,710"
2303 聯電,2024/6/27,49.8992,50.166,49.3655,50.166,"63,928"
2303 聯電,2024/6/26,50.2549,50.4328,49.8992,50.3439,"41,888"
2303 聯電,2024/6/25,50.4328,50.4328,49.5434,50.166,"69,506"
2303 聯電,2024/6/24,51.1444,51.1444,50.3439,50.5218,"68,467"
2303 聯電,2024/6/21,50.9665,51.5891,50.7886,51.3223,"78,831"
2303 聯電,2024/6/20,50.6107,51.1444,50.077,51.1444,"58,918"
2303 聯電,2024/6/19,50.6997,50.7886,50.3439,50.5218,"53,361"
2303 聯電,2024/6/18,50.4328,50.6997,49.9881,50.5218,"47,867"
2303 聯電,2024/6/17,49.7213,50.5218,49.1876,50.4328,"48,075"
2303 聯電,2024/6/14,50.6997,50.6997,49.8992,50.077,"49,405"
2303 聯電,2024/6/13,49.4544,50.6107,49.2765,50.166,"99,433"
2303 聯電,2024/6/12,48.9207,48.9207,48.2092,48.8318,"45,675"
2303 聯電,2024/6/11,49.3655,49.4544,48.7428,49.0097,"65,287"
2303 聯電,2024/6/7,48.0313,49.0097,47.9423,49.0097,"54,119"
2303 聯電,2024/6/6,48.1202,48.2092,47.7644,48.2092,"41,806"
2303 聯電,2024/6/5,47.8534,47.9423,47.3197,47.5865,"67,883"
2303 聯電,2024/6/4,48.476,48.6539,47.9423,48.2981,"69,733"
2303 聯電,2024/6/3,49.6323,49.8102,48.565,48.9207,"72,849"
2303 聯電,2024/5/31,49.8102,50.2549,48.9207,48.9207,"169,396"
2303 聯電,2024/5/30,48.9207,50.166,48.6539,49.6323,"74,341"
2303 聯電,2024/5/29,50.6997,50.9665,49.6323,49.7213,"76,080"
2303 聯電,2024/5/28,50.7886,50.9665,50.077,50.166,"78,933"
2303 聯電,2024/5/27,48.7428,51.5002,48.7428,50.3439,"140,149"
2303 聯電,2024/5/24,48.9207,49.3655,48.565,48.565,"73,376"
2303 聯電,2024/5/23,49.2765,49.8102,48.6539,49.8102,"134,715"
2303 聯電,2024/5/22,48.476,49.0986,48.2981,48.9207,"153,992"
2303 聯電,2024/5/21,47.3197,47.9423,47.1418,47.9423,"102,372"
2303 聯電,2024/5/20,47.1418,47.2308,46.6971,47.2308,"56,043"
2303 聯電,2024/5/17,46.5192,46.9639,46.0744,46.9639,"61,440"
2303 聯電,2024/5/16,46.3413,46.5192,46.1634,46.3413,"42,044"
2303 聯電,2024/5/15,46.5192,46.6081,46.0744,46.0744,"44,368"
2303 聯電,2024/5/14,46.5192,46.6081,46.0744,46.3413,"44,384"
2303 聯電,2024/5/13,46.3413,46.6081,45.8076,46.6081,"36,415"
2303 聯電,2024/5/10,45.8076,46.5192,45.7187,46.4302,"52,335"
2303 聯電,2024/5/9,46.1634,46.2523,45.6297,46.1634,"29,122"
2303 聯電,2024/5/8,46.1634,46.1634,45.7187,46.1634,"36,552"
2303 聯電,2024/5/7,46.2523,46.3413,45.7187,45.8965,"40,541"
2303 聯電,2024/5/6,46.3413,46.5192,45.8076,45.9855,"43,020"
2303 聯電,2024/5/3,45.4518,45.8076,45.2739,45.7187,"58,695"
2303 聯電,2024/5/2,44.6513,45.2739,44.4734,44.7402,"62,149"
2303 聯電,2024/4/30,44.8292,45.4518,44.6513,45.096,"49,797"
2303 聯電,2024/4/29,44.7402,44.9181,44.3845,44.8292,"41,749"
2303 聯電,2024/4/26,44.2066,44.9181,44.2066,44.2955,"44,519"
2303 聯電,2024/4/25,43.8063,44.251,43.4505,44.0287,"65,794"
2303 聯電,2024/4/24,43.8063,44.6513,43.6729,44.6513,"47,014"
2303 聯電,2024/4/23,43.6729,43.9842,43.3171,43.3171,"49,212"
2303 聯電,2024/4/22,43.2726,43.6729,42.9613,43.495,"83,956"
2303 聯電,2024/4/19,43.9842,43.9842,43.3171,43.6729,"126,047"
2303 聯電,2024/4/18,44.5623,44.7402,44.3845,44.6513,"37,906"
2303 聯電,2024/4/17,44.6513,45.0071,44.6513,44.7402,"50,368"
2303 聯電,2024/4/16,45.3629,45.3629,44.5623,44.5623,"86,073"
2303 聯電,2024/4/15,46.2523,46.3413,45.7187,45.8965,"57,910"
2303 聯電,2024/4/12,46.786,47.0529,46.6971,46.875,"39,697"
2303 聯電,2024/4/11,46.875,47.0529,46.3413,46.6971,"56,228"
2303 聯電,2024/4/10,46.875,47.6755,46.6081,47.3197,"103,375"
2303 聯電,2024/4/9,46.6081,46.786,46.3413,46.6081,"60,785"
2303 聯電,2024/4/8,45.8965,46.4302,45.8965,46.3413,"35,153"
2303 聯電,2024/4/3,46.4302,46.4302,45.8965,45.8965,"41,513"
2303 聯電,2024/4/2,46.2523,46.875,46.1634,46.3413,"52,989"
2303 聯電,2024/4/1,46.6081,46.6971,45.8965,45.9855,"53,425"
2303 聯電,2024/3/29,46.2523,46.9639,45.4518,46.4302,"139,804"
2303 聯電,2024/3/28,45.8076,46.3413,45.5408,46.2523,"80,545"
2303 聯電,2024/3/27,45.8965,45.9855,45.4518,45.8076,"51,375"
2303 聯電,2024/3/26,46.0744,46.3413,45.185,45.9855,"80,119"
2303 聯電,2024/3/25,46.4302,46.4302,45.8076,46.0744,"67,657"
2303 聯電,2024/3/22,47.4086,47.4086,46.2523,46.6081,"91,497"
2303 聯電,2024/3/21,47.5865,47.8534,47.1418,47.4086,"69,586"
2303 聯電,2024/3/20,47.6755,48.2981,46.9639,47.0529,"130,273"
2303 聯電,2024/3/19,45.7187,47.5865,45.6297,47.1418,"139,477"
2303 聯電,2024/3/18,45.8076,46.2523,45.3629,46.0744,"69,546"
2303 聯電,2024/3/15,46.5192,46.6081,45.8965,46.1634,"86,070"
2303 聯電,2024/3/14,47.1418,47.1418,46.2523,46.786,"76,635"
2303 聯電,2024/3/13,46.9639,47.3197,46.5192,47.1418,"125,714"
2303 聯電,2024/3/12,45.8965,46.6971,45.6297,46.6971,"86,503"
2303 聯電,2024/3/11,46.2523,46.6081,45.185,45.8965,"100,660"
2303 聯電,2024/3/8,46.1634,47.1418,45.3629,46.1634,"286,206"
2303 聯電,2024/3/7,44.1176,44.6513,44.0731,44.6513,"114,848"
2303 聯電,2024/3/6,43.1837,43.7618,43.0947,43.7618,"50,300"
2303 聯電,2024/3/5,43.4505,43.5395,43.1392,43.3616,"46,087"
2303 聯電,2024/3/4,43.1392,43.5395,43.0947,43.4505,"52,771"
2303 聯電,2024/3/1,43.5839,43.5839,42.9613,42.9613,"48,226"
2303 聯電,2024/2/29,43.0503,43.495,42.8279,43.4505,"66,767"
2303 聯電,2024/2/27,42.7834,43.3171,42.7389,42.8279,"37,011"
2303 聯電,2024/2/26,42.6945,42.9168,42.561,42.6945,"42,843"
2303 聯電,2024/2/23,43.1392,43.495,42.8279,42.8279,"54,889"
2303 聯電,2024/2/22,43.2281,43.4505,43.0503,43.2281,"44,644"
2303 聯電,2024/2/21,43.495,43.6729,43.1392,43.1392,"64,528"
2303 聯電,2024/2/20,43.5839,44.1621,43.5395,43.8063,"33,636"
2303 聯電,2024/2/19,43.495,43.7174,43.406,43.7174,"27,960"
2303 聯電,2024/2/16,43.8063,43.8063,43.4505,43.4505,"37,683"
2303 聯電,2024/2/15,43.5839,43.7618,43.1837,43.7618,"64,569"
2303 聯電,2024/2/5,42.6945,42.9168,42.561,42.7834,"59,465"
2303 聯電,2024/2/2,43.4505,43.495,43.1392,43.1837,"62,489"
2303 聯電,2024/2/1,43.1837,43.7174,42.9613,43.6284,"64,509"
2303 聯電,2024/1/31,44.0287,44.0287,43.5839,43.5839,"55,394"
2303 聯電,2024/1/30,44.1621,44.3845,44.1176,44.1176,"39,162"
2303 聯電,2024/1/29,44.1621,44.3845,43.9397,43.9842,"59,931"
2303 聯電,2024/1/26,45.185,45.4518,44.2955,44.2955,"182,721"
2303 聯電,2024/1/25,45.4518,46.5192,45.4518,46.5192,"174,821"
2303 聯電,2024/1/24,45.096,45.185,44.7402,45.0071,"61,136"
2303 聯電,2024/1/23,45.185,45.2739,44.4289,44.6513,"50,811"
2303 聯電,2024/1/22,44.4734,44.7402,44.2066,44.7402,"73,366"
2303 聯電,2024/1/19,44.3845,44.3845,42.9613,43.7618,"71,132"
2303 聯電,2024/1/18,43.2281,43.495,42.2942,42.7834,"91,616"
2303 聯電,2024/1/17,44.4734,44.4734,43.1392,43.2281,"142,201"
2303 聯電,2024/1/16,44.9181,45.185,44.4734,45.185,"49,762"
2303 聯電,2024/1/15,44.8292,45.185,44.5623,45.185,"30,603"
2303 聯電,2024/1/12,44.5623,44.5623,44.1176,44.5623,"30,642"
2303 聯電,2024/1/11,44.6513,44.7402,44.4734,44.5623,"26,953"
2303 聯電,2024/1/10,44.8292,44.9181,44.5623,44.5623,"40,684"
2303 聯電,2024/1/9,45.0071,45.2739,44.5623,44.5623,"50,593"
2303 聯電,2024/1/8,45.3629,45.3629,44.5623,44.9181,"64,092"
2303 聯電,2024/1/5,45.8965,46.4302,45.0071,45.185,"77,544"
2303 聯電,2024/1/4,44.9181,45.2739,44.6513,45.185,"56,711"
2303 聯電,2024/1/3,45.5408,45.6297,44.9181,45.0071,"76,308"
2303 聯電,2024/1/2,46.6971,46.9639,45.6297,46.1634,"64,469"
2303 聯電,2023/12/29,46.875,47.0529,46.0744,46.786,"49,249"
2303 聯電,2023/12/28,48.2981,48.7428,46.6971,46.6971,"155,444"
2303 聯電,2023/12/27,45.6297,47.5865,45.5408,47.5865,"221,268"
2303 聯電,2023/12/26,44.9181,45.3629,44.6513,45.185,"55,428"
2303 聯電,2023/12/25,44.7402,44.8292,44.251,44.6513,"34,179"
2303 聯電,2023/12/22,43.9842,44.4734,43.8508,44.4734,"34,140"
2303 聯電,2023/12/21,43.8063,43.9397,43.5839,43.9397,"55,666"
2303 聯電,2023/12/20,44.4734,44.6513,44.0731,44.34,"55,317"
2303 聯電,2023/12/19,44.7402,44.8292,44.0731,44.4734,"54,317"
2303 聯電,2023/12/18,44.6513,45.0071,44.3845,45.0071,"56,409"
2303 聯電,2023/12/15,45.096,45.3629,44.8292,45.096,"84,248"
2303 聯電,2023/12/14,44.8292,44.9181,44.4734,44.8292,"51,665"
2303 聯電,2023/12/13,44.4734,44.6513,44.0287,44.6513,"48,011"
2303 聯電,2023/12/12,43.9842,44.3845,43.7618,44.3845,"48,759"
2303 聯電,2023/12/11,43.5839,43.8508,43.2726,43.6284,"28,747"
2303 聯電,2023/12/8,43.406,43.6284,43.1837,43.1837,"33,771"
2303 聯電,2023/12/7,43.5839,43.6729,43.0058,43.0947,"36,348"
2303 聯電,2023/12/6,43.8508,43.9397,43.495,43.495,"37,088"
2303 聯電,2023/12/5,44.2955,44.2955,43.7618,43.7618,"57,352"
2303 聯電,2023/12/4,44.34,44.6513,44.2955,44.6513,"44,073"
2303 聯電,2023/12/1,43.5839,44.2066,43.5839,44.2066,"52,413"
2303 聯電,2023/11/30,43.8508,44.2955,43.495,43.495,"91,627"
2303 聯電,2023/11/29,43.7174,44.3845,43.7174,43.7618,"62,662"
2303 聯電,2023/11/28,44.0287,44.1176,43.4505,43.6284,"80,887"
2303 聯電,2023/11/27,44.4734,45.0071,44.0287,44.0287,"71,869"
2303 聯電,2023/11/24,44.9181,45.5408,44.7402,44.7402,"86,590"
2303 聯電,2023/11/23,44.9181,45.096,44.5623,44.9181,"60,185"
2303 聯電,2023/11/22,44.34,44.7402,43.8063,44.4734,"62,616"
2303 聯電,2023/11/21,45.096,45.185,44.34,44.7402,"66,631"
2303 聯電,2023/11/20,44.6513,45.5408,44.3845,44.7402,"95,022"
2303 聯電,2023/11/17,43.5839,44.4289,43.5395,44.251,"101,871"
2303 聯電,2023/11/16,43.6284,43.6284,43.1392,43.406,"31,520"
2303 聯電,2023/11/15,43.8063,44.0287,43.3171,43.6729,"72,851"
2303 聯電,2023/11/14,43.3616,43.495,42.8724,43.1837,"41,752"
2303 聯電,2023/11/13,43.8063,44.2066,43.3171,43.5395,"52,045"
2303 聯電,2023/11/10,42.9613,43.2281,42.8279,43.1837,"22,076"
2303 聯電,2023/11/9,42.7834,43.3171,42.7834,43.2281,"34,582"
2303 聯電,2023/11/8,43.7618,44.1621,43.0058,43.1392,"58,575"
2303 聯電,2023/11/7,43.6729,43.9397,43.406,43.9397,"32,651"
2303 聯電,2023/11/6,44.4734,44.5623,43.7618,43.9397,"60,698"
2303 聯電,2023/11/3,43.406,43.9397,43.1392,43.9397,"81,667"
2303 聯電,2023/11/2,42.6055,42.9613,42.3387,42.9168,"52,322"
2303 聯電,2023/11/1,41.3603,41.9829,41.2268,41.805,"32,897"
2303 聯電,2023/10/31,41.2713,41.3603,41.0045,41.0934,"44,460"
2303 聯電,2023/10/30,41.5382,41.6271,41.0489,41.2713,"34,601"
2303 聯電,2023/10/27,41.7605,41.7605,41.2268,41.4492,"42,770"
2303 聯電,2023/10/26,41.7605,42.1163,41.5382,41.6271,"100,500"
2303 聯電,2023/10/25,43.0947,43.7618,42.6945,43.6284,"54,853"
2303 聯電,2023/10/24,43.406,43.7618,42.1608,42.9613,"71,519"
2303 聯電,2023/10/23,43.2726,43.7618,43.1392,43.2281,"46,566"
2303 聯電,2023/10/20,44.0287,44.4289,43.1837,43.3171,"97,148"
2303 聯電,2023/10/19,43.4505,43.8508,42.8724,43.8508,"104,000"
2303 聯電,2023/10/18,42.9613,43.7174,42.561,43.0947,"129,644"
2303 聯電,2023/10/17,42.2497,43.0503,42.2053,42.8724,"106,480"
2303 聯電,2023/10/16,41.2268,42.2497,41.0045,41.9384,"64,667"
2303 聯電,2023/10/13,41.6271,41.9829,41.2713,41.805,"42,216"
2303 聯電,2023/10/12,41.805,41.8495,41.1379,41.805,"42,182"
2303 聯電,2023/10/11,40.96,41.716,40.7821,41.716,"84,261"
2303 聯電,2023/10/6,40.4708,40.4708,40.0705,40.204,"17,805"
2303 聯電,2023/10/5,39.5369,40.3374,39.4034,40.1595,"45,430"
2303 聯電,2023/10/4,39.5813,39.7592,39.1366,39.2255,"57,163"
2303 聯電,2023/10/3,40.6487,40.8266,40.2484,40.2484,"22,738"
2303 聯電,2023/10/2,40.8711,40.8711,40.4708,40.6932,"25,428"
2303 聯電,2023/9/28,39.8037,40.2929,39.7592,40.204,"33,138"
2303 聯電,2023/9/27,39.5369,39.7147,39.27,39.4924,"39,260"
2303 聯電,2023/9/26,40.5153,40.5597,39.8037,39.8037,"51,261"
2303 聯電,2023/9/25,40.4708,41.1824,40.2484,40.6042,"35,022"
2303 聯電,2023/9/22,40.115,40.3818,40.115,40.3374,"31,014"
2303 聯電,2023/9/21,40.6042,40.8266,40.3818,40.6042,"31,122"
2303 聯電,2023/9/20,40.96,41.0934,40.6932,40.8266,"29,573"
2303 聯電,2023/9/19,41.3603,41.4492,41.0934,41.0934,"22,176"
2303 聯電,2023/9/18,41.716,41.9829,41.1824,41.3603,"42,705"
2303 聯電,2023/9/15,42.2053,42.3387,41.6716,42.3387,"41,872"
2303 聯電,2023/9/14,42.1608,42.2942,41.9829,42.1163,"27,184"
2303 聯電,2023/9/13,41.805,42.1608,41.7605,41.8939,"43,525"
2303 聯電,2023/9/12,41.0045,41.6271,40.7821,41.6271,"36,415"
2303 聯電,2023/9/11,40.6932,41.0045,40.5153,40.96,"25,787"
2303 聯電,2023/9/8,40.2929,40.8711,40.204,40.6487,"27,449"
2303 聯電,2023/9/7,41.0489,41.1379,40.6487,40.6932,"36,684"
2303 聯電,2023/9/6,41.716,41.805,41.2268,41.5382,"38,798"
2303 聯電,2023/9/5,41.0489,41.4047,40.7376,41.4047,"31,988"
2303 聯電,2023/9/4,41.0045,41.0489,40.6932,40.9155,"23,302"
2303 聯電,2023/9/1,40.9155,41.0489,40.6487,40.8711,"30,315"
2303 聯電,2023/8/31,41.4492,41.4492,40.4708,40.4708,"65,180"
2303 聯電,2023/8/30,40.7821,41.2713,40.6932,41.2713,"46,702"
2303 聯電,2023/8/29,40.4708,40.7376,40.0705,40.2929,"37,852"
2303 聯電,2023/8/28,39.0032,41.5382,38.9587,39.8482,"84,126"
2303 聯電,2023/8/25,39.0921,39.3145,38.6919,38.6919,"37,418"
2303 聯電,2023/8/24,39.0476,39.4924,38.8253,39.4479,"38,399"
2303 聯電,2023/8/23,38.7363,38.7808,38.2027,38.6029,"37,799"
2303 聯電,2023/8/22,39.0921,39.27,38.6919,38.7808,"39,803"
2303 聯電,2023/8/21,39.0476,39.3145,38.6919,38.8253,"22,996"
2303 聯電,2023/8/18,38.514,39.5369,38.425,38.9587,"37,697"
2303 聯電,2023/8/17,38.3361,38.8698,37.7134,38.7808,"55,712"
2303 聯電,2023/8/16,39.7592,39.8037,38.7808,38.9142,"77,824"
2303 聯電,2023/8/15,40.1595,40.4708,40.0705,40.4263,"21,940"
2303 聯電,2023/8/14,40.0261,40.204,39.9371,40.0261,"36,020"
2303 聯電,2023/8/11,40.3374,40.7376,40.2929,40.3374,"15,876"
2303 聯電,2023/8/10,40.4263,40.8266,40.0705,40.1595,"38,798"
2303 聯電,2023/8/9,40.5153,40.6932,40.2929,40.5597,"26,156"
2303 聯電,2023/8/8,41.2713,41.2713,40.5153,40.5153,"55,313"
2303 聯電,2023/8/7,41.1824,41.5826,41.1824,41.2713,"29,058"
2303 聯電,2023/8/4,41.3603,41.5382,41.0045,41.3603,"33,260"
2303 聯電,2023/8/2,41.5382,42.2053,41.3603,41.4937,"34,959"
2303 聯電,2023/8/1,41.805,41.9384,41.5382,41.805,"24,221"
2303 聯電,2023/7/31,42.1163,42.2497,41.4937,41.805,"53,690"
2303 聯電,2023/7/28,41.4937,42.0718,41.1824,41.8495,"50,417"
2303 聯電,2023/7/27,40.115,41.5382,40.0705,41.0489,"61,431"
2303 聯電,2023/7/26,40.6932,40.8711,40.115,40.115,"39,083"
2303 聯電,2023/7/25,40.4263,40.8266,40.204,40.6042,"36,505"
2303 聯電,2023/7/24,40.0705,40.8266,39.8926,40.0705,"51,852"
2303 聯電,2023/7/21,40.0261,40.4263,39.7592,40.204,"97,411"
2303 聯電,2023/7/20,41.8495,41.8939,40.9155,41.0045,"87,937"
2303 聯電,2023/7/19,42.9613,43.1392,42.2053,42.2497,"49,979"
2303 聯電,2023/7/18,43.3616,43.406,42.8279,42.8724,"26,766"
2303 聯電,2023/7/17,42.9168,43.3171,42.3832,43.0947,"47,915"
2303 聯電,2023/7/14,42.561,43.406,42.5166,42.9168,"58,063"
2303 聯電,2023/7/13,42.561,42.9168,42.2497,42.2497,"52,857"
2303 聯電,2023/7/12,42.9168,43.0947,42.3387,42.4721,"62,885"
2303 聯電,2023/7/11,43.1837,43.3171,42.8724,43.1392,"31,638"
2303 聯電,2023/7/10,43.2281,43.3616,42.6945,42.7834,"34,464"
2303 聯電,2023/7/7,42.7389,43.5395,42.6945,43.0058,"39,817"
2303 聯電,2023/7/6,42.6945,43.406,42.6945,42.8279,"41,894"
2303 聯電,2023/7/5,43.5395,43.5839,43.0058,43.0058,"28,677"
2303 聯電,2023/7/4,43.1392,43.406,43.0947,43.406,"30,856"
2303 聯電,2023/7/3,43.5839,43.7618,42.9168,42.9168,"52,972"
2303 聯電,2023/6/30,43.0058,43.3616,42.7389,43.1392,"44,533"
2303 聯電,2023/6/29,43.8952,43.8952,43.1392,43.1392,"50,112"
2303 聯電,2023/6/28,44.0287,44.0287,43.6729,43.6729,"33,543"
2303 聯電,2023/6/27,44.4734,44.4734,43.6284,43.6284,"146,810"
2303 聯電,2023/6/26,44.1977,44.6123,44.1147,44.1977,"89,629"
2303 聯電,2023/6/21,43.783,44.6952,43.783,44.6952,"82,353"
2303 聯電,2023/6/20,44.4464,44.7781,44.3635,44.5293,"67,192"
2303 聯電,2023/6/19,44.5293,45.0269,44.4464,44.6123,"45,509"
2303 聯電,2023/6/16,45.0269,45.1927,44.1147,45.1927,"85,125"
2303 聯電,2023/6/15,44.6123,45.2756,44.6123,45.1927,"76,872"
2303 聯電,2023/6/14,44.3635,44.4464,44.1977,44.3635,"51,087"
2303 聯電,2023/6/13,44.0318,44.1977,43.866,44.1147,"62,668"
2303 聯電,2023/6/12,43.4514,43.6172,43.1197,43.6172,"43,324"
2303 聯電,2023/6/9,43.0367,43.4514,42.8709,43.3684,"52,885"
2303 聯電,2023/6/8,42.4563,42.8709,42.3734,42.7051,"38,488"
2303 聯電,2023/6/7,42.2075,42.7051,42.0417,42.5392,"41,841"
2303 聯電,2023/6/6,42.1246,42.2075,41.7929,41.8758,"35,065"
2303 聯電,2023/6/5,42.6221,42.7051,42.1246,42.2075,"28,214"
2303 聯電,2023/6/2,42.2904,42.6221,41.9588,42.6221,"46,446"
2303 聯電,2023/6/1,42.5392,42.5392,41.71,42.1246,"56,269"
2303 聯電,2023/5/31,42.6221,42.9538,42.3734,42.9538,"112,736"
2303 聯電,2023/5/30,42.4563,42.9538,41.9588,42.788,"55,668"
2303 聯電,2023/5/29,43.3684,43.783,42.3734,42.4563,"81,234"
2303 聯電,2023/5/26,40.6735,42.1246,40.632,41.7929,"127,178"
2303 聯電,2023/5/25,40.8808,40.9637,40.3832,40.5491,"43,475"
2303 聯電,2023/5/24,40.4661,40.7564,40.3832,40.7564,"27,161"
2303 聯電,2023/5/23,40.5076,40.7978,40.4661,40.5491,"40,015"
2303 聯電,2023/5/22,41.0466,41.1295,40.3832,40.5491,"75,830"
2303 聯電,2023/5/19,41.8758,41.8758,41.2539,41.4612,"55,935"
2303 聯電,2023/5/18,41.4198,41.71,41.2124,41.6271,"41,997"
2303 聯電,2023/5/17,40.5491,40.8808,40.3418,40.8393,"45,854"
2303 聯電,2023/5/16,40.1759,40.632,40.1759,40.4661,"36,853"
2303 聯電,2023/5/15,40.3832,40.4661,39.7198,39.8857,"45,492"
2303 聯電,2023/5/12,40.4661,40.5491,40.2174,40.3832,"36,798"
2303 聯電,2023/5/11,41.2539,41.2539,40.7149,40.7978,"25,401"
2303 聯電,2023/5/10,41.2954,41.2954,40.7978,41.0051,"29,180"
2303 聯電,2023/5/9,41.5441,41.6271,41.2539,41.4198,"21,808"
2303 聯電,2023/5/8,41.5441,41.9588,41.4198,41.4612,"27,878"
2303 聯電,2023/5/5,41.2124,41.4198,41.0466,41.1295,"21,107"
2303 聯電,2023/5/4,41.2954,41.2954,40.9637,41.171,"26,566"
2303 聯電,2023/5/3,41.3783,41.6271,40.9637,41.4198,"29,415"
2303 聯電,2023/5/2,41.0466,41.6271,40.8393,41.3368,"31,621"
2303 聯電,2023/4/28,41.0051,41.4612,40.7149,40.7149,"59,227"
2303 聯電,2023/4/27,40.2174,40.7978,40.2174,40.5076,"63,139"
2303 聯電,2023/4/26,39.8442,40.3418,39.6369,40.1345,"68,224"
2303 聯電,2023/4/25,41.1296,41.2954,40.176,40.2174,"59,959"
2303 聯電,2023/4/24,41.4613,41.4613,40.9223,41.1296,"46,445"
2303 聯電,2023/4/21,42.2905,42.788,41.5442,41.5442,"40,452"
2303 聯電,2023/4/20,42.5392,42.7051,41.9588,42.0417,"38,506"
2303 聯電,2023/4/19,43.4514,43.4514,42.4563,42.4563,"43,662"
2303 聯電,2023/4/18,43.2026,43.7831,43.0368,43.2026,"40,632"
2303 聯電,2023/4/17,42.788,43.2026,42.6222,43.1197,"31,006"
2303 聯電,2023/4/14,42.9539,43.1197,42.5392,42.5392,"46,803"
2303 聯電,2023/4/13,42.9539,43.2855,42.7051,42.788,"41,741"
2303 聯電,2023/4/12,42.8709,43.3685,42.788,43.2026,"36,777"
2303 聯電,2023/4/11,42.8709,43.0368,42.4563,42.788,"42,578"
2303 聯電,2023/4/10,43.5343,43.6172,43.2026,43.2026,"17,688"
2303 聯電,2023/4/7,43.7831,43.9489,43.4514,43.4514,"17,984"
2303 聯電,2023/4/6,43.6172,43.866,43.2026,43.7831,"27,430"
2303 聯電,2023/3/31,43.5343,43.9489,43.5343,43.866,"38,703"
2303 聯電,2023/3/30,43.1197,43.4514,42.8709,43.2026,"39,620"
2303 聯電,2023/3/29,43.2026,43.4514,42.3734,42.7051,"62,434"
2303 聯電,2023/3/28,43.7002,43.9489,43.2026,43.2855,"49,730"
2303 聯電,2023/3/27,43.7831,44.0318,43.2855,43.9489,"33,767"
2303 聯電,2023/3/24,44.2806,44.2806,43.7002,44.0318,"43,299"
2303 聯電,2023/3/23,43.9489,44.1977,43.6172,44.1977,"54,255"
2303 聯電,2023/3/22,44.1148,44.3635,43.9489,44.3635,"53,027"
2303 聯電,2023/3/21,44.3635,44.4465,43.6172,43.7831,"45,442"
2303 聯電,2023/3/20,44.2806,44.5294,43.7002,44.1148,"63,692"
2303 聯電,2023/3/17,43.9489,44.1148,43.4514,44.1148,"93,600"
2303 聯電,2023/3/16,42.8709,43.1197,42.4563,43.1197,"38,367"
2303 聯電,2023/3/15,42.7051,43.3685,42.5392,42.8709,"54,285"
2303 聯電,2023/3/14,42.7051,42.9539,42.0417,42.0417,"67,385"
2303 聯電,2023/3/13,42.9539,43.5343,42.7051,43.5343,"52,402"
2303 聯電,2023/3/10,43.1197,43.3685,42.788,43.1197,"46,938"
2303 聯電,2023/3/9,43.5343,44.1148,43.4514,43.5343,"102,359"
2303 聯電,2023/3/8,42.6222,43.2026,42.3734,43.2026,"50,186"
2303 聯電,2023/3/7,42.7051,43.0368,42.2905,42.788,"43,527"
2303 聯電,2023/3/6,43.1197,43.2026,42.6222,43.0368,"53,518"
2303 聯電,2023/3/3,42.5392,42.8709,42.4563,42.5392,"37,402"
2303 聯電,2023/3/2,42.3734,42.4563,41.8759,42.0417,"40,281"
2303 聯電,2023/3/1,40.632,42.8709,40.5906,42.5392,"93,839"
2303 聯電,2023/2/24,42.0417,42.1246,41.4198,41.4198,"63,974"
2303 聯電,2023/2/23,41.3783,41.8759,41.2539,41.6271,"69,948"
2303 聯電,2023/2/22,41.0466,41.2954,40.9637,41.0881,"56,737"
2303 聯電,2023/2/21,41.7929,42.0417,41.6271,41.9588,"28,867"
2303 聯電,2023/2/20,41.4613,42.1246,41.2954,41.8759,"47,031"
2303 聯電,2023/2/17,41.171,41.6271,40.9223,41.4613,"37,823"
2303 聯電,2023/2/16,41.7929,41.8759,41.2125,41.5442,"56,382"
2303 聯電,2023/2/15,41.3783,41.9588,41.2539,41.3783,"54,208"
2303 聯電,2023/2/14,41.6271,42.0417,41.4613,41.7929,"38,211"
2303 聯電,2023/2/13,41.6271,41.6271,40.7564,41.2539,"58,753"
2303 聯電,2023/2/10,41.8759,42.4563,41.6271,42.1246,"62,497"
2303 聯電,2023/2/9,41.3369,42.2076,41.2954,41.8759,"55,013"
2303 聯電,2023/2/8,41.2954,42.0417,41.2539,41.8759,"92,301"
2303 聯電,2023/2/7,40.2589,41.0052,40.093,40.7564,"55,344"
2303 聯電,2023/2/6,41.2125,41.2954,40.6735,40.6735,"64,022"
2303 聯電,2023/2/3,41.6271,41.7929,41.4613,41.5442,"63,139"
2303 聯電,2023/2/2,41.4613,41.8759,41.4613,41.7929,"114,098"
2303 聯電,2023/2/1,41.0466,41.0466,40.5906,40.8393,"115,133"
2303 聯電,2023/1/31,40.0516,40.7149,39.7199,40.4662,"138,536"
2303 聯電,2023/1/30,39.7613,40.4662,39.3882,40.4662,"264,740"
2303 聯電,2023/1/17,37.2737,38.1444,37.1907,38.1029,"124,003"
2303 聯電,2023/1/16,37.5224,37.7712,36.9834,37.2322,"68,041"
2303 聯電,2023/1/13,37.8956,38.0614,37.4395,37.6468,"69,030"
2303 聯電,2023/1/12,37.6054,37.7297,37.0664,37.4395,"58,223"
2303 聯電,2023/1/11,37.5639,37.7297,37.1907,37.4395,"68,129"
2303 聯電,2023/1/10,36.9005,37.3151,36.6517,37.3151,"91,859"
2303 聯電,2023/1/9,36.1542,36.9005,35.9469,36.9005,"119,712"
2303 聯電,2023/1/6,34.247,35.1591,34.2055,35.1591,"55,006"
2303 聯電,2023/1/5,34.6616,34.6616,34.0811,34.2055,"29,377"
2303 聯電,2023/1/4,34.2055,34.4958,34.0397,34.0397,"23,638"
2303 聯電,2023/1/3,33.5422,34.4128,33.3763,34.3299,"34,837"
2303 聯電,2022/12/30,34.247,34.3714,33.7495,33.7495,"31,821"
2303 聯電,2022/12/29,33.3763,34.0397,33.3348,33.7909,"33,389"
2303 聯電,2022/12/28,34.4128,34.4128,33.708,33.8324,"52,072"
2303 聯電,2022/12/27,34.8689,35.2421,34.7031,34.7031,"23,436"
2303 聯電,2022/12/26,34.8275,34.8275,34.4958,34.7445,"23,207"
2303 聯電,2022/12/23,34.786,34.9518,34.5787,34.786,"34,060"
2303 聯電,2022/12/22,35.3664,35.7396,35.2421,35.5323,"52,268"
2303 聯電,2022/12/21,34.786,35.2006,34.6201,34.8275,"56,915"
2303 聯電,2022/12/20,35.2421,35.5323,34.7031,34.7031,"80,717"
2303 聯電,2022/12/19,35.864,36.0713,35.5323,35.6152,"83,550"
2303 聯電,2022/12/16,35.7811,36.7347,35.6152,36.7347,"95,330"
2303 聯電,2022/12/15,36.4859,36.8591,36.3615,36.6932,"38,519"
2303 聯電,2022/12/14,36.7347,36.9005,36.4444,36.8591,"49,233"
2303 聯電,2022/12/13,36.4859,36.6517,36.1542,36.3201,"54,847"
2303 聯電,2022/12/12,35.9469,36.1957,35.6567,36.0713,"25,807"
2303 聯電,2022/12/9,35.9884,36.4444,35.6981,36.0713,"55,504"
2303 聯電,2022/12/8,36.1957,36.2371,35.2421,35.2421,"76,939"
2303 聯電,2022/12/7,36.4859,37.1078,36.1957,36.1957,"75,156"
2303 聯電,2022/12/6,37.481,37.6468,36.9005,36.9005,"40,607"
2303 聯電,2022/12/5,37.8541,38.0614,37.6468,37.6468,"37,514"
2303 聯電,2022/12/2,37.1493,37.8541,37.1493,37.7297,"54,243"
2303 聯電,2022/12/1,38.559,38.6833,37.8127,37.8127,"73,991"
2303 聯電,2022/11/30,36.7761,37.9785,36.6103,37.9785,"61,840"
2303 聯電,2022/11/29,36.5274,37.1078,36.1957,37.0249,"58,196"
2303 聯電,2022/11/28,36.9834,37.2737,36.6517,36.8176,"78,573"
2303 聯電,2022/11/25,38.1858,38.2687,37.8956,37.9785,"33,919"
2303 聯電,2022/11/24,38.476,38.559,37.8127,38.3102,"39,028"
2303 聯電,2022/11/23,38.4346,38.559,38.2273,38.2273,"46,029"
2303 聯電,2022/11/22,37.7712,38.2687,37.5224,38.2273,"65,582"
2303 聯電,2022/11/21,38.02,38.1444,37.6883,37.8541,"41,344"
2303 聯電,2022/11/18,38.3102,38.6419,37.6468,37.8127,"74,795"
2303 聯電,2022/11/17,37.1493,37.8956,36.6932,37.8127,"94,694"
2303 聯電,2022/11/16,38.8907,38.8907,37.3566,37.5224,"130,615"
2303 聯電,2022/11/15,37.3151,39.0565,37.1493,38.6419,"195,205"
2303 聯電,2022/11/14,37.1493,37.3151,36.7347,37.2322,"127,055"
2303 聯電,2022/11/11,37.481,37.7297,36.403,36.4859,"193,007"
2303 聯電,2022/11/10,34.0811,34.5372,33.9153,34.5372,"65,260"
2303 聯電,2022/11/9,33.8324,34.3714,33.7909,34.3714,"100,896"
2303 聯電,2022/11/8,33.4178,33.6665,33.0032,33.2934,"63,757"
2303 聯電,2022/11/7,32.7544,33.3348,32.7544,33.2105,"75,978"
2303 聯電,2022/11/4,32.091,32.4227,32.0081,32.2569,"30,457"
2303 聯電,2022/11/3,32.2154,32.4642,32.0081,32.3398,"36,229"
2303 聯電,2022/11/2,32.5471,32.8373,32.3398,32.63,"40,000"
2303 聯電,2022/11/1,32.2154,32.5885,32.1325,32.3812,"35,354"
2303 聯電,2022/10/31,32.3398,32.5885,32.1739,32.4227,"51,338"
2303 聯電,2022/10/28,32.091,32.1739,31.6764,31.7593,"53,747"
2303 聯電,2022/10/27,31.4691,32.6715,31.4276,32.5471,"90,730"
2303 聯電,2022/10/26,32.8373,32.8373,31.5106,31.5935,"103,670"
2303 聯電,2022/10/25,33.0446,33.2519,32.63,32.7129,"91,737"
2303 聯電,2022/10/24,33.6251,33.8324,32.6715,32.6715,"103,094"
2303 聯電,2022/10/21,32.7544,33.1275,32.2569,32.3812,"92,166"
2303 聯電,2022/10/20,31.2618,32.7544,31.1374,32.7544,"116,442"
2303 聯電,2022/10/19,31.7593,32.2569,31.5106,31.6764,"70,803"
2303 聯電,2022/10/18,32.0495,32.1739,31.5106,31.7179,"63,644"
2303 聯電,2022/10/17,31.3447,31.5935,30.7228,31.3032,"82,083"
2303 聯電,2022/10/14,31.5935,32.1325,31.3447,32.091,"119,588"
2303 聯電,2022/10/13,30.3911,30.8472,30.0179,30.1838,"70,729"
2303 聯電,2022/10/12,29.1887,30.474,29.1473,30.4326,"84,253"
2303 聯電,2022/10/11,30.1009,30.1838,29.2716,29.3546,"97,839"
2303 聯電,2022/10/7,32.0081,32.0081,31.5106,31.552,"49,174"
2303 聯電,2022/10/6,31.9666,32.3398,31.6764,32.2983,"57,762"
2303 聯電,2022/10/5,32.1739,32.3398,31.7179,31.7593,"95,299"
2303 聯電,2022/10/4,30.1009,31.2618,30.1009,31.2618,"76,913"
2303 聯電,2022/10/3,29.3131,29.8106,29.0229,29.3131,"58,000"
2303 聯電,2022/9/30,29.5204,29.6863,29.0643,29.6448,"81,976"
2303 聯電,2022/9/29,30.8472,30.8886,29.9765,30.3082,"46,721"
2303 聯電,2022/9/28,31.0959,31.4691,29.9765,30.0179,"73,329"
2303 聯電,2022/9/27,30.9301,31.0959,30.5569,30.9301,"46,408"
2303 聯電,2022/9/26,31.3447,31.3862,30.474,30.5569,"68,337"
2303 聯電,2022/9/23,31.9252,32.2569,31.6349,31.7593,"45,973"
2303 聯電,2022/9/22,32.3398,32.3812,32.0081,32.1325,"55,897"
2303 聯電,2022/9/21,33.0446,33.1275,32.5885,32.8373,"51,769"
2303 聯電,2022/9/20,33.3348,33.5422,33.0861,33.2934,"37,859"
2303 聯電,2022/9/19,33.1275,33.2519,32.9202,33.1275,"31,877"
2303 聯電,2022/9/16,33.4178,33.4592,33.1275,33.1275,"58,469"
2303 聯電,2022/9/15,33.5007,33.7909,33.2519,33.5007,"45,562"
2303 聯電,2022/9/14,32.7129,33.5007,32.6715,33.2934,"54,335"
2303 聯電,2022/9/13,33.6665,33.8324,33.5836,33.7909,"38,547"
2303 聯電,2022/9/12,33.169,33.9568,33.169,33.2934,"69,020"
2303 聯電,2022/9/8,32.9202,32.9202,32.4227,32.5885,"44,927"
2303 聯電,2022/9/7,32.8373,33.0032,32.4642,32.5056,"57,160"
2303 聯電,2022/9/6,33.1275,33.3348,32.9617,33.1275,"38,195"
2303 聯電,2022/9/5,33.4178,33.5836,32.5471,33.0032,"89,026"
2303 聯電,2022/9/2,33.6665,33.8738,33.4178,33.5836,"49,686"
2303 聯電,2022/9/1,33.3348,33.7495,33.169,33.5422,"40,392"
2303 聯電,2022/8/31,33.2105,34.1641,33.0861,34.0811,"47,132"
2303 聯電,2022/8/30,33.2519,33.8738,33.0446,33.5007,"36,206"
2303 聯電,2022/8/29,32.8788,33.2105,32.5885,33.1275,"78,213"
2303 聯電,2022/8/26,34.8275,34.9518,34.247,34.247,"42,046"
2303 聯電,2022/8/25,34.247,34.5372,34.1226,34.3299,"36,820"
2303 聯電,2022/8/24,34.0811,34.2885,33.8738,33.9153,"36,269"
2303 聯電,2022/8/23,33.9568,34.2055,33.8324,33.8324,"61,137"
2303 聯電,2022/8/22,34.9933,35.0348,34.6616,34.7031,"56,323"
2303 聯電,2022/8/19,35.4494,35.8225,35.2421,35.6567,"34,193"
2303 聯電,2022/8/18,34.9104,35.2421,34.8689,35.2421,"37,790"
2303 聯電,2022/8/17,35.7811,35.8225,35.3664,35.5323,"48,633"
2303 聯電,2022/8/16,36.1127,36.1542,35.5323,35.6981,"55,441"
2303 聯電,2022/8/15,35.5323,36.0713,35.4908,36.0713,"96,761"
2303 聯電,2022/8/12,34.7445,35.3664,34.6616,35.1177,"71,449"
2303 聯電,2022/8/11,34.5372,34.7031,34.3299,34.5787,"84,715"
2303 聯電,2022/8/10,33.4178,33.5422,33.2105,33.4178,"61,391"
2303 聯電,2022/8/9,33.8738,34.3714,33.2934,34.0397,"57,688"
2303 聯電,2022/8/8,34.3299,34.5372,33.9982,34.0397,"70,525"
2303 聯電,2022/8/5,33.9568,35.1177,33.6665,34.9518,"159,318"
2303 聯電,2022/8/4,33.0032,33.3348,32.63,33.169,"75,435"
2303 聯電,2022/8/3,32.4227,32.63,32.1739,32.5885,"46,591"
2303 聯電,2022/8/2,32.7958,32.8373,32.1739,32.4227,"71,987"
2303 聯電,2022/8/1,33.2105,33.4178,32.7958,33.4178,"44,761"
2303 聯電,2022/7/29,32.7544,33.3348,32.6715,33.2934,"109,441"
2303 聯電,2022/7/28,33.5422,33.5836,32.091,32.1739,"148,811"
2303 聯電,2022/7/27,31.8008,32.7544,31.6764,32.7129,"109,311"
2303 聯電,2022/7/26,33.2519,33.2519,31.7593,32.0081,"162,333"
2303 聯電,2022/7/25,34.247,34.2885,33.3348,33.5836,"103,298"
2303 聯電,2022/7/22,35.4908,35.6981,34.8689,35.2006,"114,422"
2303 聯電,2022/7/21,33.9982,35.4908,33.8324,35.4908,"137,873"
2303 聯電,2022/7/20,33.9982,34.1226,33.5422,33.7909,"75,266"
2303 聯電,2022/7/19,32.8788,33.2934,32.7958,33.0861,"50,247"
2303 聯電,2022/7/18,32.8373,33.3348,32.7544,33.169,"94,815"
2303 聯電,2022/7/15,32.3398,32.6715,31.9252,32.2983,"93,487"
2303 聯電,2022/7/14,31.4276,32.5056,31.013,32.1739,"106,395"
2303 聯電,2022/7/13,32.1739,32.3398,31.3862,31.552,"113,324"
2303 聯電,2022/7/12,31.2618,31.5106,30.474,30.474,"122,451"
2303 聯電,2022/7/11,33.0446,33.169,31.8008,32.0081,"78,825"
2303 聯電,2022/7/8,33.5422,33.7495,32.6715,32.9202,"115,975"
2303 聯電,2022/7/7,31.3862,33.5836,30.8886,33.0446,"170,189"
2303 聯電,2022/7/6,31.9252,32.2569,30.8057,30.8057,"101,957"
2303 聯電,2022/7/5,32.6715,32.7958,31.5106,32.2569,"84,509"
2303 聯電,2022/7/4,31.552,31.9252,31.0959,31.6349,"113,909"
2303 聯電,2022/7/1,32.4642,33.0861,31.552,31.552,"136,580"
2303 聯電,2022/6/30,33.6665,33.6665,32.4642,32.4642,"120,114"
2303 聯電,2022/6/29,34.2055,34.4543,33.7495,33.9153,"68,758"
2303 聯電,2022/6/28,35.6152,35.6152,34.7031,34.7031,"56,891"
2303 聯電,2022/6/27,35.325,35.9054,35.1591,35.5738,"89,601"
2303 聯電,2022/6/24,35.2421,35.6152,34.4958,34.4958,"98,449"
2303 聯電,2022/6/23,36.5274,36.6103,34.0397,34.8275,"205,738"
2303 聯電,2022/6/22,38.3931,38.4346,36.5688,36.5688,"201,496"
2303 聯電,2022/6/21,37.7701,38.3931,37.3418,38.3931,"132,538"
2303 聯電,2022/6/20,37.6922,38.1595,37.225,37.4197,"124,251"
2303 聯電,2022/6/17,37.4197,37.5365,36.7577,37.1082,"152,888"
2303 聯電,2022/6/16,39.3276,39.5613,38.1984,38.2374,"65,503"
2303 聯電,2022/6/15,38.8993,39.2498,38.6657,38.6657,"59,748"
2303 聯電,2022/6/14,38.3542,38.7046,38.2374,38.6267,"66,413"
2303 聯電,2022/6/13,39.0161,39.2498,38.8604,38.9383,"81,291"
2303 聯電,2022/6/10,39.717,40.2622,39.5613,39.8728,"42,867"
2303 聯電,2022/6/9,40.5737,40.6515,40.34,40.34,"39,566"
2303 聯電,2022/6/8,40.6515,41.0409,40.5737,40.8073,"71,075"
2303 聯電,2022/6/7,40.1843,40.4179,39.8728,40.2622,"60,715"
2303 聯電,2022/6/6,39.8728,40.4958,39.4834,40.4958,"90,457"
2303 聯電,2022/6/2,39.6391,39.717,39.4055,39.4834,"49,329"
2303 聯電,2022/6/1,39.7949,40.1843,39.717,39.8728,"53,404"
2303 聯電,2022/5/31,39.6391,40.1064,39.4834,40.0285,"91,174"
2303 聯電,2022/5/30,39.717,40.0285,39.3276,39.717,"56,562"
2303 聯電,2022/5/27,38.9383,39.094,38.8604,39.094,"44,363"
2303 聯電,2022/5/26,38.8604,39.094,38.3931,38.471,"38,858"
2303 聯電,2022/5/25,38.1984,38.5099,37.8869,38.4321,"55,559"
2303 聯電,2022/5/24,39.2498,39.3276,38.1595,38.1595,"70,934"
2303 聯電,2022/5/23,39.8728,40.0285,39.0161,39.1719,"51,326"
2303 聯電,2022/5/20,39.7949,39.8728,39.3276,39.4834,"55,034"
2303 聯電,2022/5/19,38.3931,39.5613,38.3931,39.5613,"87,198"
2303 聯電,2022/5/18,39.717,39.9506,39.4834,39.6391,"96,004"
2303 聯電,2022/5/17,38.9383,39.2498,38.7046,39.0161,"90,046"
2303 聯電,2022/5/16,38.7436,39.1719,38.3931,38.5099,"113,273"
2303 聯電,2022/5/13,37.7701,38.2374,37.6143,38.0427,"74,032"
2303 聯電,2022/5/12,37.4975,37.848,37.1471,37.225,"70,505"
2303 聯電,2022/5/11,37.848,38.3152,37.5754,37.8869,"98,646"
2303 聯電,2022/5/10,36.602,38.0816,36.4851,38.0816,"85,245"
2303 聯電,2022/5/9,37.7701,38.1595,37.3028,37.3028,"64,054"
2303 聯電,2022/5/6,36.9524,37.809,36.9135,37.809,"83,033"
2303 聯電,2022/5/5,38.7046,38.8214,38.0427,38.2374,"104,304"
2303 聯電,2022/5/4,36.8745,37.6143,36.8745,37.6143,"63,296"
2303 聯電,2022/5/3,37.1471,37.7701,36.6798,36.7966,"84,742"
2303 聯電,2022/4/29,38.6267,38.8604,37.1471,37.225,"187,887"
2303 聯電,2022/4/28,36.0568,38.0037,35.7064,37.7701,"236,257"
2303 聯電,2022/4/27,34.2657,34.5772,33.9152,34.5772,"105,139"
2303 聯電,2022/4/26,35.8232,35.9011,35.2391,35.6285,"51,833"
2303 聯電,2022/4/25,36.2126,36.2126,35.2781,35.4338,"110,188"
2303 聯電,2022/4/22,36.9913,37.1082,36.7577,37.1082,"44,827"
2303 聯電,2022/4/21,37.3028,37.6922,37.1082,37.4197,"58,300"
2303 聯電,2022/4/20,36.9524,37.1082,36.6798,37.1082,"63,807"
2303 聯電,2022/4/19,36.4073,36.7188,36.2904,36.3294,"70,240"
2303 聯電,2022/4/18,36.2904,36.4851,35.9789,35.9789,"71,337"
2303 聯電,2022/4/15,36.9135,36.9524,36.602,36.6409,"89,412"
2303 聯電,2022/4/14,38.1595,38.1984,37.5365,37.5754,"63,831"
2303 聯電,2022/4/13,37.2639,37.9648,37.186,37.7701,"91,923"
2303 聯電,2022/4/12,36.8356,37.4975,36.602,36.8356,"154,848"
2303 聯電,2022/4/11,38.9383,38.9383,37.4197,37.5365,"174,438"
2303 聯電,2022/4/8,39.0161,39.2498,38.9383,38.9383,"92,177"
2303 聯電,2022/4/7,39.0161,39.4055,38.9383,38.9383,"114,103"
2303 聯電,2022/4/6,40.1843,40.2622,39.5613,39.7949,"145,865"
2303 聯電,2022/4/1,41.3524,41.3524,40.8852,41.1967,"84,161"
2303 聯電,2022/3/31,42.1312,42.2091,41.8976,42.0533,"48,478"
2303 聯電,2022/3/30,42.1312,42.4427,42.0533,42.4427,"72,860"
2303 聯電,2022/3/29,41.9754,42.0533,41.5082,41.8197,"39,644"
2303 聯電,2022/3/28,41.4303,41.8976,41.1188,41.7418,"40,471"
2303 聯電,2022/3/25,41.6639,41.7418,41.2745,41.5082,"42,288"
2303 聯電,2022/3/24,41.2745,41.5861,41.1967,41.4303,"51,198"
2303 聯電,2022/3/23,41.8976,42.2091,41.7418,41.8976,"63,589"
2303 聯電,2022/3/22,41.6639,41.6639,41.1967,41.6639,"47,847"
2303 聯電,2022/3/21,41.6639,41.8197,41.3524,41.6639,"51,116"
2303 聯電,2022/3/18,41.0409,41.2745,40.8852,41.1188,"66,366"
2303 聯電,2022/3/17,40.8073,41.1188,40.6515,40.963,"106,648"
2303 聯電,2022/3/16,39.8728,39.9506,39.0161,39.5613,"82,588"
2303 聯電,2022/3/15,40.0285,40.1843,39.094,39.2498,"118,324"
2303 聯電,2022/3/14,41.0409,41.3524,40.34,40.8852,"59,759"
2303 聯電,2022/3/11,41.0409,41.2745,40.7294,40.8852,"47,021"
2303 聯電,2022/3/10,41.6639,41.8976,40.963,41.1188,"98,569"
2303 聯電,2022/3/9,39.5613,40.6515,39.3276,40.34,"98,203"
2303 聯電,2022/3/8,39.4055,39.8728,38.5489,38.7046,"180,287"
2303 聯電,2022/3/7,41.1188,41.1188,39.9506,40.1843,"107,606"
2303 聯電,2022/3/4,41.5082,41.8976,41.4303,41.5861,"45,582"
2303 聯電,2022/3/3,42.2091,42.4427,41.8976,42.2091,"51,713"
2303 聯電,2022/3/2,41.4303,41.9754,41.3524,41.7418,"58,016"
2303 聯電,2022/3/1,41.2745,42.4427,40.8852,42.1312,"117,494"
2303 聯電,2022/2/25,41.2745,41.5082,40.4958,40.5737,"109,311"
2303 聯電,2022/2/24,41.1188,41.4303,40.2622,40.34,"106,503"
2303 聯電,2022/2/23,41.1967,41.7418,41.1967,41.7418,"56,448"
2303 聯電,2022/2/22,41.4303,41.5861,40.7294,41.1188,"112,741"
2303 聯電,2022/2/21,41.5082,42.3648,41.2745,41.8976,"77,342"
2303 聯電,2022/2/18,41.8976,42.0533,41.6639,41.8197,"82,216"
2303 聯電,2022/2/17,42.5984,42.8321,42.1312,42.3648,"68,310"
2303 聯電,2022/2/16,42.5206,42.7542,42.1312,42.1312,"90,864"
2303 聯電,2022/2/15,41.2745,42.2869,41.2745,41.6639,"100,850"
2303 聯電,2022/2/14,42.0533,42.1312,41.2745,41.2745,"160,543"
2303 聯電,2022/2/11,43.2215,43.6108,42.8321,43.1436,"84,972"
2303 聯電,2022/2/10,44.3896,44.3896,42.91,43.4551,"114,341"
2303 聯電,2022/2/9,43.8445,44.2339,43.3772,43.6108,"104,595"
2303 聯電,2022/2/8,42.5206,43.533,42.5206,43.1436,"146,741"
2303 聯電,2022/2/7,44.3117,44.3896,41.8197,42.4427,"304,373"
2303 聯電,2022/1/26,43.9223,45.5578,43.6887,44.6232,"402,133"
2303 聯電,2022/1/25,48.1277,48.4392,47.894,47.894,"128,936"
2303 聯電,2022/1/24,48.5171,48.9064,47.6604,48.7507,"105,175"
2303 聯電,2022/1/21,48.8286,49.2958,48.7507,48.9064,"84,304"
2303 聯電,2022/1/20,48.9843,49.6852,48.6728,49.4516,"62,252"
2303 聯電,2022/1/19,49.0622,49.4516,48.9064,48.9064,"75,426"
2303 聯電,2022/1/18,50.2303,50.5418,49.6852,49.6852,"97,361"
2303 聯電,2022/1/17,49.1401,50.1525,49.0622,50.0746,"155,223"
2303 聯電,2022/1/14,49.4516,49.4516,48.4392,48.8286,"92,692"
2303 聯電,2022/1/13,48.3613,49.5295,48.3613,49.2958,"115,987"
2303 聯電,2022/1/12,48.8286,48.9064,48.1277,48.2056,"74,326"
2303 聯電,2022/1/11,48.5171,48.6728,48.2056,48.3613,"44,373"
2303 聯電,2022/1/10,48.2834,48.6728,48.1277,48.3613,"96,153"
2303 聯電,2022/1/7,49.6073,49.6073,48.6728,48.7507,"99,406"
2303 聯電,2022/1/6,48.6728,48.9843,48.5949,48.8286,"80,954"
2303 聯電,2022/1/5,49.0622,49.841,48.8286,49.1401,"83,199"
2303 聯電,2022/1/4,49.4516,49.841,48.9064,49.0622,"113,869"
2303 聯電,2022/1/3,50.7755,51.0091,49.2179,49.3737,"120,579"
2303 聯電,2021/12/30,50.6976,50.8534,50.464,50.6197,"48,163"
2303 聯電,2021/12/29,50.6976,50.7755,50.3861,50.6197,"53,066"
2303 聯電,2021/12/28,50.5418,50.7755,50.3861,50.3861,"80,111"
2303 聯電,2021/12/27,50.3082,50.3861,49.9967,50.0746,"45,906"
2303 聯電,2021/12/24,50.0746,50.5418,49.9188,50.0746,"75,488"
2303 聯電,2021/12/23,50.1525,50.2303,49.6852,49.7631,"70,807"
2303 聯電,2021/12/22,49.3737,49.7631,49.2958,49.6073,"82,805"
2303 聯電,2021/12/21,48.7507,49.2958,48.5949,48.9843,"77,194"
2303 聯電,2021/12/20,48.5171,48.7507,48.2834,48.4392,"64,252"
2303 聯電,2021/12/17,48.4392,48.8286,48.3613,48.5171,"87,887"
2303 聯電,2021/12/16,49.9967,50.3082,48.9843,49.0622,"137,992"
2303 聯電,2021/12/15,48.6728,49.3737,48.6728,48.8286,"93,432"
2303 聯電,2021/12/14,48.6728,48.8286,47.894,48.5949,"104,224"
2303 聯電,2021/12/13,49.7631,49.7631,48.9064,48.9064,"105,861"
2303 聯電,2021/12/10,48.9843,49.9967,48.8286,49.4516,"150,492"
2303 聯電,2021/12/9,50.6976,51.1649,49.841,49.841,"284,846"
2303 聯電,2021/12/8,53.1118,53.1118,51.7879,51.7879,"145,655"
2303 聯電,2021/12/7,52.8781,52.8781,51.5542,51.7879,"155,940"
2303 聯電,2021/12/6,53.1118,53.1118,51.9436,52.4109,"135,275"
2303 聯電,2021/12/3,52.6445,53.2675,52.1773,53.1896,"184,869"
2303 聯電,2021/12/2,52.4888,53.3454,51.8657,51.9436,"310,855"
2303 聯電,2021/12/1,50.1525,52.1773,49.9188,52.1773,"271,771"
2303 聯電,2021/11/30,50.0746,50.7755,49.6073,49.6073,"278,039"
2303 聯電,2021/11/29,48.2834,48.8286,47.4268,48.5949,"111,522"
2303 聯電,2021/11/26,50.3082,50.464,48.6728,48.6728,"182,950"
2303 聯電,2021/11/25,49.4516,49.4516,48.7507,49.0622,"67,823"
2303 聯電,2021/11/24,48.8286,49.3737,48.6728,49.1401,"93,507"
2303 聯電,2021/11/23,50.2303,50.2303,48.9843,49.2179,"136,648"
2303 聯電,2021/11/22,51.0091,51.3985,50.3082,50.3861,"152,277"
2303 聯電,2021/11/19,49.9967,51.4764,49.841,50.6976,"369,983"
2303 聯電,2021/11/18,49.5295,49.7631,49.0622,49.1401,"83,090"
2303 聯電,2021/11/17,49.2958,49.9188,48.8286,49.5295,"111,672"
2303 聯電,2021/11/16,49.6073,49.6073,49.0622,49.0622,"75,321"
2303 聯電,2021/11/15,49.5295,49.6073,48.9064,49.3737,"74,723"
2303 聯電,2021/11/12,49.2958,49.6852,48.6728,48.7507,"108,784"
2303 聯電,2021/11/11,48.5949,48.9064,48.3613,48.4392,"108,617"
2303 聯電,2021/11/10,49.3737,49.841,48.5949,49.1401,"128,033"
2303 聯電,2021/11/9,49.6852,50.5418,49.1401,49.1401,"229,917"
2303 聯電,2021/11/8,47.271,48.6728,47.1153,48.6728,"207,964"
2303 聯電,2021/11/5,46.4144,47.4268,46.1029,47.0374,"187,161"
2303 聯電,2021/11/4,46.648,46.648,45.5578,45.6356,"76,461"
2303 聯電,2021/11/3,46.7259,46.8038,45.9471,46.1029,"93,583"
2303 聯電,2021/11/2,45.3241,46.8817,45.2462,45.9471,"196,610"
2303 聯電,2021/11/1,45.2462,45.6356,44.7011,44.8569,"134,144"
2303 聯電,2021/10/29,46.3365,46.3365,45.1684,45.1684,"229,397"
2303 聯電,2021/10/28,47.271,47.5825,46.5701,46.5701,"274,100"
2303 聯電,2021/10/27,46.7259,48.2056,46.4144,48.2056,"205,673"
2303 聯電,2021/10/26,46.5701,47.3489,46.2586,46.5701,"179,241"
2303 聯電,2021/10/25,45.1684,46.2586,44.6232,46.2586,"122,369"
2303 聯電,2021/10/22,45.1684,45.5578,44.5454,45.402,"104,075"
2303 聯電,2021/10/21,45.2462,46.025,44.7011,45.1684,"131,728"
2303 聯電,2021/10/20,46.5701,46.8817,45.402,45.7135,"150,444"
2303 聯電,2021/10/19,46.025,46.648,45.4799,46.4144,"103,901"
2303 聯電,2021/10/18,46.4923,46.4923,45.4799,45.4799,"119,994"
2303 聯電,2021/10/15,45.3241,46.8817,45.1684,46.025,"213,190"
2303 聯電,2021/10/14,44.6232,44.8569,44.0002,44.156,"118,944"
2303 聯電,2021/10/13,45.402,45.8693,43.9223,43.9223,"232,296"
2303 聯電,2021/10/12,46.3365,46.4923,45.5578,45.5578,"163,058"
2303 聯電,2021/10/8,48.7507,48.7507,47.5047,47.5825,"115,288"
2303 聯電,2021/10/7,47.4268,48.7507,47.3489,48.6728,"151,564"
2303 聯電,2021/10/6,47.894,48.0498,46.3365,46.648,"132,290"
2303 聯電,2021/10/5,45.7135,47.7383,45.1684,47.5825,"190,242"
2303 聯電,2021/10/4,49.1401,49.2958,47.1932,47.3489,"131,588"
2303 聯電,2021/10/1,49.3737,49.6852,48.3613,48.7507,"143,009"
2303 聯電,2021/9/30,49.2958,50.1525,48.6728,49.841,"120,964"
2303 聯電,2021/9/29,49.5295,50.0746,49.0622,49.0622,"218,033"
2303 聯電,2021/9/28,51.2427,51.3985,50.8534,50.8534,"80,807"
2303 聯電,2021/9/27,52.4109,52.5666,51.3985,51.6321,"93,097"
2303 聯電,2021/9/24,51.3985,52.2551,51.2427,52.1773,"128,088"
2303 聯電,2021/9/23,51.3206,51.4764,50.6197,50.7755,"118,464"
2303 聯電,2021/9/22,49.2179,50.6197,49.1401,50.3082,"165,678"
2303 聯電,2021/9/17,51.5542,52.333,51.0091,51.087,"169,502"
2303 聯電,2021/9/16,51.5542,52.5666,51.2427,51.5542,"141,524"
2303 聯電,2021/9/15,51.5542,51.7879,51.0091,51.087,"105,174"
2303 聯電,2021/9/14,52.1773,52.4109,51.087,51.3985,"157,499"
2303 聯電,2021/9/13,53.1896,53.6569,52.0215,52.0215,"164,864"
2303 聯電,2021/9/10,52.4888,53.7348,52.333,53.1118,"212,753"
2303 聯電,2021/9/9,50.8534,52.8781,50.6976,52.5666,"280,520"
2303 聯電,2021/9/8,52.2551,52.8781,50.6976,51.2427,"371,885"
2303 聯電,2021/9/7,54.5914,54.9808,52.6445,53.1118,"330,249"
2303 聯電,2021/9/6,53.8127,56.0711,53.1896,54.4357,"583,661"
2303 聯電,2021/9/3,51.0091,54.5136,50.9312,54.5136,"638,063"
2303 聯電,2021/9/2,50.6197,52.1773,49.841,49.841,"420,645"
2303 聯電,2021/9/1,48.9064,50.2303,48.7507,49.9188,"259,821"
2303 聯電,2021/8/31,48.5949,49.1401,47.894,49.1401,"180,847"
2303 聯電,2021/8/30,48.5949,49.0622,48.0498,48.9064,"205,442"
2303 聯電,2021/8/27,47.5047,48.1277,47.0374,48.0498,"170,082"
2303 聯電,2021/8/26,48.5949,48.8286,46.9595,47.6604,"260,011"
2303 聯電,2021/8/25,46.2586,47.1932,46.1029,46.7259,"224,638"
2303 聯電,2021/8/24,46.4144,46.8038,45.402,45.4799,"177,627"
2303 聯電,2021/8/23,44.7011,45.7914,44.3896,45.6356,"163,631"
2303 聯電,2021/8/20,43.8445,43.9223,42.3648,43.3772,"142,080"
2303 聯電,2021/8/19,44.5454,44.7011,43.2215,43.2215,"176,910"
2303 聯電,2021/8/18,43.0657,45.3241,43.0657,45.2462,"191,647"
2303 聯電,2021/8/17,45.1684,45.4799,43.6108,43.6887,"152,522"
2303 聯電,2021/8/16,44.0002,45.1684,43.9223,44.4675,"142,298"
2303 聯電,2021/8/13,46.9595,47.0374,44.779,44.8569,"224,287"
2303 聯電,2021/8/12,46.9595,47.894,46.5701,46.8038,"166,046"
2303 聯電,2021/8/11,46.4923,47.5047,45.7914,46.648,"237,426"
2303 聯電,2021/8/10,48.2834,48.5171,46.1029,46.5701,"315,261"
2303 聯電,2021/8/9,47.9719,48.9843,47.271,48.2056,"208,521"
2303 聯電,2021/8/6,49.4516,49.6852,47.9719,48.3613,"348,569"
2303 聯電,2021/8/5,47.5047,49.7631,46.8817,49.3737,"483,378"
2303 聯電,2021/8/4,46.8817,47.3489,46.025,47.1153,"311,901"
2303 聯電,2021/8/3,44.8569,46.2586,44.6232,46.2586,"262,067"
2303 聯電,2021/8/2,46.1808,46.4923,44.2339,44.779,"340,901"
2303 聯電,2021/7/30,43.4551,46.648,43.4551,45.0126,"690,359"
2303 聯電,2021/7/29,41.9754,42.8321,41.5082,42.5206,"437,075"
2303 聯電,2021/7/28,40.8073,40.963,39.3276,40.34,"199,999"
2303 聯電,2021/7/27,42.2091,42.2869,41.3524,41.3524,"118,561"
2303 聯電,2021/7/26,42.0533,42.3648,41.7418,41.8197,"137,792"
2303 聯電,2021/7/23,41.2745,42.1312,41.0409,41.0409,"208,158"
2303 聯電,2021/7/22,39.7949,41.1188,39.5613,40.4958,"233,371"
2303 聯電,2021/7/21,39.9746,40.05,37.8627,38.3152,"201,374"
2303 聯電,2021/7/20,39.4466,40.05,39.2957,39.522,"111,149"
2303 聯電,2021/7/19,40.2763,40.2763,39.5974,39.6729,"142,678"
2303 聯電,2021/7/16,40.3517,40.8796,39.9746,40.5025,"254,836"
2303 聯電,2021/7/15,41.0305,41.7093,40.8796,41.5585,"182,155"
2303 聯電,2021/7/14,41.3322,41.483,40.4271,40.7288,"119,847"
2303 聯電,2021/7/13,40.6534,41.6339,40.4271,40.6534,"261,975"
2303 聯電,2021/7/12,40.4271,40.9551,39.8991,40.1254,"149,279"
2303 聯電,2021/7/9,39.5974,39.8237,39.1449,39.3712,"111,351"
2303 聯電,2021/7/8,40.6534,40.8042,39.9746,40.05,"96,052"
2303 聯電,2021/7/7,40.2008,40.8042,40.05,40.4271,"105,991"
2303 聯電,2021/7/6,41.4076,41.6339,40.2008,40.2763,"144,822"
2303 聯電,2021/7/5,39.9746,41.6339,39.8237,41.0305,"261,523"
2303 聯電,2021/7/2,39.2957,39.8991,39.2957,39.6729,"65,761"
2303 聯電,2021/7/1,40.2008,40.2763,39.2957,39.2957,"93,298"
2303 聯電,2021/6/30,40.5025,40.578,40.05,40.05,"92,968"
2303 聯電,2021/6/29,40.2008,40.5025,39.8991,39.9746,"105,346"
2303 聯電,2021/6/28,40.1254,40.2008,39.522,39.6729,"71,873"
2303 聯電,2021/6/25,40.578,40.8796,39.8991,39.8991,"123,053"
2303 聯電,2021/6/24,39.8991,40.4271,39.4466,39.9746,"150,176"
2303 聯電,2021/6/23,38.8432,40.1254,38.6924,39.9746,"153,985"
2303 聯電,2021/6/22,39.1449,39.2957,38.3907,38.4661,"88,780"
2303 聯電,2021/6/21,38.9186,39.2203,38.4661,38.6169,"122,927"
2303 聯電,2021/6/18,40.4271,40.578,39.3712,39.3712,"128,892"
2303 聯電,2021/6/17,38.9186,40.2008,38.6924,40.2008,"103,617"
2303 聯電,2021/6/16,40.2008,40.3517,39.3712,39.522,"145,061"
2303 聯電,2021/6/15,39.9746,40.6534,39.8237,40.5025,"186,367"
2303 聯電,2021/6/11,39.3712,39.7483,38.9186,39.0695,"98,451"
2303 聯電,2021/6/10,38.4661,39.1449,37.9381,38.8432,"121,662"
2303 聯電,2021/6/9,38.9941,39.1449,37.8627,38.2398,"210,880"
2303 聯電,2021/6/8,39.6729,40.1254,39.3712,39.3712,"107,619"
2303 聯電,2021/6/7,40.3517,40.4271,38.8432,39.4466,"183,701"
2303 聯電,2021/6/4,40.7288,41.0305,39.9746,39.9746,"260,150"
2303 聯電,2021/6/3,39.8237,41.7093,39.4466,41.483,"380,138"
2303 聯電,2021/6/2,39.6729,39.9746,38.9186,39.2203,"115,730"
2303 聯電,2021/6/1,40.1254,40.7288,39.3712,39.3712,"153,776"
2303 聯電,2021/5/31,39.8991,40.3517,39.1449,39.9746,"199,782"
2303 聯電,2021/5/28,39.2957,39.9746,38.9186,39.522,"216,934"
2303 聯電,2021/5/27,38.2398,38.9941,37.7119,38.1644,"167,118"
2303 聯電,2021/5/26,39.4466,40.3517,38.5415,38.6924,"241,846"
2303 聯電,2021/5/25,37.8627,39.9746,37.6364,39.1449,"385,084"
2303 聯電,2021/5/24,35.1474,36.9576,34.9589,36.7313,"160,119"
2303 聯電,2021/5/21,36.0148,36.3542,35.336,35.4114,"146,240"
2303 聯電,2021/5/20,35.8263,36.2034,35.0343,35.072,"173,152"
2303 聯電,2021/5/19,36.4674,37.1085,35.8263,36.4296,"211,964"
2303 聯電,2021/5/18,34.8835,36.4296,34.6949,36.4296,"280,228"
2303 聯電,2021/5/17,33.0356,35.1852,32.4699,33.1487,"231,958"
2303 聯電,2021/5/14,36.8068,37.4479,35.1852,35.2983,"235,494"
2303 聯電,2021/5/13,33.8275,36.8445,33.5258,35.864,"325,343"
2303 聯電,2021/5/12,36.5051,37.4856,33.2619,34.9589,"355,398"
2303 聯電,2021/5/11,37.7119,38.3152,36.2411,36.9576,"284,651"
2303 聯電,2021/5/10,40.8796,40.8796,39.5974,39.5974,"118,082"
2303 聯電,2021/5/7,39.7483,40.8042,39.6729,40.7288,"170,031"
2303 聯電,2021/5/6,39.2957,39.8991,38.1644,38.6924,"171,739"
2303 聯電,2021/5/5,41.1813,41.3322,39.0695,39.0695,"208,373"
2303 聯電,2021/5/4,40.05,41.5585,38.4661,41.1813,"346,875"
2303 聯電,2021/5/3,41.483,41.7847,39.8237,39.9746,"323,558"
2303 聯電,2021/4/29,43.972,44.2737,42.7652,42.7652,"456,717"
2303 聯電,2021/4/28,45.8576,46.0839,44.3491,45.2542,"293,373"
2303 聯電,2021/4/27,46.7627,47.2907,45.3296,45.6313,"321,579"
2303 聯電,2021/4/26,45.6313,46.6118,45.1034,46.6118,"511,527"
2303 聯電,2021/4/23,42.2373,43.3686,41.6339,42.9915,"438,045"
2303 聯電,2021/4/22,41.483,42.3881,40.578,41.3322,"338,155"
2303 聯電,2021/4/21,40.578,41.1059,40.1254,40.2763,"127,366"
2303 聯電,2021/4/20,40.8796,41.2568,40.4271,40.8042,"117,157"
2303 聯電,2021/4/19,41.2568,41.6339,40.5025,41.1813,"146,441"
2303 聯電,2021/4/16,40.5025,41.7847,39.9746,40.7288,"265,218"
2303 聯電,2021/4/15,39.2203,40.2763,39.0695,40.05,"156,211"
2303 聯電,2021/4/14,41.7847,42.011,38.089,39.7483,"352,171"
2303 聯電,2021/4/13,40.8796,42.9915,40.4271,41.0305,"426,359"
2303 聯電,2021/4/12,40.8796,41.1813,39.9746,40.4271,"136,214"
2303 聯電,2021/4/9,41.483,41.6339,39.9746,39.9746,"214,576"
2303 聯電,2021/4/8,38.9941,41.483,38.8432,40.7288,"347,099"
2303 聯電,2021/4/7,38.3907,38.8432,38.2398,38.8432,"103,388"
2303 聯電,2021/4/6,38.7678,38.8432,38.2398,38.2398,"110,723"
2303 聯電,2021/4/1,38.4661,38.6924,37.9381,38.089,"85,795"
2303 聯電,2021/3/31,37.7873,38.6169,37.561,37.8627,"184,404"
2303 聯電,2021/3/30,37.3724,38.2398,36.8068,38.1644,"168,086"
2303 聯電,2021/3/29,38.1644,38.4661,37.1839,37.2216,"157,066"
2303 聯電,2021/3/26,37.5233,37.7119,37.2216,37.5233,"222,732"
2303 聯電,2021/3/25,35.4491,36.7691,35.2606,36.6936,"163,386"
2303 聯電,2021/3/24,36.0902,36.2411,35.5623,35.5623,"122,860"
2303 聯電,2021/3/23,36.9199,37.4479,36.5805,36.5805,"175,622"
2303 聯電,2021/3/22,34.7703,36.4296,34.6195,36.3542,"175,443"
2303 聯電,2021/3/19,34.7703,35.1097,34.3178,34.7326,"185,889"
2303 聯電,2021/3/18,36.2034,36.5428,35.4491,35.4869,"160,016"
2303 聯電,2021/3/17,36.5428,36.5805,35.9394,36.2034,"113,793"
2303 聯電,2021/3/16,36.5805,37.0707,36.128,36.4296,"111,862"
2303 聯電,2021/3/15,36.9576,36.9953,36.2788,36.3165,"102,039"
2303 聯電,2021/3/12,37.1462,37.7873,37.033,37.033,"183,940"
2303 聯電,2021/3/11,35.4491,37.033,35.336,36.6936,"240,352"
2303 聯電,2021/3/10,35.6,35.7131,34.9589,35.1097,"192,335"
2303 聯電,2021/3/9,34.3178,35.2229,33.8652,34.9589,"264,755"
2303 聯電,2021/3/8,36.1657,36.2788,34.7326,34.7703,"212,695"
2303 聯電,2021/3/5,35.2983,36.3542,34.9589,35.4869,"349,619"
2303 聯電,2021/3/4,37.8627,38.3152,36.9576,36.9953,"384,755"
2303 聯電,2021/3/3,39.2203,39.7483,38.1644,39.1449,"285,125"
2303 聯電,2021/3/2,41.7093,41.9356,39.7483,39.7483,"163,944"
2303 聯電,2021/2/26,40.9551,41.6339,40.8796,40.8796,"176,299"
2303 聯電,2021/2/25,42.4635,42.6144,41.8602,42.011,"112,476"
2303 聯電,2021/2/24,41.7847,42.7652,41.1813,41.2568,"180,656"
2303 聯電,2021/2/23,41.5585,42.3881,41.2568,42.0864,"206,602"
2303 聯電,2021/2/22,43.7457,43.972,42.8407,42.8407,"182,775"
2303 聯電,2021/2/19,43.4441,44.0474,42.9161,43.1424,"191,246"
2303 聯電,2021/2/18,43.4441,44.8017,42.7652,43.8966,"288,059"
2303 聯電,2021/2/17,43.4441,43.7457,42.3127,43.4441,"355,339"
2303 聯電,2021/2/5,39.5974,39.9746,39.2957,39.8991,"145,274"
2303 聯電,2021/2/4,38.9186,39.522,38.6169,39.1449,"95,373"
2303 聯電,2021/2/3,39.9746,40.4271,38.9186,39.2203,"176,459"
2303 聯電,2021/2/2,38.9941,39.9746,38.6924,39.6729,"241,455"
2303 聯電,2021/2/1,37.4856,38.9186,36.8445,38.3152,"242,326"
2303 聯電,2021/1/29,39.4466,39.6729,37.7119,37.7119,"272,439"
2303 聯電,2021/1/28,38.6169,40.2008,37.8627,38.6169,"452,064"
2303 聯電,2021/1/27,41.483,42.3881,40.8796,41.3322,"231,131"
2303 聯電,2021/1/26,43.0669,43.4441,40.6534,41.3322,"323,042"
2303 聯電,2021/1/25,43.4441,44.1983,42.2373,43.1424,"318,727"
2303 聯電,2021/1/22,40.7288,43.1424,40.4271,42.6144,"423,774"
2303 聯電,2021/1/21,39.8237,41.2568,39.3712,40.7288,"348,707"
2303 聯電,2021/1/20,40.7288,41.4076,38.9186,39.2957,"519,997"
2303 聯電,2021/1/19,38.1644,40.6534,37.7119,39.9746,"550,193"
2303 聯電,2021/1/18,36.4296,37.5987,35.072,37.4479,"190,786"
2303 聯電,2021/1/15,38.9186,39.0695,36.7691,36.7691,"331,036"
2303 聯電,2021/1/14,37.561,38.3907,37.3347,37.6364,"199,727"
2303 聯電,2021/1/13,37.297,37.9381,37.033,37.7119,"266,941"
2303 聯電,2021/1/12,38.089,39.1449,36.5051,36.5428,"491,919"
2303 聯電,2021/1/11,36.3542,37.7873,35.864,37.7119,"443,638"
2303 聯電,2021/1/8,35.2229,36.4674,34.9212,36.0902,"338,482"
2303 聯電,2021/1/7,35.7131,35.9017,34.6949,34.8457,"166,045"
2303 聯電,2021/1/6,35.864,36.0148,34.6195,35.4114,"302,206"
2303 聯電,2021/1/5,33.8652,34.9589,33.6013,34.9589,"203,151"
2303 聯電,2021/1/4,34.808,35.072,33.1864,34.3555,"404,287"
2303 聯電,2020/12/31,36.8068,36.8445,34.6195,35.5623,"302,544"
2303 聯電,2020/12/30,35.7885,36.4674,35.5246,36.4296,"153,219"
2303 聯電,2020/12/29,37.1085,37.297,35.6,35.7508,"251,092"
2303 聯電,2020/12/28,35.5246,36.8445,35.4491,36.6559,"221,527"
2303 聯電,2020/12/25,35.5246,35.7885,35.1097,35.2606,"97,512"
2303 聯電,2020/12/24,35.3737,35.4869,34.9212,35.1097,"97,966"
2303 聯電,2020/12/23,35.0343,35.336,34.4686,34.7703,"135,323"
2303 聯電,2020/12/22,35.6,36.3919,34.3178,34.4686,"222,355"
2303 聯電,2020/12/21,34.6949,36.0148,33.9407,35.7885,"251,791"
2303 聯電,2020/12/18,35.4491,35.7508,34.5441,34.5818,"230,929"
2303 聯電,2020/12/17,34.2046,34.9966,33.8652,34.7326,"189,154"
2303 聯電,2020/12/16,33.639,34.7703,33.639,33.8652,"250,325"
2303 聯電,2020/12/15,34.7703,35.1097,33.1864,33.1864,"275,779"
2303 聯電,2020/12/14,34.7703,35.336,33.639,34.808,"233,249"
2303 聯電,2020/12/11,35.7885,36.4674,34.0915,34.7703,"390,831"
2303 聯電,2020/12/10,36.6559,36.8822,35.2229,35.6754,"460,980"
2303 聯電,2020/12/9,37.033,37.8627,37.033,37.6364,"321,064"
2303 聯電,2020/12/8,37.1839,38.9941,36.6182,38.3907,"382,624"
2303 聯電,2020/12/7,37.561,38.9186,36.5428,37.7119,"534,982"
2303 聯電,2020/12/4,34.1669,35.9017,33.639,35.9017,"493,268"
2303 聯電,2020/12/3,31.6402,33.903,31.4517,32.6585,"420,713"
2303 聯電,2020/12/2,31.6025,31.7911,30.9991,31.2631,"171,486"
2303 聯電,2020/12/1,31.3008,31.6025,30.6974,31.3385,"191,981"
2303 聯電,2020/11/30,30.5089,32.2813,30.1318,30.5466,"420,090"
2303 聯電,2020/11/27,29.8301,30.0186,29.3398,29.5284,"190,902"
2303 聯電,2020/11/26,29.0004,29.7924,28.2839,29.7924,"261,086"
2303 聯電,2020/11/25,29.0004,29.4907,28.7741,29.0004,"267,141"
2303 聯電,2020/11/24,28.8119,29.9432,28.661,28.7741,"589,153"
2303 聯電,2020/11/23,26.2852,27.4165,26.2474,27.4165,"210,208"
2303 聯電,2020/11/20,24.2487,25.0407,24.211,24.9275,"222,076"
2303 聯電,2020/11/19,24.3996,24.4373,24.0602,24.211,"77,992"
2303 聯電,2020/11/18,24.2864,24.475,24.1733,24.3996,"81,751"
2303 聯電,2020/11/17,24.739,24.8898,24.211,24.2487,"162,049"
2303 聯電,2020/11/16,23.9847,24.3241,23.947,24.2864,"183,825"
2303 聯電,2020/11/13,23.4945,23.7208,23.3059,23.6076,"90,119"
2303 聯電,2020/11/12,23.6453,24.0602,23.4191,23.4568,"115,770"
2303 聯電,2020/11/11,23.2305,23.7208,23.1928,23.3813,"90,328"
2303 聯電,2020/11/10,24.1356,24.2864,23.2682,23.3813,"164,755"
2303 聯電,2020/11/9,23.5322,24.0602,23.5322,23.9847,"196,866"
2303 聯電,2020/11/6,23.2305,23.5322,22.7025,23.0042,"149,150"
2303 聯電,2020/11/5,23.1174,23.2305,22.778,23.0419,"212,277"
2303 聯電,2020/11/4,22.778,24.0979,22.5894,23.8716,"314,878"
2303 聯電,2020/11/3,22.778,23.0042,22.4763,22.4763,"161,571"
2303 聯電,2020/11/2,23.0797,23.3059,22.1746,22.3631,"297,145"
2303 聯電,2020/10/30,24.1356,24.4373,23.1551,23.1551,"484,911"
2303 聯電,2020/10/29,23.9847,25.0407,23.947,24.8521,"282,958"
2303 聯電,2020/10/28,25.2669,25.2669,24.6258,24.6258,"180,026"
2303 聯電,2020/10/27,24.6635,25.3801,24.475,25.2669,"187,707"
2303 聯電,2020/10/26,24.7767,25.2669,24.5881,24.8898,"186,142"
2303 聯電,2020/10/23,25.4932,25.6441,24.4373,24.7013,"406,287"
2303 聯電,2020/10/22,24.0602,24.8898,23.8716,24.8898,"426,117"
2303 聯電,2020/10/21,23.9093,24.6258,23.6453,23.6453,"352,041"
2303 聯電,2020/10/20,23.3059,23.6076,23.1174,23.5322,"104,787"
2303 聯電,2020/10/19,23.1928,23.8339,23.1928,23.3813,"136,764"
2303 聯電,2020/10/16,23.683,23.947,23.0797,23.1174,"225,685"
2303 聯電,2020/10/15,23.9847,24.739,23.7962,23.7962,"230,756"
2303 聯電,2020/10/14,23.7962,24.6258,23.5699,24.2864,"270,942"
2303 聯電,2020/10/13,23.9093,24.0602,23.3436,23.7962,"214,865"
2303 聯電,2020/10/12,24.475,24.7013,23.7208,24.1733,"351,806"
2303 聯電,2020/10/8,22.778,24.475,22.5517,24.2864,"644,955"
2303 聯電,2020/10/7,21.2318,22.3254,21.2318,22.25,"317,850"
2303 聯電,2020/10/6,22.0237,22.0991,21.3449,21.3826,"226,868"
2303 聯電,2020/10/5,21.9483,22.4763,21.458,21.6466,"313,485"
2303 聯電,2020/9/30,20.7415,21.7597,20.3267,21.5335,"426,461"
2303 聯電,2020/9/29,21.4203,22.0991,20.7415,20.7415,"547,952"
2303 聯電,2020/9/28,20.0627,20.7415,19.6856,20.7415,"407,009"
2303 聯電,2020/9/25,19.7987,19.8364,18.2525,18.8559,"209,996"
2303 聯電,2020/9/24,19.3462,19.9873,19.233,19.5725,"283,777"
2303 聯電,2020/9/23,19.5347,19.6856,19.0822,19.6102,"195,111"
2303 聯電,2020/9/22,18.8936,19.233,18.4788,18.9313,"122,720"
2303 聯電,2020/9/21,19.5725,19.6856,18.9313,18.9691,"121,025"
2303 聯電,2020/9/18,19.6102,19.9119,19.4593,19.4593,"136,993"
2303 聯電,2020/9/17,19.0822,19.6102,18.9691,19.4216,"137,350"
2303 聯電,2020/9/16,20.2136,20.5152,19.2708,19.3839,"306,889"
2303 聯電,2020/9/15,18.2525,19.4593,18.2525,19.0822,"379,771"
2303 聯電,2020/9/14,17.7246,18.1771,17.7246,18.0263,"142,653"
2303 聯電,2020/9/11,17.6491,17.7246,17.1966,17.3475,"78,463"
2303 聯電,2020/9/10,18.1394,18.2148,17.5737,17.6114,"143,782"
2303 聯電,2020/9/9,17.0458,18.064,16.8195,17.8754,"206,963"
2303 聯電,2020/9/8,18.4034,18.5542,17.1212,17.1212,"316,528"
2303 聯電,2020/9/7,17.4606,17.7623,17.4229,17.7623,"97,935"
2303 聯電,2020/9/4,15.7636,16.1784,15.6881,16.1784,"73,445"
2303 聯電,2020/9/3,16.5932,16.7063,16.2538,16.2538,"87,870"
2303 聯電,2020/9/2,16.6309,16.6686,16.2161,16.3669,"57,874"
2303 聯電,2020/9/1,16.103,16.5555,15.9144,16.5178,"81,661"
2303 聯電,2020/8/31,16.6686,16.7063,15.9898,15.9898,"126,184"
2303 聯電,2020/8/28,16.4424,16.7441,16.2915,16.5178,"69,220"
2303 聯電,2020/8/27,16.9703,17.0835,16.4801,16.5555,"84,525"
2303 聯電,2020/8/26,16.5932,16.8572,16.3292,16.8572,"73,886"
2303 聯電,2020/8/25,17.1589,17.1966,16.5932,16.7063,"102,738"
2303 聯電,2020/8/24,16.5555,17.1212,16.5178,17.0458,"120,357"
2303 聯電,2020/8/21,16.9326,17.1589,16.3669,16.4424,"159,091"
2303 聯電,2020/8/20,17.1966,17.4229,16.0275,16.4424,"202,244"
2303 聯電,2020/8/19,18.4411,18.4411,17.5737,17.6491,"114,113"
2303 聯電,2020/8/18,18.4034,18.5542,17.9508,18.1771,"139,974"
2303 聯電,2020/8/17,17.8754,18.4788,17.8377,18.2148,"139,404"
2303 聯電,2020/8/14,17.5737,17.9131,17.4229,17.7623,"120,344"
2303 聯電,2020/8/13,18.4411,18.6297,17.8,17.9131,"153,054"
2303 聯電,2020/8/12,18.6674,18.7051,17.9886,18.064,"207,439"
2303 聯電,2020/8/11,19.233,19.5347,18.8559,18.8559,"144,853"
2303 聯電,2020/8/10,19.0445,19.761,18.8182,19.0822,"187,635"
2303 聯電,2020/8/7,20.3644,20.6661,19.1953,19.3085,"334,380"
2303 聯電,2020/8/6,19.233,20.2513,19.0822,20.0627,"369,199"
2303 聯電,2020/8/5,18.4411,19.3085,18.1017,18.7805,"274,027"
2303 聯電,2020/8/4,19.0068,19.4593,18.328,18.5165,"317,880"
2303 聯電,2020/8/3,16.9703,18.4034,16.8949,17.9508,"366,890"
2303 聯電,2020/7/31,16.5178,16.9703,16.3669,16.8572,"137,076"
2303 聯電,2020/7/30,17.0458,17.1589,16.4047,16.7441,"249,008"
2303 聯電,2020/7/29,16.7441,17.0835,16.103,16.8949,"308,114"
2303 聯電,2020/7/28,17.9886,17.9886,16.4424,16.7818,"599,722"
2303 聯電,2020/7/27,15.4619,16.3669,15.1225,16.3669,"490,842"
2303 聯電,2020/7/24,14.9339,15.311,14.7076,14.8962,"546,884"
2303 聯電,2020/7/23,13.9534,14.5191,13.8402,14.5191,"401,688"
2303 聯電,2020/7/22,13.0106,13.1991,12.8597,13.1991,"116,464"
2303 聯電,2020/7/21,12.6335,13.1991,12.5958,12.9352,"210,085"
2303 聯電,2020/7/20,12.4826,12.6335,12.2941,12.4826,"106,825"
2303 聯電,2020/7/17,12.6335,12.6712,12.1809,12.3695,"70,857"
2303 聯電,2020/7/16,12.2564,12.6712,12.2564,12.5203,"139,039"
2303 聯電,2020/7/15,12.4072,12.4449,12.0678,12.0678,"98,486"
2303 聯電,2020/7/14,12.2756,12.2756,11.9885,12.0603,"91,424"
2303 聯電,2020/7/13,11.9885,12.2397,11.9526,12.2397,"106,711"
2303 聯電,2020/7/10,11.8449,11.9526,11.7731,11.809,"41,687"
2303 聯電,2020/7/9,11.9526,12.0244,11.809,11.809,"40,570"
2303 聯電,2020/7/8,11.9167,12.0603,11.9167,11.9526,"34,987"
2303 聯電,2020/7/7,12.132,12.2038,11.8449,11.9167,"80,993"
2303 聯電,2020/7/6,11.9167,11.9885,11.809,11.9526,"55,080"
2303 聯電,2020/7/3,11.809,11.8449,11.7372,11.809,"51,767"
2303 聯電,2020/7/2,11.6295,11.7372,11.486,11.7372,"53,354"
2303 聯電,2020/7/1,11.486,11.6295,11.4501,11.5577,"41,759"
2303 聯電,2020/6/30,11.2706,11.4142,11.2347,11.4142,"44,717"
2303 聯電,2020/6/29,11.1629,11.3424,11.127,11.1629,"40,174"
2303 聯電,2020/6/24,11.127,11.4501,11.127,11.3065,"58,563"
2303 聯電,2020/6/23,11.3065,11.3065,11.0911,11.0911,"57,029"
2303 聯電,2020/6/22,11.0911,11.2706,11.0193,11.2706,"42,863"
2303 聯電,2020/6/19,11.0552,11.1988,11.0552,11.0552,"57,562"
2303 聯電,2020/6/18,10.9834,11.0911,10.9476,11.0193,"57,824"
2303 聯電,2020/6/17,11.127,11.1629,10.8758,10.9834,"74,747"
2303 聯電,2020/6/16,11.127,11.2706,11.0552,11.127,"63,149"
2303 聯電,2020/6/15,11.0911,11.127,10.9834,11.0552,"81,647"
2303 聯電,2020/6/12,11.0911,11.3424,11.0552,11.2706,"86,040"
2303 聯電,2020/6/11,11.809,11.8449,11.4142,11.5218,"92,770"
2303 聯電,2020/6/10,12.0961,12.0961,11.7731,11.9167,"94,791"
2303 聯電,2020/6/9,12.2397,12.3115,11.8808,12.0961,"82,141"
2303 聯電,2020/6/8,12.5628,12.5628,12.0961,12.2397,"124,631"
2303 聯電,2020/6/5,11.7013,11.8449,11.6295,11.8449,"49,132"
2303 聯電,2020/6/4,11.8449,11.9167,11.5577,11.7013,"94,781"
2303 聯電,2020/6/3,11.486,11.6295,11.4501,11.6295,"64,858"
2303 聯電,2020/6/2,11.3065,11.3783,11.2706,11.3783,"46,869"
2303 聯電,2020/6/1,11.1988,11.3424,11.127,11.2347,"56,981"
2303 聯電,2020/5/29,10.9834,11.0911,10.9117,11.0911,"50,362"
2303 聯電,2020/5/28,10.9117,11.0552,10.8758,11.0193,"45,046"
2303 聯電,2020/5/27,10.9476,10.9834,10.8399,10.8399,"24,006"
2303 聯電,2020/5/26,10.8758,10.9476,10.8399,10.9117,"23,880"
2303 聯電,2020/5/25,10.8399,10.8399,10.6604,10.8399,"19,221"
2303 聯電,2020/5/22,10.8758,10.9117,10.804,10.8399,"33,556"
2303 聯電,2020/5/21,10.7681,10.9834,10.7322,10.9834,"39,817"
2303 聯電,2020/5/20,10.8758,10.8758,10.6604,10.6604,"63,261"
2303 聯電,2020/5/19,10.9834,10.9834,10.6963,10.7322,"54,397"
2303 聯電,2020/5/18,11.0552,11.0552,10.8399,10.8399,"41,754"
2303 聯電,2020/5/15,11.0911,11.127,10.8758,11.0552,"32,116"
2303 聯電,2020/5/14,11.0911,11.1629,10.9117,11.0193,"31,677"
2303 聯電,2020/5/13,11.0552,11.1988,11.0193,11.1988,"30,545"
2303 聯電,2020/5/12,11.127,11.2347,11.0193,11.0911,"40,406"
2303 聯電,2020/5/11,11.3424,11.3783,11.1988,11.1988,"42,257"
2303 聯電,2020/5/8,11.3783,11.3783,11.127,11.2347,"39,736"
2303 聯電,2020/5/7,11.0911,11.3783,10.9834,11.1988,"85,739"
2303 聯電,2020/5/6,10.9476,11.0911,10.9476,10.9834,"34,763"
2303 聯電,2020/5/5,11.127,11.1629,10.9476,10.9476,"34,096"
2303 聯電,2020/5/4,10.8399,11.0911,10.804,11.0193,"47,975"
2303 聯電,2020/4/30,11.0911,11.1988,11.0193,11.1629,"64,768"
2303 聯電,2020/4/29,10.9117,11.127,10.9117,10.9834,"96,798"
2303 聯電,2020/4/28,11.127,11.1988,10.5886,10.7681,"219,150"
2303 聯電,2020/4/27,11.5936,11.7013,11.4142,11.5936,"121,440"
2303 聯電,2020/4/24,11.4142,11.5577,11.3783,11.4142,"104,062"
2303 聯電,2020/4/23,11.0911,11.486,11.0552,11.3424,"157,791"
2303 聯電,2020/4/22,10.6245,10.9117,10.5886,10.9117,"51,801"
2303 聯電,2020/4/21,10.8399,11.0193,10.6245,10.6245,"74,235"
2303 聯電,2020/4/20,10.8399,10.9117,10.7322,10.8758,"46,983"
2303 聯電,2020/4/17,10.9117,11.0911,10.7681,10.804,"102,841"
2303 聯電,2020/4/16,10.6604,10.8399,10.6245,10.6963,"55,714"
2303 聯電,2020/4/15,10.8758,10.9117,10.6963,10.8399,"76,800"
2303 聯電,2020/4/14,10.804,10.8758,10.6604,10.8758,"70,873"
2303 聯電,2020/4/13,10.3733,10.8399,10.3374,10.6245,"94,375"
2303 聯電,2020/4/10,10.2297,10.2656,10.1579,10.2656,"23,315"
2303 聯電,2020/4/9,10.2656,10.3374,10.122,10.1938,"40,473"
2303 聯電,2020/4/8,10.1579,10.2656,10.122,10.1938,"70,020"
2303 聯電,2020/4/7,10.2297,10.2656,10.0143,10.1579,"112,835"
2303 聯電,2020/4/6,10.0143,10.122,9.9066,10.122,"75,417"
2303 聯電,2020/4/1,9.9425,9.9425,9.799,9.9066,"48,954"
2303 聯電,2020/3/31,10.3015,10.3015,9.799,9.799,"79,000"
2303 聯電,2020/3/30,9.9425,10.0143,9.8707,10.0143,"38,765"
2303 聯電,2020/3/27,10.3015,10.3015,9.9784,10.0502,"59,235"
2303 聯電,2020/3/26,10.1579,10.1938,10.0143,10.122,"74,645"
2303 聯電,2020/3/25,10.0861,10.3015,10.0143,10.122,"187,932"
2303 聯電,2020/3/24,10.0861,10.1579,9.9066,9.9425,"114,641"
2303 聯電,2020/3/23,9.7272,9.9425,9.6913,9.8707,"59,406"
2303 聯電,2020/3/20,9.9066,10.3374,9.9066,9.9425,"158,070"
2303 聯電,2020/3/19,9.8707,9.9066,9.4041,9.8348,"176,799"
2303 聯電,2020/3/18,9.9066,10.0502,9.8707,9.9066,"90,628"
2303 聯電,2020/3/17,9.8707,10.0502,9.799,9.8707,"147,402"
2303 聯電,2020/3/16,10.0502,10.122,9.8707,9.9784,"81,036"
2303 聯電,2020/3/13,9.8348,10.2656,9.799,10.0861,"211,904"
2303 聯電,2020/3/12,10.4809,10.5168,9.9425,10.3015,"138,258"
2303 聯電,2020/3/11,10.7681,10.804,10.6245,10.6245,"55,553"
2303 聯電,2020/3/10,10.7322,10.9475,10.6245,10.7322,"82,904"
2303 聯電,2020/3/9,10.8758,10.8758,10.7322,10.804,"82,969"
2303 聯電,2020/3/6,11.1629,11.1988,11.0552,11.0911,"72,732"
2303 聯電,2020/3/5,11.486,11.5218,11.2706,11.2706,"59,085"
2303 聯電,2020/3/4,11.127,11.486,11.127,11.3424,"85,641"
2303 聯電,2020/3/3,11.1629,11.3065,11.0193,11.127,"88,570"
2303 聯電,2020/3/2,10.7322,11.0911,10.7322,10.9475,"99,628"
2303 聯電,2020/2/27,11.1988,11.3065,10.9475,10.9834,"81,289"
2303 聯電,2020/2/26,11.1988,11.3065,11.1988,11.1988,"47,662"
2303 聯電,2020/2/25,11.1988,11.5577,11.1988,11.4142,"39,151"
2303 聯電,2020/2/24,11.4142,11.4501,11.3424,11.3424,"48,434"
2303 聯電,2020/2/21,11.5936,11.6654,11.486,11.5218,"26,572"
2303 聯電,2020/2/20,11.6654,11.8449,11.5577,11.7013,"43,133"
2303 聯電,2020/2/19,11.5577,11.6654,11.5218,11.5577,"30,092"
2303 聯電,2020/2/18,11.7731,11.7731,11.5577,11.5936,"44,154"
2303 聯電,2020/2/17,11.8449,11.8808,11.7372,11.7731,"40,030"
2303 聯電,2020/2/14,11.9167,11.9885,11.8449,11.8449,"43,506"
2303 聯電,2020/2/13,12.2038,12.3115,11.9526,12.0961,"73,179"
2303 聯電,2020/2/12,11.9526,12.1679,11.9167,12.132,"79,548"
2303 聯電,2020/2/11,11.8808,12.132,11.8449,11.9885,"84,802"
2303 聯電,2020/2/10,11.5936,11.8808,11.486,11.7731,"44,206"
2303 聯電,2020/2/7,11.6295,11.8449,11.5936,11.7372,"80,109"
2303 聯電,2020/2/6,11.3424,11.7372,11.3065,11.6654,"157,712"
2303 聯電,2020/2/5,10.9475,11.2706,10.9475,11.127,"77,032"
2303 聯電,2020/2/4,10.7681,10.9834,10.6963,10.9117,"70,790"
2303 聯電,2020/2/3,10.3733,10.7681,10.1579,10.7681,"75,652"
2303 聯電,2020/1/31,10.804,10.9117,10.6245,10.6963,"68,549"
2303 聯電,2020/1/30,11.127,11.1629,10.7322,10.8399,"137,855"
2303 聯電,2020/1/20,11.3783,11.5936,11.3783,11.5218,"31,117"
2303 聯電,2020/1/17,11.5936,11.5936,11.4501,11.486,"28,877"
2303 聯電,2020/1/16,11.6295,11.6295,11.486,11.5936,"27,867"
2303 聯電,2020/1/15,11.7013,11.7731,11.5577,11.5936,"36,473"
2303 聯電,2020/1/14,11.5577,11.7731,11.5218,11.6654,"61,290"
2303 聯電,2020/1/13,11.5936,11.6295,11.5218,11.5218,"23,989"
2303 聯電,2020/1/10,11.6295,11.6654,11.3783,11.5936,"32,386"
2303 聯電,2020/1/9,11.3783,11.5936,11.3783,11.5218,"43,816"
2303 聯電,2020/1/8,11.3783,11.4142,11.2347,11.3065,"60,494"
2303 聯電,2020/1/7,11.5218,11.5936,11.3424,11.486,"39,718"
2303 聯電,2020/1/6,11.5218,11.5936,11.4501,11.5218,"44,790"
2303 聯電,2020/1/3,11.8808,11.8808,11.5936,11.7013,"48,588"
2303 聯電,2020/1/2,11.809,11.9526,11.7731,11.8808,"32,937"
2303 聯電,2019/12/31,11.8449,11.9167,11.7731,11.809,"30,478"
2303 聯電,2019/12/30,11.9526,11.9885,11.809,11.8808,"46,454"
2303 聯電,2019/12/27,11.9167,12.0244,11.8808,11.9885,"31,725"
2303 聯電,2019/12/26,11.9526,11.9526,11.7731,11.8808,"26,143"
2303 聯電,2019/12/25,11.9167,12.0244,11.8808,11.9526,"19,272"
2303 聯電,2019/12/24,11.9167,11.9885,11.8449,11.8808,"25,642"
2303 聯電,2019/12/23,11.9885,11.9885,11.8449,11.8808,"30,998"
2303 聯電,2019/12/20,12.0244,12.0602,11.8808,11.9885,"47,379"
2303 聯電,2019/12/19,12.0602,12.0602,11.809,11.9885,"57,550"
2303 聯電,2019/12/18,12.132,12.1679,11.9885,12.0602,"73,543"
2303 聯電,2019/12/17,12.0961,12.2397,11.9885,12.2038,"96,263"
2303 聯電,2019/12/16,11.8808,12.0961,11.7731,11.9526,"72,127"
2303 聯電,2019/12/13,11.9526,12.0602,11.7731,11.9167,"81,741"
2303 聯電,2019/12/12,11.7013,12.0244,11.7013,11.9167,"155,933"
2303 聯電,2019/12/11,11.7731,11.8449,11.5936,11.6654,"60,175"
2303 聯電,2019/12/10,11.7372,11.8449,11.6654,11.809,"58,803"
2303 聯電,2019/12/9,11.7731,11.8808,11.6654,11.6654,"68,335"
2303 聯電,2019/12/6,11.8449,11.8449,11.5577,11.6295,"109,731"
2303 聯電,2019/12/5,11.5218,11.9885,11.5218,11.8808,"228,294"
2303 聯電,2019/12/4,11.0552,11.4501,11.0552,11.3783,"190,321"
2303 聯電,2019/12/3,10.804,11.0193,10.804,11.0193,"51,943"
2303 聯電,2019/12/2,10.7681,10.9834,10.7681,10.8399,"63,994"
2303 聯電,2019/11/29,10.8399,10.8758,10.6604,10.7322,"45,681"
2303 聯電,2019/11/28,10.9475,10.9834,10.804,10.8399,"34,136"
2303 聯電,2019/11/27,11.0193,11.0552,10.8399,10.9117,"41,376"
2303 聯電,2019/11/26,10.9475,11.0552,10.8399,10.9117,"165,216"
2303 聯電,2019/11/25,10.5168,11.127,10.5168,10.7681,"166,478"
2303 聯電,2019/11/22,10.5168,10.5527,10.4091,10.4809,"30,220"
2303 聯電,2019/11/21,10.4809,10.5168,10.3733,10.5168,"42,654"
2303 聯電,2019/11/20,10.445,10.6245,10.3733,10.5886,"55,131"
2303 聯電,2019/11/19,10.3733,10.4809,10.3015,10.445,"37,821"
2303 聯電,2019/11/18,10.4809,10.5886,10.3733,10.4091,"58,847"
2303 聯電,2019/11/15,10.4809,10.4809,10.2297,10.2656,"39,855"
2303 聯電,2019/11/14,10.1938,10.4809,10.1938,10.4091,"57,937"
2303 聯電,2019/11/13,10.2656,10.3374,10.1938,10.1938,"32,373"
2303 聯電,2019/11/12,10.2656,10.3015,10.1938,10.2656,"35,026"
2303 聯電,2019/11/11,10.2656,10.3015,10.1579,10.2297,"31,160"
2303 聯電,2019/11/8,10.3015,10.3374,10.1938,10.2297,"24,415"
2303 聯電,2019/11/7,10.4091,10.445,10.1938,10.2297,"44,219"
2303 聯電,2019/11/6,10.445,10.445,10.2656,10.4091,"52,059"
2303 聯電,2019/11/5,10.5168,10.5527,10.3374,10.4091,"53,488"
2303 聯電,2019/11/4,10.4091,10.6245,10.4091,10.5168,"94,378"
2303 聯電,2019/11/1,10.1579,10.445,10.122,10.4091,"93,849"
2303 聯電,2019/10/31,10.3015,10.3015,9.9784,10.0502,"97,117"
2303 聯電,2019/10/30,10.5527,10.5527,10.3015,10.3374,"61,233"
2303 聯電,2019/10/29,10.2656,10.5168,10.2656,10.4091,"63,793"
2303 聯電,2019/10/28,10.3733,10.4091,10.1579,10.2297,"23,325"
2303 聯電,2019/10/25,10.3374,10.445,10.2656,10.3374,"43,635"
2303 聯電,2019/10/24,10.122,10.6245,10.0861,10.445,"119,513"
2303 聯電,2019/10/23,10.0861,10.0861,10.0143,10.0861,"26,012"
2303 聯電,2019/10/22,10.122,10.1579,9.9784,10.0502,"23,631"
2303 聯電,2019/10/21,10.0143,10.0502,9.9784,9.9784,"12,903"
2303 聯電,2019/10/18,9.8348,10.0502,9.8348,10.0143,"46,084"
2303 聯電,2019/10/17,9.8707,9.9066,9.799,9.9066,"17,379"
2303 聯電,2019/10/16,9.9066,9.9066,9.7631,9.8707,"31,033"
2303 聯電,2019/10/15,9.6913,9.9066,9.6913,9.8348,"48,290"
2303 聯電,2019/10/14,9.6554,9.799,9.5836,9.6913,"45,103"
2303 聯電,2019/10/9,9.5836,9.5836,9.44,9.44,"38,292"
2303 聯電,2019/10/8,9.5836,9.6913,9.5477,9.5836,"23,503"
2303 聯電,2019/10/7,9.6554,9.6554,9.5477,9.5836,"15,828"
2303 聯電,2019/10/4,9.5836,9.7272,9.5836,9.6554,"11,753"
2303 聯電,2019/10/3,9.5477,9.6554,9.4759,9.6195,"20,721"
2303 聯電,2019/10/2,9.6913,9.7631,9.6554,9.6913,"8,772"
2303 聯電,2019/10/1,9.6195,9.799,9.6195,9.799,"26,138"
2303 聯電,2019/9/27,9.7631,9.799,9.6195,9.6195,"21,617"
2303 聯電,2019/9/26,9.9066,10.0502,9.7631,9.7631,"50,905"
2303 聯電,2019/9/25,9.799,9.8348,9.6913,9.7631,"28,777"
2303 聯電,2019/9/24,9.8348,9.9066,9.799,9.799,"33,743"
2303 聯電,2019/9/23,9.8348,9.9066,9.799,9.8348,"26,236"
2303 聯電,2019/9/20,9.7631,9.9066,9.7272,9.9066,"43,362"
2303 聯電,2019/9/19,9.7631,9.8348,9.7631,9.7631,"23,352"
2303 聯電,2019/9/18,9.7631,9.799,9.6913,9.7272,"18,441"
2303 聯電,2019/9/17,9.7272,9.7631,9.5836,9.7272,"22,155"
2303 聯電,2019/9/16,9.9066,9.9425,9.7272,9.7631,"23,641"
2303 聯電,2019/9/12,9.9066,9.9425,9.799,9.8348,"25,967"
2303 聯電,2019/9/11,9.7631,9.8348,9.7272,9.8348,"20,063"
2303 聯電,2019/9/10,9.7631,9.799,9.7272,9.7631,"21,363"
2303 聯電,2019/9/9,9.7631,9.799,9.7272,9.7631,"13,483"
2303 聯電,2019/9/6,9.799,9.799,9.7272,9.7272,"16,088"
2303 聯電,2019/9/5,9.799,9.8348,9.6913,9.7631,"27,277"
2303 聯電,2019/9/4,9.4759,9.7631,9.4759,9.7631,"40,434"
2303 聯電,2019/9/3,9.6554,9.6554,9.4759,9.4759,"13,374"
2303 聯電,2019/9/2,9.5836,9.6554,9.5477,9.5836,"8,528"
2303 聯電,2019/8/30,9.5477,9.6554,9.4759,9.6554,"32,774"
2303 聯電,2019/8/29,9.44,9.4759,9.4041,9.4759,"10,676"
2303 聯電,2019/8/28,9.4041,9.4759,9.3682,9.44,"18,889"
2303 聯電,2019/8/27,9.44,9.5118,9.3682,9.3682,"62,631"
2303 聯電,2019/8/26,9.4041,9.44,9.3323,9.3323,"26,263"
2303 聯電,2019/8/23,9.5477,9.6554,9.5118,9.5836,"17,781"
2303 聯電,2019/8/22,9.7272,9.7272,9.4759,9.5118,"26,634"
2303 聯電,2019/8/21,9.6913,9.7272,9.6195,9.6913,"17,886"
2303 聯電,2019/8/20,9.6195,9.6913,9.5836,9.6913,"23,079"
2303 聯電,2019/8/19,9.5836,9.6913,9.4759,9.6554,"23,032"
2303 聯電,2019/8/16,9.3323,9.6554,9.2964,9.5836,"39,828"
2303 聯電,2019/8/15,9.2605,9.3682,9.2247,9.2605,"16,288"
2303 聯電,2019/8/14,9.3682,9.5118,9.3682,9.4041,"15,792"
2303 聯電,2019/8/13,9.3682,9.44,9.2605,9.2964,"17,761"
2303 聯電,2019/8/12,9.5118,9.5477,9.3323,9.3323,"22,603"
2303 聯電,2019/8/8,9.4041,9.5836,9.3682,9.5477,"27,796"
2303 聯電,2019/8/7,9.3682,9.4759,9.3323,9.4041,"32,109"
2303 聯電,2019/8/6,9.1888,9.4041,9.117,9.3323,"39,315"
2303 聯電,2019/8/5,9.4041,9.4759,9.3323,9.4041,"40,930"
2303 聯電,2019/8/2,9.44,9.5836,9.3682,9.5836,"45,049"
2303 聯電,2019/8/1,9.799,9.799,9.5477,9.6195,"38,617"
2303 聯電,2019/7/31,9.8348,9.9784,9.799,9.9066,"56,482"
2303 聯電,2019/7/30,9.6913,9.8707,9.6554,9.7631,"40,638"
2303 聯電,2019/7/29,9.5477,9.6554,9.5477,9.6195,"23,290"
2303 聯電,2019/7/26,9.7272,9.7272,9.4759,9.4759,"68,165"
2303 聯電,2019/7/25,9.9425,10.0143,9.6195,9.7272,"91,752"
2303 聯電,2019/7/24,9.8348,9.9784,9.7631,9.9425,"36,353"
2303 聯電,2019/7/23,9.7631,9.8707,9.7272,9.7631,"29,467"
2303 聯電,2019/7/22,9.8707,9.9425,9.7272,9.7631,"32,142"
2303 聯電,2019/7/19,9.9784,10.0861,9.9066,9.9066,"27,177"
2303 聯電,2019/7/18,9.9066,9.9784,9.8707,9.9066,"20,428"
2303 聯電,2019/7/17,9.9784,10.0143,9.8707,9.8707,"36,690"
2303 聯電,2019/7/16,10.3015,10.3015,10.0143,10.0502,"66,174"
2303 聯電,2019/7/15,10.1004,10.2728,9.997,10.2728,"62,793"
2303 聯電,2019/7/12,10.2038,10.2728,10.0659,10.0659,"62,666"
2303 聯電,2019/7/11,10.1349,10.3417,10.0659,10.3072,"94,279"
2303 聯電,2019/7/10,9.7212,10.1349,9.7212,10.1004,"61,150"
2303 聯電,2019/7/9,9.6178,9.7212,9.5488,9.6522,"24,138"
2303 聯電,2019/7/8,9.6178,9.6867,9.5144,9.6178,"25,191"
2303 聯電,2019/7/5,9.6867,9.7901,9.5833,9.7212,"20,384"
2303 聯電,2019/7/4,9.7212,9.7901,9.6522,9.7557,"12,644"
2303 聯電,2019/7/3,9.7557,9.8246,9.6522,9.6867,"22,614"
2303 聯電,2019/7/2,9.928,9.928,9.7901,9.8246,"17,391"
2303 聯電,2019/7/1,9.6867,9.9625,9.6867,9.8936,"47,180"
2303 聯電,2019/6/28,9.7212,9.7212,9.5488,9.6178,"32,353"
2303 聯電,2019/6/27,9.6178,9.7212,9.5833,9.6522,"62,428"
2303 聯電,2019/6/26,9.5488,9.6178,9.4799,9.5144,"59,484"
2303 聯電,2019/6/25,9.4799,9.5488,9.4109,9.4454,"26,154"
2303 聯電,2019/6/24,9.342,9.5144,9.3075,9.4799,"25,972"
2303 聯電,2019/6/21,9.342,9.4454,9.273,9.4454,"48,460"
2303 聯電,2019/6/20,9.4454,9.4799,9.2041,9.2386,"38,934"
2303 聯電,2019/6/19,9.273,9.4109,9.2041,9.4109,"48,300"
2303 聯電,2019/6/18,9.4109,9.4109,9.1352,9.1352,"41,290"
2303 聯電,2019/6/17,9.4454,9.5488,9.3765,9.4109,"30,522"
2303 聯電,2019/6/14,9.4454,9.4799,9.3765,9.4454,"28,211"
2303 聯電,2019/6/13,9.3075,9.6178,9.2386,9.4799,"70,097"
2303 聯電,2019/6/12,9.273,9.342,9.2041,9.342,"30,229"
2303 聯電,2019/6/11,9.2041,9.273,9.1352,9.2386,"32,581"
2303 聯電,2019/6/10,9.1007,9.1696,8.9973,9.1696,"28,170"
2303 聯電,2019/6/6,8.8939,9.0317,8.8594,8.9973,"32,018"
2303 聯電,2019/6/5,9.0662,9.1007,8.8939,8.8939,"27,276"
2303 聯電,2019/6/4,9.0662,9.1696,8.8939,8.9628,"41,757"
2303 聯電,2019/6/3,8.8249,9.1352,8.756,9.1007,"41,302"
2303 聯電,2019/5/31,8.7215,8.9283,8.7215,8.8939,"31,740"
2303 聯電,2019/5/30,8.756,8.8249,8.6525,8.7904,"43,693"
2303 聯電,2019/5/29,8.4802,8.687,8.3768,8.687,"32,266"
2303 聯電,2019/5/28,8.8249,8.8249,8.5491,8.5836,"86,813"
2303 聯電,2019/5/27,8.9628,8.9973,8.8249,8.8249,"25,262"
2303 聯電,2019/5/24,8.9283,9.0317,8.8939,8.9283,"27,753"
2303 聯電,2019/5/23,8.8594,8.9628,8.7904,8.8594,"47,580"
2303 聯電,2019/5/22,8.9283,8.9973,8.8594,8.9628,"25,560"
2303 聯電,2019/5/21,8.756,8.9973,8.7215,8.9283,"39,455"
2303 聯電,2019/5/20,8.9973,9.0317,8.7904,8.7904,"36,419"
2303 聯電,2019/5/17,9.0317,9.1352,8.9283,8.9628,"52,327"
2303 聯電,2019/5/16,8.8939,8.9628,8.8249,8.9283,"32,193"
2303 聯電,2019/5/15,8.9283,9.0662,8.8939,8.8939,"54,345"
2303 聯電,2019/5/14,8.8249,9.0317,8.687,8.9628,"68,436"
2303 聯電,2019/5/13,9.0317,9.1007,8.9283,8.9283,"34,652"
2303 聯電,2019/5/10,9.1696,9.2386,8.9973,9.1007,"34,772"
2303 聯電,2019/5/9,9.2386,9.273,8.9628,9.0662,"61,722"
2303 聯電,2019/5/8,9.2041,9.342,9.1696,9.273,"53,979"
2303 聯電,2019/5/7,9.2041,9.4109,9.1352,9.3765,"53,939"
2303 聯電,2019/5/6,9.3075,9.4454,9.0662,9.1007,"94,350"
2303 聯電,2019/5/3,9.342,9.5833,9.342,9.5488,"87,607"
2303 聯電,2019/5/2,9.2041,9.3765,9.2041,9.342,"37,508"
2303 聯電,2019/4/30,9.2041,9.3075,9.1696,9.273,"63,857"
2303 聯電,2019/4/29,9.273,9.3075,9.1352,9.2041,"71,900"
2303 聯電,2019/4/26,9.0317,9.273,8.9283,9.273,"225,982"
2303 聯電,2019/4/25,8.687,9.0317,8.687,9.0317,"185,934"
2303 聯電,2019/4/24,8.3078,8.3423,8.1699,8.2389,"39,688"
2303 聯電,2019/4/23,8.2044,8.2734,8.2044,8.2389,"27,169"
2303 聯電,2019/4/22,8.3768,8.3768,8.2044,8.2044,"28,202"
2303 聯電,2019/4/19,8.3078,8.3423,8.2734,8.3423,"24,015"
2303 聯電,2019/4/18,8.4457,8.4802,8.2044,8.2734,"48,686"
2303 聯電,2019/4/17,8.3768,8.5491,8.3423,8.4112,"60,477"
2303 聯電,2019/4/16,8.3423,8.4457,8.2734,8.3423,"35,946"
2303 聯電,2019/4/15,8.4457,8.4802,8.3078,8.3078,"34,868"
2303 聯電,2019/4/12,8.4457,8.4457,8.3423,8.4112,"17,252"
2303 聯電,2019/4/11,8.5147,8.5836,8.3423,8.3423,"89,309"
2303 聯電,2019/4/10,8.4802,8.5147,8.3423,8.4457,"48,397"
2303 聯電,2019/4/9,8.2734,8.4802,8.2389,8.4802,"86,939"
2303 聯電,2019/4/8,7.9976,8.3768,7.9976,8.2044,"105,510"
2303 聯電,2019/4/3,7.9976,8.032,7.9631,7.9631,"21,951"
2303 聯電,2019/4/2,8.032,8.0665,7.9631,7.9976,"23,155"
2303 聯電,2019/4/1,8.0665,8.101,7.9631,7.9631,"22,798"
2303 聯電,2019/3/29,8.032,8.0665,7.9976,8.032,"31,034"
2303 聯電,2019/3/28,8.032,8.0665,7.9976,8.032,"28,280"
2303 聯電,2019/3/27,8.032,8.0665,7.9976,8.032,"14,664"
2303 聯電,2019/3/26,8.032,8.101,8.032,8.032,"13,701"
2303 聯電,2019/3/25,8.032,8.1355,7.9976,8.032,"41,937"
2303 聯電,2019/3/22,8.032,8.1355,8.032,8.1355,"32,719"
2303 聯電,2019/3/21,7.9976,8.0665,7.9631,7.9976,"27,175"
2303 聯電,2019/3/20,8.032,8.0665,7.9631,7.9631,"19,746"
2303 聯電,2019/3/19,8.0665,8.101,8.032,8.0665,"33,532"
2303 聯電,2019/3/18,7.9631,8.0665,7.9631,8.0665,"23,859"
2303 聯電,2019/3/15,7.8942,8.032,7.8942,8.032,"28,892"
2303 聯電,2019/3/14,7.9631,7.9976,7.8942,7.8942,"17,760"
2303 聯電,2019/3/13,8.032,8.032,7.9286,7.9631,"14,050"
2303 聯電,2019/3/12,7.9631,8.032,7.9631,8.032,"15,935"
2303 聯電,2019/3/11,7.9631,7.9976,7.8597,7.8942,"40,281"
2303 聯電,2019/3/8,8.1699,8.1699,7.9976,7.9976,"26,782"
2303 聯電,2019/3/7,8.101,8.2734,8.101,8.1699,"58,798"
2303 聯電,2019/3/6,7.9631,8.101,7.9631,8.0665,"20,169"
2303 聯電,2019/3/5,7.8597,7.9976,7.8597,7.9976,"22,504"
2303 聯電,2019/3/4,7.8252,7.9976,7.7907,7.8942,"27,904"
2303 聯電,2019/2/27,8.032,8.032,7.8252,7.8942,"65,102"
2303 聯電,2019/2/26,8.032,8.101,7.9976,8.032,"31,765"
2303 聯電,2019/2/25,7.9631,8.0665,7.9286,8.032,"58,222"
2303 聯電,2019/2/22,7.8942,7.9286,7.7907,7.9286,"39,409"
2303 聯電,2019/2/21,7.8942,7.9286,7.8252,7.8942,"33,906"
2303 聯電,2019/2/20,7.8942,7.8942,7.8252,7.8597,"23,211"
2303 聯電,2019/2/19,7.8942,7.9286,7.8597,7.8942,"20,956"
2303 聯電,2019/2/18,7.9286,7.9631,7.8942,7.8942,"23,733"
2303 聯電,2019/2/15,7.7563,7.8597,7.7218,7.8597,"33,217"
2303 聯電,2019/2/14,7.6873,7.7907,7.6529,7.7907,"26,940"
2303 聯電,2019/2/13,7.7218,7.7218,7.5839,7.6529,"70,000"
2303 聯電,2019/2/12,7.4805,7.6873,7.446,7.6529,"70,690"
2303 聯電,2019/2/11,7.8597,7.8597,7.446,7.4805,"82,010"
2303 聯電,2019/1/30,7.8597,7.9286,7.7563,7.8252,"95,570"
2303 聯電,2019/1/29,8.1355,8.2734,8.0665,8.2734,"37,926"
2303 聯電,2019/1/28,8.2389,8.2389,8.101,8.1699,"34,489"
2303 聯電,2019/1/25,8.1355,8.2389,8.101,8.2389,"43,907"
2303 聯電,2019/1/24,7.9976,8.0665,7.9976,8.0665,"13,008"
2303 聯電,2019/1/23,8.032,8.032,7.9631,7.9631,"9,871"
2303 聯電,2019/1/22,8.0665,8.101,8.032,8.0665,"19,850"
2303 聯電,2019/1/21,7.9286,8.101,7.8942,8.0665,"60,585"
2303 聯電,2019/1/18,7.8252,7.8597,7.7563,7.8597,"30,066"
2303 聯電,2019/1/17,7.8252,7.8597,7.7218,7.7563,"45,217"
2303 聯電,2019/1/16,7.7563,7.8252,7.6873,7.7907,"30,906"
2303 聯電,2019/1/15,7.7218,7.7907,7.6529,7.7563,"34,809"
2303 聯電,2019/1/14,7.7218,7.7563,7.6184,7.6529,"25,189"
2303 聯電,2019/1/11,7.6873,7.7218,7.6529,7.7218,"23,328"
2303 聯電,2019/1/10,7.6873,7.6873,7.6184,7.6873,"35,341"
2303 聯電,2019/1/9,7.6529,7.6873,7.6184,7.6529,"38,339"
2303 聯電,2019/1/8,7.6529,7.6529,7.515,7.5494,"29,489"
2303 聯電,2019/1/7,7.515,7.6184,7.446,7.5839,"32,910"
2303 聯電,2019/1/4,7.3771,7.4115,7.2737,7.3771,"43,041"
2303 聯電,2019/1/3,7.6529,7.6529,7.4115,7.515,"49,252"
2303 聯電,2019/1/2,7.7907,7.8252,7.6529,7.6529,"18,798"
2303 聯電,2018/12/28,7.7563,7.7907,7.7218,7.7563,"17,480"
2303 聯電,2018/12/27,7.8252,7.8597,7.7218,7.7563,"20,757"
2303 聯電,2018/12/26,7.7218,7.7563,7.6873,7.7218,"12,700"
2303 聯電,2018/12/25,7.6529,7.7218,7.6184,7.6873,"11,846"
2303 聯電,2018/12/24,7.7907,7.8252,7.6873,7.7218,"25,863"
2303 聯電,2018/12/22,7.8252,7.8597,7.7218,7.7563,"14,652"
2303 聯電,2018/12/21,7.7907,7.8942,7.7563,7.8597,"63,593"
2303 聯電,2018/12/20,7.7563,7.8942,7.7218,7.7907,"41,050"
2303 聯電,2018/12/19,7.7563,7.8942,7.7218,7.7907,"59,388"
2303 聯電,2018/12/18,7.7907,7.8252,7.7218,7.7218,"44,070"
2303 聯電,2018/12/17,7.8597,7.9631,7.8252,7.8597,"47,487"
2303 聯電,2018/12/14,7.8597,7.9286,7.7563,7.8252,"43,980"
2303 聯電,2018/12/13,7.8252,7.9631,7.8252,7.9286,"60,680"
2303 聯電,2018/12/12,7.6529,7.8597,7.5839,7.7907,"41,642"
2303 聯電,2018/12/11,7.5839,7.6529,7.515,7.5839,"43,093"
2303 聯電,2018/12/10,7.6529,7.7218,7.6184,7.6529,"29,147"
2303 聯電,2018/12/7,7.7907,7.8252,7.6529,7.7218,"41,314"
2303 聯電,2018/12/6,7.9631,7.9631,7.7218,7.7907,"53,465"
2303 聯電,2018/12/5,8.032,8.0665,7.9286,7.9631,"37,958"
2303 聯電,2018/12/4,8.101,8.2044,8.0665,8.1355,"57,135"
2303 聯電,2018/12/3,8.0665,8.1699,8.0665,8.0665,"69,986"
2303 聯電,2018/11/30,7.9631,8.0665,7.8597,7.9631,"122,685"
2303 聯電,2018/11/29,8.1699,8.1699,7.9286,7.9286,"51,312"
2303 聯電,2018/11/28,8.101,8.1699,7.9976,8.101,"54,350"
2303 聯電,2018/11/27,7.9631,8.1355,7.8597,8.101,"49,199"
2303 聯電,2018/11/26,7.7218,7.9631,7.7218,7.9286,"42,897"
2303 聯電,2018/11/23,7.7218,7.7563,7.6184,7.6873,"29,624"
2303 聯電,2018/11/22,7.6184,7.7218,7.5839,7.7218,"39,139"
2303 聯電,2018/11/21,7.5494,7.6873,7.515,7.5839,"30,692"
2303 聯電,2018/11/20,7.5839,7.6529,7.515,7.5839,"35,297"
2303 聯電,2018/11/19,7.5494,7.6529,7.4805,7.6529,"51,529"
2303 聯電,2018/11/16,7.7907,7.7907,7.515,7.5839,"88,373"
2303 聯電,2018/11/15,7.515,7.7563,7.4805,7.7218,"88,478"
2303 聯電,2018/11/14,7.2392,7.4805,7.2047,7.446,"78,000"
2303 聯電,2018/11/13,7.2392,7.3081,7.1702,7.2047,"118,463"
2303 聯電,2018/11/12,7.2737,7.3771,7.2047,7.3771,"93,985"
2303 聯電,2018/11/9,7.446,7.4805,7.2392,7.3081,"118,601"
2303 聯電,2018/11/8,7.5839,7.5839,7.3426,7.4805,"154,165"
2303 聯電,2018/11/7,7.5839,7.6529,7.446,7.5494,"108,859"
2303 聯電,2018/11/6,7.6184,7.7218,7.4115,7.515,"211,878"
2303 聯電,2018/11/5,7.4115,7.7218,7.4115,7.4115,"236,453"
2303 聯電,2018/11/2,8.1355,8.2044,7.9976,8.2044,"71,540"
2303 聯電,2018/11/1,8.0665,8.3078,8.032,8.2389,"71,162"
2303 聯電,2018/10/31,8.1699,8.1699,8.032,8.1355,"89,427"
2303 聯電,2018/10/30,7.9976,8.2389,7.8942,8.0665,"81,090"
2303 聯電,2018/10/29,7.9286,8.1355,7.9286,7.9976,"60,307"
2303 聯電,2018/10/26,8.2734,8.3078,7.9976,8.0665,"135,893"
2303 聯電,2018/10/25,8.2044,8.5491,8.1699,8.4802,"75,059"
2303 聯電,2018/10/24,8.7904,8.9628,8.6181,8.7215,"63,429"
2303 聯電,2018/10/23,8.9973,8.9973,8.756,8.7904,"47,902"
2303 聯電,2018/10/22,9.1007,9.1007,8.9628,9.0317,"55,534"
2303 聯電,2018/10/19,9.0317,9.273,8.9628,9.1696,"94,342"
2303 聯電,2018/10/18,9.3765,9.4109,9.1007,9.1352,"48,154"
2303 聯電,2018/10/17,9.273,9.3765,9.2041,9.3765,"50,915"
2303 聯電,2018/10/16,9.2041,9.3075,9.0317,9.1007,"66,044"
2303 聯電,2018/10/15,9.342,9.4109,9.2041,9.2041,"66,024"
2303 聯電,2018/10/12,9.4109,9.6867,9.4109,9.4109,"101,810"
2303 聯電,2018/10/11,9.6522,9.8246,9.4109,9.4799,"121,302"
2303 聯電,2018/10/9,10.2038,10.2383,9.8591,10.2038,"48,875"
2303 聯電,2018/10/8,10.1004,10.2383,10.1004,10.2038,"21,627"
2303 聯電,2018/10/5,10.3417,10.4106,10.0659,10.1349,"57,497"
2303 聯電,2018/10/4,10.6175,10.6519,10.3762,10.4106,"48,764"
2303 聯電,2018/10/3,10.7554,10.8243,10.6519,10.6864,"17,982"
2303 聯電,2018/10/2,10.9277,10.9967,10.7554,10.7554,"15,619"
2303 聯電,2018/10/1,11.0311,11.0311,10.9277,10.9622,"12,175"
2303 聯電,2018/9/28,10.9622,11.1346,10.9277,11.1346,"30,177"
2303 聯電,2018/9/27,10.8932,11.0311,10.8588,10.9967,"25,682"
2303 聯電,2018/9/26,10.7554,10.9622,10.7554,10.9622,"26,348"
2303 聯電,2018/9/25,10.9622,10.9622,10.7554,10.7898,"18,291"
2303 聯電,2018/9/21,10.7209,10.9277,10.6519,10.9277,"45,287"
2303 聯電,2018/9/20,10.7554,10.7554,10.6175,10.6519,"23,341"
2303 聯電,2018/9/19,10.6519,10.7898,10.583,10.7554,"31,600"
2303 聯電,2018/9/18,10.6864,10.7209,10.4796,10.5485,"26,206"
2303 聯電,2018/9/17,10.8243,10.8243,10.7209,10.7554,"17,324"
2303 聯電,2018/9/14,10.8243,10.8932,10.7554,10.8243,"34,909"
2303 聯電,2018/9/13,10.6175,10.7554,10.4796,10.7554,"35,107"
2303 聯電,2018/9/12,10.8243,10.8588,10.5485,10.6175,"36,269"
2303 聯電,2018/9/11,10.6864,10.8243,10.583,10.7898,"68,393"
2303 聯電,2018/9/10,11.169,11.2035,10.6864,10.7209,"119,456"
2303 聯電,2018/9/7,11.5482,11.6172,11.1346,11.238,"50,782"
2303 聯電,2018/9/6,11.6172,11.6861,11.5482,11.6516,"31,933"
2303 聯電,2018/9/5,11.7895,11.824,11.7206,11.7206,"33,116"
2303 聯電,2018/9/4,11.824,11.8929,11.7895,11.8585,"16,189"
2303 聯電,2018/9/3,11.8585,11.9274,11.7551,11.7895,"25,144"
2303 聯電,2018/8/31,11.8929,11.9619,11.7895,11.9619,"43,748"
2303 聯電,2018/8/30,12.0653,12.0998,11.9619,11.9619,"25,952"
2303 聯電,2018/8/29,12.0653,12.1342,11.9619,12.0998,"28,640"
2303 聯電,2018/8/28,11.9964,12.2032,11.9619,12.0653,"24,876"
2303 聯電,2018/8/27,12.0308,12.0308,11.8585,11.9964,"23,325"
2303 聯電,2018/8/24,12.0998,12.1687,11.8585,11.9274,"26,098"
2303 聯電,2018/8/23,12.0998,12.1687,12.0308,12.1687,"18,832"
2303 聯電,2018/8/22,12.3411,12.3411,12.0653,12.0653,"36,992"
2303 聯電,2018/8/21,12.1342,12.41,12.0998,12.41,"80,748"
2303 聯電,2018/8/20,11.8929,12.1687,11.8585,12.0998,"38,445"
2303 聯電,2018/8/17,11.824,11.8929,11.7895,11.8585,"34,151"
2303 聯電,2018/8/16,11.5482,11.8585,11.5137,11.824,"35,998"
2303 聯電,2018/8/15,11.9964,12.0308,11.6861,11.6861,"54,972"
2303 聯電,2018/8/14,11.9274,12.0308,11.8929,11.9964,"28,349"
2303 聯電,2018/8/13,12.2721,12.3066,11.9274,11.9274,"56,243"
2303 聯電,2018/8/10,12.2721,12.4445,12.2377,12.3756,"51,563"
2303 聯電,2018/8/9,12.3066,12.4445,12.2032,12.3066,"71,095"
2303 聯電,2018/8/8,12.3756,12.41,12.2377,12.3756,"49,063"
2303 聯電,2018/8/7,12.2721,12.3756,12.2032,12.3066,"33,961"
2303 聯電,2018/8/6,12.2721,12.4445,12.2377,12.3756,"62,004"
2303 聯電,2018/8/3,11.9964,12.2377,11.9964,12.2032,"59,521"
2303 聯電,2018/8/2,12.0653,12.0653,11.8585,11.9274,"30,848"
2303 聯電,2018/8/1,12.0653,12.0653,11.8585,11.9964,"32,256"
2303 聯電,2018/7/31,11.8585,12.0998,11.824,12.0998,"120,093"
2303 聯電,2018/7/30,11.8585,11.9274,11.7206,11.8585,"56,184"
2303 聯電,2018/7/27,12.0308,12.0998,11.8929,11.9274,"58,505"
2303 聯電,2018/7/26,11.9619,12.0998,11.7206,12.0653,"196,330"
2303 聯電,2018/7/25,12.5134,12.7203,12.3756,12.5479,"84,335"
2303 聯電,2018/7/24,12.41,12.6513,12.3411,12.5479,"73,162"
2303 聯電,2018/7/23,12.6858,12.8582,12.4445,12.5824,"106,322"
2303 聯電,2018/7/20,12.3066,12.479,12.2377,12.3066,"97,511"
2303 聯電,2018/7/19,12.1342,12.2377,12.0653,12.1342,"59,100"
2303 聯電,2018/7/18,11.8929,12.2377,11.824,11.9964,"69,527"
2303 聯電,2018/7/17,11.8585,11.9619,11.7551,11.8929,"33,440"
2303 聯電,2018/7/16,12.0308,12.0653,11.824,11.8929,"35,453"
2303 聯電,2018/7/13,12.0998,12.1342,11.9274,11.9964,"39,393"
2303 聯電,2018/7/12,11.7206,12.1342,11.6861,12.0308,"75,916"
2303 聯電,2018/7/11,11.6861,11.7206,11.5137,11.6516,"39,298"
2303 聯電,2018/7/10,11.8585,11.8929,11.6861,11.7206,"58,360"
2303 聯電,2018/7/9,11.6393,11.7054,11.5731,11.6723,"63,985"
2303 聯電,2018/7/6,11.7385,11.8046,11.507,11.6393,"65,571"
2303 聯電,2018/7/5,11.9038,11.9038,11.6062,11.8707,"56,808"
2303 聯電,2018/7/4,12.0361,12.3336,11.8046,11.8707,"105,768"
2303 聯電,2018/7/3,11.9038,12.003,11.7385,11.8707,"98,406"
2303 聯電,2018/7/2,11.9699,12.1352,11.8046,12.0361,"162,123"
2303 聯電,2018/6/29,11.2094,11.2094,11.2094,11.2094,0
2303 聯電,2018/6/28,11.4739,11.4739,11.1763,11.2094,"70,476"
2303 聯電,2018/6/27,11.7054,11.9038,11.5731,11.6393,"52,024"
2303 聯電,2018/6/26,11.5731,11.6723,11.507,11.6393,"30,096"
2303 聯電,2018/6/25,11.7385,11.8046,11.507,11.7715,"31,182"
2303 聯電,2018/6/22,11.5731,11.8377,11.3747,11.7715,"58,142"
2303 聯電,2018/6/21,11.9038,11.9038,11.6723,11.6723,"49,753"
2303 聯電,2018/6/20,12.0361,12.0691,11.6723,11.9369,"90,050"
2303 聯電,2018/6/19,12.2014,12.2344,12.0361,12.0361,"91,259"
2303 聯電,2018/6/15,11.9038,12.3336,11.8707,12.3336,"96,507"
2303 聯電,2018/6/14,12.1352,12.2675,11.8377,11.9699,"181,043"
2303 聯電,2018/6/13,11.507,12.2344,11.3747,12.2344,"350,536"
2303 聯電,2018/6/12,11.1433,11.2425,11.0771,11.1433,"177,424"
2303 聯電,2018/6/11,10.9449,11.1102,10.9118,11.1102,"99,224"
2303 聯電,2018/6/8,10.9449,10.9779,10.8126,10.8457,"29,749"
2303 聯電,2018/6/7,10.8787,10.9779,10.8457,10.9779,"38,502"
2303 聯電,2018/6/6,10.9118,10.9449,10.8126,10.8457,"42,224"
2303 聯電,2018/6/5,10.9779,11.011,10.8787,10.9118,"34,025"
2303 聯電,2018/6/4,10.9118,10.9449,10.8457,10.9118,"33,403"
2303 聯電,2018/6/1,11.011,11.0441,10.8457,10.8787,"52,546"
2303 聯電,2018/5/31,10.9449,11.011,10.8457,11.011,"97,295"
2303 聯電,2018/5/30,10.7795,11.0441,10.7465,10.8457,"54,574"
2303 聯電,2018/5/29,10.9118,10.9779,10.8126,10.8787,"33,254"
2303 聯電,2018/5/28,10.8787,10.9118,10.7465,10.8457,"34,010"
2303 聯電,2018/5/25,10.7134,10.7795,10.6803,10.7465,"25,392"
2303 聯電,2018/5/24,10.7134,10.7795,10.6142,10.7134,"13,951"
2303 聯電,2018/5/23,10.8126,10.8457,10.6473,10.7134,"21,014"
2303 聯電,2018/5/22,10.7465,11.011,10.7134,10.7134,"43,275"
2303 聯電,2018/5/21,10.6142,10.6803,10.5811,10.6142,"10,344"
2303 聯電,2018/5/18,10.6803,10.6803,10.5481,10.6142,"22,129"
2303 聯電,2018/5/17,10.8126,10.9118,10.6142,10.6142,"26,416"
2303 聯電,2018/5/16,10.8457,10.9449,10.7134,10.7795,"33,701"
2303 聯電,2018/5/15,10.8126,10.9449,10.7134,10.8787,"42,548"
2303 聯電,2018/5/14,10.7134,10.8457,10.5811,10.8457,"32,914"
2303 聯電,2018/5/11,10.6473,10.7134,10.5811,10.6803,"31,393"
2303 聯電,2018/5/10,10.8126,10.8787,10.5481,10.5481,"23,378"
2303 聯電,2018/5/9,10.4819,10.9449,10.4158,10.7134,"48,096"
2303 聯電,2018/5/8,10.4489,10.4819,10.3497,10.4819,"25,284"
2303 聯電,2018/5/7,10.6473,10.6803,10.3497,10.3497,"41,618"
2303 聯電,2018/5/4,10.5811,10.8457,10.5481,10.5811,"49,075"
2303 聯電,2018/5/3,10.7465,10.7465,10.5481,10.6142,"53,928"
2303 聯電,2018/5/2,10.5811,11.1433,10.5811,10.7465,"105,765"
2303 聯電,2018/4/30,10.3827,10.6473,10.3827,10.5811,"60,872"
2303 聯電,2018/4/27,10.3827,10.5481,10.3166,10.3827,"70,981"
2303 聯電,2018/4/26,10.2505,10.4819,10.1844,10.3827,"79,246"
2303 聯電,2018/4/25,10.1182,10.3166,10.1182,10.2505,"50,347"
2303 聯電,2018/4/24,10.2835,10.3497,10.0521,10.1513,"57,837"
2303 聯電,2018/4/23,10.2835,10.4489,10.2505,10.2835,"20,121"
2303 聯電,2018/4/20,10.4158,10.4489,10.2505,10.3166,"34,122"
2303 聯電,2018/4/19,10.3497,10.5811,10.3166,10.4819,"57,239"
2303 聯電,2018/4/18,10.2174,10.3166,10.1513,10.3166,"43,266"
2303 聯電,2018/4/17,10.1513,10.2505,10.1182,10.1513,"33,941"
2303 聯電,2018/4/16,10.1844,10.2174,10.1513,10.1513,"16,106"
2303 聯電,2018/4/13,10.1844,10.2505,10.1844,10.1844,"19,916"
2303 聯電,2018/4/12,10.1844,10.2505,10.1513,10.2174,"24,395"
2303 聯電,2018/4/11,10.1513,10.3166,10.1182,10.1844,"29,420"
2303 聯電,2018/4/10,10.1182,10.1844,10.0521,10.1182,"43,687"
2303 聯電,2018/4/9,10.1182,10.1844,10.0521,10.0852,"44,828"
2303 聯電,2018/4/3,10.1513,10.2174,10.1182,10.1844,"27,692"
2303 聯電,2018/4/2,10.2505,10.4158,10.1844,10.2174,"28,643"
2303 聯電,2018/3/31,10.2505,10.3497,10.1844,10.2505,"17,906"
2303 聯電,2018/3/30,10.1182,10.2174,10.0521,10.1844,"29,931"
2303 聯電,2018/3/29,10.1513,10.2174,10.0521,10.1182,"37,000"
2303 聯電,2018/3/28,10.1513,10.2505,10.1182,10.1844,"19,099"
2303 聯電,2018/3/27,10.0521,10.3497,10.019,10.2835,"60,879"
2303 聯電,2018/3/26,9.9529,10.0521,9.9529,10.019,"34,810"
2303 聯電,2018/3/23,9.9529,10.0521,9.9198,10.0521,"50,157"
2303 聯電,2018/3/22,10.1182,10.1513,10.019,10.0852,"30,331"
2303 聯電,2018/3/21,10.0521,10.0852,9.986,10.0521,"30,837"
2303 聯電,2018/3/20,10.0521,10.0521,9.986,10.0521,"22,326"
2303 聯電,2018/3/19,10.019,10.1513,9.986,10.0852,"26,548"
2303 聯電,2018/3/16,9.9529,10.0521,9.9198,10.0521,"40,546"
2303 聯電,2018/3/15,9.9529,10.0521,9.9529,9.986,"26,807"
2303 聯電,2018/3/14,10.0521,10.0852,9.9529,9.986,"30,406"
2303 聯電,2018/3/13,10.0521,10.0852,9.986,10.0852,"41,466"
2303 聯電,2018/3/12,10.1182,10.2174,10.0521,10.0852,"53,982"
2303 聯電,2018/3/9,10.3166,10.3827,9.9529,9.986,"171,989"
2303 聯電,2018/3/8,9.7876,10.2174,9.7545,10.2174,"192,883"
2303 聯電,2018/3/7,9.3246,9.3908,9.2585,9.2916,"23,556"
2303 聯電,2018/3/6,9.2585,9.3908,9.2254,9.3577,"38,196"
2303 聯電,2018/3/5,9.2585,9.2916,9.1593,9.1924,"18,923"
2303 聯電,2018/3/2,9.1924,9.2585,9.1593,9.2585,"24,219"
2303 聯電,2018/3/1,9.3246,9.3246,9.2254,9.2585,"31,311"
2303 聯電,2018/2/27,9.3577,9.4238,9.3577,9.3577,"25,142"
2303 聯電,2018/2/26,9.3908,9.4238,9.3246,9.3246,"19,235"
2303 聯電,2018/2/23,9.2585,9.3577,9.2585,9.3577,"26,398"
2303 聯電,2018/2/22,9.2585,9.2916,9.1924,9.2254,"190,247"
2303 聯電,2018/2/21,9.2916,9.3577,9.2254,9.3246,"117,876"
2303 聯電,2018/2/12,9.2916,9.3577,9.1593,9.1593,"50,923"
2303 聯電,2018/2/9,9.2254,9.3908,9.0932,9.2916,"82,496"
2303 聯電,2018/2/8,9.3246,9.4238,9.3246,9.3577,"36,045"
2303 聯電,2018/2/7,9.3577,9.4569,9.3246,9.3908,"54,288"
2303 聯電,2018/2/6,9.3246,9.3908,9.0932,9.2254,"110,514"
2303 聯電,2018/2/5,9.3908,9.5892,9.3908,9.523,"37,215"
2303 聯電,2018/2/2,9.49,9.6553,9.4569,9.6222,"54,740"
2303 聯電,2018/2/1,9.4238,9.6222,9.4238,9.523,"37,161"
2303 聯電,2018/1/31,9.523,9.523,9.3908,9.4238,"75,685"
2303 聯電,2018/1/30,9.6222,9.6884,9.523,9.5561,"33,310"
2303 聯電,2018/1/29,9.7545,9.8206,9.5561,9.6222,"60,472"
2303 聯電,2018/1/26,9.6553,9.6884,9.49,9.6553,"75,870"
2303 聯電,2018/1/25,9.6553,9.986,9.5892,9.5892,"162,032"
2303 聯電,2018/1/24,9.5892,9.6553,9.4569,9.523,"69,620"
2303 聯電,2018/1/23,9.3246,9.8206,9.2916,9.6553,"149,322"
2303 聯電,2018/1/22,9.3577,9.4238,9.2254,9.2585,"79,063"
2303 聯電,2018/1/19,9.49,9.49,9.2916,9.3908,"33,002"
2303 聯電,2018/1/18,9.4569,9.523,9.4569,9.4569,"40,184"
2303 聯電,2018/1/17,9.3908,9.49,9.3577,9.4569,"26,465"
2303 聯電,2018/1/16,9.4569,9.4569,9.3577,9.4569,"26,699"
2303 聯電,2018/1/15,9.4238,9.49,9.3908,9.4569,"21,464"
2303 聯電,2018/1/12,9.2916,9.4569,9.2585,9.3908,"51,589"
2303 聯電,2018/1/11,9.3577,9.3908,9.1924,9.2585,"51,795"
2303 聯電,2018/1/10,9.6884,9.7214,9.3246,9.3908,"55,622"
2303 聯電,2018/1/9,9.6884,9.7545,9.6222,9.7545,"27,627"
2303 聯電,2018/1/8,9.6222,9.7214,9.5561,9.7214,"49,586"
2303 聯電,2018/1/5,9.523,9.6222,9.49,9.6222,"41,523"
2303 聯電,2018/1/4,9.523,9.5892,9.4238,9.49,"32,656"
2303 聯電,2018/1/3,9.523,9.6553,9.49,9.523,"56,967"
2303 聯電,2018/1/2,9.3908,9.4569,9.3577,9.4238,"16,608"
2303 聯電,2017/12/29,9.4569,9.5561,9.3577,9.3908,"33,797"
2303 聯電,2017/12/28,9.3908,9.523,9.3577,9.4569,"20,198"
2303 聯電,2017/12/27,9.3246,9.4238,9.3246,9.3908,"16,454"
2303 聯電,2017/12/26,9.5561,9.5892,9.2916,9.2916,"29,369"
2303 聯電,2017/12/25,9.5561,9.5892,9.523,9.5561,"8,019"
2303 聯電,2017/12/22,9.5892,9.5892,9.4569,9.523,"32,325"
2303 聯電,2017/12/21,9.6553,9.7214,9.523,9.5561,"34,815"
2303 聯電,2017/12/20,9.6222,9.7214,9.5892,9.6553,"17,598"
2303 聯電,2017/12/19,9.6553,9.7545,9.6222,9.6222,"26,186"
2303 聯電,2017/12/18,9.7545,9.7876,9.5892,9.5892,"27,103"
2303 聯電,2017/12/15,9.8206,9.8537,9.6884,9.6884,"38,377"
2303 聯電,2017/12/14,9.8537,10.019,9.8206,9.8537,"41,188"
2303 聯電,2017/12/13,9.8537,9.8868,9.7876,9.7876,"11,375"
2303 聯電,2017/12/12,10.019,10.019,9.8206,9.8868,"19,606"
2303 聯電,2017/12/11,9.8206,10.019,9.7876,10.019,"33,189"
2303 聯電,2017/12/8,9.7876,9.8206,9.6222,9.6884,"36,748"
2303 聯電,2017/12/7,9.9529,10.0852,9.6222,9.6884,"57,685"
2303 聯電,2017/12/6,10.2174,10.2505,9.8537,9.9198,"54,783"
2303 聯電,2017/12/5,10.3497,10.3497,10.2174,10.2835,"24,366"
2303 聯電,2017/12/4,10.2174,10.3827,10.1513,10.3827,"29,442"
2303 聯電,2017/12/1,10.1844,10.2835,9.986,10.1513,"38,098"
2303 聯電,2017/11/30,10.2505,10.3166,10.1182,10.1182,"76,813"
2303 聯電,2017/11/29,10.515,10.5481,10.3166,10.3827,"31,143"
2303 聯電,2017/11/28,10.515,10.5481,10.3827,10.4819,"22,794"
2303 聯電,2017/11/27,10.5811,10.6142,10.3827,10.4489,"29,931"
2303 聯電,2017/11/24,10.5811,10.6473,10.5481,10.5481,"47,073"
2303 聯電,2017/11/23,10.6473,10.6803,10.515,10.5481,"51,589"
2303 聯電,2017/11/22,10.7465,10.8126,10.6473,10.6473,"77,239"
2303 聯電,2017/11/21,10.515,10.8126,10.4819,10.6803,"88,638"
2303 聯電,2017/11/20,10.3497,10.5811,10.3497,10.515,"49,301"
2303 聯電,2017/11/17,10.3827,10.4489,10.3166,10.3497,"33,105"
2303 聯電,2017/11/16,10.3166,10.4158,10.2505,10.3166,"35,151"
2303 聯電,2017/11/15,10.3827,10.4158,10.2505,10.3166,"38,238"
2303 聯電,2017/11/14,10.3827,10.4819,10.3166,10.4158,"39,630"
2303 聯電,2017/11/13,10.4489,10.4489,10.3166,10.3497,"38,438"
2303 聯電,2017/11/10,10.3827,10.515,10.3166,10.4819,"37,575"
2303 聯電,2017/11/9,10.2174,10.5481,10.1844,10.3827,"93,048"
2303 聯電,2017/11/8,10.1844,10.1844,10.1182,10.1513,"12,630"
2303 聯電,2017/11/7,10.1182,10.1844,10.0852,10.1844,"17,279"
2303 聯電,2017/11/6,10.2174,10.2505,10.0521,10.0852,"46,148"
2303 聯電,2017/11/3,10.3166,10.3166,10.2174,10.2174,"21,385"
2303 聯電,2017/11/2,10.2835,10.3166,10.2174,10.2505,"23,476"
2303 聯電,2017/11/1,10.3497,10.3827,10.2505,10.2505,"27,554"
2303 聯電,2017/10/31,10.4489,10.4819,10.2505,10.2505,"57,658"
2303 聯電,2017/10/30,10.2835,10.4819,10.2835,10.4489,"49,192"
2303 聯電,2017/10/27,10.2835,10.3497,10.1844,10.2174,"33,936"
2303 聯電,2017/10/26,10.1182,10.3166,9.9529,10.2835,"86,021"
2303 聯電,2017/10/25,10.3497,10.3827,10.2174,10.2505,"22,519"
2303 聯電,2017/10/24,10.3497,10.3827,10.2505,10.2835,"18,592"
2303 聯電,2017/10/23,10.3827,10.4819,10.2835,10.3166,"31,161"
2303 聯電,2017/10/20,10.3166,10.3497,10.1844,10.2835,"43,608"
2303 聯電,2017/10/19,10.5811,10.6473,10.3497,10.3497,"50,698"
2303 聯電,2017/10/18,10.5811,10.6803,10.515,10.5481,"33,201"
2303 聯電,2017/10/17,10.5811,10.5811,10.4819,10.515,"24,207"
2303 聯電,2017/10/16,10.5811,10.6142,10.515,10.5481,"42,692"
2303 聯電,2017/10/13,10.515,10.6803,10.4819,10.5481,"70,840"
2303 聯電,2017/10/12,10.5481,10.6473,10.4819,10.515,"43,136"
2303 聯電,2017/10/11,10.3827,10.6473,10.3497,10.4489,"71,759"
2303 聯電,2017/10/6,10.3827,10.4489,10.2505,10.2835,"38,165"
2303 聯電,2017/10/5,10.515,10.5811,10.3497,10.3827,"48,563"
2303 聯電,2017/10/3,10.1182,10.6473,10.0852,10.4489,"121,011"
2303 聯電,2017/10/2,9.986,10.0852,9.9529,10.019,"20,672"
2303 聯電,2017/9/30,10.019,10.1182,9.8868,9.9198,"17,333"
2303 聯電,2017/9/29,10.2174,10.2174,9.986,10.019,"50,910"
2303 聯電,2017/9/28,10.2174,10.2505,10.0852,10.2174,"31,420"
2303 聯電,2017/9/27,10.1182,10.2174,10.0852,10.0852,"30,568"
2303 聯電,2017/9/26,10.019,10.2505,9.986,10.0852,"39,562"
2303 聯電,2017/9/25,10.2835,10.3497,10.019,10.0521,"42,904"
2303 聯電,2017/9/22,10.4819,10.515,10.1844,10.2505,"38,645"
2303 聯電,2017/9/21,10.3497,10.515,10.3166,10.4819,"44,092"
2303 聯電,2017/9/20,10.5811,10.5811,10.2835,10.3497,"38,000"
2303 聯電,2017/9/19,10.6142,10.7134,10.4819,10.5811,"64,293"
2303 聯電,2017/9/18,10.3497,10.5811,10.3166,10.515,"50,776"
2303 聯電,2017/9/15,10.515,10.515,10.2835,10.2835,"66,947"
2303 聯電,2017/9/14,10.4489,10.6473,10.3166,10.515,"55,352"
2303 聯電,2017/9/13,10.5481,10.6473,10.3827,10.3827,"49,706"
2303 聯電,2017/9/12,10.6473,10.7134,10.4489,10.515,"68,864"
2303 聯電,2017/9/11,10.7465,10.8457,10.6142,10.6142,"39,683"
2303 聯電,2017/9/8,10.8457,10.9118,10.7134,10.7465,"67,429"
2303 聯電,2017/9/7,10.6142,11.1102,10.6142,10.7795,"208,678"
2303 聯電,2017/9/6,10.7795,10.8457,10.5481,10.6142,"111,772"
2303 聯電,2017/9/5,10.8457,10.9118,10.6803,10.9118,"111,389"
2303 聯電,2017/9/4,10.6803,11.0771,10.6473,10.9118,"220,970"
2303 聯電,2017/9/1,10.1182,10.9118,10.019,10.6142,"373,330"
2303 聯電,2017/8/31,9.8868,10.1513,9.8537,9.9529,"141,684"
2303 聯電,2017/8/30,9.9198,9.9529,9.7214,9.8206,"37,189"
2303 聯電,2017/8/29,9.9198,9.986,9.7876,9.8537,"43,363"
2303 聯電,2017/8/28,9.9198,10.019,9.8537,9.8537,"50,027"
2303 聯電,2017/8/25,9.9198,9.9198,9.7214,9.8537,"61,559"
2303 聯電,2017/8/24,9.49,9.9198,9.4569,9.8868,"149,395"
2303 聯電,2017/8/23,9.523,9.523,9.3577,9.3908,"30,575"
2303 聯電,2017/8/22,9.4569,9.4569,9.3577,9.4569,"29,141"
2303 聯電,2017/8/21,9.3246,9.4569,9.2916,9.3577,"39,046"
2303 聯電,2017/8/18,9.2585,9.3246,9.2585,9.3246,"22,984"
2303 聯電,2017/8/17,9.3246,9.3908,9.2916,9.3577,"30,038"
2303 聯電,2017/8/16,9.2585,9.3577,9.2585,9.2916,"44,862"
2303 聯電,2017/8/15,9.3577,9.3577,9.1924,9.3246,"64,115"
2303 聯電,2017/8/14,9.3577,9.3577,9.2254,9.2916,"45,665"
2303 聯電,2017/8/11,9.1262,9.3246,9.1262,9.2916,"81,554"
2303 聯電,2017/8/10,9.2254,9.3908,9.1924,9.2585,"124,671"
2303 聯電,2017/8/9,9.2585,9.2585,9.1924,9.1924,"40,279"
2303 聯電,2017/8/8,9.2916,9.3246,9.1924,9.2585,"50,427"
2303 聯電,2017/8/7,9.1593,9.2254,9.0932,9.1924,"52,277"
2303 聯電,2017/8/4,8.8617,9.1593,8.8617,9.1593,"109,015"
2303 聯電,2017/8/3,8.9609,8.994,8.8617,8.8617,"58,963"
2303 聯電,2017/8/2,9.0601,9.1593,8.994,9.027,"55,716"
2303 聯電,2017/8/1,9.1593,9.1924,9.027,9.027,"57,761"
2303 聯電,2017/7/31,9.1924,9.2916,9.1262,9.1924,"77,484"
2303 聯電,2017/7/28,9.3246,9.3908,9.1593,9.1924,"129,135"
2303 聯電,2017/7/27,9.3908,9.5892,9.2585,9.4238,"299,439"
2303 聯電,2017/7/26,10.0521,10.2174,9.986,10.1844,"208,085"
2303 聯電,2017/7/25,9.8537,9.8868,9.7545,9.8537,"43,400"
2303 聯電,2017/7/24,9.7876,9.8206,9.6884,9.7876,"50,249"
2303 聯電,2017/7/21,9.9529,9.986,9.6884,9.7545,"65,438"
2303 聯電,2017/7/20,9.9198,10.0852,9.8537,9.9529,"153,001"
2303 聯電,2017/7/19,9.6222,9.8868,9.5892,9.7876,"110,697"
2303 聯電,2017/7/18,9.523,9.5561,9.49,9.5561,"39,035"
2303 聯電,2017/7/17,9.7214,9.7214,9.49,9.5561,"46,586"
2303 聯電,2017/7/14,9.8537,9.8537,9.6222,9.6222,"85,412"
2303 聯電,2017/7/13,9.49,9.8537,9.4238,9.8206,"217,680"
2303 聯電,2017/7/12,9.3577,9.4238,9.3246,9.3908,"73,168"
2303 聯電,2017/7/11,9.1262,9.3246,9.0932,9.3246,"96,298"
2303 聯電,2017/7/10,9.222,9.2539,9.0943,9.1262,"136,523"
2303 聯電,2017/7/7,9.19,9.222,9.1262,9.1581,"78,876"
2303 聯電,2017/7/6,9.222,9.222,9.0943,9.222,"66,013"
2303 聯電,2017/7/5,9.1262,9.222,9.0943,9.19,"116,244"
2303 聯電,2017/7/4,9.222,9.3177,9.0624,9.0624,"99,895"
2303 聯電,2017/7/3,9.4453,9.4772,9.1581,9.19,"150,889"
2303 聯電,2017/6/30,9.2858,9.4453,9.2539,9.4134,"225,871"
2303 聯電,2017/6/29,9.6368,9.7325,9.3815,9.4134,"439,590"
2303 聯電,2017/6/28,8.6157,9.222,8.6157,9.222,"517,994"
2303 聯電,2017/6/27,8.5519,8.6795,8.3923,8.3923,"105,334"
2303 聯電,2017/6/26,8.2008,8.5838,8.2008,8.488,"190,887"
2303 聯電,2017/6/23,7.9456,8.2647,7.9137,8.1689,"176,325"
2303 聯電,2017/6/22,7.9456,7.9775,7.8498,7.9137,"18,503"
2303 聯電,2017/6/21,7.8179,8.0094,7.786,7.9137,"74,633"
2303 聯電,2017/6/20,7.8179,7.8498,7.786,7.8498,"10,463"
2303 聯電,2017/6/19,7.786,7.8179,7.7541,7.8179,"17,387"
2303 聯電,2017/6/16,7.786,7.8179,7.7541,7.786,"22,341"
2303 聯電,2017/6/15,7.7222,7.786,7.7222,7.786,"15,676"
2303 聯電,2017/6/14,7.8179,7.8179,7.6584,7.7541,"23,818"
2303 聯電,2017/6/13,7.786,7.8179,7.7222,7.786,"18,400"
2303 聯電,2017/6/12,7.786,7.8179,7.7541,7.7541,"18,811"
2303 聯電,2017/6/9,7.8817,7.9456,7.8179,7.8179,"23,368"
2303 聯電,2017/6/8,7.8817,7.9456,7.8817,7.8817,"17,652"
2303 聯電,2017/6/7,7.9456,7.9775,7.9137,7.9456,"17,606"
2303 聯電,2017/6/6,7.9456,7.9456,7.8817,7.9456,"11,596"
2303 聯電,2017/6/5,7.8817,7.9456,7.8498,7.9456,"19,833"
2303 聯電,2017/6/3,7.9456,7.9456,7.8817,7.9137,"5,733"
2303 聯電,2017/6/2,7.9456,7.9775,7.8817,7.9137,"15,861"
2303 聯電,2017/6/1,7.9456,7.9775,7.9137,7.9137,"16,729"
2303 聯電,2017/5/31,7.9775,8.0094,7.8817,7.9456,"31,518"
2303 聯電,2017/5/26,7.9137,7.9456,7.8498,7.9456,"16,680"
2303 聯電,2017/5/25,7.8817,7.9456,7.8817,7.9137,"20,872"
2303 聯電,2017/5/24,7.8817,7.9456,7.8498,7.8817,"23,896"
2303 聯電,2017/5/23,7.8179,7.8817,7.8179,7.8817,"30,403"
2303 聯電,2017/5/22,7.8179,7.8498,7.786,7.8179,"12,869"
2303 聯電,2017/5/19,7.8179,7.8498,7.7541,7.786,"18,679"
2303 聯電,2017/5/18,7.7222,7.8179,7.6903,7.8179,"16,623"
2303 聯電,2017/5/17,7.786,7.8179,7.7222,7.786,"25,439"
2303 聯電,2017/5/16,7.8179,7.8179,7.7541,7.7541,"17,113"
2303 聯電,2017/5/15,7.8498,7.8498,7.786,7.8179,"14,180"
2303 聯電,2017/5/12,7.8179,7.8498,7.786,7.8498,"23,892"
2303 聯電,2017/5/11,7.8498,7.8498,7.786,7.786,"22,797"
2303 聯電,2017/5/10,7.786,7.8498,7.7541,7.8179,"35,670"
2303 聯電,2017/5/9,7.8179,7.8498,7.7222,7.7222,"18,943"
2303 聯電,2017/5/8,7.786,7.8179,7.7541,7.786,"25,166"
2303 聯電,2017/5/5,7.8179,7.8179,7.7222,7.7222,"23,465"
2303 聯電,2017/5/4,7.7541,7.786,7.6903,7.786,"18,642"
2303 聯電,2017/5/3,7.6903,7.786,7.6584,7.6903,"33,865"
2303 聯電,2017/5/2,7.7222,7.7541,7.6903,7.6903,"22,698"
2303 聯電,2017/4/28,7.7222,7.7222,7.6584,7.6903,"31,481"
2303 聯電,2017/4/27,7.6903,7.7541,7.6584,7.7222,"29,987"
2303 聯電,2017/4/26,7.6584,7.7222,7.6265,7.7222,"23,540"
2303 聯電,2017/4/25,7.5946,7.6903,7.5626,7.6584,"24,368"
2303 聯電,2017/4/24,7.5946,7.6265,7.5626,7.5946,"18,824"
2303 聯電,2017/4/21,7.5946,7.6265,7.5626,7.5946,"23,892"
2303 聯電,2017/4/20,7.5946,7.6265,7.5626,7.5626,"23,794"
2303 聯電,2017/4/19,7.6903,7.7222,7.5946,7.6265,"29,690"
2303 聯電,2017/4/18,7.6903,7.8498,7.6584,7.7222,"38,367"
2303 聯電,2017/4/17,7.6584,7.6903,7.6265,7.6903,"16,948"
2303 聯電,2017/4/14,7.7222,7.7222,7.6584,7.6584,"19,467"
2303 聯電,2017/4/13,7.6903,7.7541,7.6584,7.7222,"22,564"
2303 聯電,2017/4/12,7.7222,7.7541,7.6584,7.6584,"27,865"
2303 聯電,2017/4/11,7.7222,7.786,7.7222,7.7541,"16,374"
2303 聯電,2017/4/10,7.7541,7.8179,7.7222,7.7541,"17,390"
2303 聯電,2017/4/7,7.7541,7.786,7.6903,7.7541,"22,756"
2303 聯電,2017/4/6,7.786,7.8179,7.7222,7.786,"17,529"
2303 聯電,2017/4/5,7.786,7.8498,7.7541,7.8179,"39,627"
2303 聯電,2017/3/31,7.7541,7.786,7.7222,7.786,"31,810"
2303 聯電,2017/3/30,7.7541,7.8498,7.7222,7.786,"21,407"
2303 聯電,2017/3/29,7.7541,7.786,7.6903,7.7222,"25,865"
2303 聯電,2017/3/28,7.8179,7.8498,7.6903,7.7222,"49,243"
2303 聯電,2017/3/27,7.8179,7.9137,7.786,7.8179,"24,519"
2303 聯電,2017/3/24,7.9137,7.9456,7.8179,7.8179,"26,257"
2303 聯電,2017/3/23,7.786,7.9456,7.786,7.9137,"44,714"
2303 聯電,2017/3/22,7.786,7.8179,7.7541,7.786,"31,031"
2303 聯電,2017/3/21,7.8817,7.8817,7.8179,7.8498,"23,642"
2303 聯電,2017/3/20,7.8817,7.8817,7.8179,7.8498,"17,498"
2303 聯電,2017/3/17,7.9137,7.9456,7.8498,7.9137,"33,157"
2303 聯電,2017/3/16,7.8817,7.9456,7.8498,7.9137,"49,115"
2303 聯電,2017/3/15,7.786,7.8498,7.7541,7.8179,"21,710"
2303 聯電,2017/3/14,7.786,7.8179,7.7222,7.786,"19,702"
2303 聯電,2017/3/13,7.786,7.8179,7.7222,7.786,"12,214"
2303 聯電,2017/3/10,7.7541,7.786,7.6903,7.7222,"24,266"
2303 聯電,2017/3/9,7.8179,7.8498,7.7222,7.7222,"44,677"
2303 聯電,2017/3/8,7.9137,7.9456,7.8179,7.8179,"31,666"
2303 聯電,2017/3/7,7.7541,8.0732,7.7541,7.9456,"88,804"
2303 聯電,2017/3/6,7.7541,7.786,7.7222,7.7222,"32,723"
2303 聯電,2017/3/3,7.8498,7.9137,7.7541,7.7541,"51,288"
2303 聯電,2017/3/2,8.0413,8.0732,7.8179,7.8498,"67,103"
2303 聯電,2017/3/1,8.137,8.2008,7.9137,7.9137,"154,601"
2303 聯電,2017/2/24,7.5626,8.2008,7.5307,8.137,"318,123"
2303 聯電,2017/2/23,7.435,7.5307,7.435,7.4988,"22,240"
2303 聯電,2017/2/22,7.4988,7.5307,7.3712,7.3712,"32,022"
2303 聯電,2017/2/21,7.4988,7.4988,7.4669,7.4988,"9,529"
2303 聯電,2017/2/20,7.4988,7.5307,7.4669,7.4988,"11,660"
2303 聯電,2017/2/18,7.4988,7.5307,7.4669,7.4988,"5,656"
2303 聯電,2017/2/17,7.5307,7.5307,7.4669,7.4988,"14,992"
2303 聯電,2017/2/16,7.5307,7.5946,7.4669,7.5307,"43,941"
2303 聯電,2017/2/15,7.4669,7.4988,7.4031,7.4988,"29,867"
2303 聯電,2017/2/14,7.4669,7.4988,7.435,7.4669,"20,660"
2303 聯電,2017/2/13,7.4031,7.4669,7.3712,7.4669,"22,519"
2303 聯電,2017/2/10,7.3712,7.4031,7.3393,7.4031,"31,536"
2303 聯電,2017/2/9,7.3393,7.3712,7.3074,7.3393,"22,546"
2303 聯電,2017/2/8,7.3393,7.3712,7.2755,7.3074,"27,217"
2303 聯電,2017/2/7,7.2755,7.3712,7.2755,7.3393,"30,242"
2303 聯電,2017/2/6,7.2755,7.3393,7.2435,7.3074,"30,150"
2303 聯電,2017/2/3,7.2435,7.2755,7.2116,7.2755,"32,233"
2303 聯電,2017/2/2,7.3393,7.3712,7.2116,7.2116,"50,885"
2303 聯電,2017/1/24,7.3074,7.3393,7.2435,7.2435,"45,636"
2303 聯電,2017/1/23,7.4031,7.435,7.3712,7.3712,"23,688"
2303 聯電,2017/1/20,7.4031,7.4669,7.3712,7.4031,"13,888"
2303 聯電,2017/1/19,7.435,7.4669,7.4031,7.4031,"14,998"
2303 聯電,2017/1/18,7.435,7.4669,7.4031,7.435,"15,844"
2303 聯電,2017/1/17,7.4031,7.4988,7.4031,7.435,"9,470"
2303 聯電,2017/1/16,7.4669,7.4988,7.435,7.435,"9,080"
2303 聯電,2017/1/13,7.4988,7.5307,7.435,7.5307,"22,218"
2303 聯電,2017/1/12,7.4669,7.5307,7.435,7.5307,"27,694"
2303 聯電,2017/1/11,7.435,7.4669,7.4031,7.435,"13,494"
2303 聯電,2017/1/10,7.4031,7.435,7.3712,7.435,"19,440"
2303 聯電,2017/1/9,7.4031,7.4988,7.3712,7.4031,"30,051"
2303 聯電,2017/1/6,7.2755,7.435,7.2755,7.4031,"37,951"
2303 聯電,2017/1/5,7.2435,7.3074,7.2116,7.2755,"20,844"
2303 聯電,2017/1/4,7.2755,7.2755,7.2435,7.2435,"11,119"
2303 聯電,2017/1/3,7.2755,7.2755,7.2116,7.2755,"10,177"
2303 聯電,2016/12/30,7.2116,7.2755,7.2116,7.2755,"13,585"
2303 聯電,2016/12/29,7.2116,7.2755,7.2116,7.2116,"13,316"
2303 聯電,2016/12/28,7.2435,7.2755,7.2116,7.2435,"10,043"
2303 聯電,2016/12/27,7.2435,7.2435,7.2116,7.2116,"6,275"
2303 聯電,2016/12/26,7.2116,7.2435,7.2116,7.2116,"6,978"
2303 聯電,2016/12/23,7.2435,7.2755,7.2116,7.2116,"18,976"
2303 聯電,2016/12/22,7.2116,7.2435,7.2116,7.2116,"14,071"
2303 聯電,2016/12/21,7.2116,7.2435,7.2116,7.2116,"17,516"
2303 聯電,2016/12/20,7.2116,7.2435,7.1797,7.2116,"17,830"
2303 聯電,2016/12/19,7.2435,7.2435,7.2116,7.2116,"9,135"
2303 聯電,2016/12/16,7.2435,7.2755,7.2116,7.2116,"16,320"
2303 聯電,2016/12/15,7.1797,7.2435,7.1797,7.2116,"17,368"
2303 聯電,2016/12/14,7.2116,7.2435,7.1478,7.1478,"26,752"
2303 聯電,2016/12/13,7.2116,7.2435,7.1797,7.2116,"27,743"
2303 聯電,2016/12/12,7.2435,7.2755,7.2116,7.2116,"12,028"
2303 聯電,2016/12/9,7.2755,7.2755,7.2116,7.2435,"16,806"
2303 聯電,2016/12/8,7.2755,7.3074,7.2116,7.2755,"25,528"
2303 聯電,2016/12/7,7.2755,7.2755,7.2435,7.2435,"10,922"
2303 聯電,2016/12/6,7.2116,7.2755,7.1797,7.2755,"18,368"
2303 聯電,2016/12/5,7.2116,7.2116,7.1478,7.1478,"17,384"
2303 聯電,2016/12/2,7.2435,7.2435,7.1797,7.2116,"17,443"
2303 聯電,2016/12/1,7.1797,7.2435,7.1797,7.2435,"21,837"
2303 聯電,2016/11/30,7.2755,7.2755,7.1797,7.1797,"81,583"
2303 聯電,2016/11/29,7.2435,7.2755,7.2116,7.2435,"15,726"
2303 聯電,2016/11/28,7.2435,7.2755,7.2435,7.2435,"12,463"
2303 聯電,2016/11/25,7.2435,7.2755,7.2435,7.2435,"6,402"
2303 聯電,2016/11/24,7.3074,7.3074,7.2435,7.2435,"8,463"
2303 聯電,2016/11/23,7.2755,7.3074,7.2435,7.3074,"7,948"
2303 聯電,2016/11/22,7.2755,7.3074,7.2435,7.2755,"18,335"
2303 聯電,2016/11/21,7.2755,7.3712,7.2755,7.2755,"19,337"
2303 聯電,2016/11/18,7.2435,7.2755,7.2116,7.2116,"22,094"
2303 聯電,2016/11/17,7.2435,7.3074,7.2116,7.2435,"18,716"
2303 聯電,2016/11/16,7.2435,7.2755,7.2116,7.2116,"19,914"
2303 聯電,2016/11/15,7.2116,7.2755,7.2116,7.2116,"16,941"
2303 聯電,2016/11/14,7.2755,7.3393,7.1797,7.2116,"26,733"
2303 聯電,2016/11/11,7.3393,7.3712,7.2116,7.2435,"49,255"
2303 聯電,2016/11/10,7.4031,7.435,7.3712,7.4031,"22,450"
2303 聯電,2016/11/9,7.4988,7.4988,7.3074,7.3393,"34,093"
2303 聯電,2016/11/8,7.435,7.4669,7.4031,7.4669,"11,672"
2303 聯電,2016/11/7,7.435,7.4669,7.4031,7.435,"10,903"
2303 聯電,2016/11/4,7.4031,7.435,7.3712,7.4031,"9,142"
2303 聯電,2016/11/3,7.4669,7.4988,7.4031,7.4031,"12,008"
2303 聯電,2016/11/2,7.4988,7.4988,7.4031,7.4669,"14,517"
2303 聯電,2016/11/1,7.4669,7.5307,7.435,7.4988,"14,241"
2303 聯電,2016/10/31,7.4669,7.5307,7.4031,7.4988,"29,446"
2303 聯電,2016/10/28,7.3712,7.4669,7.3393,7.4669,"29,434"
2303 聯電,2016/10/27,7.4031,7.435,7.3393,7.3393,"25,679"
2303 聯電,2016/10/26,7.435,7.4669,7.3393,7.3712,"25,010"
2303 聯電,2016/10/25,7.4669,7.4988,7.435,7.4669,"17,768"
2303 聯電,2016/10/24,7.4988,7.4988,7.4031,7.435,"12,059"
2303 聯電,2016/10/21,7.4031,7.4669,7.4031,7.4669,"14,109"
2303 聯電,2016/10/20,7.4669,7.4669,7.4031,7.435,"11,772"
2303 聯電,2016/10/19,7.435,7.4669,7.4031,7.4669,"17,853"
2303 聯電,2016/10/18,7.3712,7.435,7.3712,7.435,"14,198"
2303 聯電,2016/10/17,7.435,7.435,7.3393,7.3712,"12,931"
2303 聯電,2016/10/14,7.3393,7.4669,7.3074,7.435,"29,111"
2303 聯電,2016/10/13,7.4031,7.4031,7.3074,7.3393,"29,280"
2303 聯電,2016/10/12,7.4031,7.435,7.3393,7.3712,"23,419"
2303 聯電,2016/10/11,7.4031,7.4669,7.3393,7.435,"37,427"
2303 聯電,2016/10/7,7.4031,7.4031,7.3393,7.3393,"9,149"
2303 聯電,2016/10/6,7.3712,7.4031,7.3712,7.4031,"12,184"
2303 聯電,2016/10/5,7.3393,7.4031,7.3393,7.4031,"14,220"
2303 聯電,2016/10/4,7.4031,7.4031,7.3712,7.4031,"13,675"
2303 聯電,2016/10/3,7.3712,7.435,7.3712,7.4031,"10,253"
2303 聯電,2016/9/30,7.435,7.435,7.3393,7.3712,"26,443"
2303 聯電,2016/9/29,7.4031,7.4988,7.4031,7.435,"29,375"
2303 聯電,2016/9/26,7.4669,7.4988,7.3712,7.4031,"13,589"
2303 聯電,2016/9/23,7.4988,7.4988,7.435,7.4988,"17,800"
2303 聯電,2016/9/22,7.5626,7.5626,7.435,7.4988,"26,284"
2303 聯電,2016/9/21,7.4031,7.5307,7.3712,7.5307,"38,043"
2303 聯電,2016/9/20,7.3712,7.4031,7.3393,7.3712,"23,350"
2303 聯電,2016/9/19,7.3074,7.4669,7.3074,7.3712,"38,459"
2303 聯電,2016/9/14,7.3074,7.3712,7.2755,7.2755,"24,412"
2303 聯電,2016/9/13,7.3712,7.4031,7.3074,7.3393,"24,414"
2303 聯電,2016/9/12,7.3393,7.4031,7.3074,7.3712,"26,712"
2303 聯電,2016/9/10,7.3393,7.4031,7.3393,7.3712,"9,547"
2303 聯電,2016/9/9,7.4031,7.4669,7.4031,7.435,"14,219"
2303 聯電,2016/9/8,7.4988,7.5307,7.4669,7.4988,"15,831"
2303 聯電,2016/9/7,7.4988,7.5946,7.4669,7.5626,"30,041"
2303 聯電,2016/9/6,7.435,7.4988,7.435,7.4988,"17,052"
2303 聯電,2016/9/5,7.435,7.4669,7.4031,7.435,"11,897"
2303 聯電,2016/9/2,7.4031,7.4031,7.3393,7.4031,"19,335"
2303 聯電,2016/9/1,7.3393,7.3712,7.3074,7.3393,"25,835"
2303 聯電,2016/8/31,7.435,7.435,7.3393,7.3393,"32,554"
2303 聯電,2016/8/30,7.435,7.4669,7.3393,7.4031,"21,095"
2303 聯電,2016/8/29,7.5307,7.5307,7.3712,7.4031,"28,011"
2303 聯電,2016/8/26,7.5626,7.5626,7.4669,7.5307,"27,154"
2303 聯電,2016/8/25,7.3393,7.5626,7.3074,7.5626,"56,398"
2303 聯電,2016/8/24,7.3393,7.3712,7.3074,7.3074,"15,527"
2303 聯電,2016/8/23,7.2755,7.3393,7.2755,7.3074,"21,224"
2303 聯電,2016/8/22,7.3712,7.4031,7.2755,7.2755,"25,356"
2303 聯電,2016/8/19,7.435,7.4669,7.3712,7.3712,"23,669"
2303 聯電,2016/8/18,7.4669,7.4988,7.435,7.435,"14,296"
2303 聯電,2016/8/17,7.4988,7.5307,7.4031,7.4988,"21,041"
2303 聯電,2016/8/16,7.5626,7.5946,7.4669,7.4988,"35,671"
2303 聯電,2016/8/15,7.6265,7.6584,7.5307,7.5626,"16,151"
2303 聯電,2016/8/12,7.6265,7.6584,7.5946,7.6584,"11,579"
2303 聯電,2016/8/11,7.5626,7.6265,7.5307,7.6265,"18,720"
2303 聯電,2016/8/10,7.5946,7.6265,7.5307,7.5946,"16,673"
2303 聯電,2016/8/9,7.5626,7.6265,7.5307,7.6265,"23,575"
2303 聯電,2016/8/8,7.6584,7.6584,7.5307,7.5946,"23,076"
2303 聯電,2016/8/5,7.5946,7.6584,7.5626,7.5946,"19,739"
2303 聯電,2016/8/4,7.5626,7.5946,7.5307,7.5946,"12,729"
2303 聯電,2016/8/3,7.5626,7.5946,7.5307,7.5307,"30,930"
2303 聯電,2016/8/2,7.6265,7.6903,7.6265,7.6265,"18,170"
2303 聯電,2016/8/1,7.5946,7.6584,7.5946,7.5946,"25,816"
2303 聯電,2016/7/29,7.6584,7.6903,7.5946,7.5946,"46,087"
2303 聯電,2016/7/28,7.6903,7.7541,7.5946,7.7222,"130,639"
2303 聯電,2016/7/27,7.9775,8.0413,7.9456,8.0094,"54,761"
2303 聯電,2016/7/26,7.8817,7.9137,7.8498,7.9137,"24,305"
2303 聯電,2016/7/25,7.8817,7.9456,7.786,7.8498,"21,327"
2303 聯電,2016/7/22,7.9137,7.9775,7.8498,7.8498,"25,533"
2303 聯電,2016/7/21,7.9137,7.9775,7.8817,7.9775,"29,424"
2303 聯電,2016/7/20,7.9137,7.9456,7.8179,7.8817,"32,052"
2303 聯電,2016/7/19,7.9456,7.9775,7.8817,7.9456,"32,520"
2303 聯電,2016/7/18,7.9456,7.9775,7.9137,7.9775,"23,007"
2303 聯電,2016/7/15,7.9775,8.0094,7.8817,7.8817,"28,714"
2303 聯電,2016/7/14,7.9775,7.9775,7.9137,7.9775,"18,987"
2303 聯電,2016/7/13,8.0094,8.0413,7.8817,7.9775,"45,069"
2303 聯電,2016/7/12,7.9775,7.9775,7.8498,7.9456,"93,175"
2303 聯電,2016/7/11,7.7484,7.9314,7.7179,7.9009,"151,252"
2303 聯電,2016/7/7,7.5653,7.6569,7.5653,7.5653,"64,390"
2303 聯電,2016/7/6,7.6569,7.6569,7.5348,7.5348,"32,563"
2303 聯電,2016/7/5,7.7179,7.7484,7.6569,7.6874,"11,136"
2303 聯電,2016/7/4,7.6569,7.7484,7.6569,7.7179,"18,420"
2303 聯電,2016/7/1,7.7179,7.7484,7.6569,7.6569,"20,915"
2303 聯電,2016/6/30,7.6874,7.6874,7.5958,7.6874,"16,744"
2303 聯電,2016/6/29,7.5653,7.6569,7.5348,7.6569,"24,539"
2303 聯電,2016/6/28,7.5653,7.5653,7.4738,7.5043,"32,104"
2303 聯電,2016/6/27,7.3518,7.6263,7.3213,7.5958,"40,233"
2303 聯電,2016/6/24,7.6569,7.6569,7.2908,7.3213,"69,696"
2303 聯電,2016/6/23,7.5653,7.6874,7.5348,7.6569,"38,214"
2303 聯電,2016/6/22,7.5043,7.6263,7.4738,7.5958,"27,867"
2303 聯電,2016/6/21,7.5958,7.6263,7.4738,7.4738,"29,126"
2303 聯電,2016/6/20,7.4128,7.5958,7.3823,7.5958,"31,788"
2303 聯電,2016/6/17,7.3213,7.4128,7.3213,7.4128,"35,633"
2303 聯電,2016/6/16,7.4738,7.4738,7.2603,7.3213,"27,551"
2303 聯電,2016/6/15,7.3823,7.4738,7.3518,7.4738,"19,786"
2303 聯電,2016/6/14,7.4128,7.4433,7.3213,7.3823,"25,940"
2303 聯電,2016/6/13,7.5348,7.5348,7.3213,7.4433,"46,820"
2303 聯電,2016/6/8,7.5958,7.6263,7.5043,7.5653,"42,234"
2303 聯電,2016/6/7,7.5348,7.5958,7.5043,7.5958,"28,009"
2303 聯電,2016/6/6,7.5348,7.5653,7.5043,7.5653,"20,017"
2303 聯電,2016/6/4,7.5653,7.5958,7.5043,7.5348,"6,095"
2303 聯電,2016/6/3,7.4738,7.5653,7.4128,7.5653,"23,315"
2303 聯電,2016/6/2,7.4433,7.5653,7.4128,7.4738,"29,264"
2303 聯電,2016/6/1,7.3823,7.4738,7.3823,7.4738,"28,601"
2303 聯電,2016/5/31,7.4128,7.4433,7.3823,7.4433,"44,053"
2303 聯電,2016/5/30,7.3823,7.4433,7.3518,7.4433,"23,966"
2303 聯電,2016/5/27,7.4128,7.4128,7.3518,7.4128,"21,362"
2303 聯電,2016/5/26,7.3213,7.3823,7.2603,7.3823,"30,516"
2303 聯電,2016/5/25,7.2603,7.4128,7.1993,7.3213,"55,060"
2303 聯電,2016/5/24,7.1383,7.1993,7.1077,7.1993,"23,921"
2303 聯電,2016/5/23,6.9857,7.1993,6.9552,7.1993,"37,639"
2303 聯電,2016/5/20,6.9552,7.0467,6.9552,7.0467,"27,719"
2303 聯電,2016/5/19,6.9857,7.0162,6.9247,7.0162,"33,075"
2303 聯電,2016/5/18,6.9552,7.0467,6.9247,7.0467,"28,008"
2303 聯電,2016/5/17,6.9552,7.0467,6.9247,7.0467,"36,772"
2303 聯電,2016/5/16,6.8332,6.9857,6.8332,6.9857,"25,451"
2303 聯電,2016/5/13,6.9247,6.9247,6.8332,6.8942,"38,105"
2303 聯電,2016/5/12,7.0162,7.0772,6.9552,6.9552,"38,675"
2303 聯電,2016/5/11,6.9247,6.9857,6.8637,6.8637,"39,491"
2303 聯電,2016/5/10,6.8332,6.9247,6.8027,6.8637,"23,385"
2303 聯電,2016/5/9,6.8942,6.9247,6.8027,6.8637,"21,307"
2303 聯電,2016/5/6,6.8942,6.9247,6.8332,6.8942,"41,375"
2303 聯電,2016/5/5,6.9552,6.9857,6.8637,6.8942,"48,217"
2303 聯電,2016/5/4,7.0467,7.0772,6.9247,6.9857,"60,940"
2303 聯電,2016/5/3,7.2603,7.2908,7.0772,7.1077,"39,129"
2303 聯電,2016/4/29,7.2603,7.3213,7.2298,7.3213,"36,442"
2303 聯電,2016/4/28,7.5958,7.5958,7.2298,7.3213,"101,651"
2303 聯電,2016/4/27,7.6873,7.7179,7.6263,7.6568,"30,163"
2303 聯電,2016/4/26,7.6873,7.7789,7.6568,7.7484,"27,758"
2303 聯電,2016/4/25,7.7484,7.7789,7.6873,7.7484,"10,877"
2303 聯電,2016/4/22,7.6263,7.7789,7.5958,7.7484,"26,274"
2303 聯電,2016/4/21,7.6873,7.7484,7.6263,7.6568,"21,954"
2303 聯電,2016/4/20,7.7484,7.8094,7.6873,7.6873,"30,777"
2303 聯電,2016/4/19,7.9314,7.9314,7.7179,7.7179,"24,863"
2303 聯電,2016/4/18,7.8704,7.9924,7.8399,7.8704,"46,407"
2303 聯電,2016/4/15,7.7789,7.8399,7.7179,7.8399,"33,087"
2303 聯電,2016/4/14,7.8399,7.8704,7.7789,7.8399,"36,915"
2303 聯電,2016/4/13,7.8704,7.8704,7.7484,7.8704,"33,634"
2303 聯電,2016/4/12,7.7484,7.9314,7.7179,7.8704,"38,186"
2303 聯電,2016/4/11,7.7179,7.7484,7.5958,7.6873,"30,621"
2303 聯電,2016/4/8,7.6263,7.7789,7.5958,7.7789,"50,652"
2303 聯電,2016/4/7,7.7789,7.8399,7.5958,7.6873,"51,115"
2303 聯電,2016/4/6,7.9314,7.9619,7.7789,7.7789,"33,869"
2303 聯電,2016/4/1,8.0229,8.1144,7.9314,8.0229,"23,276"
2303 聯電,2016/3/31,8.0839,8.1144,8.0534,8.1144,"41,615"
2303 聯電,2016/3/30,7.9314,8.0839,7.9009,8.0839,"41,341"
2303 聯電,2016/3/29,7.9924,8.0229,7.8704,7.8704,"16,811"
2303 聯電,2016/3/28,7.9924,8.0229,7.9619,7.9924,"15,699"
2303 聯電,2016/3/25,8.0839,8.1144,7.9924,7.9924,"8,084"
2303 聯電,2016/3/24,8.0534,8.1754,7.9924,8.0839,"24,113"
2303 聯電,2016/3/23,8.1144,8.1449,8.0229,8.0534,"13,796"
2303 聯電,2016/3/22,8.1754,8.1754,7.9924,8.1144,"22,854"
2303 聯電,2016/3/21,8.1144,8.1449,8.0534,8.1449,"13,206"
2303 聯電,2016/3/18,8.1144,8.1754,8.0534,8.1144,"46,190"
2303 聯電,2016/3/17,8.2059,8.2364,8.0839,8.1144,"31,027"
2303 聯電,2016/3/16,8.0839,8.1449,8.0534,8.0839,"15,550"
2303 聯電,2016/3/15,8.1754,8.1754,7.9924,8.0839,"28,124"
2303 聯電,2016/3/14,8.1144,8.1754,8.1144,8.1754,"29,655"
2303 聯電,2016/3/11,8.0229,8.0839,7.9619,8.0839,"28,372"
2303 聯電,2016/3/10,7.9009,8.1754,7.9009,8.0229,"51,489"
2303 聯電,2016/3/9,8.0534,8.0534,7.8704,7.8704,"29,306"
2303 聯電,2016/3/8,8.1449,8.1754,7.9924,8.0534,"38,388"
2303 聯電,2016/3/7,8.2059,8.2364,8.0839,8.1754,"29,719"
2303 聯電,2016/3/4,8.2059,8.2364,8.1449,8.1754,"30,905"
2303 聯電,2016/3/3,8.1449,8.2059,8.1144,8.2059,"30,567"
2303 聯電,2016/3/2,8.2364,8.2669,8.1449,8.1449,"27,153"
2303 聯電,2016/3/1,8.1449,8.2059,8.1144,8.1754,"31,294"
2303 聯電,2016/2/26,8.1144,8.2364,8.0839,8.1449,"50,549"
2303 聯電,2016/2/25,8.0534,8.1144,7.9924,8.0839,"26,704"
2303 聯電,2016/2/24,8.0534,8.1144,7.9619,8.0534,"26,021"
2303 聯電,2016/2/23,8.0534,8.1144,8.0229,8.0534,"27,948"
2303 聯電,2016/2/22,8.0534,8.1449,7.9924,8.0534,"24,168"
2303 聯電,2016/2/19,8.1754,8.2059,8.0534,8.0534,"25,996"
2303 聯電,2016/2/18,8.1754,8.2669,8.1144,8.1754,"63,552"
2303 聯電,2016/2/17,8.0229,8.1144,7.9314,8.0839,"36,743"
2303 聯電,2016/2/16,7.9924,8.0534,7.9009,8.0229,"28,936"
2303 聯電,2016/2/15,7.7789,8.0839,7.7484,8.0534,"69,373"
2303 聯電,2016/2/3,7.9314,7.9619,7.8399,7.8704,"30,282"
2303 聯電,2016/2/2,7.8704,7.9924,7.8094,7.9924,"70,066"
2303 聯電,2016/2/1,7.8399,7.8704,7.7484,7.8704,"41,304"
2303 聯電,2016/1/30,7.8399,7.8704,7.7484,7.7789,"17,613"
2303 聯電,2016/1/29,7.8399,7.8704,7.6873,7.8399,"89,587"
2303 聯電,2016/1/28,7.3518,7.8399,7.3518,7.7789,"205,155"
2303 聯電,2016/1/27,7.1688,7.1993,7.0772,7.1383,"22,755"
2303 聯電,2016/1/26,7.0162,7.1383,6.9552,7.1383,"43,563"
2303 聯電,2016/1/25,6.9247,7.0467,6.8942,6.9857,"22,302"
2303 聯電,2016/1/22,6.8332,6.8637,6.8027,6.8637,"14,734"
2303 聯電,2016/1/21,6.8027,6.8332,6.7417,6.7722,"17,723"
2303 聯電,2016/1/20,6.8027,6.8332,6.7722,6.7722,"27,609"
2303 聯電,2016/1/19,6.8027,6.8332,6.7722,6.8027,"12,942"
2303 聯電,2016/1/18,6.7112,6.8332,6.6807,6.8027,"23,425"
2303 聯電,2016/1/15,6.8637,6.8942,6.7417,6.8637,"36,397"
2303 聯電,2016/1/14,6.7112,6.8027,6.5892,6.8027,"31,979"
2303 聯電,2016/1/13,6.8027,6.8637,6.7112,6.7417,"35,275"
2303 聯電,2016/1/12,6.8027,6.8332,6.7722,6.7722,"22,816"
2303 聯電,2016/1/11,6.8332,6.8942,6.7417,6.7417,"41,438"
2303 聯電,2016/1/8,6.8332,7.0162,6.8332,6.9552,"42,956"
2303 聯電,2016/1/7,7.1383,7.1688,6.9552,6.9857,"57,790"
2303 聯電,2016/1/6,7.2298,7.2908,7.1077,7.1688,"25,394"
2303 聯電,2016/1/5,7.1993,7.3518,7.1383,7.1688,"37,725"
2303 聯電,2016/1/4,7.3823,7.4128,7.1993,7.1993,"44,642"
2303 聯電,2015/12/31,7.3823,7.4433,7.3518,7.3823,"13,959"
2303 聯電,2015/12/30,7.4433,7.4738,7.3823,7.3823,"11,862"
2303 聯電,2015/12/29,7.5043,7.5348,7.4128,7.4128,"16,761"
2303 聯電,2015/12/28,7.5958,7.5958,7.5043,7.5043,"10,496"
2303 聯電,2015/12/25,7.5043,7.5958,7.5043,7.5653,"7,344"
2303 聯電,2015/12/24,7.6263,7.6568,7.5043,7.5043,"14,485"
2303 聯電,2015/12/23,7.5348,7.6263,7.5043,7.5958,"26,385"
2303 聯電,2015/12/22,7.6263,7.6263,7.4738,7.5348,"23,495"
2303 聯電,2015/12/21,7.3823,7.6873,7.3518,7.5958,"84,011"
2303 聯電,2015/12/18,7.3518,7.4433,7.2908,7.3213,"41,032"
2303 聯電,2015/12/17,7.2603,7.4433,7.2298,7.4128,"43,690"
2303 聯電,2015/12/16,7.2298,7.2603,7.1383,7.1993,"25,532"
2303 聯電,2015/12/15,7.1993,7.2298,7.0772,7.0772,"18,566"
2303 聯電,2015/12/14,7.0772,7.1383,7.0162,7.1383,"20,931"
2303 聯電,2015/12/11,7.0772,7.1993,7.0772,7.1383,"43,207"
2303 聯電,2015/12/10,6.9552,7.0772,6.8942,7.0467,"55,043"
2303 聯電,2015/12/9,7.2603,7.2908,7.0772,7.0772,"44,402"
2303 聯電,2015/12/8,7.3823,7.4128,7.2603,7.2908,"25,908"
2303 聯電,2015/12/7,7.3823,7.4738,7.3518,7.3823,"26,879"
2303 聯電,2015/12/4,7.3518,7.4433,7.3518,7.3518,"22,296"
2303 聯電,2015/12/3,7.3518,7.5348,7.2908,7.4738,"38,699"
2303 聯電,2015/12/2,7.2908,7.4433,7.2908,7.3518,"29,551"
2303 聯電,2015/12/1,7.3213,7.4433,7.2603,7.4433,"22,344"
2303 聯電,2015/11/30,7.2908,7.3823,7.2298,7.2298,"64,168"
2303 聯電,2015/11/27,7.4433,7.4738,7.3213,7.3518,"11,380"
2303 聯電,2015/11/26,7.4433,7.5653,7.4128,7.4433,"24,427"
2303 聯電,2015/11/25,7.3213,7.4128,7.2603,7.3823,"19,050"
2303 聯電,2015/11/24,7.4738,7.5043,7.2908,7.2908,"30,847"
2303 聯電,2015/11/23,7.5958,7.5958,7.4738,7.5653,"29,083"
2303 聯電,2015/11/20,7.4433,7.5958,7.4433,7.5348,"52,737"
2303 聯電,2015/11/19,7.4738,7.5043,7.3518,7.4738,"38,000"
2303 聯電,2015/11/18,7.4738,7.4738,7.3518,7.3823,"30,695"
2303 聯電,2015/11/17,7.1688,7.4433,7.1688,7.4433,"54,411"
2303 聯電,2015/11/16,7.2298,7.2603,7.0162,7.0467,"56,784"
2303 聯電,2015/11/13,7.2603,7.3823,7.2603,7.2603,"23,937"
2303 聯電,2015/11/12,7.3518,7.3823,7.2603,7.2908,"20,336"
2303 聯電,2015/11/11,7.3823,7.4433,7.2603,7.3213,"29,651"
2303 聯電,2015/11/10,7.4128,7.4433,7.3213,7.3518,"37,683"
2303 聯電,2015/11/9,7.5043,7.6263,7.4128,7.4128,"30,381"
2303 聯電,2015/11/6,7.6263,7.6568,7.5348,7.5653,"37,566"
2303 聯電,2015/11/5,7.6568,7.7484,7.5958,7.6873,"50,267"
2303 聯電,2015/11/4,7.5653,7.6873,7.5348,7.5653,"73,770"
2303 聯電,2015/11/3,7.3518,7.5043,7.3518,7.5043,"36,582"
2303 聯電,2015/11/2,7.3213,7.4433,7.2908,7.3518,"26,530"
2303 聯電,2015/10/30,7.2603,7.3213,7.2298,7.2603,"23,307"
2303 聯電,2015/10/29,7.3518,7.3823,7.1993,7.2603,"53,952"
2303 聯電,2015/10/28,7.5653,7.5653,7.3518,7.3823,"34,470"
2303 聯電,2015/10/27,7.5958,7.6263,7.5043,7.6263,"20,301"
2303 聯電,2015/10/26,7.5958,7.6263,7.5348,7.5958,"29,510"
2303 聯電,2015/10/23,7.5653,7.5958,7.5043,7.5348,"48,582"
2303 聯電,2015/10/22,7.3518,7.4433,7.3518,7.4128,"20,155"
2303 聯電,2015/10/21,7.5043,7.5043,7.3213,7.3518,"29,263"
2303 聯電,2015/10/20,7.5958,7.5958,7.4738,7.4738,"35,820"
2303 聯電,2015/10/19,7.4128,7.5653,7.4128,7.5348,"40,911"
2303 聯電,2015/10/16,7.5043,7.5043,7.3518,7.4128,"65,908"
2303 聯電,2015/10/15,7.3518,7.5043,7.3518,7.5043,"107,628"
2303 聯電,2015/10/14,6.9857,7.3213,6.9857,7.2603,"123,898"
2303 聯電,2015/10/13,6.9552,6.9857,6.8942,6.9857,"24,773"
2303 聯電,2015/10/12,6.8637,6.9552,6.8332,6.9552,"47,287"
2303 聯電,2015/10/8,6.9552,6.9552,6.8332,6.8637,"20,222"
2303 聯電,2015/10/7,6.8637,6.8942,6.7722,6.8942,"30,544"
2303 聯電,2015/10/6,6.8942,6.9247,6.8027,6.8637,"26,158"
2303 聯電,2015/10/5,6.7112,6.8332,6.6807,6.8027,"28,750"
2303 聯電,2015/10/2,6.6807,6.7112,6.6197,6.6807,"22,565"
2303 聯電,2015/10/1,6.6197,6.7417,6.5892,6.6502,"37,873"
2303 聯電,2015/9/30,6.5281,6.6502,6.5281,6.5892,"63,361"
2303 聯電,2015/9/25,6.6197,6.6807,6.5587,6.6807,"31,428"
2303 聯電,2015/9/24,6.7112,6.7417,6.5892,6.5892,"37,776"
2303 聯電,2015/9/23,6.7722,6.8332,6.6502,6.6807,"44,213"
2303 聯電,2015/9/22,6.9247,6.9247,6.8027,6.8942,"33,478"
2303 聯電,2015/9/21,6.9857,7.0162,6.8332,6.8332,"33,232"
2303 聯電,2015/9/18,7.0467,7.0772,6.9857,7.0772,"30,325"
2303 聯電,2015/9/17,7.0467,7.0772,6.9857,7.0467,"41,811"
2303 聯電,2015/9/16,7.0467,7.0772,6.9247,6.9552,"29,432"
2303 聯電,2015/9/15,7.0162,7.0467,6.9552,6.9857,"26,565"
2303 聯電,2015/9/14,7.0162,7.0772,6.9552,7.0162,"26,126"
2303 聯電,2015/9/11,6.9552,7.0467,6.9247,7.0162,"24,281"
2303 聯電,2015/9/10,6.8942,7.0162,6.8027,7.0162,"45,010"
2303 聯電,2015/9/9,6.9247,7.0467,6.8637,6.9552,"72,389"
2303 聯電,2015/9/8,6.7112,6.7722,6.6502,6.7722,"20,028"
2303 聯電,2015/9/7,6.6807,6.8027,6.6197,6.7112,"28,819"
2303 聯電,2015/9/4,6.8942,6.9247,6.7112,6.7417,"36,470"
2303 聯電,2015/9/3,6.6502,6.9247,6.5892,6.9247,"66,696"
2303 聯電,2015/9/2,6.4976,6.6197,6.4671,6.5892,"27,751"
2303 聯電,2015/9/1,6.4671,6.5892,6.4366,6.5587,"36,579"
2303 聯電,2015/8/31,6.6197,6.6197,6.4671,6.5587,"50,032"
2303 聯電,2015/8/28,6.5281,6.6197,6.4671,6.5892,"40,703"
2303 聯電,2015/8/27,6.4366,6.4976,6.4061,6.4366,"37,225"
2303 聯電,2015/8/26,6.3146,6.4061,6.2231,6.3451,"45,277"
2303 聯電,2015/8/25,6.1621,6.4671,6.1621,6.3756,"58,326"
2303 聯電,2015/8/24,6.2231,6.2841,6.0523,6.1316,"86,095"
2303 聯電,2015/8/21,6.5281,6.5587,6.3451,6.3451,"71,699"
2303 聯電,2015/8/20,6.5892,6.7112,6.5587,6.6197,"32,063"
2303 聯電,2015/8/19,6.7722,6.7722,6.5281,6.6502,"71,130"
2303 聯電,2015/8/18,6.7722,6.8332,6.7722,6.8027,"25,374"
2303 聯電,2015/8/17,6.8637,6.8637,6.7722,6.7722,"19,377"
2303 聯電,2015/8/14,6.8637,6.8637,6.8332,6.8332,"26,082"
2303 聯電,2015/8/13,6.8942,6.8942,6.8332,6.8332,"37,414"
2303 聯電,2015/8/12,6.8332,6.8942,6.7722,6.8637,"39,506"
2303 聯電,2015/8/11,6.8942,6.9247,6.8332,6.8332,"41,626"
2303 聯電,2015/8/10,6.7722,6.8332,6.7722,6.8332,"35,431"
2303 聯電,2015/8/7,6.8332,6.8637,6.7722,6.8332,"37,234"
2303 聯電,2015/8/6,6.8637,6.8942,6.7722,6.8637,"40,342"
2303 聯電,2015/8/5,6.7112,6.8637,6.7112,6.8637,"39,007"
2303 聯電,2015/8/4,6.8332,6.8637,6.7112,6.8027,"55,688"
2303 聯電,2015/8/3,6.9247,6.9552,6.7722,6.8332,"58,428"
2303 聯電,2015/7/31,6.9552,6.9857,6.7722,6.8637,"55,173"
2303 聯電,2015/7/30,6.7722,6.9552,6.7722,6.9247,"83,112"
2303 聯電,2015/7/29,6.7112,6.7112,6.5587,6.5587,"48,726"
2303 聯電,2015/7/28,6.7112,6.8027,6.6502,6.6502,"77,569"
2303 聯電,2015/7/27,6.8942,6.9247,6.7722,6.7722,"41,483"
2303 聯電,2015/7/24,6.8332,6.8942,6.8027,6.8942,"38,064"
2303 聯電,2015/7/23,7.0162,7.0772,6.7722,6.8027,"86,693"
2303 聯電,2015/7/22,7.2908,7.3213,6.9857,7.0162,"126,055"
2303 聯電,2015/7/21,7.3213,7.3518,7.2603,7.3518,"50,251"
2303 聯電,2015/7/20,7.3823,7.3823,7.2603,7.2908,"49,382"
2303 聯電,2015/7/17,7.3823,7.4433,7.2908,7.3213,"72,978"
2303 聯電,2015/7/16,7.5043,7.5348,7.4128,7.4433,"28,888"
2303 聯電,2015/7/15,7.5043,7.5043,7.3823,7.4433,"54,716"
2303 聯電,2015/7/14,7.4433,7.5348,7.4128,7.4128,"56,661"
2303 聯電,2015/7/13,7.2921,7.3505,7.2921,7.3213,"100,128"
2303 聯電,2015/7/9,7.1463,7.2921,7.0296,7.2629,"57,784"
2303 聯電,2015/7/8,7.4963,7.5255,7.1754,7.2338,"102,642"
2303 聯電,2015/7/7,7.613,7.7005,7.5255,7.5255,"51,268"
2303 聯電,2015/7/6,7.7005,7.7588,7.5838,7.613,"39,231"
2303 聯電,2015/7/3,7.7005,7.7588,7.6713,7.7588,"25,399"
2303 聯電,2015/7/2,7.6713,7.7588,7.6713,7.6713,"43,922"
2303 聯電,2015/7/1,7.6421,7.7588,7.613,7.7296,"38,562"
2303 聯電,2015/6/30,7.4963,7.6421,7.4671,7.613,"52,214"
2303 聯電,2015/6/29,7.613,7.6421,7.4671,7.4963,"66,205"
2303 聯電,2015/6/26,7.8755,7.9047,7.7296,7.7296,"48,728"
2303 聯電,2015/6/25,7.788,7.9047,7.7296,7.9047,"59,134"
2303 聯電,2015/6/24,7.7588,7.788,7.6713,7.7297,"24,119"
2303 聯電,2015/6/23,7.7297,7.788,7.7005,7.7588,"39,622"
2303 聯電,2015/6/22,7.5838,7.7297,7.5838,7.6713,"50,929"
2303 聯電,2015/6/18,7.5838,7.6421,7.5838,7.5838,"32,766"
2303 聯電,2015/6/17,7.5838,7.6421,7.5546,7.5546,"35,422"
2303 聯電,2015/6/16,7.6421,7.7005,7.5838,7.5838,"30,732"
2303 聯電,2015/6/15,7.6421,7.7005,7.613,7.7005,"34,810"
2303 聯電,2015/6/12,7.6421,7.6713,7.5838,7.6421,"29,999"
2303 聯電,2015/6/11,7.7588,7.788,7.613,7.6421,"42,714"
2303 聯電,2015/6/10,7.6421,7.7297,7.5838,7.7297,"63,506"
2303 聯電,2015/6/9,7.7005,7.8172,7.5546,7.613,"63,214"
2303 聯電,2015/6/8,7.7588,7.8172,7.6713,7.7005,"53,361"
2303 聯電,2015/6/5,7.8172,7.9338,7.788,7.788,"46,354"
2303 聯電,2015/6/4,7.9922,8.0213,7.8172,7.8463,"67,962"
2303 聯電,2015/6/3,8.0213,8.1088,7.9922,8.0505,"34,671"
2303 聯電,2015/6/2,8.0213,8.138,7.963,7.9922,"50,359"
2303 聯電,2015/6/1,8.0797,8.1088,7.963,8.0213,"45,654"
2303 聯電,2015/5/29,8.2255,8.2547,8.1088,8.1088,"47,003"
2303 聯電,2015/5/28,8.2255,8.2547,8.1672,8.2255,"42,520"
2303 聯電,2015/5/27,8.138,8.1672,8.0505,8.138,"22,913"
2303 聯電,2015/5/26,8.138,8.1672,8.0797,8.1088,"20,221"
2303 聯電,2015/5/25,8.1672,8.1672,8.0505,8.0505,"17,940"
2303 聯電,2015/5/22,8.1088,8.138,8.0505,8.1088,"37,428"
2303 聯電,2015/5/21,8.0797,8.1088,7.963,8.0505,"34,256"
2303 聯電,2015/5/20,8.138,8.2255,8.0797,8.1088,"32,392"
2303 聯電,2015/5/19,8.0213,8.2255,7.9922,8.138,"53,316"
2303 聯電,2015/5/18,8.0213,8.0505,7.9338,7.9338,"34,008"
2303 聯電,2015/5/15,8.0213,8.1088,7.9922,8.0213,"32,507"
2303 聯電,2015/5/14,8.138,8.1672,8.0213,8.0213,"52,111"
2303 聯電,2015/5/13,8.0213,8.1963,7.963,8.138,"63,740"
2303 聯電,2015/5/12,7.8755,8.0797,7.7588,8.0213,"149,274"
2303 聯電,2015/5/11,8.1963,8.2547,8.138,8.1672,"57,175"
2303 聯電,2015/5/8,8.1963,8.2547,8.0797,8.0797,"60,537"
2303 聯電,2015/5/7,8.313,8.313,8.1672,8.1963,"61,661"
2303 聯電,2015/5/6,8.313,8.4589,8.2839,8.3714,"28,568"
2303 聯電,2015/5/5,8.313,8.3714,8.2839,8.3422,"33,905"
2303 聯電,2015/5/4,8.5464,8.5755,8.3422,8.3422,"54,158"
2303 聯電,2015/4/30,8.663,8.663,8.4005,8.5172,"78,488"
2303 聯電,2015/4/29,8.663,8.7214,8.5172,8.5464,"44,213"
2303 聯電,2015/4/28,8.7797,8.8089,8.663,8.663,"46,175"
2303 聯電,2015/4/27,8.5755,8.7506,8.5755,8.6922,"79,005"
2303 聯電,2015/4/24,8.5755,8.6922,8.5172,8.5464,"101,452"
2303 聯電,2015/4/23,8.313,8.5172,8.2839,8.5172,"78,698"
2303 聯電,2015/4/22,8.2255,8.313,8.1963,8.2255,"45,490"
2303 聯電,2015/4/21,8.1672,8.2547,8.1088,8.1963,"51,863"
2303 聯電,2015/4/20,8.1963,8.2547,8.0505,8.1672,"86,233"
2303 聯電,2015/4/17,8.4297,8.4297,8.313,8.3422,"67,361"
2303 聯電,2015/4/16,8.5464,8.5755,8.488,8.5755,"50,543"
2303 聯電,2015/4/15,8.7214,8.7214,8.4589,8.488,"117,183"
2303 聯電,2015/4/14,8.8964,8.9547,8.7797,8.8089,"50,596"
2303 聯電,2015/4/13,8.9256,9.0131,8.8672,8.8964,"50,604"
2303 聯電,2015/4/10,9.0131,9.0714,8.8672,8.8964,"37,585"
2303 聯電,2015/4/9,9.1006,9.1297,8.9839,8.9839,"42,432"
2303 聯電,2015/4/8,9.1589,9.1881,9.1006,9.1297,"34,483"
2303 聯電,2015/4/7,9.1589,9.2172,9.1297,9.2172,"44,161"
2303 聯電,2015/4/2,8.9547,9.0422,8.9256,9.0422,"32,937"
2303 聯電,2015/4/1,9.0131,9.0131,8.8964,8.8964,"23,081"
2303 聯電,2015/3/31,9.0131,9.0422,8.9256,9.0422,"43,396"
2303 聯電,2015/3/30,8.9256,9.0131,8.8672,8.9256,"35,544"
2303 聯電,2015/3/27,8.9256,9.0131,8.8672,8.8672,"59,569"
2303 聯電,2015/3/26,8.9256,8.9547,8.7797,8.8964,"77,016"
2303 聯電,2015/3/25,9.1881,9.2172,9.1006,9.1006,"30,326"
2303 聯電,2015/3/24,9.1881,9.2172,9.1006,9.1589,"28,134"
2303 聯電,2015/3/23,9.1881,9.2172,9.1297,9.1881,"30,135"
2303 聯電,2015/3/20,9.1881,9.2464,9.1006,9.1297,"38,546"
2303 聯電,2015/3/19,9.2756,9.3048,9.1881,9.2464,"46,629"
2303 聯電,2015/3/18,9.1297,9.2172,9.0714,9.1881,"51,303"
2303 聯電,2015/3/17,9.1589,9.2172,9.1297,9.1297,"26,301"
2303 聯電,2015/3/16,9.1881,9.1881,9.1006,9.1297,"29,764"
2303 聯電,2015/3/13,9.2464,9.2756,9.1589,9.1589,"22,191"
2303 聯電,2015/3/12,9.1297,9.2756,9.1297,9.2172,"43,986"
2303 聯電,2015/3/11,9.1006,9.2756,9.0714,9.1297,"56,752"
2303 聯電,2015/3/10,9.1881,9.2756,9.1589,9.1589,"61,473"
2303 聯電,2015/3/9,9.1006,9.1589,9.0422,9.1589,"59,064"
2303 聯電,2015/3/6,9.1297,9.1881,9.0714,9.1297,"55,362"
2303 聯電,2015/3/5,9.1589,9.2464,9.1297,9.1297,"51,219"
2303 聯電,2015/3/4,9.2172,9.3048,9.1881,9.1881,"50,862"
2303 聯電,2015/3/3,9.2756,9.3048,9.1589,9.2464,"47,908"
2303 聯電,2015/3/2,9.3631,9.3923,9.1881,9.2464,"60,350"
2303 聯電,2015/2/26,9.3339,9.3631,9.2172,9.3339,"67,714"
2303 聯電,2015/2/25,9.2464,9.3631,9.2172,9.3631,"88,365"
2303 聯電,2015/2/24,9.2172,9.2464,9.1006,9.2464,"71,058"
2303 聯電,2015/2/13,9.1589,9.1881,9.0422,9.1006,"45,907"
2303 聯電,2015/2/12,9.2464,9.2464,9.1006,9.1297,"40,472"
2303 聯電,2015/2/11,9.1006,9.2172,9.0422,9.1881,"74,043"
2303 聯電,2015/2/10,9.1881,9.2172,8.9839,8.9839,"43,062"
2303 聯電,2015/2/9,9.1297,9.1881,9.0714,9.1297,"39,186"
2303 聯電,2015/2/6,9.2172,9.2172,9.1297,9.1297,"43,650"
2303 聯電,2015/2/5,9.2172,9.2172,9.1006,9.1881,"54,108"
2303 聯電,2015/2/4,9.2464,9.2756,9.1297,9.1297,"106,899"
2303 聯電,2015/2/3,9.0714,9.1881,9.0714,9.1297,"100,320"
2303 聯電,2015/2/2,9.0131,9.0714,8.9547,9.0131,"55,917"
2303 聯電,2015/1/30,9.0422,9.1006,8.9547,8.9839,"86,191"
2303 聯電,2015/1/29,9.1297,9.1589,8.8964,8.9547,"102,347"
2303 聯電,2015/1/28,8.9839,9.1297,8.9256,9.1297,"91,034"
2303 聯電,2015/1/27,9.1006,9.1006,8.9256,9.0131,"58,730"
2303 聯電,2015/1/26,9.0422,9.1589,8.9839,9.0422,"56,122"
2303 聯電,2015/1/23,9.1297,9.1589,9.0422,9.1006,"95,654"
2303 聯電,2015/1/22,8.9256,9.0714,8.8964,9.0131,"85,750"
2303 聯電,2015/1/21,8.9256,8.9547,8.7797,8.8381,"47,841"
2303 聯電,2015/1/20,8.8964,8.9256,8.8381,8.8672,"45,476"
2303 聯電,2015/1/19,8.7214,8.8381,8.6922,8.7797,"79,977"
2303 聯電,2015/1/16,8.8089,9.0131,8.5755,8.5755,"161,745"
2303 聯電,2015/1/15,8.8964,9.0131,8.7797,8.7797,"96,404"
2303 聯電,2015/1/14,9.0131,9.0422,8.8381,8.8964,"106,739"
2303 聯電,2015/1/13,9.2172,9.3048,9.0422,9.0714,"102,732"
2303 聯電,2015/1/12,8.8964,9.3923,8.8964,9.1881,"233,428"
2303 聯電,2015/1/9,8.8672,8.9256,8.7506,8.8089,"93,825"
2303 聯電,2015/1/8,8.7506,8.8089,8.6922,8.6922,"65,851"
2303 聯電,2015/1/7,8.6047,8.7214,8.5464,8.6339,"47,114"
2303 聯電,2015/1/6,8.7506,8.8089,8.6047,8.6047,"73,981"
2303 聯電,2015/1/5,8.6047,9.0131,8.5464,8.8964,"116,195"
