證券代碼,年月日,開盤價(元),最高價(元),最低價(元),收盤價(元),成交量(千股)
2308 台達電,2025/12/31,959,974,950,963,"9,297"
2308 台達電,2025/12/30,964,970,957,961,"4,664"
2308 台達電,2025/12/29,960,974,960,962,"6,436"
2308 台達電,2025/12/26,960,962,952,956,"3,406"
2308 台達電,2025/12/24,952,960,948,955,"5,165"
2308 台達電,2025/12/23,962,965,943,943,"6,033"
2308 台達電,2025/12/22,911,957,909,953,"14,176"
2308 台達電,2025/12/19,899,923,895,911,"13,809"
2308 台達電,2025/12/18,889,896,886,891,"6,718"
2308 台達電,2025/12/17,900,907,890,890,"14,101"
2308 台達電,2025/12/16,908,915,899,901,"11,299"
2308 台達電,2025/12/15,917,933,916,922,"7,161"
2308 台達電,2025/12/12,945,948,929,938,"9,967"
2308 台達電,2025/12/11,970,976,945,945,"12,453"
2308 台達電,2025/12/10,973,978,965,968,"6,353"
2308 台達電,2025/12/9,976,980,966,971,"7,892"
2308 台達電,2025/12/8,985,993,970,979,"5,977"
2308 台達電,2025/12/5,998,"1,005",973,979,"9,899"
2308 台達電,2025/12/4,999,"1,005",991,999,"6,988"
2308 台達電,2025/12/3,997,"1,005",984,997,"12,779"
2308 台達電,2025/12/2,988,998,974,989,"20,318"
2308 台達電,2025/12/1,936,978,932,973,"17,532"
2308 台達電,2025/11/28,946,946,928,932,"8,363"
2308 台達電,2025/11/27,955,959,938,942,"8,820"
2308 台達電,2025/11/26,928,950,916,945,"11,426"
2308 台達電,2025/11/25,913,926,899,910,"10,504"
2308 台達電,2025/11/24,904,909,893,893,"18,856"
2308 台達電,2025/11/21,907,913,895,895,"17,544"
2308 台達電,2025/11/20,939,965,934,954,"16,670"
2308 台達電,2025/11/19,890,911,889,894,"12,208"
2308 台達電,2025/11/18,906,930,898,898,"13,615"
2308 台達電,2025/11/17,931,946,916,916,"11,523"
2308 台達電,2025/11/14,938,945,922,922,"19,610"
2308 台達電,2025/11/13,965,973,958,958,"11,148"
2308 台達電,2025/11/12,965,981,954,967,"14,451"
2308 台達電,2025/11/11,993,998,972,972,"11,380"
2308 台達電,2025/11/10,980,994,968,982,"11,544"
2308 台達電,2025/11/7,960,972,956,965,"9,673"
2308 台達電,2025/11/6,980,994,977,978,"10,520"
2308 台達電,2025/11/5,930,972,930,967,"18,127"
2308 台達電,2025/11/4,980,"1,010",975,975,"18,976"
2308 台達電,2025/11/3,992,"1,005",982,983,"16,545"
2308 台達電,2025/10/31,"1,000","1,015",990,995,"21,049"
2308 台達電,2025/10/30,"1,070","1,070","1,005","1,010","23,687"
2308 台達電,2025/10/29,"1,075","1,085","1,035","1,060","13,037"
2308 台達電,2025/10/28,"1,060","1,080","1,055","1,075","9,123"
2308 台達電,2025/10/27,"1,035","1,075","1,035","1,070","14,665"
2308 台達電,2025/10/23,"1,005","1,020","1,000","1,010","5,326"
2308 台達電,2025/10/22,"1,005","1,020","1,000","1,020","5,842"
2308 台達電,2025/10/21,"1,015","1,030","1,000","1,020","7,996"
2308 台達電,2025/10/20,998,"1,020",986,"1,015","12,374"
2308 台達電,2025/10/17,"1,005","1,050",996,999,"12,958"
2308 台達電,2025/10/16,"1,005","1,025","1,000","1,025","7,987"
2308 台達電,2025/10/15,"1,000","1,015",987,"1,015","13,304"
2308 台達電,2025/10/14,"1,050","1,060",990,992,"21,048"
2308 台達電,2025/10/13,968,"1,045",968,"1,030","24,052"
2308 台達電,2025/10/9,"1,000","1,005",986,999,"15,540"
2308 台達電,2025/10/8,963,985,962,981,"12,278"
2308 台達電,2025/10/7,942,995,941,987,"25,946"
2308 台達電,2025/10/3,900,944,895,942,"18,806"
2308 台達電,2025/10/2,893,910,893,894,"18,926"
2308 台達電,2025/10/1,870,878,860,871,"10,214"
2308 台達電,2025/9/30,852,888,851,854,"17,397"
2308 台達電,2025/9/26,867,869,837,848,"20,674"
2308 台達電,2025/9/25,886,903,883,884,"12,323"
2308 台達電,2025/9/24,888,893,866,891,"16,745"
2308 台達電,2025/9/23,913,917,890,893,"18,003"
2308 台達電,2025/9/22,880,915,880,907,"14,838"
2308 台達電,2025/9/19,894,909,885,888,"20,690"
2308 台達電,2025/9/18,837,899,837,892,"22,541"
2308 台達電,2025/9/17,840,853,831,836,"10,464"
2308 台達電,2025/9/16,833,841,821,841,"15,636"
2308 台達電,2025/9/15,842,848,829,836,"12,384"
2308 台達電,2025/9/12,834,854,834,837,"20,358"
2308 台達電,2025/9/11,825,853,825,831,"27,598"
2308 台達電,2025/9/10,807,844,806,837,"23,938"
2308 台達電,2025/9/9,729,798,728,784,"21,560"
2308 台達電,2025/9/8,745,745,726,726,"11,437"
2308 台達電,2025/9/5,720,726,711,726,"15,305"
2308 台達電,2025/9/4,689,705,685,691,"10,307"
2308 台達電,2025/9/3,683,687,675,680,"12,034"
2308 台達電,2025/9/2,698,704,678,685,"11,619"
2308 台達電,2025/9/1,706,724,678,688,"14,583"
2308 台達電,2025/8/29,709,718,705,711,"11,303"
2308 台達電,2025/8/28,717,717,705,709,"9,102"
2308 台達電,2025/8/27,690,730,687,720,"16,908"
2308 台達電,2025/8/26,675,685,672,685,"10,452"
2308 台達電,2025/8/25,680,685,667,676,"9,894"
2308 台達電,2025/8/22,668,672,658,664,"10,490"
2308 台達電,2025/8/21,620,655,619,648,"18,904"
2308 台達電,2025/8/20,628,657,624,625,"28,902"
2308 台達電,2025/8/19,683,691,660,661,"14,089"
2308 台達電,2025/8/18,690,695,681,688,"12,689"
2308 台達電,2025/8/15,670,695,669,686,"14,869"
2308 台達電,2025/8/14,667,675,663,670,"12,068"
2308 台達電,2025/8/13,665,681,662,675,"24,961"
2308 台達電,2025/8/12,642,649,636,642,"9,218"
2308 台達電,2025/8/11,635,643,628,638,"9,330"
2308 台達電,2025/8/8,626,637,626,637,"12,644"
2308 台達電,2025/8/7,623,633,618,623,"16,072"
2308 台達電,2025/8/6,607,632,605,621,"21,267"
2308 台達電,2025/8/5,600,636,600,632,"21,914"
2308 台達電,2025/8/4,579,594,578,593,"11,421"
2308 台達電,2025/8/1,558,597,556,588,"25,566"
2308 台達電,2025/7/31,581,582,561,567,"14,649"
2308 台達電,2025/7/30,528,533,520,530,"7,999"
2308 台達電,2025/7/29,520,529,516,525,"7,871"
2308 台達電,2025/7/28,524,529,520,522,"7,360"
2308 台達電,2025/7/25,512,518,508,517,"9,488"
2308 台達電,2025/7/24,515,519,508,518,"9,392"
2308 台達電,2025/7/23,517,527,517,520,"11,013"
2308 台達電,2025/7/22,515,533,508,513,"14,393"
2308 台達電,2025/7/21,513,517,511,515,"9,787"
2308 台達電,2025/7/18,499,509,499,509,"7,404"
2308 台達電,2025/7/17,494,503,490,499,"10,285"
2308 台達電,2025/7/16,500,513,495.5,500,"23,980"
2308 台達電,2025/7/15,483,496,480,494,"17,023"
2308 台達電,2025/7/14,478.5,482.5,472.5,473,"7,066"
2308 台達電,2025/7/11,471,491.5,471,483,"13,782"
2308 台達電,2025/7/10,458,485.5,458,482.5,"23,205"
2308 台達電,2025/7/9,442,452,440,451,"11,927"
2308 台達電,2025/7/8,450,455,446.5,451.5,"10,914"
2308 台達電,2025/7/7,452,458.5,448,450,"9,170"
2308 台達電,2025/7/4,451.5,461.5,450.5,457,"15,179"
2308 台達電,2025/7/3,431.5,460,431,459,"23,036"
2308 台達電,2025/7/2,421.5,434.5,421,429.5,"7,070"
2308 台達電,2025/7/1,417,432.5,417,428,"10,597"
2308 台達電,2025/6/30,420.5,425,413,413,"5,401"
2308 台達電,2025/6/27,421,426.5,419.5,424,"7,476"
2308 台達電,2025/6/26,422.5,424.5,418,420,"7,443"
2308 台達電,2025/6/25,420,428.5,420,423.5,"11,484"
2308 台達電,2025/6/24,402,418,402,417,"11,800"
2308 台達電,2025/6/23,396,403,396,400,"6,204"
2308 台達電,2025/6/20,402,406,398.5,400,"20,098"
2308 台達電,2025/6/19,400.5,408,400.5,404,"9,561"
2308 台達電,2025/6/18,395,402,394,400.5,"5,709"
2308 台達電,2025/6/17,395,398.5,393,395,"7,050"
2308 台達電,2025/6/16,391.0438,393.9913,389.57,393.5001,"5,098"
2308 台達電,2025/6/13,388.0962,395.4651,386.6224,391.0438,"6,341"
2308 台達電,2025/6/12,398.4127,398.4127,392.0263,392.5175,"4,870"
2308 台達電,2025/6/11,394.9738,396.9389,389.57,394.9738,"6,507"
2308 台達電,2025/6/10,391.0438,396.4476,391.0438,394.9738,"7,200"
2308 台達電,2025/6/9,390.5525,391.0438,386.1311,390.5525,"4,033"
2308 台達電,2025/6/6,388.0962,392.0263,385.6399,389.0787,"8,508"
2308 台達電,2025/6/5,388.0962,391.535,383.1836,391.0438,"11,531"
2308 台達電,2025/6/4,375.3234,382.2011,372.3758,382.2011,"11,792"
2308 台達電,2025/6/3,367.9545,379.2535,366.4807,372.8671,"14,297"
2308 台達電,2025/6/2,374.3409,374.3409,359.6031,361.0768,"5,974"
2308 台達電,2025/5/29,366.4807,374.8321,365.9894,367.4632,"13,156"
2308 台達電,2025/5/28,364.5157,366.972,360.5856,363.5331,"4,245"
2308 台達電,2025/5/27,361.5681,365.9894,358.6205,361.0768,"4,586"
2308 台達電,2025/5/26,367.4632,369.9195,363.0419,364.0244,"6,228"
2308 台達電,2025/5/23,371.3933,373.8496,365.4982,366.972,"5,335"
2308 台達電,2025/5/22,369.9195,376.7972,365.9894,371.3933,"7,088"
2308 台達電,2025/5/21,362.5506,372.3758,360.0943,371.8846,"6,573"
2308 台達電,2025/5/20,354.6904,362.0594,354.6904,359.1118,"4,476"
2308 台達電,2025/5/19,360.5856,362.5506,355.673,356.6555,"4,173"
2308 台達電,2025/5/16,360.5856,365.4982,357.638,364.5157,"4,417"
2308 台達電,2025/5/15,367.4632,369.4283,361.5681,364.0244,"5,816"
2308 台達電,2025/5/14,363.0419,368.4458,363.0419,365.4982,"10,240"
2308 台達電,2025/5/13,369.4283,371.3933,361.0768,361.5681,"7,787"
2308 台達電,2025/5/12,368.4458,368.937,361.5681,363.5331,"4,737"
2308 台達電,2025/5/9,370.9021,371.3933,364.0244,367.4632,"9,848"
2308 台達電,2025/5/8,356.6555,368.4458,356.1642,365.4982,"9,971"
2308 台達電,2025/5/7,353.7079,361.5681,353.2167,357.1467,"7,876"
2308 台達電,2025/5/6,348.7953,356.6555,346.8303,352.7254,"7,948"
2308 台達電,2025/5/5,357.638,357.638,346.339,351.7429,"10,878"
2308 台達電,2025/5/2,333.5662,349.7778,331.1099,347.8128,"13,425"
2308 台達電,2025/4/30,331.6012,332.5837,327.1798,327.6711,"8,648"
2308 台達電,2025/4/29,333.075,334.0575,326.1973,334.0575,"7,981"
2308 台達電,2025/4/28,337.005,337.9876,329.6361,334.5487,"6,350"
2308 台達電,2025/4/25,328.1623,333.5662,323.741,324.7235,"8,413"
2308 台達電,2025/4/24,326.1973,328.6536,318.8284,320.7934,"5,420"
2308 台達電,2025/4/23,310.9682,325.706,309.0032,323.741,"7,258"
2308 台達電,2025/4/22,303.108,311.4595,303.108,304.5818,"4,559"
2308 台達電,2025/4/21,310.9682,313.4245,304.0906,306.5469,"3,296"
2308 台達電,2025/4/18,310.477,314.407,309.4944,313.9158,"2,490"
2308 台達電,2025/4/17,308.0206,310.9682,301.6343,309.9857,"12,774"
2308 台達電,2025/4/16,319.3197,321.776,314.8983,314.8983,"7,393"
2308 台達電,2025/4/15,323.741,326.6886,318.3371,324.7235,"7,304"
2308 台達電,2025/4/14,343.3914,343.8827,322.2672,324.2323,"17,883"
2308 台達電,2025/4/11,301.143,329.1449,295.2479,329.1449,"22,276"
2308 台達電,2025/4/10,303.108,303.108,303.108,303.108,"3,756"
2308 台達電,2025/4/9,287.8789,299.1779,270.1936,275.5974,"17,454"
2308 台達電,2025/4/8,295.2479,305.5643,294.7566,299.6692,"28,828"
2308 台達電,2025/4/7,327.1798,327.1798,327.1798,327.1798,"2,702"
2308 台達電,2025/4/2,358.6205,366.972,357.638,363.0419,"3,560"
2308 台達電,2025/4/1,358.6205,365.0069,356.1642,364.5157,"6,303"
2308 台達電,2025/3/31,358.6205,363.0419,353.7079,353.7079,"9,089"
2308 台達電,2025/3/28,376.3059,379.7448,368.4458,369.9195,"9,839"
2308 台達電,2025/3/27,388.0962,388.0962,374.8321,385.1486,"5,235"
2308 台達電,2025/3/26,389.57,393.5001,387.1137,392.0263,"9,663"
2308 台達電,2025/3/25,385.6399,388.5875,383.6748,385.1486,"4,709"
2308 台達電,2025/3/24,393.0088,398.9039,385.1486,385.1486,"10,204"
2308 台達電,2025/3/21,385.6399,391.0438,383.1836,389.0787,"9,864"
2308 台達電,2025/3/20,384.1661,393.9913,384.1661,386.6224,"8,096"
2308 台達電,2025/3/19,391.0438,393.0088,383.6748,383.6748,"7,045"
2308 台達電,2025/3/18,386.1311,393.0088,385.6399,393.0088,"8,481"
2308 台達電,2025/3/17,378.271,389.0787,376.3059,387.1137,"12,188"
2308 台達電,2025/3/14,378.271,379.2535,370.4108,371.8846,"9,504"
2308 台達電,2025/3/13,385.6399,391.0438,381.2185,381.7098,"11,619"
2308 台達電,2025/3/12,365.0069,382.6923,365.0069,380.7273,"13,619"
2308 台達電,2025/3/11,365.4982,366.972,359.1118,364.0244,"9,688"
2308 台達電,2025/3/10,368.4458,374.3409,368.4458,368.937,"6,133"
2308 台達電,2025/3/7,374.8321,374.8321,368.4458,368.4458,"9,283"
2308 台達電,2025/3/6,374.8321,380.7273,373.8496,376.7972,"8,387"
2308 台達電,2025/3/5,372.3758,376.3059,370.9021,371.8846,"10,339"
2308 台達電,2025/3/4,378.271,380.236,366.4807,370.9021,"20,515"
2308 台達電,2025/3/3,390.0612,393.0088,383.1836,383.1836,"12,654"
2308 台達電,2025/2/27,387.1137,399.8865,387.1137,394.9738,"19,818"
2308 台達電,2025/2/26,385.1486,392.0263,384.1661,392.0263,"9,935"
2308 台達電,2025/2/25,382.6923,390.0612,382.6923,386.1311,"7,896"
2308 台達電,2025/2/24,384.6574,389.0787,382.6923,388.5875,"7,070"
2308 台達電,2025/2/21,379.7448,389.0787,379.7448,389.0787,"9,099"
2308 台達電,2025/2/20,385.6399,387.6049,383.1836,383.1836,"10,129"
2308 台達電,2025/2/19,379.2535,387.1137,379.2535,385.1486,"8,248"
2308 台達電,2025/2/18,394.9738,396.4476,383.6748,384.1661,"21,321"
2308 台達電,2025/2/17,393.0088,401.3602,393.0088,398.9039,"4,598"
2308 台達電,2025/2/14,394.9738,398.9039,393.0088,393.9913,"5,005"
2308 台達電,2025/2/13,393.9913,398.9039,393.5001,397.9214,"6,701"
2308 台達電,2025/2/12,395.9564,399.3952,393.9913,393.9913,"3,998"
2308 台達電,2025/2/11,397.9214,400.869,394.9738,394.9738,"6,933"
2308 台達電,2025/2/10,397.9214,402.3428,396.9389,397.4301,"5,455"
2308 台達電,2025/2/7,410.6942,411.1855,401.8515,407.7466,"4,903"
2308 台達電,2025/2/6,406.2728,410.2029,404.3078,409.7117,"8,942"
2308 台達電,2025/2/5,395.9564,402.834,395.9564,398.4127,"6,794"
2308 台達電,2025/2/4,394.4826,400.869,389.57,390.0612,"9,832"
2308 台達電,2025/2/3,393.0088,399.8865,387.6049,392.0263,"21,442"
2308 台達電,2025/1/22,416.5893,430.3446,416.5893,429.8534,"10,034"
2308 台達電,2025/1/21,417.5719,421.0107,411.1855,414.133,"6,714"
2308 台達電,2025/1/20,417.5719,423.9582,417.5719,419.5369,"4,795"
2308 台達電,2025/1/17,413.6418,418.5544,407.2554,414.6243,"6,581"
2308 台達電,2025/1/16,401.3602,417.0806,398.4127,411.1855,"9,885"
2308 台達電,2025/1/15,397.4301,399.3952,391.535,393.5001,"9,458"
2308 台達電,2025/1/14,402.834,405.2903,395.9564,402.834,"10,194"
2308 台達電,2025/1/13,406.2728,408.2379,393.0088,393.0088,"9,734"
2308 台達電,2025/1/10,412.6592,413.1505,408.7292,412.6592,"4,405"
2308 台達電,2025/1/9,420.5194,422.4845,409.7117,410.2029,"5,235"
2308 台達電,2025/1/8,432.8009,438.2048,418.0631,420.5194,"12,300"
2308 台達電,2025/1/7,417.5719,426.4145,416.0981,424.4495,"7,751"
2308 台達電,2025/1/6,414.6243,414.6243,407.7466,411.1855,"7,109"
2308 台達電,2025/1/3,412.168,414.6243,405.2903,406.7641,"9,851"
2308 台達電,2025/1/2,422.9757,428.8709,405.2903,409.7117,"11,380"
2308 台達電,2024/12/31,422.4845,425.9233,420.5194,422.9757,"3,753"
2308 台達電,2024/12/30,423.467,430.3446,421.9932,426.9058,"5,097"
2308 台達電,2024/12/27,418.5544,425.432,418.0631,423.9582,"3,192"
2308 台達電,2024/12/26,415.6068,420.5194,415.1155,420.5194,"2,595"
2308 台達電,2024/12/25,417.5719,419.5369,412.168,415.1155,"2,048"
2308 台達電,2024/12/24,413.6418,420.0282,412.6592,418.0631,"5,638"
2308 台達電,2024/12/23,412.6592,417.5719,409.7117,412.6592,"5,535"
2308 台達電,2024/12/20,400.869,410.2029,399.8865,404.7991,"9,115"
2308 台達電,2024/12/19,407.7466,412.168,405.7816,409.2204,"7,102"
2308 台達電,2024/12/18,407.2554,418.0631,407.2554,418.0631,"6,394"
2308 台達電,2024/12/17,411.1855,417.5719,408.7292,412.168,"8,484"
2308 台達電,2024/12/16,418.5544,421.9932,414.133,418.5544,"9,332"
2308 台達電,2024/12/13,414.133,424.9408,411.1855,415.6068,"15,401"
2308 台達電,2024/12/12,404.7991,413.6418,404.7991,409.7117,"9,736"
2308 台達電,2024/12/11,395.9564,410.6942,394.4826,407.2554,"13,688"
2308 台達電,2024/12/10,397.4301,397.4301,391.535,395.9564,"8,313"
2308 台達電,2024/12/9,392.0263,399.3952,391.0438,397.9214,"8,009"
2308 台達電,2024/12/6,382.2011,392.5175,382.2011,392.0263,"6,599"
2308 台達電,2024/12/5,389.57,391.535,384.6574,384.6574,"5,217"
2308 台達電,2024/12/4,386.1311,388.0962,383.1836,388.0962,"3,429"
2308 台達電,2024/12/3,384.1661,387.1137,383.1836,384.1661,"4,861"
2308 台達電,2024/12/2,379.2535,384.1661,379.2535,381.7098,"2,892"
2308 台達電,2024/11/29,369.9195,379.2535,367.9545,374.3409,"6,491"
2308 台達電,2024/11/28,379.2535,381.2185,371.8846,377.2884,"5,118"
2308 台達電,2024/11/27,379.2535,386.1311,379.2535,379.2535,"2,766"
2308 台達電,2024/11/26,384.1661,386.1311,380.7273,380.7273,"3,585"
2308 台達電,2024/11/25,390.0612,393.0088,386.6224,386.6224,"11,345"
2308 台達電,2024/11/22,379.2535,387.1137,379.2535,387.1137,"9,438"
2308 台達電,2024/11/21,373.3584,375.8147,369.4283,374.3409,"10,390"
2308 台達電,2024/11/20,382.2011,384.6574,377.7797,379.7448,"6,252"
2308 台達電,2024/11/19,378.271,381.2185,375.3234,381.2185,"5,237"
2308 台達電,2024/11/18,379.7448,382.2011,376.7972,379.7448,"4,289"
2308 台達電,2024/11/15,385.1486,386.6224,379.2535,379.2535,"5,194"
2308 台達電,2024/11/14,388.0962,388.5875,379.2535,382.2011,"7,491"
2308 台達電,2024/11/13,385.1486,390.0612,384.6574,386.6224,"6,338"
2308 台達電,2024/11/12,393.0088,401.8515,388.5875,390.0612,"12,787"
2308 台達電,2024/11/11,393.0088,394.9738,389.57,393.9913,"8,120"
2308 台達電,2024/11/8,393.0088,395.9564,391.0438,393.0088,"7,875"
2308 台達電,2024/11/7,395.9564,395.9564,390.0612,392.0263,"6,476"
2308 台達電,2024/11/6,389.0787,395.9564,388.0962,395.9564,"7,390"
2308 台達電,2024/11/5,385.1486,395.9564,384.1661,391.535,"5,889"
2308 台達電,2024/11/4,381.2185,388.0962,381.2185,388.0962,"8,853"
2308 台達電,2024/11/1,374.3409,389.0787,374.3409,383.6748,"13,680"
2308 台達電,2024/10/30,399.8865,400.3777,392.0263,396.9389,"15,484"
2308 台達電,2024/10/29,394.4826,398.9039,389.57,398.9039,"8,861"
2308 台達電,2024/10/28,396.9389,405.7816,394.4826,397.9214,"8,839"
2308 台達電,2024/10/25,386.1311,394.9738,386.1311,394.9738,"6,743"
2308 台達電,2024/10/24,388.0962,391.535,386.6224,386.6224,"5,462"
2308 台達電,2024/10/23,393.0088,394.4826,390.0612,391.535,"3,546"
2308 台達電,2024/10/22,393.0088,397.4301,389.0787,397.4301,"6,391"
2308 台達電,2024/10/21,395.9564,396.9389,390.5525,393.0088,"5,461"
2308 台達電,2024/10/18,390.0612,397.9214,388.0962,394.9738,"13,313"
2308 台達電,2024/10/17,387.6049,387.6049,378.7622,385.1486,"7,042"
2308 台達電,2024/10/16,386.1311,389.0787,380.236,382.2011,"9,668"
2308 台達電,2024/10/15,381.2185,393.5001,380.7273,391.535,"12,290"
2308 台達電,2024/10/14,369.9195,382.2011,369.9195,380.7273,"6,674"
2308 台達電,2024/10/11,374.3409,379.7448,371.8846,373.3584,"5,922"
2308 台達電,2024/10/9,380.236,380.7273,372.3758,374.8321,"9,432"
2308 台達電,2024/10/8,364.5157,375.3234,363.5331,375.3234,"10,805"
2308 台達電,2024/10/7,365.0069,370.9021,357.1467,365.9894,"16,223"
2308 台達電,2024/10/4,365.4982,369.9195,359.6031,359.6031,"19,998"
2308 台達電,2024/10/1,372.8671,381.2185,372.8671,377.7797,"5,988"
2308 台達電,2024/9/30,382.6923,388.0962,373.8496,373.8496,"8,858"
2308 台達電,2024/9/27,391.0438,396.9389,390.5525,393.0088,"10,223"
2308 台達電,2024/9/26,387.1137,392.0263,387.1137,389.0787,"7,688"
2308 台達電,2024/9/25,388.0962,394.4826,388.0962,391.0438,"8,739"
2308 台達電,2024/9/24,383.6748,390.0612,380.236,390.0612,"3,933"
2308 台達電,2024/9/23,385.6399,386.6224,382.2011,383.6748,"5,102"
2308 台達電,2024/9/20,388.0962,390.5525,380.236,380.236,"9,377"
2308 台達電,2024/9/19,375.8147,384.6574,375.8147,384.6574,"7,321"
2308 台達電,2024/9/18,374.3409,378.271,369.9195,373.3584,"9,165"
2308 台達電,2024/9/16,378.271,382.2011,374.3409,378.7622,"4,104"
2308 台達電,2024/9/13,385.6399,385.6399,375.3234,378.271,"4,880"
2308 台達電,2024/9/12,370.4108,382.6923,369.4283,382.2011,"9,317"
2308 台達電,2024/9/11,358.6205,362.5506,354.1992,358.1293,"8,514"
2308 台達電,2024/9/10,360.0943,365.0069,359.1118,362.5506,"7,432"
2308 台達電,2024/9/9,352.7254,359.6031,352.2341,356.1642,"9,876"
2308 台達電,2024/9/6,364.0244,370.4108,362.5506,368.937,"7,832"
2308 台達電,2024/9/5,368.4458,374.3409,362.0594,362.5506,"8,221"
2308 台達電,2024/9/4,365.9894,372.3758,357.638,365.4982,"13,226"
2308 台達電,2024/9/3,387.6049,390.0612,385.1486,385.6399,"6,066"
2308 台達電,2024/9/2,397.9214,397.9214,385.1486,387.6049,"7,413"
2308 台達電,2024/8/30,395.9564,398.4127,392.5175,392.5175,"10,063"
2308 台達電,2024/8/29,387.1137,393.0088,385.6399,390.5525,"3,944"
2308 台達電,2024/8/28,393.0088,393.5001,387.6049,393.5001,"3,159"
2308 台達電,2024/8/27,384.1661,393.0088,383.6748,393.0088,"3,192"
2308 台達電,2024/8/26,397.9214,400.869,387.1137,388.0962,"6,503"
2308 台達電,2024/8/23,393.0088,395.9564,389.57,394.9738,"4,649"
2308 台達電,2024/8/22,393.0088,396.4476,392.5175,394.9738,"4,430"
2308 台達電,2024/8/21,392.0263,399.8865,390.0612,393.0088,"11,486"
2308 台達電,2024/8/20,400.869,404.7991,394.9738,395.4651,"5,780"
2308 台達電,2024/8/19,399.8865,403.3253,396.9389,397.4301,"6,665"
2308 台達電,2024/8/16,408.7292,409.7117,401.8515,403.8165,"9,200"
2308 台達電,2024/8/15,406.2728,406.2728,398.9039,401.8515,"7,347"
2308 台達電,2024/8/14,397.9214,405.2903,395.4651,401.8515,"9,198"
2308 台達電,2024/8/13,398.4127,398.9039,389.0787,392.5175,"6,290"
2308 台達電,2024/8/12,396.9389,399.8865,388.0962,392.0263,"13,576"
2308 台達電,2024/8/9,376.7972,390.5525,376.7972,380.7273,"15,005"
2308 台達電,2024/8/8,373.3584,379.7448,366.972,370.4108,"14,078"
2308 台達電,2024/8/7,368.4458,382.2011,366.972,372.8671,"15,361"
2308 台達電,2024/8/6,363.5331,370.4108,340.9351,366.4807,"23,043"
2308 台達電,2024/8/5,344.8652,353.7079,344.8652,344.8652,"22,994"
2308 台達電,2024/8/2,385.6399,397.9214,382.2011,383.1836,"21,987"
2308 台達電,2024/8/1,415.6068,419.5369,407.7466,416.5893,"22,778"
2308 台達電,2024/7/31,395.9564,410.6942,393.0088,407.2554,"18,238"
2308 台達電,2024/7/30,389.0787,393.0088,382.2011,393.0088,"9,224"
2308 台達電,2024/7/29,390.5525,397.9214,386.1311,389.0787,"12,622"
2308 台達電,2024/7/26,364.5157,383.1836,362.5506,381.2185,"17,065"
2308 台達電,2024/7/23,373.3584,384.1661,371.8846,382.6923,"10,434"
2308 台達電,2024/7/22,387.6049,389.0787,365.4982,366.972,"17,362"
2308 台達電,2024/7/19,389.0787,395.9564,386.6224,392.0263,"9,944"
2308 台達電,2024/7/18,392.0263,397.9214,389.0787,394.4826,"12,856"
2308 台達電,2024/7/17,402.834,407.7466,399.8865,403.8165,"8,443"
2308 台達電,2024/7/16,400.869,410.2029,400.869,405.2903,"9,332"
2308 台達電,2024/7/15,413.6418,416.5893,404.7991,407.7466,"10,193"
2308 台達電,2024/7/12,416.0981,420.5194,412.6592,414.6243,"11,872"
2308 台達電,2024/7/11,413.1505,427.3971,409.2204,426.4145,"15,021"
2308 台達電,2024/7/10,405.2903,415.1155,402.834,413.1505,"17,336"
2308 台達電,2024/7/9,393.0088,405.7816,389.0787,402.834,"20,885"
2308 台達電,2024/7/8,378.7622,396.9389,378.271,394.9738,"20,071"
2308 台達電,2024/7/5,378.271,385.6399,377.2884,380.236,"11,967"
2308 台達電,2024/7/4,375.3234,381.2185,372.8671,375.3234,"8,523"
2308 台達電,2024/7/3,376.3059,379.2535,370.4108,372.8671,"10,939"
2308 台達電,2024/7/2,377.2884,381.7098,375.3234,376.3059,"10,649"
2308 台達電,2024/7/1,381.7098,389.0787,378.271,383.6748,"8,321"
2308 台達電,2024/6/28,381.2185,389.0787,380.236,380.7273,"14,760"
2308 台達電,2024/6/27,376.3059,380.7273,374.3409,379.7448,"8,337"
2308 台達電,2024/6/26,380.236,385.6399,376.7972,378.271,"14,089"
2308 台達電,2024/6/25,368.4458,384.6574,363.0419,380.236,"19,788"
2308 台達電,2024/6/24,371.3933,375.3234,365.9894,369.9195,"15,147"
2308 台達電,2024/6/21,360.5856,380.7273,356.6555,376.3059,"29,038"
2308 台達電,2024/6/20,362.0594,364.5157,357.638,363.0419,"16,308"
2308 台達電,2024/6/19,351.7429,364.5157,350.2691,360.5856,"27,860"
2308 台達電,2024/6/18,339.4614,345.3565,337.4963,341.9177,"11,262"
2308 台達電,2024/6/17,345.7999,349.6582,336.6364,339.5301,"15,327"
2308 台達電,2024/6/14,344.353,344.8353,337.601,340.977,"9,885"
2308 台達電,2024/6/13,335.6718,341.4593,329.4021,340.977,"15,171"
2308 台達電,2024/6/12,330.3667,339.0479,330.3667,331.8135,"10,689"
2308 台達電,2024/6/11,323.1324,330.849,320.2387,328.4375,"11,222"
2308 台達電,2024/6/7,330.849,332.7781,326.9907,332.7781,"8,054"
2308 台達電,2024/6/6,339.0479,339.5301,331.3313,332.7781,"10,532"
2308 台達電,2024/6/5,325.5438,334.7073,324.5792,333.7427,"13,412"
2308 台達電,2024/6/4,329.8844,332.7781,322.1678,324.5792,"11,530"
2308 台達電,2024/6/3,320.7209,327.9553,316.8626,325.0615,"9,228"
2308 台達電,2024/5/31,320.2387,322.6501,312.5221,313.4866,"20,660"
2308 台達電,2024/5/30,323.6147,324.097,318.3095,318.3095,"9,934"
2308 台達電,2024/5/29,331.3313,338.5656,328.4375,329.4021,"10,778"
2308 台達電,2024/5/28,340.4947,341.4593,333.7427,334.225,"14,892"
2308 台達電,2024/5/27,320.2387,336.1541,319.2741,333.7427,"18,759"
2308 台達電,2024/5/24,315.4158,320.7209,313.4866,316.3804,"7,969"
2308 台達電,2024/5/23,315.8981,323.1324,313.9689,317.8272,"11,364"
2308 台達電,2024/5/22,309.6283,317.3449,307.6992,315.8981,"8,933"
2308 台達電,2024/5/21,307.2169,311.0752,306.7346,307.2169,"3,563"
2308 台達電,2024/5/20,311.0752,312.5221,305.77,306.7346,"8,024"
2308 台達電,2024/5/17,308.6638,314.4512,307.6992,311.0752,"6,882"
2308 台達電,2024/5/16,310.5929,312.5221,307.6992,308.6638,"4,671"
2308 台達電,2024/5/15,307.6992,312.5221,306.2523,307.6992,"6,514"
2308 台達電,2024/5/14,306.7346,308.6638,303.8409,304.8055,"4,012"
2308 台達電,2024/5/13,304.8055,306.7346,302.394,305.2878,"7,197"
2308 台達電,2024/5/10,310.1106,312.0398,306.7346,307.6992,"6,730"
2308 台達電,2024/5/9,308.6638,314.9335,308.6638,311.5575,"4,651"
2308 台達電,2024/5/8,313.4866,314.9335,308.6638,309.6283,"5,600"
2308 台達電,2024/5/7,311.0752,314.9335,308.6638,314.4512,"6,600"
2308 台達電,2024/5/6,324.097,324.097,308.1815,310.5929,"13,564"
2308 台達電,2024/5/3,308.1815,321.6855,307.6992,315.8981,"22,135"
2308 台達電,2024/5/2,298.5357,302.394,294.1952,298.5357,"12,421"
2308 台達電,2024/4/30,308.6638,314.4512,306.7346,309.1461,"9,318"
2308 台達電,2024/4/29,309.1461,312.0398,305.77,309.6283,"12,177"
2308 台達電,2024/4/26,298.0534,307.6992,293.2306,303.8409,"13,740"
2308 台達電,2024/4/25,292.266,299.9826,290.3369,295.1597,"10,024"
2308 台達電,2024/4/24,289.3723,294.1952,287.9254,293.2306,"6,575"
2308 台達電,2024/4/23,292.266,293.7129,284.5494,286.9608,"7,971"
2308 台達電,2024/4/22,289.8546,292.266,283.5848,289.3723,"7,920"
2308 台達電,2024/4/19,294.1952,299.9826,284.5494,287.9254,"14,118"
2308 台達電,2024/4/18,289.3723,301.4295,287.9254,298.0534,"14,051"
2308 台達電,2024/4/17,286.9608,290.3369,284.0671,289.8546,"10,465"
2308 台達電,2024/4/16,294.1952,295.1597,282.138,282.6203,"17,314"
2308 台達電,2024/4/15,300.9472,302.394,296.6066,297.0889,"9,895"
2308 台達電,2024/4/12,305.77,310.5929,304.8055,305.77,"8,473"
2308 台達電,2024/4/11,312.0398,312.5221,304.3232,308.1815,"14,689"
2308 台達電,2024/4/10,322.6501,324.097,316.3804,316.3804,"6,887"
2308 台達電,2024/4/9,323.1324,325.5438,318.3095,322.1678,"5,702"
2308 台達電,2024/4/8,324.097,329.4021,320.7209,322.1678,"10,923"
2308 台達電,2024/4/3,320.2387,323.1324,319.2741,320.2387,"6,394"
2308 台達電,2024/4/2,322.6501,327.473,317.3449,326.0261,"9,009"
2308 台達電,2024/4/1,331.3313,333.7427,321.2032,322.6501,"12,508"
2308 台達電,2024/3/29,334.225,340.977,328.4375,328.9198,"12,641"
2308 台達電,2024/3/28,326.9907,334.7073,326.5084,330.3667,"9,263"
2308 台達電,2024/3/27,336.6364,339.5301,325.5438,329.4021,"13,583"
2308 台達電,2024/3/26,337.601,339.5301,326.9907,331.3313,"22,597"
2308 台達電,2024/3/25,349.1759,352.0696,338.0833,340.0124,"21,460"
2308 台達電,2024/3/22,335.6718,352.0696,335.1896,345.3176,"67,165"
2308 台達電,2024/3/21,305.77,326.0261,305.77,326.0261,"35,792"
2308 台達電,2024/3/20,308.6638,312.0398,303.3586,304.8055,"13,863"
2308 台達電,2024/3/19,292.7483,310.5929,292.7483,308.6638,"20,822"
2308 台達電,2024/3/18,293.2306,295.642,292.266,295.1597,"6,387"
2308 台達電,2024/3/15,296.1243,297.5712,290.8191,292.266,"13,079"
2308 台達電,2024/3/14,305.2878,305.2878,298.5357,299.5003,"9,446"
2308 台達電,2024/3/13,305.2878,306.2523,301.4295,303.3586,"13,767"
2308 台達電,2024/3/12,299.018,306.2523,298.0534,301.4295,"12,016"
2308 台達電,2024/3/11,301.4295,301.9117,293.2306,297.0889,"13,046"
2308 台達電,2024/3/8,285.9963,303.3586,285.9963,300.9472,"35,531"
2308 台達電,2024/3/7,285.9963,289.3723,285.514,286.4786,"10,244"
2308 台達電,2024/3/6,279.7265,285.9963,278.762,284.5494,"8,373"
2308 台達電,2024/3/5,281.6557,283.5848,278.762,280.2088,"10,178"
2308 台達電,2024/3/4,284.5494,286.4786,283.1025,283.1025,"16,757"
2308 台達電,2024/3/1,284.5494,285.0317,280.6911,283.1025,"5,261"
2308 台達電,2024/2/29,277.7974,284.0671,276.8328,284.0671,"8,897"
2308 台達電,2024/2/27,283.1025,283.5848,277.3151,278.762,"8,126"
2308 台達電,2024/2/26,281.1734,284.5494,280.6911,284.5494,"3,863"
2308 台達電,2024/2/23,283.5848,284.5494,281.6557,282.138,"9,220"
2308 台達電,2024/2/22,280.6911,283.5848,280.6911,283.1025,"4,660"
2308 台達電,2024/2/21,278.762,281.1734,278.2797,280.6911,"5,320"
2308 台達電,2024/2/20,280.2088,283.1025,280.2088,282.138,"4,407"
2308 台達電,2024/2/19,282.6203,284.5494,280.6911,281.6557,"5,961"
2308 台達電,2024/2/16,275.8682,282.138,275.8682,281.1734,"9,407"
2308 台達電,2024/2/15,283.1025,283.1025,272.0099,274.4214,"19,721"
2308 台達電,2024/2/5,273.4568,278.2797,272.4922,277.3151,"6,106"
2308 台達電,2024/2/2,276.8328,278.762,275.8682,275.8682,"5,289"
2308 台達電,2024/2/1,272.0099,274.9037,271.5277,274.9037,"7,066"
2308 台達電,2024/1/31,272.0099,273.9391,270.0808,270.0808,"13,287"
2308 台達電,2024/1/30,278.762,280.6911,275.8682,275.8682,"8,746"
2308 台達電,2024/1/29,279.2443,282.6203,277.7974,282.6203,"5,073"
2308 台達電,2024/1/26,271.5277,279.7265,271.5277,277.3151,"5,561"
2308 台達電,2024/1/25,275.8682,278.2797,273.9391,273.9391,"9,581"
2308 台達電,2024/1/24,284.5494,284.5494,278.762,278.762,"6,045"
2308 台達電,2024/1/23,282.6203,283.5848,280.6911,283.1025,"8,586"
2308 台達電,2024/1/22,277.7974,282.138,277.3151,280.6911,"12,166"
2308 台達電,2024/1/19,269.1162,275.8682,269.1162,274.9037,"8,464"
2308 台達電,2024/1/18,269.5985,271.5277,266.7048,267.1871,"11,575"
2308 台達電,2024/1/17,273.9391,275.8682,269.5985,269.5985,"17,889"
2308 台達電,2024/1/16,282.138,282.138,278.2797,279.2443,"12,909"
2308 台達電,2024/1/15,286.4786,287.4431,282.6203,285.0317,"4,713"
2308 台達電,2024/1/12,282.138,284.0671,280.6911,283.1025,"4,737"
2308 台達電,2024/1/11,279.7265,284.5494,279.7265,282.6203,"7,819"
2308 台達電,2024/1/10,280.2088,283.1025,277.3151,280.6911,"13,200"
2308 台達電,2024/1/9,296.1243,296.6066,285.0317,285.0317,"13,315"
2308 台達電,2024/1/8,295.1597,298.0534,294.6774,295.1597,"2,762"
2308 台達電,2024/1/5,293.7129,297.0889,293.2306,293.7129,"3,836"
2308 台達電,2024/1/4,293.2306,294.6774,292.7483,293.2306,"2,746"
2308 台達電,2024/1/3,297.0889,297.5712,292.266,293.7129,"5,343"
2308 台達電,2024/1/2,299.9826,301.4295,298.0534,299.018,"4,352"
2308 台達電,2023/12/29,300.9472,302.394,299.5003,302.394,"3,842"
2308 台達電,2023/12/28,302.8763,303.3586,300.9472,301.9117,"4,667"
2308 台達電,2023/12/27,300.9472,302.394,300.4649,301.9117,"4,800"
2308 台達電,2023/12/26,297.5712,300.4649,296.1243,299.5003,"4,875"
2308 台達電,2023/12/25,295.642,297.0889,293.7129,295.642,"1,846"
2308 台達電,2023/12/22,294.6774,297.5712,294.1952,294.6774,"2,996"
2308 台達電,2023/12/21,293.7129,294.1952,291.7837,292.7483,"2,449"
2308 台達電,2023/12/20,293.2306,296.1243,292.7483,294.6774,"5,045"
2308 台達電,2023/12/19,296.1243,296.1243,291.3014,291.7837,"5,833"
2308 台達電,2023/12/18,299.9826,301.9117,296.1243,296.1243,"6,258"
2308 台達電,2023/12/15,302.8763,305.77,299.5003,301.9117,"13,196"
2308 台達電,2023/12/14,294.1952,297.0889,293.2306,294.6774,"5,852"
2308 台達電,2023/12/13,289.3723,292.266,289.3723,292.266,"7,624"
2308 台達電,2023/12/12,296.1243,298.0534,289.3723,290.3369,"10,905"
2308 台達電,2023/12/11,299.5003,302.8763,297.5712,299.5003,"4,677"
2308 台達電,2023/12/8,302.394,302.8763,300.4649,301.4295,"3,044"
2308 台達電,2023/12/7,298.0534,301.9117,298.0534,299.9826,"3,319"
2308 台達電,2023/12/6,299.9826,304.3232,298.5357,299.018,"4,444"
2308 台達電,2023/12/5,303.3586,305.2878,299.018,299.5003,"8,713"
2308 台達電,2023/12/4,308.1815,310.1106,305.77,309.1461,"3,983"
2308 台達電,2023/12/1,304.8055,308.6638,302.394,308.1815,"4,192"
2308 台達電,2023/11/30,308.6638,308.6638,303.8409,305.2878,"9,905"
2308 台達電,2023/11/29,311.0752,311.0752,304.8055,305.77,"6,196"
2308 台達電,2023/11/28,302.394,309.1461,299.5003,307.2169,"7,415"
2308 台達電,2023/11/27,304.8055,306.2523,302.394,303.3586,"4,202"
2308 台達電,2023/11/24,306.2523,310.1106,304.3232,305.2878,"7,526"
2308 台達電,2023/11/23,298.0534,302.8763,297.0889,301.4295,"4,653"
2308 台達電,2023/11/22,296.1243,299.5003,296.1243,296.6066,"3,791"
2308 台達電,2023/11/21,297.0889,299.9826,295.642,299.5003,"5,914"
2308 台達電,2023/11/20,292.7483,297.0889,292.266,295.1597,"4,077"
2308 台達電,2023/11/17,293.2306,297.0889,293.2306,294.1952,"4,081"
2308 台達電,2023/11/16,293.7129,299.018,293.2306,294.1952,"5,414"
2308 台達電,2023/11/15,294.1952,298.0534,290.8191,295.642,"9,067"
2308 台達電,2023/11/14,285.0317,290.3369,285.0317,288.89,"6,291"
2308 台達電,2023/11/13,290.8191,293.7129,288.89,288.89,"4,114"
2308 台達電,2023/11/10,289.3723,293.7129,289.3723,292.7483,"6,727"
2308 台達電,2023/11/9,289.3723,292.7483,289.3723,291.3014,"5,990"
2308 台達電,2023/11/8,288.4077,292.266,287.9254,290.3369,"7,049"
2308 台達電,2023/11/7,295.1597,296.6066,294.1952,295.1597,"4,671"
2308 台達電,2023/11/6,298.0534,301.4295,296.6066,297.0889,"10,003"
2308 台達電,2023/11/3,289.8546,295.1597,287.9254,293.2306,"9,217"
2308 台達電,2023/11/2,280.2088,288.89,280.2088,287.9254,"11,188"
2308 台達電,2023/11/1,279.7265,281.1734,274.9037,276.8328,"10,773"
2308 台達電,2023/10/31,284.5494,287.9254,279.2443,280.2088,"9,094"
2308 台達電,2023/10/30,282.6203,286.4786,282.6203,284.5494,"5,094"
2308 台達電,2023/10/27,286.4786,290.8191,284.0671,284.5494,"7,990"
2308 台達電,2023/10/26,289.3723,292.266,287.4431,287.4431,"9,253"
2308 台達電,2023/10/25,297.0889,298.5357,292.266,294.6774,"8,432"
2308 台達電,2023/10/24,299.018,299.018,293.2306,297.0889,"8,010"
2308 台達電,2023/10/23,298.0534,300.9472,297.0889,298.5357,"4,180"
2308 台達電,2023/10/20,300.9472,301.4295,296.6066,298.0534,"15,030"
2308 台達電,2023/10/19,302.394,307.2169,299.5003,306.2523,"5,761"
2308 台達電,2023/10/18,308.6638,310.1106,306.2523,306.2523,"5,822"
2308 台達電,2023/10/17,315.4158,316.8626,310.1106,310.1106,"4,214"
2308 台達電,2023/10/16,313.4866,316.3804,313.0044,313.4866,"5,236"
2308 台達電,2023/10/13,322.1678,322.1678,316.3804,316.8626,"7,698"
2308 台達電,2023/10/12,326.9907,327.473,323.1324,324.097,"5,609"
2308 台達電,2023/10/11,325.5438,329.4021,324.097,326.5084,"8,932"
2308 台達電,2023/10/6,326.9907,327.9553,325.5438,325.5438,"3,328"
2308 台達電,2023/10/5,326.0261,329.4021,324.5792,326.0261,"6,274"
2308 台達電,2023/10/4,320.2387,323.6147,315.4158,321.2032,"5,928"
2308 台達電,2023/10/3,326.0261,330.3667,322.6501,324.5792,"8,611"
2308 台達電,2023/10/2,314.4512,326.5084,314.4512,323.6147,"6,821"
2308 台達電,2023/9/28,314.4512,318.7918,311.5575,313.0044,"5,702"
2308 台達電,2023/9/27,311.5575,313.4866,309.6283,311.5575,"8,034"
2308 台達電,2023/9/26,318.7918,321.2032,314.9335,314.9335,"7,176"
2308 台達電,2023/9/25,319.2741,325.5438,318.3095,324.5792,"8,180"
2308 台達電,2023/9/22,309.6283,317.3449,308.6638,316.8626,"4,295"
2308 台達電,2023/9/21,317.8272,317.8272,309.6283,313.4866,"8,086"
2308 台達電,2023/9/20,317.8272,322.1678,314.9335,318.7918,"4,440"
2308 台達電,2023/9/19,320.2387,321.2032,316.3804,318.7918,"4,941"
2308 台達電,2023/9/18,324.097,325.0615,318.7918,318.7918,"5,235"
2308 台達電,2023/9/15,324.5792,330.3667,322.1678,327.9553,"6,571"
2308 台達電,2023/9/14,322.6501,327.473,321.6855,326.0261,"7,947"
2308 台達電,2023/9/13,321.2032,322.6501,316.8626,319.7564,"5,152"
2308 台達電,2023/9/12,318.3095,322.1678,318.3095,320.7209,"5,045"
2308 台達電,2023/9/11,327.9553,328.4375,318.3095,319.7564,"6,774"
2308 台達電,2023/9/8,329.8844,331.8135,327.9553,327.9553,"3,633"
2308 台達電,2023/9/7,331.3313,334.225,329.4021,330.849,"5,077"
2308 台達電,2023/9/6,337.601,337.601,332.7781,332.7781,"6,886"
2308 台達電,2023/9/5,335.6718,336.6364,333.7427,336.1541,"3,577"
2308 台達電,2023/9/4,335.1896,338.5656,330.849,333.7427,"4,043"
2308 台達電,2023/9/1,336.6364,336.6364,330.849,333.7427,"3,694"
2308 台達電,2023/8/31,330.3667,335.6718,330.3667,333.7427,"6,097"
2308 台達電,2023/8/30,337.601,338.0833,333.7427,334.225,"4,471"
2308 台達電,2023/8/29,329.4021,334.225,328.4375,334.225,"5,281"
2308 台達電,2023/8/28,332.7781,333.2604,326.9907,330.3667,"4,626"
2308 台達電,2023/8/25,339.5301,339.5301,333.2604,333.2604,"5,178"
2308 台達電,2023/8/24,339.5301,344.8353,338.0833,344.353,"8,545"
2308 台達電,2023/8/23,337.1187,338.0833,332.2958,335.6718,"3,854"
2308 台達電,2023/8/22,334.225,337.1187,332.2958,337.1187,"5,250"
2308 台達電,2023/8/21,330.3667,332.7781,326.9907,330.849,"3,974"
2308 台達電,2023/8/18,333.7427,335.1896,323.1324,329.4021,"9,967"
2308 台達電,2023/8/17,335.1896,337.601,331.3313,335.6718,"8,065"
2308 台達電,2023/8/16,336.6364,339.5301,336.1541,337.601,"5,789"
2308 台達電,2023/8/15,343.3884,348.6936,337.601,339.0479,"8,269"
2308 台達電,2023/8/14,339.0479,340.977,335.6718,338.0833,"5,574"
2308 台達電,2023/8/11,339.5301,346.2822,339.5301,344.353,"7,296"
2308 台達電,2023/8/10,341.4593,344.353,332.7781,339.0479,"8,225"
2308 台達電,2023/8/9,345.3176,347.2467,342.4239,344.8353,"4,241"
2308 台達電,2023/8/8,352.0696,352.5519,344.8353,347.729,"5,077"
2308 台達電,2023/8/7,353.5165,357.8571,350.1405,350.6227,"9,357"
2308 台達電,2023/8/4,337.601,350.6227,337.601,348.6936,"10,975"
2308 台達電,2023/8/2,361.7154,368.4674,345.3176,348.2113,"25,265"
2308 台達電,2023/8/1,363.6445,368.4674,349.1759,359.3039,"16,914"
2308 台達電,2023/7/31,361.2331,374.7371,349.6582,352.5519,"23,859"
2308 台達電,2023/7/28,342.4239,355.4456,339.5301,353.5165,"7,813"
2308 台達電,2023/7/27,345.3176,351.105,344.8353,345.7999,"4,462"
2308 台達電,2023/7/26,349.6582,354.9633,347.729,347.729,"4,797"
2308 台達電,2023/7/25,350.1405,357.3748,350.1405,351.105,"10,658"
2308 台達電,2023/7/24,344.353,349.1759,340.4947,348.2113,"6,395"
2308 台達電,2023/7/21,337.601,349.1759,333.7427,346.7645,"7,315"
2308 台達電,2023/7/20,345.3176,346.2822,343.8707,343.8707,"3,254"
2308 台達電,2023/7/19,353.9988,357.8571,342.9062,344.353,"8,698"
2308 台達電,2023/7/18,356.8925,363.1622,350.1405,352.5519,"7,996"
2308 台達電,2023/7/17,353.9988,357.3748,351.5873,355.4456,"6,087"
2308 台達電,2023/7/14,356.8925,359.3039,348.2113,354.9633,"10,209"
2308 台達電,2023/7/13,354.9633,369.9142,353.9988,357.3748,"14,699"
2308 台達電,2023/7/12,349.1759,354.9633,346.7645,350.1405,"7,463"
2308 台達電,2023/7/11,340.4947,348.6936,339.5301,346.7645,"8,013"
2308 台達電,2023/7/10,340.0124,341.9416,333.7427,336.1541,"5,654"
2308 台達電,2023/7/7,334.7073,339.5301,334.225,335.6718,"8,628"
2308 台達電,2023/7/6,346.2822,348.2113,340.0124,341.4593,"12,127"
2308 台達電,2023/7/5,351.105,356.4102,350.1405,353.0342,"7,940"
2308 台達電,2023/7/4,351.5873,357.3748,345.3176,353.9988,"10,778"
2308 台達電,2023/7/3,334.7073,353.0342,332.7781,349.6582,"14,820"
2308 台達電,2023/6/30,328.4375,332.7781,327.473,332.2958,"7,880"
2308 台達電,2023/6/29,328.0957,332.7828,326.2209,327.627,"7,963"
2308 台達電,2023/6/28,328.0957,328.0957,324.3461,325.2835,"5,813"
2308 台達電,2023/6/27,324.3461,331.3767,323.4087,323.4087,"10,050"
2308 台達電,2023/6/26,325.7522,335.5951,324.3461,326.2209,"18,423"
2308 台達電,2023/6/21,345.438,346.3754,337.9386,341.2196,"15,108"
2308 台達電,2023/6/20,347.7815,351.0624,345.438,345.9067,"12,861"
2308 台達電,2023/6/19,344.0318,354.3434,340.7509,351.9999,"13,652"
2308 台達電,2023/6/16,351.5312,360.9053,347.7815,348.2502,"29,044"
2308 台達電,2023/6/15,339.3447,349.6563,335.5951,346.8441,"22,801"
2308 台達電,2023/6/14,325.2835,334.189,324.3461,330.908,"20,295"
2308 台達電,2023/6/13,320.5964,326.2209,314.0345,321.5338,"18,463"
2308 台達電,2023/6/12,306.5352,321.5338,305.129,314.9719,"16,288"
2308 台達電,2023/6/9,307.4726,307.9413,302.7855,302.7855,"7,441"
2308 台達電,2023/6/8,310.2848,310.2848,302.7855,304.6603,"10,271"
2308 台達電,2023/6/7,299.0358,308.8787,298.0984,307.9413,"13,324"
2308 台達電,2023/6/6,298.5671,299.5045,295.7549,296.2236,"5,708"
2308 台達電,2023/6/5,299.0358,299.9733,296.2236,299.5045,"7,620"
2308 台達電,2023/6/2,292.9426,296.6923,291.0678,295.2862,"9,424"
2308 台達電,2023/6/1,296.6923,297.6297,292.4739,296.6923,"5,432"
2308 台達電,2023/5/31,299.9733,299.9733,292.9426,296.6923,"11,194"
2308 台達電,2023/5/30,294.3488,295.7549,292.4739,294.3488,"5,520"
2308 台達電,2023/5/29,303.7229,303.7229,294.8175,295.7549,"7,553"
2308 台達電,2023/5/26,293.4113,299.9733,291.5365,298.0984,"14,899"
2308 台達電,2023/5/25,285.912,289.6617,284.0372,288.7243,"7,524"
2308 台達電,2023/5/24,283.0998,285.912,282.1623,285.912,"3,214"
2308 台達電,2023/5/23,285.912,286.3807,282.6311,283.5685,"3,739"
2308 台達電,2023/5/22,286.3807,287.3181,283.0998,286.3807,"3,623"
2308 台達電,2023/5/19,289.6617,290.1304,285.912,287.3181,"6,389"
2308 台達電,2023/5/18,287.7868,290.1304,286.8494,287.3181,"7,760"
2308 台達電,2023/5/17,284.0372,286.8494,283.0998,285.912,"6,923"
2308 台達電,2023/5/16,281.6936,283.0998,279.3501,281.6936,"4,067"
2308 台達電,2023/5/15,276.5378,283.5685,276.5378,281.6936,"4,193"
2308 台達電,2023/5/12,277.4753,279.3501,274.663,278.8814,"5,086"
2308 台達電,2023/5/11,281.2249,282.6311,277.944,278.4127,"3,547"
2308 台達電,2023/5/10,287.7868,287.7868,281.2249,282.6311,"3,349"
2308 台達電,2023/5/9,286.3807,287.7868,284.0372,284.9746,"3,173"
2308 台達電,2023/5/8,284.9746,287.3181,283.0998,286.3807,"4,119"
2308 台達電,2023/5/5,282.1623,284.5059,280.2875,284.0372,"4,195"
2308 台達電,2023/5/4,280.7562,286.3807,280.2875,284.9746,"5,777"
2308 台達電,2023/5/3,281.2249,281.6936,278.4127,279.8188,"3,169"
2308 台達電,2023/5/2,283.0998,284.0372,276.5378,279.3501,"9,789"
2308 台達電,2023/4/28,280.2875,281.2249,277.0066,281.2249,"7,434"
2308 台達電,2023/4/27,276.5378,280.2875,275.6004,277.0066,"5,594"
2308 台達電,2023/4/26,278.4127,278.4127,271.8508,275.6004,"11,607"
2308 台達電,2023/4/25,284.9746,286.8494,277.0066,278.4127,"7,313"
2308 台達電,2023/4/24,281.2249,283.5685,279.3501,283.5685,"3,327"
2308 台達電,2023/4/21,286.8494,289.193,282.1623,284.0372,"7,302"
2308 台達電,2023/4/20,290.5991,291.0678,285.912,287.3181,"5,392"
2308 台達電,2023/4/19,288.7243,291.0678,285.4433,286.3807,"7,330"
2308 台達電,2023/4/18,293.4113,293.4113,287.7868,288.2555,"5,328"
2308 台達電,2023/4/17,295.7549,295.7549,288.7243,290.5991,"7,912"
2308 台達電,2023/4/14,284.5059,303.2542,284.5059,294.8175,"21,809"
2308 台達電,2023/4/13,281.2249,282.1623,278.8814,281.6936,"5,037"
2308 台達電,2023/4/12,283.0998,283.5685,278.4127,279.8188,"4,240"
2308 台達電,2023/4/11,277.944,281.2249,276.0691,280.2875,"5,497"
2308 台達電,2023/4/10,275.6004,277.4753,275.6004,276.5378,"2,585"
2308 台達電,2023/4/7,275.6004,277.944,274.1943,275.6004,"3,682"
2308 台達電,2023/4/6,276.5378,277.944,274.663,276.0691,"7,698"
2308 台達電,2023/3/31,278.4127,282.1623,278.4127,282.1623,"6,186"
2308 台達電,2023/3/30,278.8814,279.3501,275.6004,277.0066,"4,734"
2308 台達電,2023/3/29,281.2249,281.2249,276.0691,277.0066,"6,444"
2308 台達電,2023/3/28,284.5059,284.9746,279.3501,279.8188,"6,578"
2308 台達電,2023/3/27,281.2249,282.1623,278.4127,281.2249,"6,200"
2308 台達電,2023/3/24,278.4127,282.6311,276.5378,281.6936,"8,182"
2308 台達電,2023/3/23,273.2569,277.0066,272.7882,276.0691,"3,933"
2308 台達電,2023/3/22,277.944,279.3501,275.6004,276.5378,"3,997"
2308 台達電,2023/3/21,271.8508,275.6004,270.9133,274.663,"3,500"
2308 台達電,2023/3/20,269.5072,270.9133,267.6324,269.5072,"3,047"
2308 台達電,2023/3/17,269.0385,270.4446,268.1011,268.5698,"5,073"
2308 台達電,2023/3/16,270.9133,272.3195,266.695,268.5698,"4,002"
2308 台達電,2023/3/15,270.4446,273.2569,269.5072,270.9133,"4,645"
2308 台達電,2023/3/14,269.0385,269.9759,266.2263,267.1637,"9,230"
2308 台達電,2023/3/13,271.8508,273.7256,268.5698,273.7256,"4,467"
2308 台達電,2023/3/10,273.7256,273.7256,270.9133,271.8508,"6,629"
2308 台達電,2023/3/9,280.2875,282.1623,276.5378,277.0066,"4,396"
2308 台達電,2023/3/8,283.5685,284.0372,277.944,279.8188,"7,874"
2308 台達電,2023/3/7,274.1943,287.7868,272.7882,282.6311,"19,429"
2308 台達電,2023/3/6,273.2569,274.663,271.3821,271.8508,"7,525"
2308 台達電,2023/3/3,273.7256,273.7256,269.9759,269.9759,"3,963"
2308 台達電,2023/3/2,272.7882,272.7882,268.1011,271.3821,"4,603"
2308 台達電,2023/3/1,264.3514,272.7882,264.3514,271.3821,"7,990"
2308 台達電,2023/2/24,273.2569,275.1317,268.1011,268.5698,"8,684"
2308 台達電,2023/2/23,273.2569,275.1317,270.9133,271.8508,"7,995"
2308 台達電,2023/2/22,276.5378,277.0066,271.8508,271.8508,"6,668"
2308 台達電,2023/2/21,276.5378,279.8188,276.0691,278.8814,"2,865"
2308 台達電,2023/2/20,276.0691,277.944,274.663,276.5378,"2,922"
2308 台達電,2023/2/17,277.944,279.3501,274.1943,276.0691,"4,572"
2308 台達電,2023/2/16,276.0691,282.1623,275.6004,280.2875,"6,390"
2308 台達電,2023/2/15,275.6004,275.6004,273.2569,274.663,"5,009"
2308 台達電,2023/2/14,276.5378,277.4753,275.1317,275.6004,"3,660"
2308 台達電,2023/2/13,276.5378,277.0066,273.2569,275.6004,"5,088"
2308 台達電,2023/2/10,276.0691,276.5378,272.7882,275.6004,"5,042"
2308 台達電,2023/2/9,275.6004,277.0066,271.8508,273.7256,"8,764"
2308 台達電,2023/2/8,279.3501,279.8188,276.5378,277.4753,"7,198"
2308 台達電,2023/2/7,281.2249,281.6936,276.5378,277.4753,"4,489"
2308 台達電,2023/2/6,279.3501,281.6936,278.4127,278.4127,"6,355"
2308 台達電,2023/2/3,280.7562,283.0998,279.3501,282.6311,"9,055"
2308 台達電,2023/2/2,277.0066,280.2875,275.1317,279.3501,"8,873"
2308 台達電,2023/2/1,273.7256,276.0691,270.9133,276.0691,"6,990"
2308 台達電,2023/1/31,270.4446,273.2569,268.5698,270.9133,"9,685"
2308 台達電,2023/1/30,276.5378,276.5378,266.2263,270.4446,"17,765"
2308 台達電,2023/1/17,264.3514,269.5072,263.8827,268.1011,"5,492"
2308 台達電,2023/1/16,263.414,266.695,262.4766,263.8827,"5,960"
2308 台達電,2023/1/13,261.0705,263.414,259.1956,260.1331,"6,096"
2308 台達電,2023/1/12,267.1637,267.6324,258.7269,259.6643,"7,302"
2308 台達電,2023/1/11,267.1637,268.5698,266.2263,268.1011,"4,971"
2308 台達電,2023/1/10,263.8827,268.1011,263.414,265.7576,"4,224"
2308 台達電,2023/1/9,257.7895,265.2888,257.7895,265.2888,"7,378"
2308 台達電,2023/1/6,260.6018,261.0705,254.5086,254.9773,"8,812"
2308 台達電,2023/1/5,266.695,268.1011,259.6643,261.0705,"6,636"
2308 台達電,2023/1/4,268.1011,269.9759,264.3514,266.2263,"5,434"
2308 台達電,2023/1/3,266.2263,269.9759,265.7576,267.6324,"4,620"
2308 台達電,2022/12/30,266.2263,270.4446,266.2263,268.5698,"4,059"
2308 台達電,2022/12/29,262.4766,264.8201,261.0705,263.414,"3,227"
2308 台達電,2022/12/28,264.3514,266.2263,260.6018,264.8201,"3,634"
2308 台達電,2022/12/27,265.2888,268.1011,264.3514,266.2263,"1,541"
2308 台達電,2022/12/26,263.8827,265.7576,262.0079,264.3514,"1,926"
2308 台達電,2022/12/23,263.414,265.7576,260.1331,263.414,"5,149"
2308 台達電,2022/12/22,266.2263,269.5072,264.3514,268.5698,"3,507"
2308 台達電,2022/12/21,263.8827,268.1011,263.8827,265.7576,"4,168"
2308 台達電,2022/12/20,273.2569,273.7256,264.3514,265.2888,"4,518"
2308 台達電,2022/12/19,269.9759,272.7882,269.5072,271.8508,"2,795"
2308 台達電,2022/12/16,271.8508,275.1317,271.3821,272.7882,"6,725"
2308 台達電,2022/12/15,275.1317,277.4753,273.7256,277.0066,"4,298"
2308 台達電,2022/12/14,274.663,277.0066,272.3195,277.0066,"7,215"
2308 台達電,2022/12/13,275.1317,279.3501,269.9759,273.2569,"7,234"
2308 台達電,2022/12/12,271.8508,275.6004,271.8508,275.1317,"3,085"
2308 台達電,2022/12/9,277.4753,278.4127,273.7256,276.0691,"4,371"
2308 台達電,2022/12/8,273.7256,277.944,270.9133,276.0691,"5,027"
2308 台達電,2022/12/7,280.2875,280.2875,273.2569,276.0691,"6,790"
2308 台達電,2022/12/6,282.1623,285.4433,279.3501,282.1623,"5,724"
2308 台達電,2022/12/5,285.4433,286.3807,283.5685,283.5685,"2,994"
2308 台達電,2022/12/2,280.2875,287.3181,280.2875,285.912,"4,401"
2308 台達電,2022/12/1,284.0372,287.3181,283.0998,285.912,"7,400"
2308 台達電,2022/11/30,282.1623,283.0998,278.4127,283.0998,"8,239"
2308 台達電,2022/11/29,276.5378,280.2875,274.663,279.3501,"6,486"
2308 台達電,2022/11/28,277.944,278.4127,273.7256,274.663,"7,980"
2308 台達電,2022/11/25,280.2875,284.9746,280.2875,283.0998,"7,198"
2308 台達電,2022/11/24,277.4753,283.0998,277.4753,283.0998,"7,122"
2308 台達電,2022/11/23,278.8814,278.8814,275.6004,277.0066,"4,737"
2308 台達電,2022/11/22,272.7882,275.6004,269.9759,275.1317,"5,837"
2308 台達電,2022/11/21,274.1943,278.4127,271.3821,275.1317,"5,565"
2308 台達電,2022/11/18,274.1943,277.4753,272.3195,274.663,"4,257"
2308 台達電,2022/11/17,269.0385,274.1943,269.0385,273.7256,"4,341"
2308 台達電,2022/11/16,274.1943,275.6004,269.5072,270.4446,"9,478"
2308 台達電,2022/11/15,269.9759,274.663,266.2263,274.663,"10,781"
2308 台達電,2022/11/14,266.695,269.5072,264.8201,267.6324,"7,002"
2308 台達電,2022/11/11,262.0079,267.1637,259.6643,265.7576,"13,423"
2308 台達電,2022/11/10,254.9773,256.3834,252.6337,254.0398,"3,721"
2308 台達電,2022/11/9,258.2582,259.1956,255.9147,256.8521,"5,240"
2308 台達電,2022/11/8,255.9147,258.7269,254.5086,256.8521,"6,527"
2308 台達電,2022/11/7,254.9773,255.9147,248.8841,255.9147,"5,509"
2308 台達電,2022/11/4,250.7589,254.0398,248.4154,252.6337,"4,090"
2308 台達電,2022/11/3,249.3528,250.7589,247.4779,250.2902,"4,362"
2308 台達電,2022/11/2,247.4779,254.0398,246.5405,251.6963,"9,398"
2308 台達電,2022/11/1,243.2596,245.6031,240.916,244.6657,"7,942"
2308 台達電,2022/10/31,246.5405,246.5405,239.9786,241.3847,"7,963"
2308 台達電,2022/10/28,246.0718,247.9466,239.9786,241.8534,"9,294"
2308 台達電,2022/10/27,242.7909,244.6657,240.4473,241.8534,"5,945"
2308 台達電,2022/10/26,239.0412,242.3221,236.6976,239.9786,"7,492"
2308 台達電,2022/10/25,251.2276,251.2276,237.1664,243.2596,"13,151"
2308 台達電,2022/10/24,255.446,255.446,249.3528,251.6963,"7,141"
2308 台達電,2022/10/21,253.1024,254.9773,248.8841,250.2902,"7,053"
2308 台達電,2022/10/20,248.4154,250.2902,243.7283,248.8841,"7,629"
2308 台達電,2022/10/19,254.9773,255.9147,250.2902,251.2276,"4,380"
2308 台達電,2022/10/18,256.3834,258.7269,252.165,255.446,"7,976"
2308 台達電,2022/10/17,247.4779,254.5086,247.4779,251.6963,"8,521"
2308 台達電,2022/10/14,256.3834,256.8521,249.3528,249.3528,"6,284"
2308 台達電,2022/10/13,253.5711,255.9147,247.9466,251.2276,"7,903"
2308 台達電,2022/10/12,248.8841,257.7895,247.4779,254.9773,"9,180"
2308 台達電,2022/10/11,250.2902,252.165,242.7909,247.9466,"12,360"
2308 台達電,2022/10/7,262.0079,263.414,256.8521,257.7895,"6,700"
2308 台達電,2022/10/6,254.9773,262.4766,254.5086,261.0705,"11,926"
2308 台達電,2022/10/5,248.4154,254.0398,245.1344,252.6337,"8,613"
2308 台達電,2022/10/4,239.9786,243.2596,238.5725,242.3221,"3,870"
2308 台達電,2022/10/3,233.8854,238.5725,232.948,236.2289,"2,777"
2308 台達電,2022/9/30,229.667,238.5725,228.7296,237.1664,"6,887"
2308 台達電,2022/9/29,238.1038,239.9786,233.8854,236.6976,"6,470"
2308 台達電,2022/9/28,245.6031,247.4779,236.2289,236.2289,"7,137"
2308 台達電,2022/9/27,243.2596,247.0092,242.7909,245.6031,"5,054"
2308 台達電,2022/9/26,245.6031,249.3528,242.3221,244.197,"5,898"
2308 台達電,2022/9/23,251.2276,253.5711,248.8841,249.8215,"3,275"
2308 台達電,2022/9/22,247.0092,253.1024,245.6031,253.1024,"3,947"
2308 台達電,2022/9/21,252.6337,254.0398,249.3528,250.2902,"3,445"
2308 台達電,2022/9/20,253.5711,255.446,251.6963,254.0398,"4,435"
2308 台達電,2022/9/19,250.2902,254.5086,247.4779,252.165,"3,618"
2308 台達電,2022/9/16,253.1024,253.5711,247.9466,247.9466,"6,930"
2308 台達電,2022/9/15,248.8841,254.0398,248.8841,253.5711,"4,779"
2308 台達電,2022/9/14,246.0718,253.5711,245.6031,251.2276,"6,242"
2308 台達電,2022/9/13,255.9147,255.9147,251.2276,252.165,"5,441"
2308 台達電,2022/9/12,254.0398,255.9147,251.6963,253.1024,"5,180"
2308 台達電,2022/9/8,241.8534,252.165,240.916,251.2276,"7,861"
2308 台達電,2022/9/7,239.0412,241.3847,237.1664,240.916,"4,342"
2308 台達電,2022/9/6,242.7909,242.7909,239.9786,241.3847,"4,194"
2308 台達電,2022/9/5,240.916,243.2596,239.0412,239.5099,"3,225"
2308 台達電,2022/9/2,239.9786,241.8534,238.1038,239.0412,"5,348"
2308 台達電,2022/9/1,247.4779,247.4779,238.5725,242.3221,"7,501"
2308 台達電,2022/8/31,245.1344,247.0092,243.2596,246.5405,"4,871"
2308 台達電,2022/8/30,247.9466,250.2902,246.0718,247.4779,"5,617"
2308 台達電,2022/8/29,247.4779,247.9466,244.6657,246.0718,"6,330"
2308 台達電,2022/8/26,252.6337,253.5711,250.7589,251.2276,"5,633"
2308 台達電,2022/8/25,252.165,253.1024,249.3528,251.2276,"3,155"
2308 台達電,2022/8/24,251.2276,254.0398,249.3528,250.2902,"4,295"
2308 台達電,2022/8/23,252.6337,252.6337,247.4779,249.3528,"6,883"
2308 台達電,2022/8/22,254.5086,256.8521,251.6963,252.6337,"5,441"
2308 台達電,2022/8/19,255.446,256.8521,253.5711,255.446,"2,935"
2308 台達電,2022/8/18,254.0398,255.446,252.6337,255.446,"3,244"
2308 台達電,2022/8/17,256.8521,258.2582,254.0398,255.446,"5,804"
2308 台達電,2022/8/16,256.8521,256.8521,254.0398,255.446,"3,813"
2308 台達電,2022/8/15,251.2276,257.3208,251.2276,256.8521,"7,097"
2308 台達電,2022/8/12,251.6963,253.5711,248.4154,250.2902,"7,833"
2308 台達電,2022/8/11,254.5086,255.446,249.8215,255.446,"8,694"
2308 台達電,2022/8/10,249.8215,254.9773,248.4154,254.9773,"10,408"
2308 台達電,2022/8/9,247.0092,251.2276,244.6657,248.4154,"6,644"
2308 台達電,2022/8/8,246.0718,248.4154,244.197,247.9466,"3,207"
2308 台達電,2022/8/5,248.4154,248.4154,245.6031,246.0718,"5,516"
2308 台達電,2022/8/4,247.9466,248.8841,242.3221,244.6657,"11,719"
2308 台達電,2022/8/3,241.8534,247.4779,239.9786,247.4779,"8,447"
2308 台達電,2022/8/2,240.916,243.7283,236.2289,242.3221,"10,858"
2308 台達電,2022/8/1,243.2596,244.6657,239.9786,242.3221,"5,504"
2308 台達電,2022/7/29,247.0092,247.0092,240.4473,241.8534,"8,407"
2308 台達電,2022/7/28,242.7909,248.4154,241.8534,245.6031,"11,733"
2308 台達電,2022/7/27,233.4167,238.1038,232.0106,238.1038,"5,613"
2308 台達電,2022/7/26,234.3541,236.2289,231.5419,233.4167,"3,565"
2308 台達電,2022/7/25,229.667,235.2915,229.1983,234.8228,"5,645"
2308 台達電,2022/7/22,232.948,234.8228,230.6044,232.4793,"6,404"
2308 台達電,2022/7/21,236.2289,236.2289,231.5419,234.3541,"5,954"
2308 台達電,2022/7/20,232.948,235.2915,232.4793,233.4167,"5,998"
2308 台達電,2022/7/19,230.6044,232.4793,229.667,230.6044,"4,058"
2308 台達電,2022/7/18,231.5419,232.948,229.1983,229.667,"6,454"
2308 台達電,2022/7/15,225.9174,231.5419,224.0425,229.667,"8,337"
2308 台達電,2022/7/14,224.5112,228.7296,223.5738,224.5112,"9,231"
2308 台達電,2022/7/13,224.0425,227.7922,222.1677,224.5112,"11,478"
2308 台達電,2022/7/12,216.0745,218.418,215.1371,216.5432,"5,352"
2308 台達電,2022/7/11,212.7935,215.6058,212.7935,215.1371,"3,607"
2308 台達電,2022/7/8,207.6377,215.1371,206.2316,213.2622,"7,396"
2308 台達電,2022/7/7,202.0132,209.5126,199.6697,207.169,"7,628"
2308 台達電,2022/7/6,207.169,208.5752,197.3262,197.3262,"7,356"
2308 台達電,2022/7/5,208.1064,210.45,203.8881,206.7003,"6,868"
2308 台達電,2022/7/4,204.3568,207.6377,200.6071,205.2942,"7,115"
2308 台達電,2022/7/1,206.7003,212.7935,205.2942,207.6377,"8,490"
2308 台達電,2022/6/30,209.5126,210.9187,206.7003,207.6377,"6,259"
2308 台達電,2022/6/29,213.2622,214.1997,210.9187,213.2622,"6,744"
2308 台達電,2022/6/28,217.448,218.8213,214.2435,216.0746,"5,713"
2308 台達電,2022/6/27,218.8213,220.1947,216.5324,216.5324,"6,113"
2308 台達電,2022/6/24,219.2791,220.6525,215.1591,218.8213,"7,647"
2308 台達電,2022/6/23,211.4968,216.0746,208.7501,214.2435,"7,554"
2308 台達電,2022/6/22,211.039,211.9546,207.3767,207.3767,"3,824"
2308 台達電,2022/6/21,207.3767,212.8701,204.63,212.8701,"4,738"
2308 台達電,2022/6/20,206.0034,207.3767,201.4255,201.4255,"4,525"
2308 台達電,2022/6/17,200.5099,208.7501,200.5099,207.8345,"7,288"
2308 台達電,2022/6/16,209.6656,212.4124,206.9189,208.2923,"6,206"
2308 台達電,2022/6/15,206.9189,208.2923,204.1722,206.0034,"4,681"
2308 台達電,2022/6/14,204.1722,209.2079,204.1722,209.2079,"4,558"
2308 台達電,2022/6/13,212.4124,214.7013,207.3767,208.7501,"4,705"
2308 台達電,2022/6/10,216.0746,218.8213,212.8701,216.9902,"3,202"
2308 台達電,2022/6/9,214.7013,216.0746,212.4124,215.1591,"3,516"
2308 台達電,2022/6/8,214.2435,215.1591,213.3279,214.7013,"2,569"
2308 台達電,2022/6/7,214.7013,216.0746,211.039,213.3279,"5,514"
2308 台達電,2022/6/6,216.9902,219.2791,211.9546,218.8213,"3,501"
2308 台達電,2022/6/2,217.9058,219.7369,216.5324,216.5324,"2,764"
2308 台達電,2022/6/1,222.0258,222.0258,219.2791,221.1103,"2,461"
2308 台達電,2022/5/31,216.9902,221.1103,216.5324,221.1103,"7,771"
2308 台達電,2022/5/30,215.6169,218.8213,213.3279,218.3636,"5,288"
2308 台達電,2022/5/27,206.9189,213.7857,206.0034,211.9546,"5,473"
2308 台達電,2022/5/26,205.5456,206.9189,203.7144,205.0878,"2,682"
2308 台達電,2022/5/25,204.1722,205.0878,201.4255,203.7144,"4,524"
2308 台達電,2022/5/24,205.5456,208.2923,201.4255,201.4255,"2,556"
2308 台達電,2022/5/23,210.5812,210.5812,206.0034,206.0034,"2,846"
2308 台達電,2022/5/20,205.0878,207.8345,203.7144,207.3767,"4,390"
2308 台達電,2022/5/19,204.1722,205.0878,201.8833,203.2567,"4,505"
2308 台達電,2022/5/18,209.6656,213.3279,208.7501,211.4968,"5,088"
2308 台達電,2022/5/17,206.9189,206.9189,203.7144,206.0034,"4,420"
2308 台達電,2022/5/16,206.4611,208.2923,202.7989,204.1722,"3,106"
2308 台達電,2022/5/13,200.0522,202.7989,198.6788,202.3411,"4,967"
2308 台達電,2022/5/12,203.2567,203.2567,199.1366,200.0522,"4,792"
2308 台達電,2022/5/11,206.9189,207.8345,203.2567,204.63,"4,253"
2308 台達電,2022/5/10,205.5456,209.2079,203.2567,207.3767,"5,508"
2308 台達電,2022/5/9,210.5812,212.4124,208.7501,210.5812,"5,124"
2308 台達電,2022/5/6,215.1591,216.9902,211.9546,214.2435,"7,888"
2308 台達電,2022/5/5,224.3148,224.3148,219.7369,220.6525,"3,422"
2308 台達電,2022/5/4,222.4836,225.2303,220.1947,220.6525,"3,346"
2308 台達電,2022/5/3,228.8926,228.8926,220.1947,222.0258,"3,831"
2308 台達電,2022/4/29,230.266,230.7238,226.1459,228.8926,"5,199"
2308 台達電,2022/4/28,226.1459,228.4348,222.9414,225.6881,"5,052"
2308 台達電,2022/4/27,223.3992,228.4348,223.3992,224.3148,"7,106"
2308 台達電,2022/4/26,219.7369,230.7238,218.8213,230.7238,"8,554"
2308 台達電,2022/4/25,218.3636,221.5681,216.0746,216.5324,"7,779"
2308 台達電,2022/4/22,227.0615,228.4348,224.7726,225.2303,"6,195"
2308 台達電,2022/4/21,232.5549,233.0127,229.8082,231.6393,"3,026"
2308 台達電,2022/4/20,227.0615,230.7238,227.0615,229.8082,"4,848"
2308 台達電,2022/4/19,230.7238,231.6393,226.6037,226.6037,"1,912"
2308 台達電,2022/4/18,225.6881,228.8926,224.7726,226.6037,"2,368"
2308 台達電,2022/4/15,231.6393,232.0971,227.9771,228.4348,"2,275"
2308 台達電,2022/4/14,235.7594,235.7594,231.1816,231.6393,"2,718"
2308 台達電,2022/4/13,231.6393,235.3016,228.8926,233.9283,"4,437"
2308 台達電,2022/4/12,226.6037,232.0971,226.1459,227.5193,"5,785"
2308 台達電,2022/4/11,240.795,240.795,229.3504,229.3504,"5,596"
2308 台達電,2022/4/8,238.0483,242.6262,237.1328,238.9639,"4,201"
2308 台達電,2022/4/7,237.1328,241.7106,237.1328,238.9639,"6,898"
2308 台達電,2022/4/6,244.9151,246.2885,240.795,241.2528,"6,311"
2308 台達電,2022/4/1,243.084,245.8307,240.795,245.8307,"4,924"
2308 台達電,2022/3/31,246.2885,246.7462,243.5418,245.8307,"3,525"
2308 台達電,2022/3/30,246.2885,247.204,242.6262,245.3729,"4,848"
2308 台達電,2022/3/29,241.2528,245.8307,241.2528,243.5418,"3,662"
2308 台達電,2022/3/28,241.7106,243.084,236.675,242.6262,"2,745"
2308 台達電,2022/3/25,246.2885,247.204,243.5418,245.3729,"4,900"
2308 台達電,2022/3/24,242.6262,244.9151,240.3373,243.9995,"5,972"
2308 台達電,2022/3/23,243.5418,243.5418,239.8795,242.1684,"3,096"
2308 台達電,2022/3/22,241.2528,241.7106,238.5061,239.8795,"3,973"
2308 台達電,2022/3/21,238.9639,242.6262,238.0483,238.9639,"5,640"
2308 台達電,2022/3/18,238.0483,240.3373,233.0127,234.386,"10,350"
2308 台達電,2022/3/17,233.4705,239.8795,231.6393,238.5061,"8,834"
2308 台達電,2022/3/16,230.266,232.5549,226.1459,227.9771,"9,183"
2308 台達電,2022/3/15,235.7594,235.7594,228.4348,230.266,"6,432"
2308 台達電,2022/3/14,241.2528,241.2528,234.386,235.7594,"4,388"
2308 台達電,2022/3/11,235.7594,241.7106,233.0127,239.8795,"10,922"
2308 台達電,2022/3/10,230.7238,236.2172,228.4348,233.0127,"10,337"
2308 台達電,2022/3/9,216.5324,222.4836,216.5324,221.1103,"7,176"
2308 台達電,2022/3/8,221.5681,228.8926,214.2435,215.6169,"13,417"
2308 台達電,2022/3/7,228.4348,228.8926,225.2303,226.1459,"13,996"
2308 台達電,2022/3/4,231.6393,235.3016,230.266,233.0127,"5,939"
2308 台達電,2022/3/3,233.9283,236.2172,233.0127,234.386,"7,976"
2308 台達電,2022/3/2,233.0127,236.2172,230.7238,233.4705,"5,954"
2308 台達電,2022/3/1,227.9771,234.8438,226.6037,234.8438,"15,815"
2308 台達電,2022/2/25,232.5549,233.9283,225.2303,225.6881,"16,782"
2308 台達電,2022/2/24,233.9283,235.3016,230.7238,232.0971,"6,870"
2308 台達電,2022/2/23,235.7594,238.9639,235.3016,237.1328,"3,458"
2308 台達電,2022/2/22,235.7594,236.2172,234.386,235.3016,"4,363"
2308 台達電,2022/2/21,236.675,238.0483,235.3016,238.0483,"2,219"
2308 台達電,2022/2/18,236.675,239.8795,236.2172,239.4217,"2,362"
2308 台達電,2022/2/17,238.0483,240.3373,236.675,238.9639,"5,381"
2308 台達電,2022/2/16,235.3016,237.5905,234.8438,236.675,"5,341"
2308 台達電,2022/2/15,233.4705,234.8438,230.7238,232.0971,"8,309"
2308 台達電,2022/2/14,241.7106,241.7106,233.9283,234.386,"8,280"
2308 台達電,2022/2/11,244.9151,246.2885,243.084,243.084,"7,225"
2308 台達電,2022/2/10,247.204,248.1196,245.3729,246.7462,"6,223"
2308 台達電,2022/2/9,246.2885,248.1196,245.8307,246.7462,"5,602"
2308 台達電,2022/2/8,248.1196,249.493,246.2885,246.2885,"14,044"
2308 台達電,2022/2/7,248.5774,254.0708,246.7462,248.1196,"11,535"
2308 台達電,2022/1/26,244.4573,247.6618,243.9995,245.3729,"5,296"
2308 台達電,2022/1/25,246.2885,247.6618,243.5418,246.2885,"7,845"
2308 台達電,2022/1/24,246.7462,249.9507,246.2885,249.0352,"2,422"
2308 台達電,2022/1/21,249.9507,252.2397,247.204,249.493,"4,605"
2308 台達電,2022/1/20,250.8663,252.2397,246.2885,249.493,"7,289"
2308 台達電,2022/1/19,252.6975,253.613,249.493,251.7819,"4,780"
2308 台達電,2022/1/18,251.3241,253.613,250.8663,250.8663,"2,738"
2308 台達電,2022/1/17,247.6618,250.8663,247.204,250.4085,"3,436"
2308 台達電,2022/1/14,249.9507,250.8663,245.3729,248.5774,"6,807"
2308 台達電,2022/1/13,259.5642,259.5642,252.6975,253.613,"6,562"
2308 台達電,2022/1/12,263.6843,266.431,255.902,258.1909,"6,907"
2308 台達電,2022/1/11,255.902,266.431,255.902,262.7687,"10,416"
2308 台達電,2022/1/10,255.4442,260.9376,253.1552,259.5642,"5,786"
2308 台達電,2022/1/7,267.3466,268.2622,258.1909,259.1065,"7,297"
2308 台達電,2022/1/6,263.6843,267.3466,260.022,266.431,"7,366"
2308 台達電,2022/1/5,276.5023,276.5023,265.0577,265.9732,"10,289"
2308 台達電,2022/1/4,261.8532,272.84,261.3954,271.9244,"15,957"
2308 台達電,2022/1/3,252.6975,258.6487,251.7819,258.1909,"6,016"
2308 台達電,2021/12/30,254.5286,254.5286,251.7819,251.7819,"2,325"
2308 台達電,2021/12/29,254.9864,256.3597,253.613,254.5286,"3,669"
2308 台達電,2021/12/28,253.1552,254.9864,252.2397,254.0708,"3,859"
2308 台達電,2021/12/27,248.1196,253.1552,248.1196,252.2397,"4,632"
2308 台達電,2021/12/24,248.1196,249.493,247.204,247.6618,"2,160"
2308 台達電,2021/12/23,243.5418,247.204,243.5418,247.204,"3,858"
2308 台達電,2021/12/22,243.9995,245.3729,243.084,243.084,"1,620"
2308 台達電,2021/12/21,242.6262,245.3729,242.1684,243.5418,"2,364"
2308 台達電,2021/12/20,246.2885,247.204,241.2528,241.7106,"3,285"
2308 台達電,2021/12/17,243.9995,246.7462,241.7106,246.2885,"6,886"
2308 台達電,2021/12/16,249.493,249.493,243.084,243.5418,"5,712"
2308 台達電,2021/12/15,245.3729,246.7462,242.6262,244.9151,"4,316"
2308 台達電,2021/12/14,244.9151,248.5774,243.5418,246.2885,"5,362"
2308 台達電,2021/12/13,250.8663,251.3241,245.3729,247.204,"5,815"
2308 台達電,2021/12/10,246.2885,249.9507,244.9151,248.1196,"7,569"
2308 台達電,2021/12/9,242.1684,246.2885,240.3373,246.2885,"7,646"
2308 台達電,2021/12/8,242.6262,243.5418,238.9639,238.9639,"4,185"
2308 台達電,2021/12/7,240.795,242.6262,238.0483,240.795,"3,668"
2308 台達電,2021/12/6,238.9639,240.3373,236.675,238.9639,"4,449"
2308 台達電,2021/12/3,241.7106,242.1684,238.5061,239.4217,"5,303"
2308 台達電,2021/12/2,236.675,239.8795,234.386,239.4217,"5,943"
2308 台達電,2021/12/1,234.386,237.5905,234.386,236.2172,"2,931"
2308 台達電,2021/11/30,234.386,237.1328,233.4705,234.386,"11,610"
2308 台達電,2021/11/29,229.8082,233.9283,228.8926,232.0971,"3,195"
2308 台達電,2021/11/26,233.9283,236.2172,230.7238,230.7238,"6,718"
2308 台達電,2021/11/25,238.9639,240.3373,236.2172,237.1328,"4,508"
2308 台達電,2021/11/24,235.7594,238.0483,233.9283,234.386,"3,221"
2308 台達電,2021/11/23,236.2172,236.675,233.4705,233.4705,"4,821"
2308 台達電,2021/11/22,238.9639,239.8795,237.1328,237.1328,"2,317"
2308 台達電,2021/11/19,239.8795,239.8795,238.0483,238.9639,"3,614"
2308 台達電,2021/11/18,240.795,241.2528,237.1328,238.0483,"6,053"
2308 台達電,2021/11/17,235.3016,240.3373,233.0127,239.4217,"7,065"
2308 台達電,2021/11/16,237.1328,238.0483,233.4705,234.386,"6,695"
2308 台達電,2021/11/15,239.8795,241.2528,237.5905,238.0483,"4,539"
2308 台達電,2021/11/12,238.9639,241.2528,236.675,238.9639,"3,753"
2308 台達電,2021/11/11,239.8795,240.795,236.675,237.1328,"4,532"
2308 台達電,2021/11/10,243.5418,245.3729,240.3373,242.6262,"6,373"
2308 台達電,2021/11/9,241.2528,243.5418,240.3373,243.5418,"7,107"
2308 台達電,2021/11/8,240.795,241.7106,235.3016,237.5905,"6,807"
2308 台達電,2021/11/5,235.3016,240.795,233.0127,239.8795,"10,784"
2308 台達電,2021/11/4,229.8082,234.386,227.5193,232.0971,"9,037"
2308 台達電,2021/11/3,230.7238,230.7238,225.2303,226.1459,"9,326"
2308 台達電,2021/11/2,237.5905,237.5905,229.3504,230.7238,"10,822"
2308 台達電,2021/11/1,225.6881,237.5905,224.3148,235.7594,"11,586"
2308 台達電,2021/10/29,229.8082,230.7238,224.3148,224.3148,"9,955"
2308 台達電,2021/10/28,225.2303,232.5549,223.3992,231.1816,"9,107"
2308 台達電,2021/10/27,225.2303,227.5193,221.5681,223.857,"5,497"
2308 台達電,2021/10/26,225.2303,228.8926,223.3992,223.857,"6,563"
2308 台達電,2021/10/25,222.9414,225.2303,220.6525,222.0258,"5,570"
2308 台達電,2021/10/22,227.9771,229.8082,222.4836,223.3992,"8,862"
2308 台達電,2021/10/21,233.0127,236.2172,229.8082,231.6393,"5,999"
2308 台達電,2021/10/20,236.2172,236.675,230.7238,233.0127,"9,545"
2308 台達電,2021/10/19,232.5549,239.8795,227.0615,237.1328,"11,351"
2308 台達電,2021/10/18,222.4836,233.4705,221.5681,228.4348,"11,667"
2308 台達電,2021/10/15,216.9902,221.1103,214.7013,219.7369,"9,740"
2308 台達電,2021/10/14,222.9414,223.857,215.6169,215.6169,"9,780"
2308 台達電,2021/10/13,227.9771,229.8082,224.7726,225.6881,"4,147"
2308 台達電,2021/10/12,226.1459,227.5193,219.7369,226.1459,"4,859"
2308 台達電,2021/10/8,230.7238,231.6393,228.4348,229.3504,"4,182"
2308 台達電,2021/10/7,227.0615,230.266,225.2303,227.5193,"3,944"
2308 台達電,2021/10/6,224.7726,226.1459,220.6525,223.857,"5,931"
2308 台達電,2021/10/5,217.9058,226.1459,216.9902,224.3148,"9,473"
2308 台達電,2021/10/4,225.6881,226.1459,218.8213,219.7369,"7,606"
2308 台達電,2021/10/1,230.7238,231.1816,224.7726,227.0615,"6,401"
2308 台達電,2021/9/30,227.0615,231.6393,227.0615,230.7238,"7,346"
2308 台達電,2021/9/29,228.8926,228.8926,226.1459,227.5193,"8,176"
2308 台達電,2021/9/28,235.3016,236.2172,229.8082,231.1816,"6,992"
2308 台達電,2021/9/27,235.3016,238.5061,234.386,236.2172,"6,170"
2308 台達電,2021/9/24,239.8795,244.4573,237.1328,238.0483,"8,349"
2308 台達電,2021/9/23,233.4705,233.9283,229.3504,230.266,"4,186"
2308 台達電,2021/9/22,224.3148,232.5549,224.3148,228.8926,"13,073"
2308 台達電,2021/9/17,235.7594,237.1328,233.4705,234.386,"8,633"
2308 台達電,2021/9/16,236.675,239.4217,235.7594,238.0483,"4,406"
2308 台達電,2021/9/15,241.7106,242.6262,236.2172,236.2172,"7,248"
2308 台達電,2021/9/14,242.1684,243.9995,240.3373,241.2528,"4,286"
2308 台達電,2021/9/13,244.9151,246.7462,239.8795,241.2528,"8,249"
2308 台達電,2021/9/10,245.8307,247.204,244.4573,246.2885,"4,632"
2308 台達電,2021/9/9,245.8307,249.0352,244.4573,246.7462,"3,262"
2308 台達電,2021/9/8,250.8663,250.8663,246.2885,247.6618,"4,144"
2308 台達電,2021/9/7,251.3241,251.7819,245.8307,248.5774,"5,490"
2308 台達電,2021/9/6,249.9507,251.3241,247.6618,250.4085,"5,386"
2308 台達電,2021/9/3,248.5774,249.0352,244.9151,249.0352,"5,484"
2308 台達電,2021/9/2,247.204,248.5774,243.5418,245.8307,"5,262"
2308 台達電,2021/9/1,247.6618,249.9507,245.8307,249.0352,"6,737"
2308 台達電,2021/8/31,252.2397,254.5286,241.7106,247.6618,"13,910"
2308 台達電,2021/8/30,254.0708,256.3597,252.2397,255.902,"3,406"
2308 台達電,2021/8/27,254.5286,256.3597,251.3241,255.4442,"5,216"
2308 台達電,2021/8/26,256.8175,257.7331,250.8663,253.1552,"5,811"
2308 台達電,2021/8/25,247.204,254.5286,244.9151,254.0708,"6,014"
2308 台達電,2021/8/24,249.9507,250.8663,244.9151,245.3729,"4,667"
2308 台達電,2021/8/23,243.9995,249.0352,242.6262,247.204,"6,074"
2308 台達電,2021/8/20,251.3241,251.3241,240.795,240.795,"7,558"
2308 台達電,2021/8/19,245.8307,249.493,243.9995,246.2885,"10,480"
2308 台達電,2021/8/18,234.386,246.7462,233.0127,244.4573,"13,853"
2308 台達電,2021/8/17,251.7819,255.4442,238.9639,239.8795,"13,984"
2308 台達電,2021/8/16,254.5286,256.8175,251.7819,255.4442,"6,126"
2308 台達電,2021/8/13,253.1552,254.0708,248.1196,250.8663,"7,527"
2308 台達電,2021/8/12,254.9864,256.8175,251.7819,253.1552,"6,088"
2308 台達電,2021/8/11,253.1552,257.2753,253.1552,256.3597,"4,529"
2308 台達電,2021/8/10,259.1065,259.1065,254.0708,254.5286,"5,277"
2308 台達電,2021/8/9,259.1065,259.1065,254.9864,257.7331,"5,501"
2308 台達電,2021/8/6,262.3109,263.2265,260.9376,260.9376,"5,248"
2308 台達電,2021/8/5,261.8532,264.1421,261.3954,262.7687,"3,544"
2308 台達電,2021/8/4,264.1421,264.5999,261.3954,262.3109,"5,175"
2308 台達電,2021/8/3,269.6355,269.6355,259.5642,263.2265,"8,291"
2308 台達電,2021/8/2,263.2265,263.6843,260.022,262.7687,"5,697"
2308 台達電,2021/7/30,262.3109,266.431,260.9376,262.7687,"7,259"
2308 台達電,2021/7/29,271.0089,271.4667,265.5154,266.8888,"6,686"
2308 台達電,2021/7/28,262.7687,269.6355,262.7687,267.3466,"6,208"
2308 台達電,2021/7/27,274.6711,275.1289,266.431,267.3466,"6,995"
2308 台達電,2021/7/26,279.249,281.5379,273.2978,273.7556,"4,350"
2308 台達電,2021/7/23,279.249,282.9113,277.8756,278.3334,"3,029"
2308 台達電,2021/7/22,282.4535,286.1158,276.0445,277.4179,"5,965"
2308 台達電,2021/7/21,277.4179,280.1646,275.1289,280.1646,"5,257"
2308 台達電,2021/7/20,276.5023,279.7068,272.84,274.6711,"6,305"
2308 台達電,2021/7/19,284.1537,285.5026,271.5646,276.96,"12,523"
2308 台達電,2021/7/16,289.0994,292.2467,282.8049,287.301,"6,886"
2308 台達電,2021/7/15,294.0452,301.2389,285.053,288.2002,"18,427"
2308 台達電,2021/7/14,274.7119,291.3475,274.7119,290.4483,"18,333"
2308 台達電,2021/7/13,272.4639,280.5568,270.6654,276.0607,"13,784"
2308 台達電,2021/7/12,269.3166,269.7662,266.1693,269.3166,"2,918"
2308 台達電,2021/7/9,267.5181,268.4174,264.3709,265.2701,"5,371"
2308 台達電,2021/7/8,273.3631,274.2623,267.0685,271.115,"4,249"
2308 台達電,2021/7/7,272.9135,273.8127,271.115,272.9135,"3,140"
2308 台達電,2021/7/6,274.2623,274.2623,271.115,272.9135,"2,540"
2308 台達電,2021/7/5,272.0143,274.2623,271.115,273.3631,"4,097"
2308 台達電,2021/7/2,270.6654,274.2623,268.4174,268.867,"6,557"
2308 台達電,2021/7/1,272.4639,274.2623,267.0685,267.5181,"4,839"
2308 台達電,2021/6/30,271.115,273.3631,270.2158,272.4639,"7,244"
2308 台達電,2021/6/29,267.9678,270.6654,267.0685,269.3166,"5,355"
2308 台達電,2021/6/28,266.1693,267.9678,263.9213,267.0685,"3,546"
2308 台達電,2021/6/25,260.774,268.4174,260.774,265.2701,"8,202"
2308 台達電,2021/6/24,266.1693,266.1693,259.8748,260.774,"10,640"
2308 台達電,2021/6/23,266.1693,267.0685,264.3709,266.1693,"5,439"
2308 台達電,2021/6/22,264.3709,270.6654,264.3709,266.1693,"6,108"
2308 台達電,2021/6/21,267.5181,269.3166,263.4717,264.3709,"6,144"
2308 台達電,2021/6/18,270.6654,276.0607,268.867,269.3166,"10,188"
2308 台達電,2021/6/17,270.2158,271.5646,267.0685,269.3166,"4,240"
2308 台達電,2021/6/16,271.5646,273.3631,270.6654,272.4639,"4,937"
2308 台達電,2021/6/15,268.4174,276.0607,267.9678,271.5646,"7,757"
2308 台達電,2021/6/11,265.2701,267.9678,265.2701,266.6189,"2,918"
2308 台達電,2021/6/10,266.6189,267.0685,264.3709,265.2701,"3,753"
2308 台達電,2021/6/9,267.0685,268.867,263.9213,265.2701,"5,392"
2308 台達電,2021/6/8,268.867,268.867,266.1693,267.5181,"2,637"
2308 台達電,2021/6/7,267.9678,268.867,264.3709,267.0685,"4,976"
2308 台達電,2021/6/4,264.3709,268.4174,263.9213,267.0685,"4,729"
2308 台達電,2021/6/3,268.4174,269.3166,265.2701,267.0685,"9,396"
2308 台達電,2021/6/2,267.9678,268.867,266.6189,268.4174,"5,782"
2308 台達電,2021/6/1,265.2701,267.0685,264.8205,267.0685,"3,940"
2308 台達電,2021/5/31,264.3709,266.6189,259.8748,266.1693,"5,930"
2308 台達電,2021/5/28,262.5724,264.8205,260.774,262.1228,"4,192"
2308 台達電,2021/5/27,259.8748,263.9213,255.3787,263.9213,"11,448"
2308 台達電,2021/5/26,262.1228,263.022,260.3244,260.774,"2,978"
2308 台達電,2021/5/25,258.0763,261.2236,257.1771,260.774,"4,704"
2308 台達電,2021/5/24,257.1771,258.0763,253.5802,256.2779,"3,155"
2308 台達電,2021/5/21,256.7275,260.3244,254.4794,259.8748,"8,708"
2308 台達電,2021/5/20,247.2857,254.4794,246.3865,252.681,"8,340"
2308 台達電,2021/5/19,246.3865,247.7353,245.0376,245.9369,"5,262"
2308 台達電,2021/5/18,242.7896,248.1849,240.5415,246.8361,"9,334"
2308 台達電,2021/5/17,233.7974,243.6888,229.3013,239.6423,"8,763"
2308 台達電,2021/5/14,240.0919,244.1384,237.8439,239.6423,"9,425"
2308 台達電,2021/5/13,233.7974,245.9369,231.0997,237.8439,"12,888"
2308 台達電,2021/5/12,243.6888,243.6888,220.3091,238.2935,"18,793"
2308 台達電,2021/5/11,251.7818,253.1306,242.7896,243.6888,"13,680"
2308 台達電,2021/5/10,265.2701,266.1693,258.5259,258.5259,"4,300"
2308 台達電,2021/5/7,258.0763,264.3709,256.2779,263.9213,"8,062"
2308 台達電,2021/5/6,254.4794,256.7275,248.1849,254.4794,"11,523"
2308 台達電,2021/5/5,262.5724,264.8205,254.9291,254.9291,"12,733"
2308 台達電,2021/5/4,276.5104,276.96,258.9756,262.1228,"12,951"
2308 台達電,2021/5/3,275.1615,278.7584,272.4639,275.6111,"11,777"
2308 台達電,2021/4/29,278.7584,281.9057,270.6654,272.0143,"15,850"
2308 台達電,2021/4/28,272.9135,275.1615,269.7662,274.7119,"8,303"
2308 台達電,2021/4/27,268.4174,272.4639,266.6189,271.5646,"7,220"
2308 台達電,2021/4/26,268.4174,271.115,266.6189,267.9678,"3,823"
2308 台達電,2021/4/23,262.5724,268.4174,261.2236,267.0685,"8,634"
2308 台達電,2021/4/22,272.4639,273.3631,262.5724,263.4717,"13,917"
2308 台達電,2021/4/21,275.1615,276.0607,270.6654,270.6654,"10,585"
2308 台達電,2021/4/20,269.3166,282.8049,267.9678,276.5104,"23,512"
2308 台達電,2021/4/19,267.0685,268.867,264.8205,267.9678,"5,861"
2308 台達電,2021/4/16,264.3709,267.0685,262.1228,266.6189,"4,075"
2308 台達電,2021/4/15,259.4252,265.7197,258.9756,265.7197,"6,338"
2308 台達電,2021/4/14,262.5724,265.7197,257.6267,262.1228,"6,724"
2308 台達電,2021/4/13,263.4717,267.5181,262.5724,262.5724,"5,743"
2308 台達電,2021/4/12,269.7662,270.2158,261.2236,261.6732,"8,058"
2308 台達電,2021/4/9,269.7662,269.7662,267.0685,268.867,"5,864"
2308 台達電,2021/4/8,270.2158,270.2158,267.0685,267.0685,"5,925"
2308 台達電,2021/4/7,269.7662,269.7662,265.2701,268.4174,"5,345"
2308 台達電,2021/4/6,269.3166,271.115,267.5181,267.9678,"7,684"
2308 台達電,2021/4/1,260.774,266.1693,260.3244,265.7197,"10,592"
2308 台達電,2021/3/31,265.2701,265.2701,258.9756,258.9756,"7,850"
2308 台達電,2021/3/30,258.9756,264.8205,257.1771,263.022,"8,551"
2308 台達電,2021/3/29,259.8748,260.774,257.1771,258.9756,"5,447"
2308 台達電,2021/3/26,255.8283,258.9756,254.4794,258.9756,"5,598"
2308 台達電,2021/3/25,256.7275,257.6267,251.7818,255.3787,"6,425"
2308 台達電,2021/3/24,258.9756,259.8748,254.9291,256.7275,"5,506"
2308 台達電,2021/3/23,258.5259,260.774,257.1771,258.9756,"5,618"
2308 台達電,2021/3/22,256.2779,258.5259,254.4794,258.0763,"4,222"
2308 台達電,2021/3/19,258.5259,258.5259,254.4794,254.4794,"11,341"
2308 台達電,2021/3/18,258.0763,262.1228,256.2779,258.9756,"9,735"
2308 台達電,2021/3/17,254.4794,255.3787,252.2314,255.3787,"6,915"
2308 台達電,2021/3/16,250.433,255.8283,249.9833,253.5802,"8,817"
2308 台達電,2021/3/15,250.433,252.681,249.0841,249.5337,"8,796"
2308 台達電,2021/3/12,255.3787,256.7275,250.433,253.5802,"14,234"
2308 台達電,2021/3/11,240.9911,254.4794,239.1927,253.1306,"15,458"
2308 台達電,2021/3/10,242.7896,244.588,237.8439,238.2935,"12,789"
2308 台達電,2021/3/9,240.0919,240.5415,232.8982,236.9446,"17,567"
2308 台達電,2021/3/8,251.7818,251.7818,242.7896,243.2392,"11,116"
2308 台達電,2021/3/5,249.0841,251.3322,245.9369,247.2857,"12,209"
2308 台達電,2021/3/4,257.6267,258.5259,249.9833,252.681,"12,734"
2308 台達電,2021/3/3,261.2236,261.6732,254.9291,259.8748,"10,209"
2308 台達電,2021/3/2,267.0685,267.5181,255.8283,258.9756,"13,515"
2308 台達電,2021/2/26,259.4252,259.4252,252.2314,252.2314,"21,410"
2308 台達電,2021/2/25,269.3166,269.3166,260.3244,264.8205,"12,776"
2308 台達電,2021/2/24,271.5646,272.0143,263.4717,264.3709,"11,582"
2308 台達電,2021/2/23,268.867,272.4639,265.2701,272.4639,"10,175"
2308 台達電,2021/2/22,273.8127,276.5104,269.7662,270.6654,"10,460"
2308 台達電,2021/2/19,272.4639,273.3631,267.0685,269.7662,"10,352"
2308 台達電,2021/2/18,274.7119,281.4561,273.3631,275.1615,"20,487"
2308 台達電,2021/2/17,252.681,270.6654,252.681,269.3166,"39,393"
2308 台達電,2021/2/5,258.5259,258.9756,248.1849,252.2314,"28,090"
2308 台達電,2021/2/4,256.2779,258.5259,254.4794,258.0763,"9,305"
2308 台達電,2021/2/3,259.8748,260.774,253.5802,255.3787,"11,924"
2308 台達電,2021/2/2,258.9756,263.022,256.7275,257.1771,"12,263"
2308 台達電,2021/2/1,249.0841,258.0763,249.0841,256.2779,"8,660"
2308 台達電,2021/1/29,267.9678,267.9678,254.0298,254.0298,"17,019"
2308 台達電,2021/1/28,253.5802,261.2236,252.681,258.5259,"11,148"
2308 台達電,2021/1/27,256.2779,262.1228,254.9291,258.5259,"13,941"
2308 台達電,2021/1/26,267.5181,267.5181,258.9756,259.8748,"12,383"
2308 台達電,2021/1/25,258.9756,266.6189,258.9756,265.7197,"8,135"
2308 台達電,2021/1/22,269.3166,269.3166,260.774,261.6732,"17,907"
2308 台達電,2021/1/21,267.0685,269.7662,263.4717,268.867,"13,150"
2308 台達電,2021/1/20,265.7197,268.867,262.1228,264.8205,"13,009"
2308 台達電,2021/1/19,262.1228,267.9678,262.1228,264.3709,"10,907"
2308 台達電,2021/1/18,260.774,262.5724,254.4794,260.3244,"26,096"
2308 台達電,2021/1/15,273.3631,281.4561,267.0685,269.3166,"20,027"
2308 台達電,2021/1/14,280.5568,280.5568,272.4639,275.1615,"19,227"
2308 台達電,2021/1/13,280.5568,283.7041,279.208,281.0065,"16,035"
2308 台達電,2021/1/12,283.7041,290.8979,281.0065,282.3553,"18,679"
2308 台達電,2021/1/11,276.0607,282.3553,271.5646,281.4561,"16,599"
2308 台達電,2021/1/8,286.8514,292.2467,275.1615,278.7584,"30,771"
2308 台達電,2021/1/7,267.9678,289.0994,267.9678,284.1537,"25,367"
2308 台達電,2021/1/6,255.3787,272.9135,253.5802,267.9678,"30,972"
2308 台達電,2021/1/5,242.7896,254.4794,242.34,248.6345,"18,236"
2308 台達電,2021/1/4,236.9446,243.6888,236.0454,238.2935,"9,616"
2308 台達電,2020/12/31,238.2935,238.2935,233.7974,236.495,"7,216"
2308 台達電,2020/12/30,230.2005,234.6966,228.8517,233.7974,"6,467"
2308 台達電,2020/12/29,229.3013,231.0997,227.0532,229.7509,"2,594"
2308 台達電,2020/12/28,226.6036,230.2005,225.2548,228.8517,"4,783"
2308 台達電,2020/12/25,223.9059,226.6036,223.4563,223.9059,"2,499"
2308 台達電,2020/12/24,223.4563,226.6036,222.1075,222.5571,"4,515"
2308 台達電,2020/12/23,222.1075,225.2548,220.3091,223.0067,"3,675"
2308 台達電,2020/12/22,230.6501,230.6501,220.7587,222.1075,"7,535"
2308 台達電,2020/12/21,223.4563,231.9989,221.6579,231.9989,"8,012"
2308 台達電,2020/12/18,219.8595,224.3556,219.4098,223.0067,"7,318"
2308 台達電,2020/12/17,223.0067,224.8052,221.2083,222.1075,"7,775"
2308 台達電,2020/12/16,224.8052,225.7044,220.7587,223.0067,"6,952"
2308 台達電,2020/12/15,219.8595,226.154,218.5106,220.7587,"14,756"
2308 台達電,2020/12/14,221.2083,223.0067,218.5106,221.2083,"9,535"
2308 台達電,2020/12/11,225.2548,225.2548,218.9602,225.2548,"8,871"
2308 台達電,2020/12/10,224.8052,225.7044,220.3091,223.0067,"6,333"
2308 台達電,2020/12/9,223.4563,227.9524,223.4563,225.7044,"7,503"
2308 台達電,2020/12/8,224.8052,227.5028,221.2083,223.9059,"13,027"
2308 台達電,2020/12/7,228.402,236.0454,223.9059,224.8052,"17,880"
2308 台達電,2020/12/4,213.1153,223.0067,212.6657,222.1075,"12,501"
2308 台達電,2020/12/3,206.8208,213.5649,205.9215,213.1153,"9,403"
2308 台達電,2020/12/2,205.9215,209.5184,204.5727,208.6192,"29,789"
2308 台達電,2020/12/1,205.9215,205.9215,200.5262,204.1231,"10,944"
2308 台達電,2020/11/30,200.0766,205.4719,197.8285,201.875,"16,497"
2308 台達電,2020/11/27,195.1309,199.627,195.1309,197.8285,"8,761"
2308 台達電,2020/11/26,188.8363,194.2317,188.3867,194.2317,"9,053"
2308 台達電,2020/11/25,187.9371,191.0844,185.6891,186.5883,"8,045"
2308 台達電,2020/11/24,191.0844,191.534,185.6891,188.3867,"4,332"
2308 台達電,2020/11/23,191.0844,192.4332,188.3867,190.6348,"7,612"
2308 台達電,2020/11/20,188.8363,189.286,184.3402,187.9371,"5,479"
2308 台達電,2020/11/19,183.8906,187.9371,183.441,187.0379,"8,498"
2308 台達電,2020/11/18,184.3402,184.3402,181.193,182.5418,"6,357"
2308 台達電,2020/11/17,184.3402,185.2395,182.0922,184.7898,"7,871"
2308 台達電,2020/11/16,182.5418,182.5418,179.3945,181.6426,"7,921"
2308 台達電,2020/11/13,182.0922,182.0922,177.1465,180.2937,"4,631"
2308 台達電,2020/11/12,177.1465,182.9914,176.2473,181.6426,"13,214"
2308 台達電,2020/11/11,173.5496,176.2473,173.5496,175.348,"5,541"
2308 台達電,2020/11/10,177.1465,177.5961,171.7511,173.5496,"5,472"
2308 台達電,2020/11/9,178.4953,179.3945,175.7976,177.5961,"4,029"
2308 台達電,2020/11/6,171.7511,177.5961,170.8519,174.8984,"8,969"
2308 台達電,2020/11/5,172.6504,173.1,169.0535,170.4023,"8,319"
2308 台達電,2020/11/4,169.0535,172.6504,168.1543,172.6504,"4,035"
2308 台達電,2020/11/3,168.6039,170.4023,167.7047,169.0535,"4,692"
2308 台達電,2020/11/2,168.6039,169.0535,165.4566,169.0535,"6,457"
2308 台達電,2020/10/30,176.2473,176.2473,169.9527,170.8519,"13,409"
2308 台達電,2020/10/29,177.1465,178.0457,174.8984,175.348,"6,254"
2308 台達電,2020/10/28,182.0922,183.8906,178.0457,180.2937,"8,992"
2308 台達電,2020/10/27,174.8984,182.5418,174.4488,182.5418,"10,312"
2308 台達電,2020/10/26,173.5496,176.6969,173.1,174.8984,"2,985"
2308 台達電,2020/10/23,175.348,175.348,172.2008,172.6504,"4,810"
2308 台達電,2020/10/22,174.8984,176.6969,174.4488,174.8984,"2,528"
2308 台達電,2020/10/21,178.0457,178.4953,175.7976,176.6969,"4,028"
2308 台達電,2020/10/20,177.5961,177.5961,175.348,176.6969,"2,860"
2308 台達電,2020/10/19,174.8984,178.0457,173.9992,176.6969,"4,745"
2308 台達電,2020/10/16,173.9992,176.6969,173.9992,175.348,"4,788"
2308 台達電,2020/10/15,175.348,175.7976,173.5496,174.8984,"5,876"
2308 台達電,2020/10/14,176.2473,176.2473,173.9992,174.4488,"5,117"
2308 台達電,2020/10/13,175.7976,175.7976,172.6504,174.8984,"7,885"
2308 台達電,2020/10/12,177.1465,177.5961,173.5496,176.2473,"9,609"
2308 台達電,2020/10/8,173.5496,173.5496,171.3015,173.5496,"5,057"
2308 台達電,2020/10/7,172.6504,172.6504,169.9527,171.7511,"5,769"
2308 台達電,2020/10/6,171.3015,172.2008,169.5031,172.2008,"5,266"
2308 台達電,2020/10/5,169.9527,172.6504,169.0535,170.4023,"9,398"
2308 台達電,2020/9/30,168.6039,170.4023,166.8054,169.9527,"5,561"
2308 台達電,2020/9/29,165.4566,168.6039,164.5574,166.3558,"6,015"
2308 台達電,2020/9/28,160.5109,164.1078,159.1621,164.1078,"5,812"
2308 台達電,2020/9/25,163.2086,164.1078,158.2628,158.7124,"8,812"
2308 台達電,2020/9/24,164.5574,166.3558,161.8597,164.5574,"8,655"
2308 台達電,2020/9/23,167.7047,169.0535,165.007,166.3558,"5,445"
2308 台達電,2020/9/22,169.9527,170.8519,166.3558,166.8054,"3,939"
2308 台達電,2020/9/21,171.7511,172.6504,169.9527,170.8519,"2,976"
2308 台達電,2020/9/18,170.8519,171.7511,169.0535,171.7511,"6,990"
2308 台達電,2020/9/17,170.8519,173.1,170.8519,171.7511,"2,599"
2308 台達電,2020/9/16,170.8519,171.7511,169.9527,171.7511,"4,532"
2308 台達電,2020/9/15,170.8519,171.7511,169.0535,169.5031,"6,082"
2308 台達電,2020/9/14,170.8519,171.7511,168.6039,169.9527,"4,392"
2308 台達電,2020/9/11,166.3558,169.0535,165.4566,168.6039,"5,177"
2308 台達電,2020/9/10,165.4566,166.8054,163.6582,166.8054,"3,499"
2308 台達電,2020/9/9,164.1078,165.9062,160.5109,165.4566,"6,699"
2308 台達電,2020/9/8,165.007,166.3558,163.6582,165.9062,"4,195"
2308 台達電,2020/9/7,166.8054,168.1543,161.8597,163.6582,"7,876"
2308 台達電,2020/9/4,168.6039,169.9527,165.4566,167.255,"11,301"
2308 台達電,2020/9/3,171.7511,173.9992,169.9527,172.2008,"5,954"
2308 台達電,2020/9/2,174.8984,174.8984,169.0535,170.4023,"6,741"
2308 台達電,2020/9/1,170.8519,173.1,167.7047,171.3015,"8,703"
2308 台達電,2020/8/31,174.4488,176.6969,169.9527,169.9527,"7,108"
2308 台達電,2020/8/28,173.9992,175.348,171.7511,174.4488,"5,529"
2308 台達電,2020/8/27,177.5961,178.0457,172.6504,173.9992,"4,770"
2308 台達電,2020/8/26,177.1465,177.5961,173.9992,177.1465,"3,473"
2308 台達電,2020/8/25,179.8441,180.2937,175.348,175.7976,"4,015"
2308 台達電,2020/8/24,170.8519,177.5961,170.4023,177.1465,"5,683"
2308 台達電,2020/8/21,175.348,177.5961,169.0535,171.7511,"12,193"
2308 台達電,2020/8/20,181.193,182.0922,169.0535,171.3015,"11,621"
2308 台達電,2020/8/19,183.441,184.3402,179.8441,179.8441,"4,427"
2308 台達電,2020/8/18,182.5418,182.9914,179.3945,181.193,"4,413"
2308 台達電,2020/8/17,182.0922,183.441,180.7434,183.441,"3,502"
2308 台達電,2020/8/14,183.8906,183.8906,179.8441,181.193,"4,379"
2308 台達電,2020/8/13,180.7434,182.9914,178.4953,181.193,"7,843"
2308 台達電,2020/8/12,180.7434,181.193,174.4488,178.4953,"10,995"
2308 台達電,2020/8/11,184.3402,184.3402,178.4953,179.3945,"8,219"
2308 台達電,2020/8/10,181.6426,182.5418,179.3945,181.193,"7,715"
2308 台達電,2020/8/7,182.9914,183.441,178.9449,180.2937,"7,452"
2308 台達電,2020/8/6,183.8906,186.1387,179.8441,183.8906,"8,173"
2308 台達電,2020/8/5,187.0379,188.3867,181.193,183.8906,"10,946"
2308 台達電,2020/8/4,182.5418,186.5883,182.0922,186.5883,"11,660"
2308 台達電,2020/8/3,180.7434,187.0379,180.7434,182.0922,"14,126"
2308 台達電,2020/7/31,177.5961,182.5418,174.8984,179.8441,"18,578"
2308 台達電,2020/7/30,174.8984,182.9914,174.8984,177.5961,"20,483"
2308 台達電,2020/7/29,167.255,174.4488,165.007,171.7511,"14,013"
2308 台達電,2020/7/28,169.5031,172.6504,168.1543,168.1543,"11,908"
2308 台達電,2020/7/27,168.6039,170.8519,167.255,169.5031,"9,826"
2308 台達電,2020/7/24,168.1543,170.4023,165.9062,165.9062,"8,768"
2308 台達電,2020/7/23,173.1,173.1,169.0535,170.8519,"6,863"
2308 台達電,2020/7/22,168.1543,174.4488,167.255,173.1,"14,137"
2308 台達電,2020/7/21,165.9062,170.4023,165.4566,166.8054,"9,879"
2308 台達電,2020/7/20,165.4566,167.255,160.9605,163.6582,"7,720"
2308 台達電,2020/7/17,166.3558,170.4023,165.007,165.4566,"11,048"
2308 台達電,2020/7/16,166.8054,167.255,163.6582,166.3558,"10,080"
2308 台達電,2020/7/15,166.8054,168.6039,165.4566,165.9062,"8,359"
2308 台達電,2020/7/14,166.3558,166.8054,165.007,166.3558,"7,007"
2308 台達電,2020/7/13,166.3558,169.0535,164.5574,167.7047,"7,361"
2308 台達電,2020/7/10,160.9605,165.4566,159.1621,165.007,"11,400"
2308 台達電,2020/7/9,163.6582,165.4566,162.3093,162.3093,"10,855"
2308 台達電,2020/7/8,157.3636,161.8597,156.914,161.4101,"9,877"
2308 台達電,2020/7/7,160.9605,161.8597,154.666,157.3636,"9,135"
2308 台達電,2020/7/6,153.7667,162.3093,153.7667,158.7124,"18,173"
2308 台達電,2020/7/3,148.821,153.7667,148.821,152.4179,"12,728"
2308 台達電,2020/7/2,146.573,150.6195,146.573,148.821,"11,493"
2308 台達電,2020/7/1,146.1764,148.7945,146.1764,147.9218,"7,606"
2308 台達電,2020/6/30,147.9218,148.7945,145.74,146.1764,"9,253"
2308 台達電,2020/6/29,144.431,148.7945,144.431,147.0491,"18,193"
2308 台達電,2020/6/24,148.3581,150.1035,145.74,146.6127,"10,000"
2308 台達電,2020/6/23,147.0491,149.2308,144.431,148.3581,"14,072"
2308 台達電,2020/6/22,144.8674,147.4854,143.5583,147.4854,"13,681"
2308 台達電,2020/6/19,143.122,145.3037,142.6856,145.3037,"18,824"
2308 台達電,2020/6/18,141.3766,143.122,139.6312,141.8129,"17,079"
2308 台達電,2020/6/17,137.8858,138.7585,135.7041,138.7585,"10,009"
2308 台達電,2020/6/16,136.1404,138.7585,135.7041,137.0131,"10,871"
2308 台達電,2020/6/15,136.1404,137.4494,132.6496,133.5223,"9,064"
2308 台達電,2020/6/12,133.5223,136.5767,133.086,135.2677,"10,376"
2308 台達電,2020/6/11,140.0675,141.3766,135.2677,136.5767,"12,699"
2308 台達電,2020/6/10,138.7585,142.6856,138.7585,140.0675,"14,512"
2308 台達電,2020/6/9,136.5767,143.5583,136.1404,138.7585,"24,471"
2308 台達電,2020/6/8,134.8314,135.2677,133.086,135.2677,"7,348"
2308 台達電,2020/6/5,133.9587,134.395,133.086,133.9587,"8,306"
2308 台達電,2020/6/4,133.086,134.8314,131.7769,133.086,"12,417"
2308 台達電,2020/6/3,128.2861,132.6496,127.8498,132.2133,"16,368"
2308 台達電,2020/6/2,126.5408,127.4135,125.2317,126.5408,"8,152"
2308 台達電,2020/6/1,122.1773,126.1044,121.3046,125.6681,"13,975"
2308 台達電,2020/5/29,120.8682,121.3046,119.9955,120.4319,"6,073"
2308 台達電,2020/5/28,123.05,123.05,120.4319,121.3046,"4,313"
2308 台達電,2020/5/27,122.1773,123.4863,121.7409,123.05,"3,782"
2308 台達電,2020/5/26,122.1773,123.05,121.3046,122.1773,"5,125"
2308 台達電,2020/5/25,120.4319,121.7409,119.5592,121.7409,"5,079"
2308 台達電,2020/5/22,123.4863,123.4863,119.9955,120.4319,"3,260"
2308 台達電,2020/5/21,123.05,123.9227,122.1773,123.4863,"6,936"
2308 台達電,2020/5/20,123.9227,123.9227,121.3046,123.05,"4,247"
2308 台達電,2020/5/19,123.05,123.4863,121.3046,123.05,"5,147"
2308 台達電,2020/5/18,120.8682,121.3046,119.5592,119.5592,"4,127"
2308 台達電,2020/5/15,120.8682,123.05,119.5592,120.8682,"5,793"
2308 台達電,2020/5/14,122.6136,124.359,120.8682,122.1773,"7,928"
2308 台達電,2020/5/13,116.5048,122.6136,116.5048,122.6136,"8,285"
2308 台達電,2020/5/12,119.5592,121.3046,118.6865,119.5592,"7,171"
2308 台達電,2020/5/11,123.4863,123.4863,121.3046,122.1773,"4,854"
2308 台達電,2020/5/8,122.6136,123.05,120.8682,122.1773,"5,600"
2308 台達電,2020/5/7,120.8682,122.1773,119.9955,121.3046,"2,693"
2308 台達電,2020/5/6,120.8682,121.3046,119.1229,120.8682,"5,461"
2308 台達電,2020/5/5,119.9955,122.1773,118.6865,121.3046,"6,619"
2308 台達電,2020/5/4,123.9227,123.9227,117.8138,118.6865,"9,265"
2308 台達電,2020/4/30,121.3046,124.7954,120.8682,122.1773,"15,700"
2308 台達電,2020/4/29,118.6865,120.4319,118.2502,120.4319,"6,067"
2308 台達電,2020/4/28,117.8138,118.2502,116.9411,117.8138,"3,975"
2308 台達電,2020/4/27,116.0684,117.8138,114.7594,116.5048,"5,445"
2308 台達電,2020/4/24,113.014,114.323,112.5776,114.323,"2,666"
2308 台達電,2020/4/23,115.6321,116.5048,112.5776,113.014,"5,550"
2308 台達電,2020/4/22,109.9596,114.7594,109.5232,114.323,"5,063"
2308 台達電,2020/4/21,114.323,116.5048,111.7049,112.1413,"5,284"
2308 台達電,2020/4/20,115.6321,116.5048,113.8867,114.323,"7,384"
2308 台達電,2020/4/17,118.2502,119.9955,117.3775,117.3775,"6,566"
2308 台達電,2020/4/16,117.8138,118.2502,116.0684,116.9411,"5,379"
2308 台達電,2020/4/15,116.9411,120.4319,115.1957,119.1229,"11,666"
2308 台達電,2020/4/14,110.8322,115.1957,110.3959,115.1957,"9,378"
2308 台達電,2020/4/13,111.2686,111.2686,109.0869,109.0869,"4,315"
2308 台達電,2020/4/10,110.3959,112.5776,109.5232,111.7049,"6,677"
2308 台達電,2020/4/9,109.5232,110.8322,107.7778,109.0869,"4,468"
2308 台達電,2020/4/8,107.3415,110.8322,106.4688,109.0869,"6,482"
2308 台達電,2020/4/7,105.5961,106.4688,105.1597,105.5961,"6,979"
2308 台達電,2020/4/6,104.7234,104.7234,101.2326,103.8507,"8,104"
2308 台達電,2020/4/1,105.5961,106.0324,103.8507,104.7234,"3,350"
2308 台達電,2020/3/31,106.0324,106.9051,104.287,105.1597,"5,193"
2308 台達電,2020/3/30,102.1053,104.287,100.3599,104.287,"4,758"
2308 台達電,2020/3/27,107.3415,108.2142,102.1053,102.978,"7,581"
2308 台達電,2020/3/26,105.5961,105.5961,102.978,104.7234,"4,537"
2308 台達電,2020/3/25,102.978,104.287,102.978,103.8507,"8,293"
2308 台達電,2020/3/24,99.9236,103.8507,99.9236,100.3599,"6,085"
2308 台達電,2020/3/23,97.7418,102.1053,94.6874,98.1782,"8,552"
2308 台達電,2020/3/20,98.6145,103.4143,97.7418,102.5416,"13,676"
2308 台達電,2020/3/19,99.0509,101.2326,95.9964,96.8691,"11,899"
2308 台達電,2020/3/18,101.2326,103.8507,100.3599,100.3599,"7,516"
2308 台達電,2020/3/17,99.4872,103.8507,99.0509,100.7963,"8,779"
2308 台達電,2020/3/16,106.4688,106.4688,101.2326,102.978,"10,533"
2308 台達電,2020/3/13,99.4872,105.5961,97.3055,104.7234,"24,175"
2308 台達電,2020/3/12,116.0684,116.0684,107.7778,107.7778,"16,543"
2308 台達電,2020/3/11,116.9411,118.2502,116.0684,116.0684,"8,469"
2308 台達電,2020/3/10,114.323,118.2502,114.323,116.0684,"6,663"
2308 台達電,2020/3/9,118.2502,119.5592,116.0684,116.0684,"10,050"
2308 台達電,2020/3/6,123.05,123.05,120.8682,120.8682,"5,236"
2308 台達電,2020/3/5,123.05,124.359,122.6136,124.359,"3,561"
2308 台達電,2020/3/4,120.4319,122.1773,120.4319,122.1773,"2,633"
2308 台達電,2020/3/3,121.7409,122.1773,120.4319,120.4319,"4,003"
2308 台達電,2020/3/2,118.6865,122.1773,118.6865,120.4319,"7,135"
2308 台達電,2020/2/27,123.9227,124.7954,122.1773,122.1773,"6,585"
2308 台達電,2020/2/26,122.1773,124.7954,122.1773,123.9227,"4,686"
2308 台達電,2020/2/25,122.1773,123.4863,121.7409,123.05,"4,551"
2308 台達電,2020/2/24,123.9227,124.7954,123.05,123.4863,"4,298"
2308 台達電,2020/2/21,126.1044,126.5408,124.359,126.1044,"3,768"
2308 台達電,2020/2/20,125.6681,126.5408,124.359,125.6681,"4,093"
2308 台達電,2020/2/19,126.1044,126.5408,124.359,125.2317,"3,082"
2308 台達電,2020/2/18,125.2317,125.6681,123.9227,123.9227,"5,212"
2308 台達電,2020/2/17,126.5408,126.9771,125.6681,126.1044,"3,363"
2308 台達電,2020/2/14,125.6681,128.2861,125.6681,127.8498,"5,708"
2308 台達電,2020/2/13,125.6681,127.4135,125.2317,126.9771,"4,462"
2308 台達電,2020/2/12,124.359,126.5408,123.9227,125.6681,"6,651"
2308 台達電,2020/2/11,124.7954,125.6681,123.4863,124.359,"6,482"
2308 台達電,2020/2/10,123.9227,124.7954,123.4863,124.7954,"5,037"
2308 台達電,2020/2/7,126.5408,127.4135,124.7954,125.2317,"4,951"
2308 台達電,2020/2/6,127.4135,128.7225,126.5408,128.2861,"3,104"
2308 台達電,2020/2/5,123.4863,127.4135,123.4863,126.9771,"6,903"
2308 台達電,2020/2/4,122.6136,124.7954,122.1773,124.359,"4,574"
2308 台達電,2020/2/3,121.3046,123.05,119.9955,122.6136,"5,632"
2308 台達電,2020/1/31,126.1044,128.2861,123.9227,124.7954,"7,267"
2308 台達電,2020/1/30,131.7769,131.7769,123.9227,124.7954,"14,343"
2308 台達電,2020/1/20,132.6496,134.395,131.7769,133.086,"9,947"
2308 台達電,2020/1/17,132.2133,132.6496,130.4679,132.6496,"6,215"
2308 台達電,2020/1/16,129.5952,131.7769,129.1588,131.7769,"6,949"
2308 台達電,2020/1/15,131.7769,131.7769,128.7225,129.5952,"9,133"
2308 台達電,2020/1/14,131.3406,132.2133,130.4679,131.7769,"4,665"
2308 台達電,2020/1/13,133.086,133.086,129.5952,130.4679,"5,115"
2308 台達電,2020/1/10,133.086,134.8314,130.4679,131.7769,"6,079"
2308 台達電,2020/1/9,130.0315,133.086,130.0315,132.6496,"10,675"
2308 台達電,2020/1/8,129.5952,130.0315,128.2861,129.1588,"5,376"
2308 台達電,2020/1/7,129.1588,131.7769,127.8498,130.0315,"8,304"
2308 台達電,2020/1/6,130.9042,131.7769,128.7225,130.0315,"6,311"
2308 台達電,2020/1/3,132.6496,133.086,130.0315,132.2133,"6,932"
2308 台達電,2020/1/2,133.086,133.086,131.3406,131.7769,"2,721"
2308 台達電,2019/12/31,132.6496,133.5223,131.7769,132.2133,"4,698"
2308 台達電,2019/12/30,130.0315,133.5223,129.5952,132.6496,"12,644"
2308 台達電,2019/12/27,128.7225,129.5952,127.8498,129.1588,"3,497"
2308 台達電,2019/12/26,128.7225,129.1588,126.9771,127.4135,"3,056"
2308 台達電,2019/12/25,127.8498,129.1588,127.4135,128.2861,"1,566"
2308 台達電,2019/12/24,129.1588,129.1588,126.9771,127.8498,"3,952"
2308 台達電,2019/12/23,128.2861,129.5952,127.8498,129.5952,"5,570"
2308 台達電,2019/12/20,131.3406,131.3406,127.8498,127.8498,"8,557"
2308 台達電,2019/12/19,130.9042,131.7769,130.4679,131.3406,"6,476"
2308 台達電,2019/12/18,130.4679,131.7769,128.7225,130.9042,"9,976"
2308 台達電,2019/12/17,129.1588,130.4679,128.2861,130.4679,"7,288"
2308 台達電,2019/12/16,127.4135,130.0315,126.9771,129.5952,"10,622"
2308 台達電,2019/12/13,125.6681,127.4135,124.7954,126.9771,"9,578"
2308 台達電,2019/12/12,124.7954,125.6681,124.359,124.7954,"4,480"
2308 台達電,2019/12/11,123.4863,124.359,123.05,124.359,"3,146"
2308 台達電,2019/12/10,124.7954,124.7954,123.05,124.359,"3,978"
2308 台達電,2019/12/9,123.9227,125.6681,123.4863,124.7954,"7,142"
2308 台達電,2019/12/6,122.6136,123.9227,122.1773,123.4863,"4,175"
2308 台達電,2019/12/5,122.6136,123.4863,121.7409,122.6136,"4,891"
2308 台達電,2019/12/4,122.6136,123.05,121.3046,122.1773,"3,283"
2308 台達電,2019/12/3,121.7409,123.9227,121.7409,123.4863,"2,727"
2308 台達電,2019/12/2,123.05,123.05,121.3046,122.6136,"5,131"
2308 台達電,2019/11/29,124.359,124.7954,121.7409,122.1773,"8,392"
2308 台達電,2019/11/28,121.3046,123.9227,121.3046,123.9227,"8,479"
2308 台達電,2019/11/27,121.3046,121.7409,120.8682,121.3046,"3,631"
2308 台達電,2019/11/26,121.7409,122.6136,120.8682,120.8682,"11,651"
2308 台達電,2019/11/25,121.3046,121.7409,120.4319,120.8682,"2,495"
2308 台達電,2019/11/22,120.8682,120.8682,119.5592,120.8682,"2,253"
2308 台達電,2019/11/21,118.2502,119.9955,117.8138,119.9955,"3,794"
2308 台達電,2019/11/20,121.3046,121.3046,119.1229,119.5592,"4,008"
2308 台達電,2019/11/19,119.5592,121.7409,118.6865,121.7409,"8,111"
2308 台達電,2019/11/18,116.9411,119.1229,116.9411,119.1229,"2,473"
2308 台達電,2019/11/15,116.9411,117.8138,116.0684,116.5048,"7,705"
2308 台達電,2019/11/14,118.2502,118.6865,116.9411,117.3775,"3,607"
2308 台達電,2019/11/13,119.5592,120.4319,117.8138,118.2502,"6,112"
2308 台達電,2019/11/12,120.8682,121.7409,119.9955,120.8682,"4,532"
2308 台達電,2019/11/11,122.1773,122.1773,119.9955,120.4319,"4,814"
2308 台達電,2019/11/8,123.4863,123.4863,120.4319,121.7409,"8,136"
2308 台達電,2019/11/7,122.1773,123.4863,119.1229,121.7409,"17,596"
2308 台達電,2019/11/6,124.7954,125.6681,121.7409,122.6136,"13,977"
2308 台達電,2019/11/5,117.8138,123.4863,117.3775,123.05,"18,437"
2308 台達電,2019/11/4,116.9411,117.8138,116.5048,117.3775,"7,884"
2308 台達電,2019/11/1,116.9411,117.8138,116.0684,116.5048,"6,090"
2308 台達電,2019/10/31,118.2502,119.5592,116.9411,116.9411,"11,510"
2308 台達電,2019/10/30,116.9411,118.2502,116.5048,118.2502,"8,857"
2308 台達電,2019/10/29,120.8682,121.7409,116.5048,116.9411,"21,723"
2308 台達電,2019/10/28,122.6136,123.05,121.7409,122.6136,"5,916"
2308 台達電,2019/10/25,122.6136,122.6136,121.3046,121.7409,"5,681"
2308 台達電,2019/10/24,121.3046,122.1773,120.8682,121.7409,"11,164"
2308 台達電,2019/10/23,119.1229,120.4319,118.6865,119.9955,"9,080"
2308 台達電,2019/10/22,119.5592,119.9955,117.8138,119.1229,"9,378"
2308 台達電,2019/10/21,119.5592,119.9955,117.3775,118.6865,"9,183"
2308 台達電,2019/10/18,117.3775,119.1229,116.9411,119.1229,"8,902"
2308 台達電,2019/10/17,115.1957,116.9411,114.323,116.9411,"6,742"
2308 台達電,2019/10/16,116.0684,117.3775,115.1957,115.6321,"9,464"
2308 台達電,2019/10/15,116.0684,116.9411,115.1957,116.0684,"6,998"
2308 台達電,2019/10/14,110.8322,116.9411,110.8322,116.0684,"16,844"
2308 台達電,2019/10/9,113.4503,113.4503,110.8322,110.8322,"16,298"
2308 台達電,2019/10/8,116.9411,116.9411,114.7594,114.7594,"6,475"
2308 台達電,2019/10/7,116.0684,117.3775,115.6321,116.5048,"6,746"
2308 台達電,2019/10/4,115.1957,116.0684,114.323,114.7594,"11,273"
2308 台達電,2019/10/3,115.6321,116.9411,115.1957,116.0684,"4,350"
2308 台達電,2019/10/2,116.0684,118.2502,116.0684,117.3775,"7,550"
2308 台達電,2019/10/1,114.323,116.9411,114.323,116.9411,"9,540"
2308 台達電,2019/9/27,115.1957,116.5048,114.323,115.6321,"10,822"
2308 台達電,2019/9/26,119.1229,119.5592,116.9411,116.9411,"16,892"
2308 台達電,2019/9/25,122.1773,122.1773,118.6865,118.6865,"24,936"
2308 台達電,2019/9/24,126.9771,127.4135,124.359,124.7954,"10,784"
2308 台達電,2019/9/23,126.9771,128.2861,126.9771,127.4135,"4,422"
2308 台達電,2019/9/20,129.5952,129.5952,126.9771,126.9771,"9,051"
2308 台達電,2019/9/19,129.1588,130.0315,128.2861,129.5952,"6,429"
2308 台達電,2019/9/18,127.4135,128.7225,126.5408,127.8498,"6,126"
2308 台達電,2019/9/17,127.8498,128.2861,126.1044,126.9771,"4,788"
2308 台達電,2019/9/16,126.5408,128.7225,126.1044,128.2861,"6,737"
2308 台達電,2019/9/12,128.2861,128.7225,126.9771,126.9771,"2,894"
2308 台達電,2019/9/11,127.4135,127.4135,126.1044,127.4135,"4,425"
2308 台達電,2019/9/10,129.5952,129.5952,127.4135,127.8498,"1,826"
2308 台達電,2019/9/9,130.4679,130.4679,128.2861,128.7225,"1,281"
2308 台達電,2019/9/6,128.7225,130.0315,128.2861,129.5952,"2,698"
2308 台達電,2019/9/5,127.8498,128.7225,127.4135,128.7225,"4,761"
2308 台達電,2019/9/4,127.8498,127.8498,126.9771,126.9771,"3,258"
2308 台達電,2019/9/3,127.8498,127.8498,126.5408,127.4135,"2,309"
2308 台達電,2019/9/2,128.7225,128.7225,127.4135,127.4135,"1,995"
2308 台達電,2019/8/30,126.5408,128.2861,126.5408,127.8498,"4,532"
2308 台達電,2019/8/29,126.5408,126.5408,125.2317,125.2317,"3,081"
2308 台達電,2019/8/28,126.9771,127.4135,125.6681,126.1044,"3,166"
2308 台達電,2019/8/27,127.8498,127.8498,126.5408,126.9771,"7,251"
2308 台達電,2019/8/26,126.9771,127.4135,126.5408,126.5408,"6,084"
2308 台達電,2019/8/23,130.4679,130.4679,129.1588,129.5952,"2,403"
2308 台達電,2019/8/22,131.7769,132.2133,130.0315,130.4679,"2,666"
2308 台達電,2019/8/21,132.6496,132.6496,130.9042,130.9042,"2,571"
2308 台達電,2019/8/20,129.1588,132.6496,128.7225,132.6496,"4,315"
2308 台達電,2019/8/19,128.7225,130.0315,128.2861,129.1588,"2,252"
2308 台達電,2019/8/16,128.7225,129.1588,127.4135,127.8498,"4,123"
2308 台達電,2019/8/15,127.8498,129.5952,127.8498,128.7225,"3,041"
2308 台達電,2019/8/14,130.9042,131.3406,129.5952,130.0315,"2,598"
2308 台達電,2019/8/13,130.4679,130.4679,129.1588,129.1588,"3,138"
2308 台達電,2019/8/12,130.0315,131.7769,130.0315,130.0315,"2,871"
2308 台達電,2019/8/8,130.4679,132.2133,130.4679,131.3406,"2,911"
2308 台達電,2019/8/7,130.0315,131.7769,129.1588,130.4679,"4,619"
2308 台達電,2019/8/6,126.5408,130.4679,126.5408,129.5952,"7,080"
2308 台達電,2019/8/5,132.2133,133.5223,129.5952,129.5952,"6,145"
2308 台達電,2019/8/2,131.3406,133.086,129.5952,133.086,"10,214"
2308 台達電,2019/8/1,133.086,135.7041,132.6496,133.5223,"11,153"
2308 台達電,2019/7/31,130.0315,133.5223,129.5952,132.2133,"5,531"
2308 台達電,2019/7/30,130.9042,131.3406,129.5952,130.0315,"3,480"
2308 台達電,2019/7/29,130.0315,131.3406,130.0315,130.9042,"2,235"
2308 台達電,2019/7/26,130.0315,132.2133,129.5952,131.3406,"3,023"
2308 台達電,2019/7/25,132.2133,132.6496,130.4679,130.4679,"6,178"
2308 台達電,2019/7/24,130.4679,132.6496,130.4679,132.2133,"6,297"
2308 台達電,2019/7/23,130.4679,130.9042,128.7225,130.4679,"5,486"
2308 台達電,2019/7/22,129.1588,130.4679,129.1588,129.1588,"2,878"
2308 台達電,2019/7/19,129.5952,130.9042,128.7225,129.1588,"4,062"
2308 台達電,2019/7/18,130.4679,130.9042,127.4135,128.7225,"7,297"
2308 台達電,2019/7/17,133.5223,133.5223,130.9042,130.9042,"5,202"
2308 台達電,2019/7/16,134.395,134.8314,132.6496,134.8314,"5,587"
2308 台達電,2019/7/15,132.6496,134.8314,131.3406,134.8314,"4,369"
2308 台達電,2019/7/12,132.6496,133.5223,131.7769,131.7769,"2,581"
2308 台達電,2019/7/11,133.5223,134.395,132.6496,132.6496,"4,590"
2308 台達電,2019/7/10,131.7769,132.6496,131.3406,132.2133,"2,832"
2308 台達電,2019/7/9,133.9587,134.395,131.7769,131.7769,"2,724"
2308 台達電,2019/7/8,134.8314,135.2677,133.5223,134.395,"1,932"
2308 台達電,2019/7/5,135.2677,135.7041,133.5223,135.2677,"1,134"
2308 台達電,2019/7/4,133.9587,135.2677,133.5223,135.2677,"2,430"
2308 台達電,2019/7/3,135.2677,135.7041,132.6496,132.6496,"2,451"
2308 台達電,2019/7/2,135.7041,136.5767,134.395,135.2677,"6,365"
2308 台達電,2019/7/1,135.2813,136.1268,134.013,135.704,"8,271"
2308 台達電,2019/6/28,131.8992,133.5903,130.631,133.1675,"5,217"
2308 台達電,2019/6/27,130.2082,132.7447,130.2082,131.8992,"6,090"
2308 台達電,2019/6/26,130.2082,131.0537,129.3627,129.3627,"6,256"
2308 台達電,2019/6/25,132.322,132.7447,130.2082,131.0537,"9,259"
2308 台達電,2019/6/24,134.8585,134.8585,133.5903,134.013,"7,232"
2308 台達電,2019/6/21,134.4358,135.704,133.5903,134.8585,"14,820"
2308 台達電,2019/6/20,133.5903,134.8585,132.7447,134.4358,"4,955"
2308 台達電,2019/6/19,130.2082,134.8585,130.2082,133.5903,"11,550"
2308 台達電,2019/6/18,129.3627,129.7855,128.5172,128.5172,"3,456"
2308 台達電,2019/6/17,126.4034,129.7855,125.5579,129.3627,"4,755"
2308 台達電,2019/6/14,126.8262,127.2489,125.1352,125.1352,"4,165"
2308 台達電,2019/6/13,128.0945,128.5172,126.8262,127.2489,"4,713"
2308 台達電,2019/6/12,127.6717,128.5172,127.2489,128.0945,"2,106"
2308 台達電,2019/6/11,128.94,128.94,126.8262,127.6717,"4,318"
2308 台達電,2019/6/10,128.5172,128.5172,126.8262,128.0945,"4,362"
2308 台達電,2019/6/6,123.4442,126.4034,123.0214,125.1352,"4,861"
2308 台達電,2019/6/5,127.6717,128.5172,123.4442,123.4442,"5,938"
2308 台達電,2019/6/4,126.8262,128.0945,125.9807,126.4034,"5,603"
2308 台達電,2019/6/3,122.1759,125.9807,120.4849,125.1352,"9,010"
2308 台達電,2019/5/31,119.2166,121.7531,118.3711,120.4849,"8,837"
2308 台達電,2019/5/30,117.1028,121.7531,117.1028,120.4849,"6,841"
2308 台達電,2019/5/29,115.8346,117.9484,115.8346,117.1028,"5,688"
2308 台達電,2019/5/28,119.6394,119.6394,116.6801,116.6801,"23,255"
2308 台達電,2019/5/27,118.3711,120.0621,116.6801,118.3711,"5,617"
2308 台達電,2019/5/24,114.1436,120.0621,114.1436,118.3711,"9,433"
2308 台達電,2019/5/23,117.5256,118.3711,114.9891,115.4118,"9,765"
2308 台達電,2019/5/22,120.9076,121.7531,117.9484,118.7939,"7,024"
2308 台達電,2019/5/21,122.5987,123.0214,120.9076,120.9076,"7,542"
2308 台達電,2019/5/20,121.7531,122.5987,120.0621,122.5987,"5,290"
2308 台達電,2019/5/17,124.2897,125.1352,119.6394,120.4849,"6,078"
2308 台達電,2019/5/16,124.7124,125.5579,121.7531,121.7531,"6,068"
2308 台達電,2019/5/15,125.9807,127.2489,124.7124,124.7124,"7,269"
2308 台達電,2019/5/14,125.1352,127.2489,123.0214,125.9807,"8,684"
2308 台達電,2019/5/13,127.2489,127.6717,125.9807,126.8262,"3,202"
2308 台達電,2019/5/10,127.6717,128.94,125.9807,127.2489,"6,679"
2308 台達電,2019/5/9,130.2082,130.631,126.8262,127.6717,"8,127"
2308 台達電,2019/5/8,128.94,133.1675,128.5172,131.4765,"4,716"
2308 台達電,2019/5/7,130.2082,132.7447,130.2082,131.4765,"6,352"
2308 台達電,2019/5/6,133.5903,133.5903,128.94,129.7855,"9,439"
2308 台達電,2019/5/3,135.2813,136.1268,133.5903,135.704,"8,324"
2308 台達電,2019/5/2,136.5495,136.5495,133.5903,134.8585,"6,572"
2308 台達電,2019/4/30,135.704,137.395,135.2813,137.395,"5,182"
2308 台達電,2019/4/29,135.2813,136.9723,135.2813,136.9723,"3,071"
2308 台達電,2019/4/26,136.9723,136.9723,134.4358,136.1268,"4,547"
2308 台達電,2019/4/25,135.2813,137.395,134.013,137.395,"4,106"
2308 台達電,2019/4/24,136.5495,136.5495,133.5903,135.2813,"4,484"
2308 台達電,2019/4/23,135.2813,135.704,133.5903,135.704,"2,161"
2308 台達電,2019/4/22,135.2813,136.1268,134.4358,135.2813,"2,490"
2308 台達電,2019/4/19,136.5495,136.9723,134.013,134.4358,"2,470"
2308 台達電,2019/4/18,137.395,137.8178,135.704,136.1268,"3,217"
2308 台達電,2019/4/17,137.8178,138.2405,136.1268,136.9723,"3,204"
2308 台達電,2019/4/16,136.9723,137.395,136.1268,136.9723,"3,108"
2308 台達電,2019/4/15,138.6633,138.6633,136.5495,136.9723,"4,771"
2308 台達電,2019/4/12,140.7771,140.7771,136.9723,137.8178,"6,759"
2308 台達電,2019/4/11,141.1998,141.6226,137.8178,139.9316,"7,622"
2308 台達電,2019/4/10,138.6633,140.7771,138.2405,140.3543,"8,268"
2308 台達電,2019/4/9,138.6633,139.0861,136.9723,138.6633,"4,286"
2308 台達電,2019/4/8,137.8178,139.5088,136.5495,139.5088,"9,875"
2308 台達電,2019/4/3,134.4358,136.1268,133.1675,135.2813,"5,222"
2308 台達電,2019/4/2,134.013,134.4358,132.322,133.1675,"5,234"
2308 台達電,2019/4/1,134.8585,135.2813,131.4765,131.8992,"7,193"
2308 台達電,2019/3/29,135.2813,135.704,132.322,134.4358,"7,900"
2308 台達電,2019/3/28,136.1268,136.5495,134.013,136.5495,"4,530"
2308 台達電,2019/3/27,135.2813,137.8178,135.2813,137.395,"7,589"
2308 台達電,2019/3/26,134.4358,136.9723,134.013,136.9723,"8,762"
2308 台達電,2019/3/25,132.7447,133.5903,131.0537,131.8992,"5,910"
2308 台達電,2019/3/22,136.9723,136.9723,134.8585,136.5495,"8,306"
2308 台達電,2019/3/21,132.322,136.5495,131.8992,135.704,"16,912"
2308 台達電,2019/3/20,131.4765,132.322,130.2082,131.4765,"9,385"
2308 台達電,2019/3/19,128.0945,130.631,127.2489,130.631,"8,216"
2308 台達電,2019/3/18,126.8262,128.5172,126.4034,128.0945,"5,957"
2308 台達電,2019/3/15,126.4034,126.8262,125.5579,125.9807,"7,319"
2308 台達電,2019/3/14,125.1352,126.8262,124.2897,126.8262,"9,179"
2308 台達電,2019/3/13,124.2897,125.5579,123.0214,125.1352,"13,030"
2308 台達電,2019/3/12,128.5172,128.5172,121.3304,121.7531,"22,712"
2308 台達電,2019/3/11,127.6717,129.7855,127.2489,128.5172,"5,335"
2308 台達電,2019/3/8,128.5172,128.5172,126.8262,127.2489,"7,724"
2308 台達電,2019/3/7,130.631,130.631,129.3627,129.7855,"4,322"
2308 台達電,2019/3/6,130.2082,130.631,128.0945,130.631,"6,293"
2308 台達電,2019/3/5,132.7447,133.1675,128.94,129.7855,"8,701"
2308 台達電,2019/3/4,131.8992,135.704,131.0537,132.7447,"17,558"
2308 台達電,2019/2/27,130.2082,131.0537,129.7855,129.7855,"10,588"
2308 台達電,2019/2/26,130.2082,130.2082,128.94,128.94,"7,575"
2308 台達電,2019/2/25,131.4765,131.8992,129.3627,130.2082,"5,157"
2308 台達電,2019/2/22,131.4765,131.4765,129.3627,130.2082,"6,576"
2308 台達電,2019/2/21,131.8992,131.8992,129.7855,131.0537,"5,578"
2308 台達電,2019/2/20,130.631,132.7447,130.2082,130.631,"9,967"
2308 台達電,2019/2/19,130.2082,130.2082,128.0945,128.94,"6,502"
2308 台達電,2019/2/18,131.8992,131.8992,129.7855,130.2082,"12,590"
2308 台達電,2019/2/15,131.4765,131.8992,130.2082,131.0537,"7,828"
2308 台達電,2019/2/14,129.7855,132.322,129.7855,130.631,"9,376"
2308 台達電,2019/2/13,131.0537,131.0537,129.3627,129.7855,"9,855"
2308 台達電,2019/2/12,128.94,130.2082,128.5172,129.3627,"8,676"
2308 台達電,2019/2/11,129.7855,129.7855,126.8262,128.0945,"8,166"
2308 台達電,2019/1/30,126.4034,128.5172,125.5579,127.6717,"11,405"
2308 台達電,2019/1/29,126.8262,127.2489,124.2897,125.9807,"10,819"
2308 台達電,2019/1/28,130.631,131.0537,128.0945,128.5172,"3,467"
2308 台達電,2019/1/25,130.2082,131.0537,128.5172,130.2082,"9,983"
2308 台達電,2019/1/24,127.6717,129.7855,127.2489,128.94,"14,028"
2308 台達電,2019/1/23,126.8262,127.6717,125.5579,126.4034,"9,994"
2308 台達電,2019/1/22,128.5172,128.5172,127.2489,128.0945,"4,817"
2308 台達電,2019/1/21,128.5172,128.94,126.8262,128.5172,"9,012"
2308 台達電,2019/1/18,125.5579,128.0945,123.8669,127.2489,"10,216"
2308 台達電,2019/1/17,126.8262,130.631,125.1352,126.8262,"17,625"
2308 台達電,2019/1/16,127.2489,127.6717,125.1352,126.4034,"8,555"
2308 台達電,2019/1/15,121.7531,126.8262,121.3304,126.8262,"19,576"
2308 台達電,2019/1/14,120.4849,121.3304,118.3711,120.0621,"6,557"
2308 台達電,2019/1/11,121.7531,122.5987,118.7939,120.0621,"10,146"
2308 台達電,2019/1/10,122.1759,122.5987,120.0621,122.5987,"9,823"
2308 台達電,2019/1/9,119.2166,122.5987,119.2166,122.1759,"16,972"
2308 台達電,2019/1/8,118.7939,119.6394,117.1028,118.7939,"16,880"
2308 台達電,2019/1/7,112.4526,116.6801,112.0298,116.6801,"21,286"
2308 台達電,2019/1/4,108.225,112.4526,107.8023,110.7615,"11,556"
2308 台達電,2019/1/3,106.9568,109.916,106.534,109.916,"4,493"
2308 台達電,2019/1/2,109.4933,109.916,106.9568,107.3795,"2,743"
2308 台達電,2018/12/28,108.6478,109.4933,107.8023,109.4933,"2,764"
2308 台達電,2018/12/27,107.8023,108.6478,106.534,107.8023,"3,825"
2308 台達電,2018/12/26,107.3795,108.225,106.534,106.534,"1,559"
2308 台達電,2018/12/25,107.8023,107.8023,106.534,107.3795,"2,707"
2308 台達電,2018/12/24,108.225,109.0705,107.8023,108.225,"1,738"
2308 台達電,2018/12/22,107.3795,109.0705,106.534,108.6478,"1,049"
2308 台達電,2018/12/21,111.1843,111.607,108.225,108.225,"11,241"
2308 台達電,2018/12/20,110.7615,113.7208,110.7615,112.4526,"9,705"
2308 台達電,2018/12/19,112.0298,112.4526,110.7615,112.0298,"6,019"
2308 台達電,2018/12/18,109.916,111.607,109.4933,111.607,"4,428"
2308 台達電,2018/12/17,111.1843,111.1843,109.916,110.7615,"2,809"
2308 台達電,2018/12/14,109.916,111.607,109.4933,111.1843,"7,426"
2308 台達電,2018/12/13,109.916,111.1843,109.0705,110.7615,"12,057"
2308 台達電,2018/12/12,109.4933,109.4933,108.225,108.6478,"7,547"
2308 台達電,2018/12/11,107.3795,109.4933,107.3795,108.225,"5,884"
2308 台達電,2018/12/10,106.534,108.225,106.534,106.9568,"3,822"
2308 台達電,2018/12/7,107.8023,107.8023,106.9568,107.8023,"8,011"
2308 台達電,2018/12/6,108.6478,108.6478,105.6885,107.8023,"7,615"
2308 台達電,2018/12/5,108.225,109.4933,107.8023,109.0705,"2,981"
2308 台達電,2018/12/4,109.916,109.916,108.225,109.916,"7,359"
2308 台達電,2018/12/3,110.7615,110.7615,108.225,109.916,"8,880"
2308 台達電,2018/11/30,109.0705,109.916,107.3795,109.916,"14,829"
2308 台達電,2018/11/29,109.4933,110.7615,108.6478,108.6478,"15,519"
2308 台達電,2018/11/28,107.8023,109.0705,106.9568,108.225,"8,733"
2308 台達電,2018/11/27,103.9975,107.3795,103.152,106.9568,"8,209"
2308 台達電,2018/11/26,102.7292,104.4202,102.3065,103.152,"5,179"
2308 台達電,2018/11/23,102.3065,103.152,99.7699,101.461,"8,886"
2308 台達電,2018/11/22,106.534,106.534,102.3065,102.3065,"8,004"
2308 台達電,2018/11/21,105.6885,106.9568,103.9975,106.1112,"7,985"
2308 台達電,2018/11/20,106.9568,107.3795,105.6885,106.1112,"5,717"
2308 台達電,2018/11/19,109.0705,109.0705,106.9568,107.8023,"4,477"
2308 台達電,2018/11/16,108.225,108.6478,106.9568,108.6478,"4,470"
2308 台達電,2018/11/15,110.3388,110.3388,106.9568,107.8023,"6,719"
2308 台達電,2018/11/14,109.0705,109.916,107.8023,109.916,"5,633"
2308 台達電,2018/11/13,106.9568,109.0705,105.2657,109.0705,"6,928"
2308 台達電,2018/11/12,108.225,109.916,106.9568,108.6478,"4,253"
2308 台達電,2018/11/9,109.916,110.3388,107.3795,108.225,"6,031"
2308 台達電,2018/11/8,111.1843,111.1843,109.916,109.916,"8,210"
2308 台達電,2018/11/7,108.6478,109.916,106.9568,109.916,"7,255"
2308 台達電,2018/11/6,109.4933,109.916,105.2657,107.8023,"10,607"
2308 台達電,2018/11/5,109.916,110.7615,107.3795,109.0705,"7,994"
2308 台達電,2018/11/2,111.607,111.607,107.3795,109.0705,"12,588"
2308 台達電,2018/11/1,109.0705,112.0298,108.6478,109.916,"16,437"
2308 台達電,2018/10/31,109.0705,109.916,107.8023,109.916,"26,296"
2308 台達電,2018/10/30,103.152,105.6885,102.7292,105.6885,"17,743"
2308 台達電,2018/10/29,103.9975,104.4202,100.6154,101.0382,"9,998"
2308 台達電,2018/10/26,104.4202,105.6885,100.6154,102.7292,"10,323"
2308 台達電,2018/10/25,101.0382,103.9975,100.6154,102.7292,"10,252"
2308 台達電,2018/10/24,102.3065,104.4202,99.7699,103.9975,"12,861"
2308 台達電,2018/10/23,102.7292,103.5747,101.0382,101.461,"5,122"
2308 台達電,2018/10/22,100.1927,103.9975,100.1927,103.5747,"6,609"
2308 台達電,2018/10/19,99.3472,101.461,98.5017,100.1927,"4,223"
2308 台達電,2018/10/18,99.7699,101.0382,98.9244,101.0382,"3,826"
2308 台達電,2018/10/17,103.152,103.5747,98.9244,98.9244,"6,850"
2308 台達電,2018/10/16,98.9244,101.461,98.5017,100.6154,"5,717"
2308 台達電,2018/10/15,99.7699,101.0382,98.5017,98.9244,"7,793"
2308 台達電,2018/10/12,96.8107,100.6154,96.3879,100.1927,"13,472"
2308 台達電,2018/10/11,93.8514,95.1196,92.1604,94.2741,"15,179"
2308 台達電,2018/10/9,98.0789,100.6154,97.6562,99.3472,"6,949"
2308 台達電,2018/10/8,98.9244,99.7699,96.3879,96.8107,"12,826"
2308 台達電,2018/10/5,103.152,103.152,98.5017,100.1927,"12,519"
2308 台達電,2018/10/4,105.6885,106.534,103.5747,104.4202,"8,907"
2308 台達電,2018/10/3,107.8023,108.225,104.843,105.6885,"10,521"
2308 台達電,2018/10/2,110.3388,110.7615,106.534,108.225,"11,768"
2308 台達電,2018/10/1,112.0298,112.8753,108.6478,109.4933,"15,805"
2308 台達電,2018/9/28,106.9568,112.0298,105.6885,110.7615,"31,475"
2308 台達電,2018/9/27,106.9568,107.8023,104.843,106.1112,"18,457"
2308 台達電,2018/9/26,101.8837,102.7292,101.0382,101.0382,"4,514"
2308 台達電,2018/9/25,101.0382,102.7292,100.6154,101.461,"5,524"
2308 台達電,2018/9/21,102.7292,103.152,100.6154,100.6154,"8,218"
2308 台達電,2018/9/20,101.461,102.7292,100.1927,101.461,"6,453"
2308 台達電,2018/9/19,101.461,102.3065,100.1927,101.0382,"4,754"
2308 台達電,2018/9/18,99.7699,102.3065,99.3472,101.461,"7,861"
2308 台達電,2018/9/17,98.5017,102.3065,98.0789,101.461,"10,446"
2308 台達電,2018/9/14,98.0789,99.7699,97.6562,98.5017,"10,287"
2308 台達電,2018/9/13,98.0789,99.7699,97.6562,98.0789,"5,885"
2308 台達電,2018/9/12,99.7699,100.6154,98.0789,98.5017,"5,902"
2308 台達電,2018/9/11,100.6154,101.8837,100.1927,100.1927,"7,027"
2308 台達電,2018/9/10,101.461,101.461,98.5017,101.0382,"13,092"
2308 台達電,2018/9/7,101.0382,103.152,100.1927,101.8837,"9,139"
2308 台達電,2018/9/6,101.8837,103.152,101.461,102.7292,"4,625"
2308 台達電,2018/9/5,105.2657,105.6885,102.7292,103.152,"5,889"
2308 台達電,2018/9/4,103.9975,105.6885,102.7292,104.843,"8,677"
2308 台達電,2018/9/3,104.843,104.843,101.0382,102.7292,"11,146"
2308 台達電,2018/8/31,102.7292,105.2657,101.461,103.9975,"18,600"
2308 台達電,2018/8/30,103.152,104.843,101.0382,102.3065,"23,859"
2308 台達電,2018/8/29,93.8514,102.3065,93.4286,100.1927,"40,435"
2308 台達電,2018/8/28,90.0466,95.9652,89.6238,94.6969,"21,153"
2308 台達電,2018/8/27,88.3556,89.2011,88.3556,89.2011,"1,726"
2308 台達電,2018/8/24,89.6238,90.0466,87.9328,88.3556,"3,438"
2308 台達電,2018/8/23,90.0466,90.4693,89.6238,90.0466,"4,419"
2308 台達電,2018/8/22,89.2011,89.6238,88.7783,89.6238,"1,725"
2308 台達電,2018/8/21,88.7783,89.6238,88.7783,89.2011,"1,967"
2308 台達電,2018/8/20,88.7783,90.0466,87.9328,88.7783,"3,072"
2308 台達電,2018/8/17,87.9328,89.2011,87.5101,88.7783,"4,380"
2308 台達電,2018/8/16,88.3556,88.7783,87.0873,87.0873,"3,632"
2308 台達電,2018/8/15,90.0466,90.4693,89.2011,89.2011,"4,236"
2308 台達電,2018/8/14,89.6238,90.4693,89.2011,90.0466,"5,917"
2308 台達電,2018/8/13,89.6238,90.4693,88.7783,88.7783,"6,759"
2308 台達電,2018/8/10,91.3149,91.3149,89.6238,89.6238,"4,305"
2308 台達電,2018/8/9,92.1604,92.5831,91.3149,91.3149,"4,533"
2308 台達電,2018/8/8,91.3149,92.5831,90.8921,92.5831,"5,042"
2308 台達電,2018/8/7,90.4693,91.3149,90.4693,91.3149,"3,285"
2308 台達電,2018/8/6,91.3149,91.3149,90.4693,90.4693,"2,697"
2308 台達電,2018/8/3,90.8921,91.7376,90.4693,91.3149,"4,636"
2308 台達電,2018/8/2,90.8921,91.3149,89.6238,90.0466,"5,948"
2308 台達電,2018/8/1,91.3149,91.3149,89.2011,90.8921,"8,738"
2308 台達電,2018/7/31,88.3556,90.0466,87.9328,90.0466,"5,910"
2308 台達電,2018/7/30,91.3149,91.3149,87.9328,88.3556,"9,683"
2308 台達電,2018/7/27,88.3556,91.7376,88.3556,91.3149,"7,776"
2308 台達電,2018/7/26,88.7783,89.2011,87.9328,88.3556,"4,663"
2308 台達電,2018/7/25,88.3556,88.3556,87.5101,87.5101,"3,349"
2308 台達電,2018/7/24,88.3556,88.3556,87.5101,88.3556,"2,847"
2308 台達電,2018/7/23,87.9328,88.3556,87.5101,87.9328,"1,884"
2308 台達電,2018/7/20,87.5101,88.3556,87.0873,87.5101,"2,121"
2308 台達電,2018/7/19,88.7783,88.7783,86.6646,87.0873,"2,901"
2308 台達電,2018/7/18,87.0873,88.7783,86.6646,88.7783,"4,300"
2308 台達電,2018/7/17,87.9328,88.3556,86.2418,86.2418,"3,331"
2308 台達電,2018/7/16,88.7783,89.2011,87.9328,87.9328,"3,054"
2308 台達電,2018/7/13,86.6646,88.7783,86.6646,88.7783,"4,494"
2308 台達電,2018/7/12,86.2418,86.6646,85.3963,85.8191,"5,433"
2308 台達電,2018/7/11,86.2418,86.6646,85.3963,86.6646,"3,984"
2308 台達電,2018/7/10,87.0873,87.5101,85.8191,86.6646,"5,075"
2308 台達電,2018/7/9,84.9735,87.9328,84.5508,86.2418,"5,758"
2308 台達電,2018/7/6,83.7053,84.5508,83.4516,83.8744,"5,531"
2308 台達電,2018/7/5,85.8191,86.2418,83.1134,83.6207,"10,560"
2308 台達電,2018/7/4,88.3556,88.3556,85.3963,85.8191,"4,749"
2308 台達電,2018/7/3,88.3556,88.7783,87.9328,87.9328,"2,750"
2308 台達電,2018/7/2,89.2011,89.6238,88.3556,88.3556,"3,761"
2308 台達電,2018/6/29,86.7418,88.3556,86.3383,88.3556,"5,454"
2308 台達電,2018/6/28,86.3383,87.5487,85.9349,86.3383,"3,201"
2308 台達電,2018/6/27,87.5487,87.9521,86.3383,86.7418,"4,791"
2308 台達電,2018/6/26,88.759,89.1625,86.7418,87.1452,"5,248"
2308 台達電,2018/6/25,89.1625,89.5659,88.759,88.759,"3,074"
2308 台達電,2018/6/22,89.1625,89.5659,88.759,89.1625,"8,852"
2308 台達電,2018/6/21,90.7763,90.7763,89.1625,89.1625,"3,092"
2308 台達電,2018/6/20,89.5659,90.3728,88.759,89.5659,"3,110"
2308 台達電,2018/6/19,89.9694,90.3728,88.759,89.1625,"6,285"
2308 台達電,2018/6/15,92.7935,92.7935,90.7763,91.5832,"8,039"
2308 台達電,2018/6/14,93.197,93.6004,91.9866,91.9866,"3,976"
2308 台達電,2018/6/13,93.197,94.8108,93.197,94.4073,"3,516"
2308 台達電,2018/6/12,94.0039,94.4073,92.7935,92.7935,"3,722"
2308 台達電,2018/6/11,92.3901,94.8108,92.3901,94.0039,"7,496"
2308 台達電,2018/6/8,91.1797,91.9866,90.7763,91.5832,"7,187"
2308 台達電,2018/6/7,91.5832,91.9866,90.7763,91.5832,"5,129"
2308 台達電,2018/6/6,90.7763,91.9866,90.3728,91.1797,"3,555"
2308 台達電,2018/6/5,91.9866,92.3901,90.3728,90.3728,"5,043"
2308 台達電,2018/6/4,92.3901,92.3901,91.1797,92.3901,"4,928"
2308 台達電,2018/6/1,89.9694,92.3901,89.9694,92.3901,"4,036"
2308 台達電,2018/5/31,90.7763,91.1797,89.5659,89.5659,"8,936"
2308 台達電,2018/5/30,90.7763,91.1797,90.3728,90.3728,"4,713"
2308 台達電,2018/5/29,91.5832,92.3901,91.1797,92.3901,"2,016"
2308 台達電,2018/5/28,93.197,93.6004,91.1797,91.5832,"2,649"
2308 台達電,2018/5/25,91.5832,93.197,90.7763,92.7935,"4,453"
2308 台達電,2018/5/24,90.7763,91.5832,90.3728,90.7763,"2,741"
2308 台達電,2018/5/23,92.3901,92.7935,90.3728,90.7763,"4,347"
2308 台達電,2018/5/22,95.2142,95.6177,92.3901,92.3901,"3,261"
2308 台達電,2018/5/21,92.3901,95.2142,91.9866,94.8108,"7,419"
2308 台達電,2018/5/18,91.5832,92.7935,91.5832,91.9866,"3,430"
2308 台達電,2018/5/17,93.197,93.197,91.5832,91.5832,"2,991"
2308 台達電,2018/5/16,93.6004,94.0039,92.3901,93.197,"3,374"
2308 台達電,2018/5/15,93.6004,94.0039,92.7935,92.7935,"5,975"
2308 台達電,2018/5/14,92.7935,93.6004,92.3901,93.197,"4,406"
2308 台達電,2018/5/11,93.6004,94.0039,91.5832,91.9866,"5,398"
2308 台達電,2018/5/10,91.5832,93.197,91.1797,92.7935,"5,840"
2308 台達電,2018/5/9,92.3901,92.3901,90.7763,91.1797,"4,854"
2308 台達電,2018/5/8,91.5832,93.6004,91.1797,92.3901,"10,446"
2308 台達電,2018/5/7,88.3556,91.9866,87.9521,90.3728,"13,122"
2308 台達電,2018/5/4,82.7073,87.1452,81.9004,86.3383,"8,634"
2308 台達電,2018/5/3,87.5487,87.9521,83.1107,83.9176,"13,558"
2308 台達電,2018/5/2,87.1452,88.3556,87.1452,87.1452,"10,212"
2308 台達電,2018/4/30,88.759,89.1625,85.5314,87.1452,"11,046"
2308 台達電,2018/4/27,89.5659,90.3728,87.9521,88.759,"9,456"
2308 台達電,2018/4/26,90.7763,91.5832,87.5487,88.759,"9,103"
2308 台達電,2018/4/25,89.1625,90.7763,89.1625,89.9694,"5,302"
2308 台達電,2018/4/24,91.9866,91.9866,86.7418,89.9694,"11,390"
2308 台達電,2018/4/23,95.6177,95.6177,91.1797,92.3901,"9,078"
2308 台達電,2018/4/20,96.0211,96.4246,95.2142,96.0211,"8,075"
2308 台達電,2018/4/19,97.635,97.635,95.2142,96.828,"10,202"
2308 台達電,2018/4/18,97.635,97.635,94.8108,96.828,"7,512"
2308 台達電,2018/4/17,98.0384,98.4419,96.4246,96.828,"5,913"
2308 台達電,2018/4/16,98.0384,98.4419,97.635,98.0384,"8,029"
2308 台達電,2018/4/13,99.6522,100.0557,96.828,97.2315,"11,587"
2308 台達電,2018/4/12,101.6695,102.0729,98.8453,99.6522,"12,760"
2308 台達電,2018/4/11,103.2833,103.6867,102.0729,102.0729,"4,058"
2308 台達電,2018/4/10,102.4764,103.2833,102.4764,102.8798,"2,208"
2308 台達電,2018/4/9,103.2833,103.6867,102.0729,102.8798,"4,168"
2308 台達電,2018/4/3,103.6867,104.0902,102.8798,103.2833,"3,902"
2308 台達電,2018/4/2,106.1074,106.5109,104.4936,104.8971,"3,180"
2308 台達電,2018/3/31,106.1074,106.1074,104.8971,105.3005,772
2308 台達電,2018/3/30,106.1074,106.1074,104.0902,104.8971,"1,995"
2308 台達電,2018/3/29,104.8971,104.8971,103.2833,104.8971,"3,136"
2308 台達電,2018/3/28,104.8971,105.3005,103.2833,103.6867,"2,964"
2308 台達電,2018/3/27,103.6867,106.5109,103.6867,106.1074,"5,377"
2308 台達電,2018/3/26,102.4764,102.8798,101.266,102.4764,"8,441"
2308 台達電,2018/3/23,103.2833,103.6867,102.0729,103.2833,"10,031"
2308 台達電,2018/3/22,106.9143,107.3178,104.8971,104.8971,"7,876"
2308 台達電,2018/3/21,106.5109,108.1247,106.1074,106.9143,"5,472"
2308 台達電,2018/3/20,107.7212,108.1247,106.1074,106.5109,"9,011"
2308 台達電,2018/3/19,109.7385,110.1419,108.1247,108.5281,"7,185"
2308 台達電,2018/3/16,109.7385,110.5454,109.335,109.7385,"7,929"
2308 台達電,2018/3/15,109.7385,110.5454,109.335,110.1419,"2,405"
2308 台達電,2018/3/14,110.1419,110.5454,109.7385,110.1419,"1,650"
2308 台達電,2018/3/13,109.7385,110.5454,109.335,110.5454,"4,376"
2308 台達電,2018/3/12,109.335,110.1419,108.5281,109.335,"10,106"
2308 台達電,2018/3/9,110.9488,110.9488,107.7212,109.335,"10,041"
2308 台達電,2018/3/8,110.5454,111.3523,109.7385,110.5454,"5,808"
2308 台達電,2018/3/7,111.7557,112.1592,110.1419,110.5454,"5,314"
2308 台達電,2018/3/6,113.3695,113.3695,111.7557,112.9661,"2,558"
2308 台達電,2018/3/5,111.3523,113.773,111.3523,111.7557,"3,733"
2308 台達電,2018/3/2,110.9488,112.5626,110.1419,111.3523,"5,893"
2308 台達電,2018/3/1,110.5454,113.3695,110.5454,112.5626,"4,457"
2308 台達電,2018/2/27,113.3695,113.773,112.1592,112.1592,"5,618"
2308 台達電,2018/2/26,112.1592,113.773,111.7557,112.5626,"3,407"
2308 台達電,2018/2/23,110.9488,111.7557,110.5454,111.3523,"2,750"
2308 台達電,2018/2/22,110.5454,110.9488,110.1419,110.9488,"5,331"
2308 台達電,2018/2/21,110.9488,111.3523,109.335,110.9488,"7,506"
2308 台達電,2018/2/12,110.1419,110.1419,108.9316,108.9316,"2,842"
2308 台達電,2018/2/9,107.3178,108.5281,105.3005,108.5281,"5,514"
2308 台達電,2018/2/8,110.1419,111.3523,110.1419,110.5454,"2,150"
2308 台達電,2018/2/7,112.5626,112.9661,110.5454,110.5454,"5,284"
2308 台達電,2018/2/6,113.773,114.1764,109.7385,111.7557,"8,812"
2308 台達電,2018/2/5,116.1937,117.404,115.3868,117.0006,"3,084"
2308 台達電,2018/2/2,117.8075,118.6144,117.0006,118.6144,"2,167"
2308 台達電,2018/2/1,118.6144,119.8247,118.2109,118.6144,"2,783"
2308 台達電,2018/1/31,117.404,119.4213,116.5971,118.6144,"4,113"
2308 台達電,2018/1/30,117.8075,118.6144,117.0006,117.8075,"4,066"
2308 台達電,2018/1/29,119.8247,120.6316,117.0006,118.2109,"5,948"
2308 台達電,2018/1/26,119.4213,120.2282,118.2109,119.0178,"5,850"
2308 台達電,2018/1/25,120.2282,121.842,118.2109,119.0178,"9,102"
2308 台達電,2018/1/24,119.0178,120.2282,117.8075,119.4213,"6,386"
2308 台達電,2018/1/23,121.4385,121.842,117.8075,119.0178,"11,271"
2308 台達電,2018/1/22,117.8075,120.2282,117.0006,120.2282,"14,637"
2308 台達電,2018/1/19,115.7902,117.0006,115.7902,116.5971,"7,164"
2308 台達電,2018/1/18,112.9661,115.7902,112.9661,115.3868,"10,607"
2308 台達電,2018/1/17,112.9661,112.9661,111.7557,112.1592,"6,179"
2308 台達電,2018/1/16,110.9488,112.9661,110.5454,112.9661,"8,282"
2308 台達電,2018/1/15,110.9488,111.3523,110.1419,110.5454,"3,277"
2308 台達電,2018/1/12,110.1419,110.5454,109.7385,110.1419,"5,848"
2308 台達電,2018/1/11,110.5454,110.5454,109.7385,110.1419,"7,084"
2308 台達電,2018/1/10,113.773,113.773,111.3523,111.7557,"4,399"
2308 台達電,2018/1/9,113.773,113.773,112.1592,112.9661,"2,987"
2308 台達電,2018/1/8,113.773,114.1764,112.5626,113.3695,"4,101"
2308 台達電,2018/1/5,112.5626,113.3695,112.1592,113.3695,"4,055"
2308 台達電,2018/1/4,112.5626,112.9661,111.7557,112.1592,"3,198"
2308 台達電,2018/1/3,113.773,113.773,111.3523,112.1592,"4,881"
2308 台達電,2018/1/2,116.1937,116.1937,112.9661,113.773,"4,167"
2308 台達電,2017/12/29,114.9833,116.1937,114.9833,115.7902,"4,250"
2308 台達電,2017/12/28,113.773,114.5799,113.773,114.1764,"3,839"
2308 台達電,2017/12/27,112.5626,113.773,112.5626,112.9661,"1,158"
2308 台達電,2017/12/26,113.773,114.1764,112.1592,112.5626,"1,685"
2308 台達電,2017/12/25,113.3695,114.5799,112.9661,113.3695,"2,540"
2308 台達電,2017/12/22,111.3523,112.5626,111.3523,112.5626,"3,056"
2308 台達電,2017/12/21,110.5454,111.3523,110.5454,111.3523,"1,352"
2308 台達電,2017/12/20,111.3523,111.3523,110.1419,110.5454,"2,788"
2308 台達電,2017/12/19,110.1419,110.5454,109.7385,110.1419,"2,165"
2308 台達電,2017/12/18,110.1419,110.5454,108.9316,109.7385,"3,248"
2308 台達電,2017/12/15,110.9488,110.9488,108.9316,109.7385,"7,940"
2308 台達電,2017/12/14,111.7557,112.5626,111.3523,111.3523,"3,382"
2308 台達電,2017/12/13,110.5454,111.7557,110.5454,111.3523,"3,481"
2308 台達電,2017/12/12,111.3523,112.1592,110.5454,110.9488,"2,577"
2308 台達電,2017/12/11,111.7557,113.3695,111.3523,111.3523,"2,728"
2308 台達電,2017/12/8,112.1592,112.5626,110.5454,110.5454,"2,892"
2308 台達電,2017/12/7,111.3523,112.9661,110.9488,110.9488,"3,217"
2308 台達電,2017/12/6,113.773,113.773,110.9488,110.9488,"4,314"
2308 台達電,2017/12/5,112.1592,114.5799,111.7557,113.773,"5,785"
2308 台達電,2017/12/4,110.9488,112.9661,110.5454,112.1592,"3,030"
2308 台達電,2017/12/1,110.5454,111.7557,109.7385,110.5454,"4,630"
2308 台達電,2017/11/30,111.3523,112.1592,110.1419,110.1419,"6,976"
2308 台達電,2017/11/29,114.5799,114.5799,111.3523,112.1592,"6,038"
2308 台達電,2017/11/28,113.3695,114.5799,112.9661,114.1764,"11,957"
2308 台達電,2017/11/27,118.2109,118.6144,112.9661,113.3695,"8,852"
2308 台達電,2017/11/24,115.7902,118.2109,115.7902,118.2109,"10,068"
2308 台達電,2017/11/23,113.773,115.3868,113.3695,114.5799,"6,410"
2308 台達電,2017/11/22,110.5454,114.1764,109.7385,112.9661,"11,803"
2308 台達電,2017/11/21,110.5454,110.5454,109.7385,110.1419,"4,614"
2308 台達電,2017/11/20,110.9488,111.3523,110.1419,110.5454,"3,157"
2308 台達電,2017/11/17,110.5454,111.3523,109.7385,110.5454,"6,688"
2308 台達電,2017/11/16,110.5454,110.9488,110.1419,110.1419,"2,813"
2308 台達電,2017/11/15,110.9488,111.3523,110.1419,110.5454,"6,261"
2308 台達電,2017/11/14,110.5454,111.3523,110.1419,110.5454,"3,650"
2308 台達電,2017/11/13,110.9488,111.7557,110.5454,110.5454,"3,423"
2308 台達電,2017/11/10,111.7557,112.5626,110.5454,110.5454,"3,651"
2308 台達電,2017/11/9,110.5454,112.5626,110.5454,111.7557,"6,814"
2308 台達電,2017/11/8,114.1764,114.1764,110.5454,110.5454,"10,082"
2308 台達電,2017/11/7,114.5799,114.9833,114.1764,114.1764,"4,095"
2308 台達電,2017/11/6,114.1764,114.9833,113.773,114.1764,"3,615"
2308 台達電,2017/11/3,114.5799,115.3868,114.1764,114.5799,"3,502"
2308 台達電,2017/11/2,115.3868,115.3868,113.773,114.1764,"20,449"
2308 台達電,2017/11/1,117.8075,118.2109,114.9833,115.7902,"9,895"
2308 台達電,2017/10/31,117.0006,118.6144,117.0006,117.0006,"7,019"
2308 台達電,2017/10/30,118.6144,119.0178,117.0006,117.0006,"3,718"
2308 台達電,2017/10/27,116.1937,119.4213,116.1937,117.404,"6,462"
2308 台達電,2017/10/26,116.1937,116.5971,115.7902,115.7902,"4,475"
2308 台達電,2017/10/25,117.0006,117.8075,115.7902,116.1937,"5,046"
2308 台達電,2017/10/24,117.0006,117.404,116.5971,116.5971,"4,295"
2308 台達電,2017/10/23,119.4213,119.8247,116.5971,116.5971,"6,653"
2308 台達電,2017/10/20,119.4213,120.2282,119.0178,119.8247,"5,002"
2308 台達電,2017/10/19,119.4213,119.8247,118.6144,119.0178,"4,995"
2308 台達電,2017/10/18,118.2109,119.4213,117.404,118.6144,"6,338"
2308 台達電,2017/10/17,118.2109,118.6144,117.0006,117.404,"7,874"
2308 台達電,2017/10/16,120.6316,120.6316,117.8075,118.2109,"15,775"
2308 台達電,2017/10/13,122.6489,123.0523,120.2282,120.6316,"9,349"
2308 台達電,2017/10/12,123.4558,124.6661,122.2454,122.6489,"10,858"
2308 台達電,2017/10/11,125.473,126.6834,125.0696,125.8765,"8,468"
2308 台達電,2017/10/6,124.6661,125.0696,124.6661,124.6661,"3,145"
2308 台達電,2017/10/5,125.473,126.2799,125.0696,125.473,"2,033"
2308 台達電,2017/10/3,125.473,127.0868,125.473,125.8765,"4,106"
2308 台達電,2017/10/2,127.0868,127.0868,124.2627,124.6661,"4,791"
2308 台達電,2017/9/30,125.8765,126.6834,125.8765,126.2799,118
2308 台達電,2017/9/29,125.0696,126.2799,125.0696,125.8765,"2,692"
2308 台達電,2017/9/28,126.2799,126.2799,123.8592,125.0696,"5,204"
2308 台達電,2017/9/27,125.8765,127.8937,125.473,125.473,"3,933"
2308 台達電,2017/9/26,125.8765,126.6834,125.0696,125.473,"6,076"
2308 台達電,2017/9/25,127.4903,127.8937,125.8765,125.8765,"4,029"
2308 台達電,2017/9/22,129.1041,129.1041,127.8937,128.2972,"3,398"
2308 台達電,2017/9/21,128.7006,129.5075,128.7006,129.1041,"3,349"
2308 台達電,2017/9/20,130.3144,130.7179,128.7006,129.1041,"9,568"
2308 台達電,2017/9/19,131.9282,131.9282,129.911,130.7179,"3,280"
2308 台達電,2017/9/18,129.5075,131.5248,129.1041,131.5248,"3,318"
2308 台達電,2017/9/15,129.1041,129.5075,127.8937,128.7006,"6,977"
2308 台達電,2017/9/14,128.2972,130.3144,128.2972,129.5075,"2,100"
2308 台達電,2017/9/13,131.5248,131.5248,129.1041,129.1041,"4,391"
2308 台達電,2017/9/12,130.3144,131.9282,129.5075,131.5248,"2,518"
2308 台達電,2017/9/11,131.9282,131.9282,129.911,129.911,"1,875"
2308 台達電,2017/9/8,131.1213,131.5248,130.3144,131.5248,"2,074"
2308 台達電,2017/9/7,131.1213,131.5248,129.911,129.911,"2,861"
2308 台達電,2017/9/6,130.3144,130.7179,129.911,129.911,"3,482"
2308 台達電,2017/9/5,130.7179,131.5248,130.3144,131.1213,"3,530"
2308 台達電,2017/9/4,132.3317,132.3317,130.3144,130.3144,"2,208"
2308 台達電,2017/9/1,133.1386,133.542,131.9282,132.3317,"3,470"
2308 台達電,2017/8/31,132.3317,133.542,131.9282,133.542,"9,445"
2308 台達電,2017/8/30,130.3144,132.7351,130.3144,131.5248,"5,728"
2308 台達電,2017/8/29,130.3144,131.1213,129.5075,130.3144,"4,255"
2308 台達電,2017/8/28,129.911,131.5248,129.5075,131.1213,"7,361"
2308 台達電,2017/8/25,130.7179,131.1213,128.7006,129.911,"6,700"
2308 台達電,2017/8/24,130.7179,131.5248,129.911,130.7179,"4,252"
2308 台達電,2017/8/23,131.5248,131.5248,129.5075,131.1213,"4,928"
2308 台達電,2017/8/22,129.5075,131.1213,129.5075,130.7179,"4,641"
2308 台達電,2017/8/21,128.7006,129.911,128.7006,129.1041,"1,585"
2308 台達電,2017/8/18,129.911,130.3144,128.7006,129.1041,"2,346"
2308 台達電,2017/8/17,129.5075,130.7179,129.1041,130.7179,"1,601"
2308 台達電,2017/8/16,129.5075,129.911,128.2972,129.5075,"3,153"
2308 台達電,2017/8/15,129.1041,129.911,128.7006,129.5075,"2,727"
2308 台達電,2017/8/14,129.1041,129.5075,126.6834,127.8937,"3,128"
2308 台達電,2017/8/11,128.2972,128.7006,127.8937,128.7006,"3,039"
2308 台達電,2017/8/10,130.7179,130.7179,129.1041,129.1041,"3,140"
2308 台達電,2017/8/9,131.5248,131.5248,130.3144,130.7179,"2,450"
2308 台達電,2017/8/8,131.1213,131.5248,130.7179,131.1213,"3,477"
2308 台達電,2017/8/7,130.7179,131.1213,130.3144,131.1213,"1,943"
2308 台達電,2017/8/4,130.3144,131.1213,129.911,130.7179,"2,616"
2308 台達電,2017/8/3,129.5075,131.1213,129.5075,130.3144,"3,460"
2308 台達電,2017/8/2,130.3144,131.5248,129.911,131.5248,"6,276"
2308 台達電,2017/8/1,129.5075,130.7179,128.7006,129.5075,"14,282"
2308 台達電,2017/7/31,130.3144,130.7179,128.2972,129.5075,"5,365"
2308 台達電,2017/7/28,131.9282,131.9282,130.3144,130.7179,"3,825"
2308 台達電,2017/7/27,131.1213,132.3317,130.7179,131.9282,"6,325"
2308 台達電,2017/7/26,130.3144,131.1213,129.911,130.7179,"3,516"
2308 台達電,2017/7/25,129.911,130.7179,129.5075,130.3144,"4,058"
2308 台達電,2017/7/24,130.7179,130.7179,129.5075,130.3144,"5,099"
2308 台達電,2017/7/21,132.7351,132.7351,131.1213,131.5248,"3,030"
2308 台達電,2017/7/20,132.3317,132.7351,131.9282,132.7351,"3,120"
2308 台達電,2017/7/19,131.9282,132.7351,131.5248,131.9282,"4,474"
2308 台達電,2017/7/18,131.5248,132.3317,131.1213,131.5248,"3,380"
2308 台達電,2017/7/17,131.5248,132.3317,131.1213,132.3317,"2,868"
2308 台達電,2017/7/14,131.5248,131.9282,131.1213,131.5248,"2,591"
2308 台達電,2017/7/13,131.1213,131.9282,130.3144,131.1213,"4,924"
2308 台達電,2017/7/12,131.1213,131.1213,129.911,129.911,"2,467"
2308 台達電,2017/7/11,129.1041,131.1213,129.1041,131.1213,"2,425"
2308 台達電,2017/7/10,129.1041,129.5075,128.7006,129.1041,"2,752"
2308 台達電,2017/7/7,129.1041,129.911,128.7006,129.1041,"2,648"
2308 台達電,2017/7/6,130.7179,130.7179,129.5075,129.911,"4,503"
2308 台達電,2017/7/5,130.7179,130.7179,129.5075,130.7179,"2,881"
2308 台達電,2017/7/4,131.5248,131.5248,130.3144,130.3144,"3,320"
2308 台達電,2017/7/3,130.7179,131.5248,130.3144,131.5248,"3,983"
2308 台達電,2017/6/30,129.1405,130.3145,129.1405,130.3145,"6,700"
2308 台達電,2017/6/29,131.4885,131.4885,130.3145,130.7059,"3,775"
2308 台達電,2017/6/28,130.3145,132.6625,129.9232,130.3145,"4,811"
2308 台達電,2017/6/27,133.0539,133.0539,131.4885,131.4885,"4,823"
2308 台達電,2017/6/26,132.2712,133.0539,131.4885,133.0539,"4,912"
2308 台達電,2017/6/23,133.0539,133.0539,131.0972,132.2712,"3,444"
2308 台達電,2017/6/22,129.9232,132.6625,129.9232,132.6625,"6,657"
2308 台達電,2017/6/21,129.5318,130.3145,128.7492,129.5318,"4,595"
2308 台達電,2017/6/20,128.3578,129.5318,128.3578,129.5318,"5,762"
2308 台達電,2017/6/19,127.9665,128.3578,127.5752,128.3578,"3,660"
2308 台達電,2017/6/16,127.9665,128.3578,126.7925,127.9665,"3,653"
2308 台達電,2017/6/15,127.9665,128.3578,127.5752,128.3578,"4,556"
2308 台達電,2017/6/14,129.1405,129.1405,127.5752,128.3578,"3,406"
2308 台達電,2017/6/13,128.3578,129.1405,127.9665,128.7492,"4,190"
2308 台達電,2017/6/12,127.1838,129.1405,126.7925,129.1405,"4,858"
2308 台達電,2017/6/9,129.5318,130.3145,129.1405,129.5318,"6,213"
2308 台達電,2017/6/8,131.0972,131.4885,129.5318,130.3145,"4,532"
2308 台達電,2017/6/7,129.1405,131.0972,129.1405,131.0972,"7,779"
2308 台達電,2017/6/6,132.2712,132.2712,128.3578,129.9232,"11,607"
2308 台達電,2017/6/5,131.8799,132.6625,131.8799,132.6625,"3,873"
2308 台達電,2017/6/3,132.6625,132.6625,131.8799,132.2712,705
2308 台達電,2017/6/2,131.4885,132.2712,131.0972,132.2712,"2,952"
2308 台達電,2017/6/1,130.7059,131.0972,129.9232,130.7059,"2,565"
2308 台達電,2017/5/31,131.0972,131.0972,129.9232,129.9232,"4,662"
2308 台達電,2017/5/26,131.0972,131.4885,130.3145,131.0972,"3,230"
2308 台達電,2017/5/25,129.9232,131.0972,129.5318,131.0972,"3,740"
2308 台達電,2017/5/24,130.3145,130.7059,129.5318,130.3145,"3,597"
2308 台達電,2017/5/23,130.3145,131.0972,129.9232,130.7059,"1,935"
2308 台達電,2017/5/22,131.0972,131.0972,129.9232,130.7059,"2,273"
2308 台達電,2017/5/19,130.7059,131.0972,129.9232,129.9232,"2,030"
2308 台達電,2017/5/18,129.9232,130.7059,129.1405,130.7059,"3,923"
2308 台達電,2017/5/17,132.2712,132.2712,129.9232,130.7059,"3,309"
2308 台達電,2017/5/16,131.8799,133.0539,131.8799,132.2712,"3,309"
2308 台達電,2017/5/15,133.4452,133.4452,131.8799,132.2712,"2,216"
2308 台達電,2017/5/12,133.8365,134.6192,132.6625,133.0539,"2,088"
2308 台達電,2017/5/11,133.0539,134.2279,132.2712,134.2279,"2,557"
2308 台達電,2017/5/10,133.4452,133.4452,132.2712,133.0539,"2,459"
2308 台達電,2017/5/9,132.2712,133.4452,132.2712,133.0539,"3,816"
2308 台達電,2017/5/8,135.7932,135.7932,132.6625,133.0539,"3,271"
2308 台達電,2017/5/5,137.3585,137.3585,134.2279,134.6192,"4,131"
2308 台達電,2017/5/4,136.5759,137.3585,135.7932,137.3585,"1,884"
2308 台達電,2017/5/3,135.4019,138.1412,135.4019,137.7499,"5,312"
2308 台達電,2017/5/2,134.2279,136.9672,133.4452,136.1845,"6,917"
2308 台達電,2017/4/28,133.0539,134.6192,131.8799,133.0539,"8,104"
2308 台達電,2017/4/27,135.4019,135.4019,133.4452,133.8365,"4,025"
2308 台達電,2017/4/26,134.2279,136.1845,133.8365,135.4019,"7,154"
2308 台達電,2017/4/25,132.6625,133.8365,132.2712,133.8365,"5,033"
2308 台達電,2017/4/24,132.2712,132.6625,131.0972,132.2712,"3,486"
2308 台達電,2017/4/21,129.9232,131.4885,129.9232,131.4885,"2,056"
2308 台達電,2017/4/20,128.7492,130.3145,128.7492,129.9232,"3,147"
2308 台達電,2017/4/19,128.3578,129.5318,127.9665,129.5318,"2,984"
2308 台達電,2017/4/18,130.7059,130.7059,129.1405,129.5318,"1,048"
2308 台達電,2017/4/17,129.5318,130.3145,129.1405,129.5318,904
2308 台達電,2017/4/14,129.1405,130.3145,129.1405,129.5318,862
2308 台達電,2017/4/13,131.0972,131.4885,129.5318,129.9232,"2,904"
2308 台達電,2017/4/12,129.1405,131.0972,128.3578,131.0972,"4,381"
2308 台達電,2017/4/11,127.9665,129.5318,127.9665,129.1405,"3,252"
2308 台達電,2017/4/10,128.7492,129.5318,127.9665,129.5318,"2,572"
2308 台達電,2017/4/7,129.5318,130.3145,128.3578,128.3578,"6,637"
2308 台達電,2017/4/6,129.5318,130.7059,129.1405,130.3145,"7,583"
2308 台達電,2017/4/5,124.4445,129.5318,124.4445,129.5318,"11,347"
2308 台達電,2017/3/31,127.9665,128.3578,127.1838,127.1838,"3,946"
2308 台達電,2017/3/30,127.9665,129.1405,127.5752,127.9665,"4,237"
2308 台達電,2017/3/29,129.9232,130.3145,127.9665,128.3578,"2,958"
2308 台達電,2017/3/28,130.3145,130.3145,127.9665,129.9232,"2,971"
2308 台達電,2017/3/27,129.1405,129.9232,128.7492,129.9232,"2,790"
2308 台達電,2017/3/24,131.4885,131.8799,129.9232,130.3145,"4,577"
2308 台達電,2017/3/23,131.4885,131.8799,130.7059,131.4885,"2,129"
2308 台達電,2017/3/22,129.9232,130.7059,129.5318,130.7059,"5,036"
2308 台達電,2017/3/21,132.2712,132.6625,131.4885,132.2712,"4,266"
2308 台達電,2017/3/20,131.4885,131.8799,129.9232,131.0972,"2,214"
2308 台達電,2017/3/17,130.7059,132.2712,129.1405,132.2712,"4,299"
2308 台達電,2017/3/16,128.7492,130.7059,128.3578,129.9232,"4,624"
2308 台達電,2017/3/15,129.1405,129.1405,126.7925,128.3578,"3,306"
2308 台達電,2017/3/14,126.7925,129.1405,126.7925,128.7492,"9,356"
2308 台達電,2017/3/13,124.8358,127.1838,123.6618,126.7925,"8,279"
2308 台達電,2017/3/10,129.1405,129.5318,125.6185,126.4012,"8,324"
2308 台達電,2017/3/9,131.4885,131.8799,130.3145,130.7059,"4,322"
2308 台達電,2017/3/8,131.0972,132.6625,131.0972,132.2712,"2,059"
2308 台達電,2017/3/7,132.6625,133.0539,131.0972,131.4885,"2,981"
2308 台達電,2017/3/6,130.7059,131.8799,130.7059,131.4885,"1,966"
2308 台達電,2017/3/3,132.2712,132.6625,131.4885,131.4885,"3,167"
2308 台達電,2017/3/2,133.0539,133.8365,131.4885,132.6625,"5,556"
2308 台達電,2017/3/1,131.4885,133.0539,131.4885,131.8799,"3,986"
2308 台達電,2017/2/24,134.2279,134.6192,133.0539,133.8365,"2,784"
2308 台達電,2017/2/23,133.4452,135.0105,133.0539,134.2279,"2,342"
2308 台達電,2017/2/22,134.6192,135.0105,133.8365,134.6192,"1,748"
2308 台達電,2017/2/21,135.4019,135.4019,133.0539,133.8365,"2,510"
2308 台達電,2017/2/20,137.3585,138.1412,135.7932,136.1845,"1,844"
2308 台達電,2017/2/18,135.7932,137.3585,135.4019,137.3585,709
2308 台達電,2017/2/17,135.4019,136.1845,134.6192,135.7932,"2,496"
2308 台達電,2017/2/16,137.3585,137.7499,135.4019,136.9672,"4,432"
2308 台達電,2017/2/15,137.3585,138.1412,136.9672,137.3585,"3,093"
2308 台達電,2017/2/14,137.7499,138.1412,136.1845,137.3585,"3,746"
2308 台達電,2017/2/13,135.4019,136.9672,134.2279,136.9672,"3,287"
2308 台達電,2017/2/10,136.9672,139.7066,136.5759,136.9672,"6,799"
2308 台達電,2017/2/9,135.4019,137.3585,134.6192,136.9672,"3,515"
2308 台達電,2017/2/8,136.1845,136.9672,135.4019,136.9672,"3,434"
2308 台達電,2017/2/7,135.4019,136.1845,134.6192,136.1845,"4,710"
2308 台達電,2017/2/6,134.6192,136.9672,134.2279,136.9672,"4,456"
2308 台達電,2017/2/3,134.2279,134.6192,132.6625,134.6192,"3,233"
2308 台達電,2017/2/2,140.0979,140.4892,133.0539,133.0539,"11,867"
2308 台達電,2017/1/24,134.6192,136.5759,134.6192,136.1845,"7,319"
2308 台達電,2017/1/23,135.0105,136.9672,133.8365,135.7932,"9,099"
2308 台達電,2017/1/20,133.4452,134.6192,132.6625,133.4452,"5,920"
2308 台達電,2017/1/19,131.0972,133.0539,130.3145,131.8799,"6,244"
2308 台達電,2017/1/18,131.0972,132.2712,130.3145,131.4885,"2,576"
2308 台達電,2017/1/17,130.7059,132.2712,130.7059,132.2712,"1,573"
2308 台達電,2017/1/16,131.4885,131.8799,130.3145,131.4885,"3,457"
2308 台達電,2017/1/13,132.2712,133.0539,131.0972,132.2712,"7,725"
2308 台達電,2017/1/12,128.3578,133.0539,127.9665,132.6625,"11,226"
2308 台達電,2017/1/11,126.7925,128.3578,125.2272,127.9665,"3,929"
2308 台達電,2017/1/10,126.4012,126.4012,124.8358,125.6185,"1,514"
2308 台達電,2017/1/9,126.4012,127.5752,125.2272,126.4012,"2,019"
2308 台達電,2017/1/6,125.6185,126.7925,124.8358,126.4012,"2,780"
2308 台達電,2017/1/5,123.2705,124.8358,122.8792,124.4445,"5,102"
2308 台達電,2017/1/4,124.4445,124.8358,122.4878,123.2705,"2,954"
2308 台達電,2017/1/3,124.4445,124.8358,123.6618,124.0532,"1,904"
2308 台達電,2016/12/30,124.0532,124.8358,123.2705,124.8358,"2,019"
2308 台達電,2016/12/29,122.8792,124.0532,122.4878,122.8792,"1,786"
2308 台達電,2016/12/28,121.7051,123.6618,121.7051,123.2705,"1,718"
2308 台達電,2016/12/27,121.7051,122.0965,120.9225,121.3138,944
2308 台達電,2016/12/26,122.0965,122.0965,121.3138,121.7051,414
2308 台達電,2016/12/23,121.7051,122.0965,121.3138,121.3138,"2,012"
2308 台達電,2016/12/22,124.0532,124.4445,122.0965,122.0965,"2,955"
2308 台達電,2016/12/21,124.0532,126.0098,122.8792,124.8358,"2,769"
2308 台達電,2016/12/20,122.8792,124.0532,122.8792,124.0532,"1,865"
2308 台達電,2016/12/19,122.8792,124.0532,122.4878,123.2705,"2,933"
2308 台達電,2016/12/16,124.4445,124.8358,122.8792,122.8792,"5,365"
2308 台達電,2016/12/15,127.1838,127.1838,124.8358,125.2272,"3,168"
2308 台達電,2016/12/14,126.7925,128.3578,126.4012,127.5752,"2,688"
2308 台達電,2016/12/13,126.7925,126.7925,125.2272,126.4012,"2,881"
2308 台達電,2016/12/12,127.5752,128.7492,126.4012,126.7925,"1,718"
2308 台達電,2016/12/9,126.7925,128.3578,126.0098,127.5752,"3,914"
2308 台達電,2016/12/8,123.6618,127.1838,123.6618,127.1838,"6,160"
2308 台達電,2016/12/7,123.6618,123.6618,122.4878,122.8792,"2,927"
2308 台達電,2016/12/6,122.4878,124.0532,122.0965,122.8792,"3,626"
2308 台達電,2016/12/5,122.4878,122.4878,121.3138,121.7051,"3,694"
2308 台達電,2016/12/2,121.7051,122.4878,121.3138,122.4878,"6,846"
2308 台達電,2016/12/1,124.4445,124.8358,123.6618,123.6618,"4,524"
2308 台達電,2016/11/30,122.8792,125.2272,122.8792,125.2272,"7,009"
2308 台達電,2016/11/29,123.6618,125.2272,123.6618,123.6618,"3,208"
2308 台達電,2016/11/28,123.2705,124.8358,123.2705,123.6618,"1,797"
2308 台達電,2016/11/25,123.6618,124.4445,123.6618,123.6618,"2,242"
2308 台達電,2016/11/24,124.8358,125.6185,123.6618,124.0532,"4,033"
2308 台達電,2016/11/23,124.4445,126.4012,123.6618,125.6185,"4,436"
2308 台達電,2016/11/22,121.7051,124.4445,121.7051,123.6618,"4,493"
2308 台達電,2016/11/21,122.8792,123.2705,120.9225,121.7051,"2,685"
2308 台達電,2016/11/18,120.9225,123.6618,120.5311,122.8792,"3,415"
2308 台達電,2016/11/17,122.0965,122.8792,119.7485,122.0965,"4,015"
2308 台達電,2016/11/16,124.0532,124.4445,122.4878,122.4878,"4,615"
2308 台達電,2016/11/15,122.8792,124.0532,122.8792,122.8792,"3,864"
2308 台達電,2016/11/14,122.4878,123.6618,121.3138,122.8792,"6,159"
2308 台達電,2016/11/11,123.6618,124.8358,122.8792,122.8792,"8,044"
2308 台達電,2016/11/10,127.9665,129.9232,127.1838,128.7492,"4,803"
2308 台達電,2016/11/9,131.0972,131.4885,124.8358,124.8358,"5,117"
2308 台達電,2016/11/8,129.5318,130.7059,129.1405,129.9232,"2,312"
2308 台達電,2016/11/7,127.9665,129.9232,127.9665,129.1405,"1,604"
2308 台達電,2016/11/4,127.9665,128.3578,127.5752,127.9665,"1,853"
2308 台達電,2016/11/3,128.3578,128.7492,127.9665,127.9665,"3,205"
2308 台達電,2016/11/2,128.3578,129.5318,127.9665,128.7492,"2,050"
2308 台達電,2016/11/1,129.5318,129.9232,128.7492,129.5318,"1,714"
2308 台達電,2016/10/31,130.3145,131.0972,129.1405,130.3145,"3,178"
2308 台達電,2016/10/28,129.9232,131.8799,129.1405,131.8799,"4,144"
2308 台達電,2016/10/27,129.5318,130.7059,128.7492,128.7492,"2,673"
2308 台達電,2016/10/26,131.4885,131.4885,129.9232,129.9232,"1,653"
2308 台達電,2016/10/25,129.9232,131.8799,129.5318,131.4885,"2,024"
2308 台達電,2016/10/24,131.0972,131.0972,129.5318,129.9232,"1,680"
2308 台達電,2016/10/21,131.4885,131.4885,129.1405,129.9232,"5,260"
2308 台達電,2016/10/20,131.4885,132.2712,130.3145,131.4885,"3,851"
2308 台達電,2016/10/19,128.7492,131.4885,128.7492,131.4885,"3,469"
2308 台達電,2016/10/18,128.7492,129.1405,127.9665,129.1405,"2,302"
2308 台達電,2016/10/17,127.9665,129.1405,125.6185,128.7492,"2,911"
2308 台達電,2016/10/14,128.7492,129.1405,128.3578,128.3578,"1,792"
2308 台達電,2016/10/13,129.1405,129.1405,126.7925,128.7492,"9,571"
2308 台達電,2016/10/12,127.5752,128.7492,127.1838,128.3578,"3,525"
2308 台達電,2016/10/11,131.4885,131.8799,127.5752,129.1405,"3,794"
2308 台達電,2016/10/7,131.4885,131.8799,129.9232,130.3145,"6,563"
2308 台達電,2016/10/6,133.0539,133.0539,130.7059,131.8799,"3,450"
2308 台達電,2016/10/5,129.9232,132.6625,129.9232,132.6625,"2,846"
2308 台達電,2016/10/4,130.7059,131.4885,129.9232,131.4885,"2,137"
2308 台達電,2016/10/3,133.0539,133.0539,130.3145,130.7059,"2,706"
2308 台達電,2016/9/30,131.4885,132.2712,129.5318,130.7059,"3,790"
2308 台達電,2016/9/29,132.2712,133.8365,129.9232,132.2712,"8,197"
2308 台達電,2016/9/26,129.5318,131.4885,127.9665,129.9232,"3,259"
2308 台達電,2016/9/23,128.3578,129.9232,127.5752,129.9232,"2,682"
2308 台達電,2016/9/22,131.4885,131.8799,127.1838,128.3578,"4,925"
2308 台達電,2016/9/21,130.7059,131.0972,129.1405,130.7059,"4,845"
2308 台達電,2016/9/20,132.6625,132.6625,129.9232,131.8799,"4,548"
2308 台達電,2016/9/19,125.6185,132.6625,125.2272,132.6625,"10,900"
2308 台達電,2016/9/14,124.8358,126.7925,122.0965,122.0965,"8,686"
2308 台達電,2016/9/13,126.0098,127.9665,124.0532,127.5752,"7,137"
2308 台達電,2016/9/12,127.9665,128.3578,123.6618,123.6618,"8,391"
2308 台達電,2016/9/10,130.7059,131.4885,129.5318,129.5318,"2,225"
2308 台達電,2016/9/9,134.6192,134.6192,132.2712,133.0539,"3,683"
2308 台達電,2016/9/8,136.5759,136.9672,135.0105,136.5759,"3,221"
2308 台達電,2016/9/7,136.9672,137.3585,135.4019,136.5759,"3,163"
2308 台達電,2016/9/6,135.7932,137.3585,134.6192,136.9672,"4,628"
2308 台達電,2016/9/5,132.6625,136.1845,132.6625,135.7932,"3,669"
2308 台達電,2016/9/2,132.6625,133.0539,129.5318,131.0972,"3,541"
2308 台達電,2016/9/1,129.9232,132.2712,127.9665,132.2712,"4,589"
2308 台達電,2016/8/31,131.0972,132.2712,129.1405,129.1405,"4,856"
2308 台達電,2016/8/30,131.4885,132.6625,131.0972,131.8799,"3,532"
2308 台達電,2016/8/29,133.0539,133.4452,130.3145,131.4885,"2,904"
2308 台達電,2016/8/26,133.0539,133.8365,132.6625,133.8365,"2,317"
2308 台達電,2016/8/25,133.8365,134.2279,133.0539,133.8365,"5,589"
2308 台達電,2016/8/24,133.8365,134.2279,132.6625,133.0539,"1,850"
2308 台達電,2016/8/23,134.2279,134.2279,132.6625,132.6625,"3,607"
2308 台達電,2016/8/22,131.8799,133.0539,131.4885,133.0539,"3,769"
2308 台達電,2016/8/19,136.5759,136.9672,131.4885,131.8799,"6,472"
2308 台達電,2016/8/18,136.1845,136.9672,134.6192,135.4019,"3,373"
2308 台達電,2016/8/17,136.9672,137.7499,136.1845,136.9672,"3,432"
2308 台達電,2016/8/16,137.7499,138.1412,136.9672,137.7499,"3,044"
2308 台達電,2016/8/15,138.5325,138.5325,136.5759,137.7499,"4,630"
2308 台達電,2016/8/12,136.1845,137.3585,134.6192,136.5759,"3,946"
2308 台達電,2016/8/11,136.9672,137.3585,133.4452,135.4019,"3,357"
2308 台達電,2016/8/10,136.9672,137.3585,134.2279,136.9672,"2,950"
2308 台達電,2016/8/9,137.3585,137.3585,136.1845,136.9672,"2,695"
2308 台達電,2016/8/8,136.9672,137.3585,136.1845,136.9672,"4,597"
2308 台達電,2016/8/5,134.6192,136.1845,133.8365,136.1845,"3,719"
2308 台達電,2016/8/4,135.0105,135.4019,133.0539,133.8365,"2,426"
2308 台達電,2016/8/3,134.6192,135.7932,134.2279,134.6192,"2,721"
2308 台達電,2016/8/2,134.6192,136.9672,134.2279,136.9672,"5,752"
2308 台達電,2016/8/1,133.0539,134.2279,131.8799,134.2279,"6,338"
2308 台達電,2016/7/29,131.0972,132.6625,130.3145,131.4885,"5,094"
2308 台達電,2016/7/28,129.5318,130.7059,129.1405,130.3145,"4,546"
2308 台達電,2016/7/27,131.4885,131.8799,129.9232,130.3145,"5,346"
2308 台達電,2016/7/26,131.0972,131.4885,130.3145,131.4885,"4,131"
2308 台達電,2016/7/25,132.2712,132.6625,128.7492,131.0972,"4,293"
2308 台達電,2016/7/22,133.0539,133.0539,130.3145,131.0972,"4,001"
2308 台達電,2016/7/21,133.4452,134.6192,132.2712,133.4452,"7,019"
2308 台達電,2016/7/20,133.0539,133.8365,131.0972,133.4452,"9,883"
2308 台達電,2016/7/19,134.2279,134.2279,132.6625,133.4452,"5,462"
2308 台達電,2016/7/18,131.8799,133.0539,131.0972,133.0539,"5,384"
2308 台達電,2016/7/15,129.1405,132.6625,129.1405,131.8799,"7,123"
2308 台達電,2016/7/14,126.4012,129.1405,125.2272,129.1405,"7,526"
2308 台達電,2016/7/13,127.5752,127.5752,126.4012,127.1838,"4,697"
2308 台達電,2016/7/12,126.7925,127.1838,125.2272,126.4012,"4,662"
2308 台達電,2016/7/11,129.1405,129.1405,126.0098,126.7925,"6,883"
2308 台達電,2016/7/7,121.3138,126.0098,120.9225,124.4445,"8,468"
2308 台達電,2016/7/6,119.7485,120.5064,118.9906,119.7485,"6,062"
2308 台達電,2016/7/5,121.6432,122.4011,120.5064,120.5064,"3,122"
2308 台達電,2016/7/4,119.7485,122.0222,119.3695,121.2643,"7,464"
2308 台達電,2016/7/1,118.2327,120.5064,117.8537,119.3695,"7,312"
2308 台達電,2016/6/30,119.3695,119.3695,116.3379,118.2327,"6,860"
2308 台達電,2016/6/29,117.4748,118.9906,117.0958,118.6116,"6,373"
2308 台達電,2016/6/28,115.9589,117.4748,115.201,116.7169,"3,798"
2308 台達電,2016/6/27,115.201,117.4748,114.4431,117.0958,"3,571"
2308 台達電,2016/6/24,116.7169,117.0958,112.1694,115.58,"8,382"
2308 台達電,2016/6/23,116.3379,117.8537,116.3379,117.4748,"3,277"
2308 台達電,2016/6/22,115.201,117.0958,115.201,117.0958,"3,475"
2308 台達電,2016/6/21,115.201,115.58,114.4431,115.201,"3,209"
2308 台達電,2016/6/20,115.58,115.58,114.4431,115.201,"4,269"
2308 台達電,2016/6/17,114.4431,115.58,114.4431,115.201,"4,188"
2308 台達電,2016/6/16,114.0642,114.8221,111.4115,112.9273,"6,983"
2308 台達電,2016/6/15,114.0642,115.58,113.6852,114.0642,"4,527"
2308 台達電,2016/6/14,113.6852,115.201,113.6852,115.201,"3,430"
2308 台達電,2016/6/13,113.6852,115.201,112.9273,113.6852,"7,305"
2308 台達電,2016/6/8,116.7169,117.4748,115.58,115.58,"5,927"
2308 台達電,2016/6/7,115.201,116.7169,115.201,115.9589,"6,552"
2308 台達電,2016/6/6,115.201,115.58,114.4431,114.8221,"3,976"
2308 台達電,2016/6/4,114.4431,115.201,114.4431,114.4431,985
2308 台達電,2016/6/3,113.6852,115.201,113.6852,114.8221,"4,815"
2308 台達電,2016/6/2,114.4431,115.201,112.1694,112.1694,"5,110"
2308 台達電,2016/6/1,112.1694,115.201,112.1694,114.8221,"5,697"
2308 台達電,2016/5/31,113.3063,115.201,112.1694,113.6852,"7,942"
2308 台達電,2016/5/30,109.1378,113.3063,108.3799,112.1694,"5,919"
2308 台達電,2016/5/27,109.1378,109.5168,108.3799,108.3799,"2,956"
2308 台達電,2016/5/26,108.001,109.1378,107.622,108.7589,"1,819"
2308 台達電,2016/5/25,108.001,109.5168,107.622,107.622,"3,144"
2308 台達電,2016/5/24,107.2431,107.622,106.1062,106.8641,"1,527"
2308 台達電,2016/5/23,104.5904,107.2431,104.2115,107.2431,"5,204"
2308 台達電,2016/5/20,105.3483,105.3483,104.2115,104.5904,"2,687"
2308 台達電,2016/5/19,105.7273,106.1062,103.0746,104.5904,"4,086"
2308 台達電,2016/5/18,107.2431,107.2431,105.7273,106.1062,"3,980"
2308 台達電,2016/5/17,106.4852,107.622,105.3483,106.4852,"2,337"
2308 台達電,2016/5/16,105.7273,106.8641,105.3483,106.1062,"2,482"
2308 台達電,2016/5/13,106.1062,106.8641,105.3483,106.4852,"3,399"
2308 台達電,2016/5/12,105.7273,106.8641,105.3483,105.7273,"5,634"
2308 台達電,2016/5/11,106.8641,107.622,106.1062,106.8641,"5,263"
2308 台達電,2016/5/10,106.8641,107.622,106.4852,106.8641,"3,281"
2308 台達電,2016/5/9,107.2431,108.001,106.1062,106.8641,"2,445"
2308 台達電,2016/5/6,106.8641,108.3799,106.1062,106.4852,"4,430"
2308 台達電,2016/5/5,106.8641,109.1378,106.8641,107.622,"4,700"
2308 台達電,2016/5/4,109.1378,110.2747,106.8641,106.8641,"6,902"
2308 台達電,2016/5/3,112.9273,112.9273,110.6536,110.6536,"4,858"
2308 台達電,2016/4/29,112.1694,114.8221,112.1694,113.6852,"6,516"
2308 台達電,2016/4/28,116.3379,116.3379,112.5484,113.3063,"5,338"
2308 台達電,2016/4/27,115.201,116.7169,113.6852,115.58,"6,437"
2308 台達電,2016/4/26,114.8221,115.58,114.0642,115.201,"3,426"
2308 台達電,2016/4/25,114.8221,114.8221,113.6852,114.4431,"2,815"
2308 台達電,2016/4/22,114.0642,115.201,112.9273,113.6852,"3,895"
2308 台達電,2016/4/21,112.5484,113.6852,112.1694,113.3063,"6,129"
2308 台達電,2016/4/20,112.5484,114.4431,110.2747,111.0326,"7,895"
2308 台達電,2016/4/19,117.4748,117.4748,110.6536,111.4115,"10,820"
2308 台達電,2016/4/18,114.0642,117.0958,113.6852,114.4431,"12,242"
2308 台達電,2016/4/15,109.5168,113.6852,108.7589,113.6852,"8,955"
2308 台達電,2016/4/14,107.622,109.5168,107.622,108.3799,"5,227"
2308 台達電,2016/4/13,105.3483,106.8641,104.5904,106.8641,"5,698"
2308 台達電,2016/4/12,105.7273,106.1062,104.2115,104.5904,"3,319"
2308 台達電,2016/4/11,106.1062,106.1062,105.3483,106.1062,"3,578"
2308 台達電,2016/4/8,104.2115,106.1062,103.8325,106.1062,"3,914"
2308 台達電,2016/4/7,106.1062,106.4852,103.8325,104.2115,"3,228"
2308 台達電,2016/4/6,106.4852,106.8641,104.5904,106.1062,"6,535"
2308 台達電,2016/4/1,105.3483,106.4852,104.9694,106.1062,"3,270"
2308 台達電,2016/3/31,108.001,108.3799,106.1062,107.622,"4,119"
2308 台達電,2016/3/30,104.5904,107.622,104.5904,107.622,"4,046"
2308 台達電,2016/3/29,104.9694,105.3483,103.4536,103.8325,"3,693"
2308 台達電,2016/3/28,105.7273,106.1062,104.5904,105.3483,"3,462"
2308 台達電,2016/3/25,108.3799,108.3799,105.7273,106.1062,"2,670"
2308 台達電,2016/3/24,109.1378,109.5168,108.001,108.3799,"3,560"
2308 台達電,2016/3/23,110.6536,111.0326,109.1378,109.8957,"3,032"
2308 台達電,2016/3/22,110.2747,110.6536,108.7589,110.6536,"4,200"
2308 台達電,2016/3/21,109.8957,110.2747,108.7589,110.2747,"4,994"
2308 台達電,2016/3/18,107.622,108.7589,106.4852,108.7589,"7,044"
2308 台達電,2016/3/17,108.3799,109.1378,106.1062,106.8641,"5,903"
2308 台達電,2016/3/16,106.4852,107.622,105.7273,107.622,"4,459"
2308 台達電,2016/3/15,107.2431,108.001,105.3483,105.3483,"4,637"
2308 台達電,2016/3/14,106.8641,108.3799,106.4852,107.622,"9,586"
2308 台達電,2016/3/11,108.001,108.001,105.7273,106.4852,"5,369"
2308 台達電,2016/3/10,106.1062,108.3799,105.7273,107.622,"3,764"
2308 台達電,2016/3/9,106.4852,107.622,105.3483,105.3483,"3,029"
2308 台達電,2016/3/8,106.4852,106.8641,105.3483,106.8641,"3,079"
2308 台達電,2016/3/7,106.8641,108.3799,106.1062,106.4852,"4,170"
2308 台達電,2016/3/4,106.8641,107.2431,105.3483,106.8641,"4,253"
2308 台達電,2016/3/3,105.7273,106.8641,104.5904,106.8641,"8,565"
2308 台達電,2016/3/2,103.4536,104.2115,102.6957,103.8325,"4,613"
2308 台達電,2016/3/1,102.3167,103.0746,101.1799,101.9378,"6,390"
2308 台達電,2016/2/26,101.1799,102.3167,100.422,101.9378,"8,984"
2308 台達電,2016/2/25,101.1799,101.9378,98.9062,98.9062,"9,472"
2308 台達電,2016/2/24,103.4536,104.5904,100.8009,100.8009,"5,604"
2308 台達電,2016/2/23,105.3483,106.1062,103.0746,103.4536,"4,362"
2308 台達電,2016/2/22,106.1062,106.4852,105.3483,105.7273,"1,786"
2308 台達電,2016/2/19,106.1062,107.2431,105.7273,106.8641,"3,019"
2308 台達電,2016/2/18,106.1062,107.2431,105.3483,105.7273,"4,169"
2308 台達電,2016/2/17,107.622,107.622,103.8325,105.3483,"5,114"
2308 台達電,2016/2/16,102.6957,108.3799,102.3167,106.8641,"7,111"
2308 台達電,2016/2/15,97.3904,102.3167,97.0114,101.9378,"5,552"
2308 台達電,2016/2/3,101.9378,102.6957,100.422,100.422,"4,464"
2308 台達電,2016/2/2,103.4536,104.2115,102.6957,103.0746,"3,357"
2308 台達電,2016/2/1,107.2431,107.622,104.5904,104.5904,"5,689"
2308 台達電,2016/1/30,106.1062,107.622,105.3483,107.2431,"1,437"
2308 台達電,2016/1/29,102.3167,106.1062,101.9378,105.7273,"6,252"
2308 台達電,2016/1/28,101.5588,104.2115,101.5588,102.3167,"4,717"
2308 台達電,2016/1/27,103.8325,103.8325,101.9378,102.3167,"3,522"
2308 台達電,2016/1/26,104.2115,104.5904,102.6957,103.4536,"5,683"
2308 台達電,2016/1/25,103.0746,105.7273,102.6957,105.7273,"5,795"
2308 台達電,2016/1/22,99.6641,101.9378,98.5272,101.1799,"9,796"
2308 台達電,2016/1/21,99.2851,100.422,93.9798,96.6325,"14,056"
2308 台達電,2016/1/20,103.4536,104.2115,98.9062,98.9062,"11,721"
2308 台達電,2016/1/19,105.3483,106.1062,100.422,102.6957,"11,825"
2308 台達電,2016/1/18,106.1062,107.622,105.3483,106.4852,"7,836"
2308 台達電,2016/1/15,108.7589,109.5168,107.622,109.5168,"7,245"
2308 台達電,2016/1/14,110.6536,110.6536,108.3799,108.3799,"7,473"
2308 台達電,2016/1/13,111.4115,112.1694,109.8957,112.1694,"3,459"
2308 台達電,2016/1/12,109.8957,111.7905,109.1378,111.7905,"3,480"
2308 台達電,2016/1/11,109.1378,111.0326,107.622,109.8957,"5,674"
2308 台達電,2016/1/8,109.8957,112.1694,109.1378,110.6536,"4,116"
2308 台達電,2016/1/7,112.1694,112.5484,109.1378,112.1694,"6,403"
2308 台達電,2016/1/6,112.5484,113.3063,111.4115,112.1694,"5,351"
2308 台達電,2016/1/5,112.9273,113.3063,111.4115,112.5484,"10,605"
2308 台達電,2016/1/4,117.4748,117.4748,112.9273,112.9273,"6,430"
2308 台達電,2015/12/31,116.7169,117.8537,116.7169,117.8537,"2,661"
2308 台達電,2015/12/30,116.7169,118.2327,116.3379,116.7169,"1,706"
2308 台達電,2015/12/29,117.0958,117.8537,115.201,116.7169,"2,966"
2308 台達電,2015/12/28,117.4748,118.9906,117.0958,118.9906,"2,405"
2308 台達電,2015/12/25,118.6116,118.6116,117.0958,117.8537,"1,536"
2308 台達電,2015/12/24,117.8537,118.6116,117.8537,118.6116,"1,431"
2308 台達電,2015/12/23,118.6116,118.9906,117.4748,117.4748,"2,100"
2308 台達電,2015/12/22,117.8537,119.3695,117.8537,119.3695,"3,047"
2308 台達電,2015/12/21,118.2327,118.9906,117.4748,118.2327,"3,337"
2308 台達電,2015/12/18,118.2327,119.7485,118.2327,119.7485,"4,217"
2308 台達電,2015/12/17,120.5064,120.5064,117.8537,120.1274,"4,925"
2308 台達電,2015/12/16,119.3695,119.7485,118.2327,119.3695,"3,275"
2308 台達電,2015/12/15,117.0958,118.6116,116.3379,117.4748,"3,224"
2308 台達電,2015/12/14,116.3379,117.4748,116.3379,117.0958,"1,775"
2308 台達電,2015/12/11,119.3695,121.6432,117.4748,117.4748,"4,030"
2308 台達電,2015/12/10,116.3379,120.8853,115.9589,120.5064,"4,963"
2308 台達電,2015/12/9,118.2327,120.1274,117.8537,117.8537,"2,804"
2308 台達電,2015/12/8,121.2643,121.6432,118.9906,119.3695,"4,872"
2308 台達電,2015/12/7,122.7801,124.2959,122.0222,122.4011,"4,346"
2308 台達電,2015/12/4,120.8853,121.6432,119.3695,121.2643,"3,425"
2308 台達電,2015/12/3,119.3695,122.0222,118.2327,121.2643,"5,607"
2308 台達電,2015/12/2,118.6116,120.1274,118.2327,119.3695,"3,907"
2308 台達電,2015/12/1,119.7485,119.7485,117.8537,118.2327,"5,573"
2308 台達電,2015/11/30,117.4748,118.6116,115.201,118.6116,"9,364"
2308 台達電,2015/11/27,121.2643,122.0222,118.9906,120.1274,"2,768"
2308 台達電,2015/11/26,120.8853,122.7801,120.5064,122.0222,"4,128"
2308 台達電,2015/11/25,120.5064,120.8853,119.7485,120.1274,"1,569"
2308 台達電,2015/11/24,120.8853,122.7801,120.5064,121.6432,"3,978"
2308 台達電,2015/11/23,120.8853,120.8853,118.9906,120.1274,"1,880"
2308 台達電,2015/11/20,119.3695,120.5064,117.8537,120.5064,"3,674"
2308 台達電,2015/11/19,119.7485,121.6432,119.3695,120.5064,"3,993"
2308 台達電,2015/11/18,121.2643,121.6432,118.9906,118.9906,"7,278"
2308 台達電,2015/11/17,123.538,124.2959,120.8853,121.6432,"5,741"
2308 台達電,2015/11/16,119.7485,122.4011,119.3695,121.2643,"4,578"
2308 台達電,2015/11/13,119.3054,122.7033,118.9279,120.4381,"2,926"
2308 台達電,2015/11/12,120.0605,121.1932,118.1728,120.0605,"5,669"
2308 台達電,2015/11/11,123.0809,123.0809,119.683,119.683,"5,778"
2308 台達電,2015/11/10,126.1013,126.1013,122.7033,124.2135,"7,430"
2308 台達電,2015/11/9,126.8564,128.3666,125.7237,128.3666,"4,395"
2308 台達電,2015/11/6,129.8768,129.8768,126.1013,126.1013,"4,964"
2308 台達電,2015/11/5,128.3666,129.1217,127.989,128.3666,"3,852"
2308 台達電,2015/11/4,127.2339,128.7441,126.8564,128.3666,"10,631"
2308 台達電,2015/11/3,126.8564,127.2339,125.7237,125.7237,"6,755"
2308 台達電,2015/11/2,126.4788,126.4788,124.5911,125.3462,"6,248"
2308 台達電,2015/10/30,127.6115,127.6115,124.5911,125.3462,"6,105"
2308 台達電,2015/10/29,129.8768,130.2543,125.3462,126.1013,"7,990"
2308 台達電,2015/10/28,126.4788,128.7441,126.4788,128.3666,"8,398"
2308 台達電,2015/10/27,128.3666,129.4992,124.9686,124.9686,"9,168"
2308 台達電,2015/10/26,127.6115,127.989,126.8564,127.6115,"4,517"
2308 台達電,2015/10/23,126.4788,128.3666,125.7237,126.8564,"7,353"
2308 台達電,2015/10/22,124.2135,125.3462,123.0809,123.0809,"3,154"
2308 台達電,2015/10/21,124.5911,125.3462,123.836,124.2135,"5,012"
2308 台達電,2015/10/20,123.836,124.9686,123.0809,123.836,"2,295"
2308 台達電,2015/10/19,124.9686,125.3462,123.4584,124.2135,"3,254"
2308 台達電,2015/10/16,120.8156,124.2135,120.8156,124.2135,"8,214"
2308 台達電,2015/10/15,123.0809,123.836,120.8156,120.8156,"5,194"
2308 台達電,2015/10/14,121.5707,124.5911,121.5707,123.836,"4,743"
2308 台達電,2015/10/13,126.1013,126.1013,121.9483,123.0809,"5,146"
2308 台達電,2015/10/12,127.6115,127.6115,125.3462,126.1013,"4,350"
2308 台達電,2015/10/8,124.5911,126.8564,124.2135,126.4788,"6,566"
2308 台達電,2015/10/7,123.0809,123.836,122.3258,123.836,"4,306"
2308 台達電,2015/10/6,121.9483,122.7033,121.1932,122.3258,"3,503"
2308 台達電,2015/10/5,120.8156,121.5707,119.3054,120.4381,"2,819"
2308 台達電,2015/10/2,118.9279,120.4381,117.0401,120.0605,"4,655"
2308 台達電,2015/10/1,115.9075,120.0605,115.9075,119.683,"7,918"
2308 台達電,2015/9/30,112.8871,119.3054,112.5095,116.285,"6,856"
2308 台達電,2015/9/25,116.285,117.4177,114.0197,115.5299,"2,953"
2308 台達電,2015/9/24,118.9279,119.3054,115.1524,115.9075,"4,593"
2308 台達電,2015/9/23,121.1932,121.5707,118.5503,118.5503,"4,032"
2308 台達電,2015/9/22,120.8156,123.0809,120.4381,122.3258,"3,562"
2308 台達電,2015/9/21,119.3054,120.0605,118.5503,119.3054,"4,878"
2308 台達電,2015/9/18,121.5707,122.3258,120.8156,120.8156,"6,248"
2308 台達電,2015/9/17,124.2135,124.9686,122.3258,122.3258,"7,057"
2308 台達電,2015/9/16,120.4381,121.9483,120.0605,120.8156,"7,298"
2308 台達電,2015/9/15,120.0605,122.7033,118.5503,119.3054,"10,317"
2308 台達電,2015/9/14,129.1217,129.1217,127.2339,129.1217,"2,788"
2308 台達電,2015/9/11,129.1217,129.4992,127.2339,128.7441,"4,115"
2308 台達電,2015/9/10,129.8768,129.8768,126.8564,127.989,"5,354"
2308 台達電,2015/9/9,123.0809,131.387,123.0809,130.6319,"11,597"
2308 台達電,2015/9/8,120.8156,121.9483,119.683,120.0605,"2,919"
2308 台達電,2015/9/7,116.6626,121.9483,116.6626,120.0605,"5,181"
2308 台達電,2015/9/4,119.683,120.8156,117.4177,117.4177,"6,027"
2308 台達電,2015/9/3,119.683,119.683,117.7952,119.683,"8,357"
2308 台達電,2015/9/2,115.9075,118.9279,114.7748,118.1728,"6,365"
2308 台達電,2015/9/1,118.5503,120.4381,117.4177,117.7952,"5,218"
2308 台達電,2015/8/31,114.3973,123.0809,112.5095,123.0809,"7,957"
2308 台達電,2015/8/28,114.3973,114.3973,112.132,112.5095,"5,279"
2308 台達電,2015/8/27,109.4891,110.6218,107.9789,110.6218,"5,118"
2308 台達電,2015/8/26,109.4891,109.8667,107.2238,108.734,"6,190"
2308 台達電,2015/8/25,105.7137,110.9993,104.9586,109.4891,"6,003"
2308 台達電,2015/8/24,102.6933,109.1116,97.03,105.7137,"12,937"
2308 台達電,2015/8/21,110.9993,110.9993,106.8463,107.6014,"7,562"
2308 台達電,2015/8/20,113.6422,114.3973,111.7544,113.2646,"4,482"
2308 台達電,2015/8/19,116.285,117.7952,114.0197,115.5299,"4,563"
2308 台達電,2015/8/18,120.8156,121.1932,117.7952,117.7952,"2,470"
2308 台達電,2015/8/17,122.3258,122.3258,120.0605,120.0605,"2,762"
2308 台達電,2015/8/14,120.4381,123.836,120.0605,123.0809,"3,470"
2308 台達電,2015/8/13,117.4177,122.7033,117.4177,122.3258,"4,121"
2308 台達電,2015/8/12,120.8156,121.1932,117.7952,118.5503,"2,581"
2308 台達電,2015/8/11,122.3258,122.7033,120.0605,121.1932,"5,141"
2308 台達電,2015/8/10,115.5299,118.1728,115.1524,117.4177,"1,819"
2308 台達電,2015/8/7,115.5299,118.5503,115.1524,116.285,"2,424"
2308 台達電,2015/8/6,117.4177,118.1728,113.2646,117.7952,"3,393"
2308 台達電,2015/8/5,116.285,118.1728,114.3973,117.4177,"3,830"
2308 台達電,2015/8/4,116.285,116.285,105.3361,116.285,"11,074"
2308 台達電,2015/8/3,116.285,117.0401,114.3973,114.7748,"7,090"
2308 台達電,2015/7/31,118.1728,119.3054,116.285,117.4177,"6,545"
2308 台達電,2015/7/30,117.0401,122.3258,115.9075,119.3054,"8,029"
2308 台達電,2015/7/29,121.5707,124.2135,118.5503,118.5503,"7,008"
2308 台達電,2015/7/28,120.8156,124.5911,118.1728,122.7033,"6,531"
2308 台達電,2015/7/27,118.9279,121.1932,118.1728,119.683,"4,203"
2308 台達電,2015/7/24,122.3258,122.3258,118.5503,119.3054,"3,620"
2308 台達電,2015/7/23,121.1932,122.3258,120.0605,121.5707,"3,539"
2308 台達電,2015/7/22,120.8156,121.5707,120.4381,121.1932,"2,393"
2308 台達電,2015/7/21,122.3258,122.3258,120.0605,122.3258,"2,622"
2308 台達電,2015/7/20,123.4584,125.3462,120.8156,121.5707,"6,432"
2308 台達電,2015/7/17,122.3258,122.3258,120.8156,121.9483,"2,564"
2308 台達電,2015/7/16,120.8156,122.7033,120.4381,120.8156,"5,901"
2308 台達電,2015/7/15,117.7952,120.0605,116.6626,119.3054,"5,256"
2308 台達電,2015/7/14,116.285,117.0401,115.5299,115.5299,"4,956"
2308 台達電,2015/7/13,115.9075,117.0401,115.5299,115.9075,"10,171"
2308 台達電,2015/7/9,115.9075,116.6626,114.3973,115.5299,"6,943"
2308 台達電,2015/7/8,118.1728,118.9279,116.6626,116.6626,"5,853"
2308 台達電,2015/7/7,117.4177,118.9279,117.0401,117.7952,"5,734"
2308 台達電,2015/7/6,117.4177,118.9279,116.6626,117.4177,"5,460"
2308 台達電,2015/7/3,120.4381,120.4381,117.7952,118.5503,"2,932"
2308 台達電,2015/7/2,118.9279,121.5707,118.1728,121.1932,"6,814"
2308 台達電,2015/7/1,118.5503,119.3054,117.4177,118.5503,"4,040"
2308 台達電,2015/6/30,116.285,120.0605,115.9075,119.3054,"6,864"
2308 台達電,2015/6/29,117.5002,118.5848,113.8848,114.2463,"7,542"
2308 台達電,2015/6/26,120.031,120.754,119.6694,120.031,"3,076"
2308 台達電,2015/6/25,119.3079,121.4771,118.9463,120.031,"10,089"
2308 台達電,2015/6/24,117.8617,119.3079,117.1386,119.3079,"4,769"
2308 台達電,2015/6/23,118.9463,120.754,117.1386,117.8617,"5,742"
2308 台達電,2015/6/22,115.6925,120.754,115.6925,120.031,"5,096"
2308 台達電,2015/6/18,116.7771,117.1386,115.6925,115.6925,"4,883"
2308 台達電,2015/6/17,119.3079,119.3079,117.1386,117.8617,"5,545"
2308 台達電,2015/6/16,117.8617,118.5848,116.4156,118.5848,"4,789"
2308 台達電,2015/6/15,116.4156,117.1386,114.6079,116.054,"5,370"
2308 台達電,2015/6/12,114.2463,116.054,108.8232,115.6925,"10,239"
2308 台達電,2015/6/11,117.5002,117.8617,113.5233,114.6079,"15,366"
2308 台達電,2015/6/10,122.2002,122.5617,114.9694,117.5002,"13,862"
2308 台達電,2015/6/9,122.9233,123.2848,119.3079,120.754,"5,765"
2308 台達電,2015/6/8,123.2848,124.0079,122.9233,122.9233,"2,932"
2308 台達電,2015/6/5,120.031,124.3694,120.031,124.3694,"4,364"
2308 台達電,2015/6/4,122.2002,122.9233,119.3079,120.754,"6,310"
2308 台達電,2015/6/3,123.2848,124.3694,122.5617,122.9233,"6,254"
2308 台達電,2015/6/2,124.731,125.454,122.9233,122.9233,"3,298"
2308 台達電,2015/6/1,126.9002,127.2617,124.0079,124.0079,"3,582"
2308 台達電,2015/5/29,127.9848,128.3464,126.5387,126.9002,"6,784"
2308 台達電,2015/5/28,125.8156,128.3464,125.454,127.2617,"9,489"
2308 台達電,2015/5/27,124.0079,125.8156,123.6463,124.3694,"3,284"
2308 台達電,2015/5/26,124.731,125.8156,124.3694,125.0925,"3,480"
2308 台達電,2015/5/25,124.3694,124.3694,121.4771,123.6463,"3,455"
2308 台達電,2015/5/22,124.3694,124.3694,122.5617,123.2848,"6,216"
2308 台達電,2015/5/21,123.6463,124.3694,122.9233,122.9233,"6,856"
2308 台達電,2015/5/20,126.5387,126.5387,123.6463,124.3694,"5,053"
2308 台達電,2015/5/19,126.5387,127.6233,124.731,125.8156,"7,617"
2308 台達電,2015/5/18,128.3464,128.7079,123.6463,125.0925,"6,017"
2308 台達電,2015/5/15,126.5387,129.431,125.454,128.3464,"8,239"
2308 台達電,2015/5/14,125.0925,125.8156,122.9233,125.0925,"12,000"
2308 台達電,2015/5/13,128.7079,128.7079,124.3694,125.0925,"10,314"
2308 台達電,2015/5/12,123.6463,129.431,123.6463,127.9848,"6,111"
2308 台達電,2015/5/11,133.0464,133.4079,127.9848,128.7079,"7,538"
2308 台達電,2015/5/8,132.3233,133.7694,131.9617,133.0464,"4,100"
2308 台達電,2015/5/7,134.4925,134.4925,133.0464,133.4079,"4,082"
2308 台達電,2015/5/6,132.3233,135.2156,132.3233,134.4925,"3,635"
2308 台達電,2015/5/5,135.2156,136.6618,133.4079,134.4925,"6,726"
2308 台達電,2015/5/4,136.6618,137.7464,134.131,136.3002,"7,199"
2308 台達電,2015/4/30,136.6618,136.6618,133.7694,133.7694,"10,537"
2308 台達電,2015/4/29,141.7233,141.7233,137.3848,137.7464,"5,410"
2308 台達電,2015/4/28,141.7233,142.4464,138.831,140.6387,"3,816"
2308 台達電,2015/4/27,143.531,144.9772,141.7233,142.4464,"4,892"
2308 台達電,2015/4/24,141.0002,143.531,140.6387,142.0848,"8,667"
2308 台達電,2015/4/23,139.5541,140.6387,138.831,140.2771,"7,050"
2308 台達電,2015/4/22,139.5541,140.6387,137.7464,137.7464,"5,069"
2308 台達電,2015/4/21,137.7464,138.831,137.3848,137.3848,"2,284"
2308 台達電,2015/4/20,138.4695,140.2771,137.7464,137.7464,"6,110"
2308 台達電,2015/4/17,139.1925,140.6387,138.831,138.831,"2,948"
2308 台達電,2015/4/16,139.5541,141.0002,139.1925,141.0002,"3,176"
2308 台達電,2015/4/15,141.0002,141.3618,137.3848,137.7464,"6,492"
2308 台達電,2015/4/14,139.5541,141.7233,139.5541,141.3618,"4,581"
2308 台達電,2015/4/13,139.9156,140.6387,139.1925,139.5541,"5,726"
2308 台達電,2015/4/10,139.5541,140.2771,138.4695,139.9156,"5,068"
2308 台達電,2015/4/9,141.3618,142.4464,138.1079,138.831,"5,154"
2308 台達電,2015/4/8,142.8079,142.8079,138.831,139.5541,"5,329"
2308 台達電,2015/4/7,142.8079,142.8079,139.5541,141.3618,"7,105"
2308 台達電,2015/4/2,143.1695,143.531,141.3618,142.8079,"6,040"
2308 台達電,2015/4/1,144.6156,144.6156,141.0002,141.0002,"4,523"
2308 台達電,2015/3/31,144.9772,144.9772,142.0848,142.8079,"2,792"
2308 台達電,2015/3/30,141.0002,143.8925,141.0002,143.1695,"4,451"
2308 台達電,2015/3/27,141.0002,143.1695,139.5541,139.5541,"7,376"
2308 台達電,2015/3/26,143.531,146.7848,141.3618,141.7233,"7,612"
2308 台達電,2015/3/25,147.5079,148.231,143.8925,144.9772,"5,318"
2308 台達電,2015/3/24,150.0387,150.0387,145.7002,148.5925,"5,795"
2308 台達電,2015/3/23,146.7848,149.3156,146.7848,148.9541,"3,400"
2308 台達電,2015/3/20,144.6156,147.5079,144.6156,146.7848,"4,241"
2308 台達電,2015/3/19,146.7848,147.5079,144.2541,146.7848,"6,320"
2308 台達電,2015/3/18,142.8079,146.0618,141.3618,146.0618,"9,183"
2308 台達電,2015/3/17,146.7848,147.1464,140.2771,140.6387,"8,487"
2308 台達電,2015/3/16,147.1464,147.5079,144.6156,144.6156,"2,763"
2308 台達電,2015/3/13,147.1464,147.8695,145.3387,145.3387,"3,923"
2308 台達電,2015/3/12,147.1464,148.231,143.8925,145.3387,"9,403"
2308 台達電,2015/3/11,148.5925,149.6772,147.1464,147.1464,"4,650"
2308 台達電,2015/3/10,150.4002,150.4002,148.231,149.6772,"3,617"
2308 台達電,2015/3/9,154.0156,154.7387,150.0387,150.4002,"4,336"
2308 台達電,2015/3/6,151.1233,153.2926,150.0387,153.2926,"4,625"
2308 台達電,2015/3/5,152.2079,152.2079,150.0387,150.0387,"4,007"
2308 台達電,2015/3/4,151.8464,152.5695,150.0387,151.1233,"4,549"
2308 台達電,2015/3/3,151.8464,151.8464,148.9541,151.8464,"4,954"
2308 台達電,2015/3/2,150.4002,151.8464,148.231,150.4002,"8,399"
2308 台達電,2015/2/26,151.8464,151.8464,146.4233,146.7848,"7,590"
2308 台達電,2015/2/25,147.5079,151.8464,147.5079,151.8464,"5,469"
2308 台達電,2015/2/24,151.1233,151.8464,146.7848,146.7848,"7,022"
2308 台達電,2015/2/13,146.0618,148.231,145.7002,148.231,"5,199"
2308 台達電,2015/2/12,145.7002,146.7848,144.2541,146.0618,"8,228"
2308 台達電,2015/2/11,142.0848,145.7002,141.3618,144.6156,"4,970"
2308 台達電,2015/2/10,141.7233,142.4464,139.9156,139.9156,"2,793"
2308 台達電,2015/2/9,141.3618,143.1695,141.0002,141.7233,"2,017"
2308 台達電,2015/2/6,143.8925,144.6156,141.7233,142.4464,"3,305"
2308 台達電,2015/2/5,144.6156,144.9772,140.6387,142.0848,"4,575"
2308 台達電,2015/2/4,141.7233,146.0618,141.7233,143.8925,"12,718"
2308 台達電,2015/2/3,141.0002,141.7233,138.831,139.5541,"4,799"
2308 台達電,2015/2/2,142.4464,143.1695,138.831,141.0002,"4,523"
2308 台達電,2015/1/30,141.7233,142.4464,139.5541,139.9156,"5,094"
2308 台達電,2015/1/29,143.1695,143.8925,139.1925,140.6387,"7,808"
2308 台達電,2015/1/28,143.8925,144.2541,142.8079,143.8925,"6,286"
2308 台達電,2015/1/27,143.531,145.3387,143.1695,144.9772,"11,513"
2308 台達電,2015/1/26,141.3618,143.8925,139.9156,142.0848,"8,354"
2308 台達電,2015/1/23,136.6618,141.7233,136.3002,141.7233,"13,050"
2308 台達電,2015/1/22,133.7694,135.2156,133.4079,135.2156,"4,350"
2308 台達電,2015/1/21,133.4079,133.7694,131.6002,133.7694,"5,105"
2308 台達電,2015/1/20,131.9617,132.6848,130.8771,132.6848,"2,619"
2308 台達電,2015/1/19,131.6002,132.6848,130.1541,130.8771,"4,263"
2308 台達電,2015/1/16,131.9617,131.9617,128.7079,129.431,"3,835"
2308 台達電,2015/1/15,133.7694,133.7694,130.1541,130.5156,"4,359"
2308 台達電,2015/1/14,130.1541,133.7694,128.7079,132.6848,"8,565"
2308 台達電,2015/1/13,128.7079,129.431,127.9848,128.3464,"9,651"
2308 台達電,2015/1/12,132.3233,132.6848,128.7079,129.0694,"4,179"
2308 台達電,2015/1/9,132.3233,133.0464,131.6002,132.3233,"3,834"
2308 台達電,2015/1/8,130.8771,131.6002,130.5156,131.2387,"2,935"
2308 台達電,2015/1/7,130.8771,131.9617,130.1541,130.1541,"4,739"
2308 台達電,2015/1/6,135.2156,135.9387,130.8771,130.8771,"5,482"
2308 台達電,2015/1/5,135.9387,137.3848,134.8541,137.3848,"1,831"
