證券代碼,年月日,開盤價(元),最高價(元),最低價(元),收盤價(元),成交量(千股)
2317 鴻海,2025/12/31,228.5,231.5,228,230.5,"41,319"
2317 鴻海,2025/12/30,230.5,231,228,228,"36,162"
2317 鴻海,2025/12/29,227,233,226.5,231,"57,945"
2317 鴻海,2025/12/26,225.5,227.5,224.5,225.5,"28,935"
2317 鴻海,2025/12/24,225.5,227.5,224,224,"36,443"
2317 鴻海,2025/12/23,225.5,226,223.5,224,"29,629"
2317 鴻海,2025/12/22,224.5,225.5,223,224,"40,062"
2317 鴻海,2025/12/19,219,221.5,218,221.5,"41,562"
2317 鴻海,2025/12/18,214.5,217,213.5,216,"50,364"
2317 鴻海,2025/12/17,218,219.5,216,216.5,"51,129"
2317 鴻海,2025/12/16,220,220.5,215,218,"63,458"
2317 鴻海,2025/12/15,221,223,220.5,221.5,"44,481"
2317 鴻海,2025/12/12,227,228.5,225,227,"29,684"
2317 鴻海,2025/12/11,234,234.5,226,226,"60,054"
2317 鴻海,2025/12/10,236,236,232,233.5,"36,069"
2317 鴻海,2025/12/9,233,236.5,232,235,"54,359"
2317 鴻海,2025/12/8,231.5,232,229,232,"29,940"
2317 鴻海,2025/12/5,229,231.5,228.5,231,"35,103"
2317 鴻海,2025/12/4,230,230,227.5,228.5,"25,728"
2317 鴻海,2025/12/3,225,230,225,227,"53,110"
2317 鴻海,2025/12/2,220.5,225,220.5,222,"49,869"
2317 鴻海,2025/12/1,225,226,222,222,"52,409"
2317 鴻海,2025/11/28,229.5,229.5,225,225.5,"56,939"
2317 鴻海,2025/11/27,229,232,226,231,"63,038"
2317 鴻海,2025/11/26,221,228,221,227,"68,461"
2317 鴻海,2025/11/25,225,226,219,219,"73,643"
2317 鴻海,2025/11/24,226.5,227,220,220,"100,270"
2317 鴻海,2025/11/21,226,229.5,225,225,"97,471"
2317 鴻海,2025/11/20,237,238,232.5,236.5,"78,464"
2317 鴻海,2025/11/19,226.5,230,226.5,229,"70,909"
2317 鴻海,2025/11/18,231.5,237,230,230,"77,859"
2317 鴻海,2025/11/17,241,242,235,236,"84,874"
2317 鴻海,2025/11/14,246.5,247,241,241,"112,889"
2317 鴻海,2025/11/13,256,256,247,252,"90,541"
2317 鴻海,2025/11/12,248,252,245,251,"65,085"
2317 鴻海,2025/11/11,251,252,246.5,246.5,"50,821"
2317 鴻海,2025/11/10,245,250,244,249.5,"51,628"
2317 鴻海,2025/11/7,246,250.5,244,244,"50,319"
2317 鴻海,2025/11/6,249.5,250.5,246,248,"65,794"
2317 鴻海,2025/11/5,239,248.5,237,247,"114,664"
2317 鴻海,2025/11/4,252,255,244,244,"95,832"
2317 鴻海,2025/11/3,255,256.5,250,251.5,"97,190"
2317 鴻海,2025/10/31,261,262,257,257.5,"63,119"
2317 鴻海,2025/10/30,262.5,265,256.5,262,"108,445"
2317 鴻海,2025/10/29,254,263,253,260,"125,297"
2317 鴻海,2025/10/28,248,250,246.5,250,"73,662"
2317 鴻海,2025/10/27,249,249,243,246.5,"80,708"
2317 鴻海,2025/10/23,240,240.5,238,239,"50,955"
2317 鴻海,2025/10/22,238,243,236.5,242.5,"71,609"
2317 鴻海,2025/10/21,241.5,245.5,238,239,"120,698"
2317 鴻海,2025/10/20,230,239.5,229,238.5,"152,953"
2317 鴻海,2025/10/17,224,230,222.5,226.5,"119,855"
2317 鴻海,2025/10/16,215,225.5,211.5,223,"154,273"
2317 鴻海,2025/10/15,207.5,208,203,206.5,"65,964"
2317 鴻海,2025/10/14,216,217.5,205,206,"108,702"
2317 鴻海,2025/10/13,210,216,210,213,"111,260"
2317 鴻海,2025/10/9,227,227,221,221.5,"56,700"
2317 鴻海,2025/10/8,225,225.5,222,225,"50,104"
2317 鴻海,2025/10/7,230,231.5,225,228.5,"66,127"
2317 鴻海,2025/10/3,226,228,224.5,226.5,"52,446"
2317 鴻海,2025/10/2,221.5,226,221,225.5,"73,884"
2317 鴻海,2025/10/1,219,222,216,219,"58,600"
2317 鴻海,2025/9/30,224,224,215.5,216,"92,277"
2317 鴻海,2025/9/26,230,230.5,218.5,219.5,"122,225"
2317 鴻海,2025/9/25,223,231,222.5,230,"126,590"
2317 鴻海,2025/9/24,222,223,219,223,"66,406"
2317 鴻海,2025/9/23,218,222,217.5,221,"106,127"
2317 鴻海,2025/9/22,215.5,218,214,216,"34,758"
2317 鴻海,2025/9/19,216.5,217,214,214,"60,640"
2317 鴻海,2025/9/18,211.5,216,208,215,"80,554"
2317 鴻海,2025/9/17,214,214.5,211,212,"57,358"
2317 鴻海,2025/9/16,217,217,213.5,215.5,"50,810"
2317 鴻海,2025/9/15,218.5,218.5,213,216,"56,651"
2317 鴻海,2025/9/12,217,218.5,216.5,217.5,"74,001"
2317 鴻海,2025/9/11,212,216.5,209,214.5,"133,210"
2317 鴻海,2025/9/10,211,211,209,210,"86,104"
2317 鴻海,2025/9/9,204.5,208,204,207.5,"64,990"
2317 鴻海,2025/9/8,206,207.5,202,203.5,"45,711"
2317 鴻海,2025/9/5,205.5,206.5,203,205,"39,235"
2317 鴻海,2025/9/4,203,205,202,203,"41,864"
2317 鴻海,2025/9/3,198.5,201,197,200.5,"34,371"
2317 鴻海,2025/9/2,200,203.5,198,198.5,"35,779"
2317 鴻海,2025/9/1,203,204.5,197,198.5,"70,459"
2317 鴻海,2025/8/29,206,207,202.5,203.5,"55,250"
2317 鴻海,2025/8/28,207.5,207.5,204,206,"48,681"
2317 鴻海,2025/8/27,210,210,207.5,208,"41,852"
2317 鴻海,2025/8/26,207,209,206,209,"42,252"
2317 鴻海,2025/8/25,207,208,206,207.5,"52,074"
2317 鴻海,2025/8/22,208,208,202,202.5,"54,944"
2317 鴻海,2025/8/21,201,206,201,206,"67,845"
2317 鴻海,2025/8/20,206,206.5,200,200.5,"124,219"
2317 鴻海,2025/8/19,210,212,208,208,"49,978"
2317 鴻海,2025/8/18,207.5,210,206,210,"73,566"
2317 鴻海,2025/8/15,205,208,202,207,"156,672"
2317 鴻海,2025/8/14,197.5,200,197,199.5,"78,943"
2317 鴻海,2025/8/13,198,199,193.5,198.5,"103,356"
2317 鴻海,2025/8/12,198.5,199,195.5,197,"38,689"
2317 鴻海,2025/8/11,194,198,192.5,198,"52,291"
2317 鴻海,2025/8/8,197,197,193.5,194.5,"65,469"
2317 鴻海,2025/8/7,190,195,190,194.5,"119,398"
2317 鴻海,2025/8/6,185.5,188.5,184,186,"68,868"
2317 鴻海,2025/8/5,182,185,182,184.5,"52,169"
2317 鴻海,2025/8/4,179.5,181,178.5,180,"44,503"
2317 鴻海,2025/8/1,175,181.5,175,181.5,"65,361"
2317 鴻海,2025/7/31,178,179,176,178,"90,529"
2317 鴻海,2025/7/30,171.5,171.5,171.5,171.5,0
2317 鴻海,2025/7/29,175,175.5,171,171.5,"49,613"
2317 鴻海,2025/7/28,176,178,175.5,176,"55,666"
2317 鴻海,2025/7/25,175.5,175.5,173,174.5,"57,244"
2317 鴻海,2025/7/24,168,174,167.5,174,"127,736"
2317 鴻海,2025/7/23,163.5,166,163.5,166,"51,058"
2317 鴻海,2025/7/22,165,166,161.5,162,"39,452"
2317 鴻海,2025/7/21,166,166.5,164.5,165,"17,115"
2317 鴻海,2025/7/18,165,166,164.5,165.5,"35,368"
2317 鴻海,2025/7/17,163,164,162.5,164,"20,679"
2317 鴻海,2025/7/16,163,164,162.5,162.5,"25,282"
2317 鴻海,2025/7/15,160,163,160,163,"20,779"
2317 鴻海,2025/7/14,161.5,162.5,160.5,160.5,"18,862"
2317 鴻海,2025/7/11,161.5,162.5,160.5,161.5,"21,551"
2317 鴻海,2025/7/10,161,162.5,160,161.5,"31,990"
2317 鴻海,2025/7/9,159.5,161.5,159,161,"29,446"
2317 鴻海,2025/7/8,160.5,161,158.5,159,"30,781"
2317 鴻海,2025/7/7,161,162,159.5,161,"24,255"
2317 鴻海,2025/7/4,164,164.5,160.5,161,"27,987"
2317 鴻海,2025/7/3,164,164.5,163,164,"46,192"
2317 鴻海,2025/7/2,160,162,160,162,"66,421"
2317 鴻海,2025/7/1,155.8402,160.1825,155.3578,159.7001,"103,158"
2317 鴻海,2025/6/30,160.1825,160.665,155.3578,155.3578,"62,308"
2317 鴻海,2025/6/27,157.2877,159.7001,156.8052,159.2176,"75,664"
2317 鴻海,2025/6/26,156.3227,158.2526,155.8402,157.2877,"65,708"
2317 鴻海,2025/6/25,155.8402,156.3227,154.3928,156.3227,"48,758"
2317 鴻海,2025/6/24,152.4629,156.3227,151.9804,154.8753,"67,130"
2317 鴻海,2025/6/23,147.6381,150.533,146.6732,150.533,"49,297"
2317 鴻海,2025/6/20,149.0855,150.0505,147.6381,150.0505,"60,372"
2317 鴻海,2025/6/19,150.0505,150.533,148.6031,148.6031,"20,674"
2317 鴻海,2025/6/18,149.568,151.0155,148.6031,150.533,"38,500"
2317 鴻海,2025/6/17,151.0155,151.4979,149.0855,149.568,"25,564"
2317 鴻海,2025/6/16,150.533,151.4979,149.0855,149.568,"21,896"
2317 鴻海,2025/6/13,151.4979,152.9454,150.533,151.0155,"37,530"
2317 鴻海,2025/6/12,150.0505,152.4629,148.6031,151.9804,"33,551"
2317 鴻海,2025/6/11,151.0155,151.9804,150.0505,150.533,"27,402"
2317 鴻海,2025/6/10,150.0505,150.533,149.568,150.0505,"33,025"
2317 鴻海,2025/6/9,149.568,150.0505,148.6031,149.0855,"18,474"
2317 鴻海,2025/6/6,150.0505,150.0505,147.6381,147.6381,"24,170"
2317 鴻海,2025/6/5,151.0155,151.4979,150.0505,150.0505,"34,529"
2317 鴻海,2025/6/4,148.1206,150.533,147.6381,150.533,"39,837"
2317 鴻海,2025/6/3,148.1206,149.568,146.1907,146.1907,"38,422"
2317 鴻海,2025/6/2,148.6031,149.0855,145.7082,147.1556,"55,748"
2317 鴻海,2025/5/29,149.0855,152.4629,148.6031,150.533,"91,749"
2317 鴻海,2025/5/28,148.6031,148.6031,146.1907,146.6732,"31,758"
2317 鴻海,2025/5/27,148.1206,149.568,146.6732,146.6732,"27,594"
2317 鴻海,2025/5/26,147.1556,149.568,145.7082,147.6381,"28,992"
2317 鴻海,2025/5/23,150.533,150.533,147.6381,148.6031,"22,518"
2317 鴻海,2025/5/22,148.1206,148.6031,146.1907,147.6381,"37,074"
2317 鴻海,2025/5/21,149.568,151.0155,149.0855,149.568,"29,698"
2317 鴻海,2025/5/20,151.4979,152.9454,148.1206,148.6031,"41,647"
2317 鴻海,2025/5/19,151.4979,152.4629,148.6031,148.6031,"53,345"
2317 鴻海,2025/5/16,152.9454,153.9103,151.4979,152.4629,"34,670"
2317 鴻海,2025/5/15,157.2877,157.2877,152.9454,153.9103,"71,845"
2317 鴻海,2025/5/14,155.8402,157.2877,153.9103,157.2877,"71,682"
2317 鴻海,2025/5/13,153.9103,155.8402,151.4979,152.4629,"95,098"
2317 鴻海,2025/5/12,143.7783,147.6381,143.2958,147.6381,"59,409"
2317 鴻海,2025/5/9,141.3659,142.3309,140.401,141.8484,"30,063"
2317 鴻海,2025/5/8,140.401,141.3659,139.436,140.8834,"29,519"
2317 鴻海,2025/5/7,141.3659,142.8133,138.471,139.9185,"43,382"
2317 鴻海,2025/5/6,137.5061,141.3659,137.0236,140.8834,"53,330"
2317 鴻海,2025/5/5,143.7783,143.7783,137.0236,137.5061,"66,798"
2317 鴻海,2025/5/2,139.436,142.8133,138.9535,142.3309,"60,280"
2317 鴻海,2025/4/30,137.9886,138.9535,136.5411,136.5411,"42,090"
2317 鴻海,2025/4/29,136.5411,138.471,136.0587,137.9886,"40,351"
2317 鴻海,2025/4/28,135.0937,138.471,135.0937,137.5061,"47,321"
2317 鴻海,2025/4/25,135.5762,136.0587,133.6463,134.1287,"57,201"
2317 鴻海,2025/4/24,134.1287,134.1287,130.7514,131.7164,"46,353"
2317 鴻海,2025/4/23,131.2339,134.6112,131.2339,134.1287,"65,973"
2317 鴻海,2025/4/22,129.7864,131.2339,126.8916,127.3741,"44,476"
2317 鴻海,2025/4/21,130.2689,132.1988,129.7864,131.7164,"32,102"
2317 鴻海,2025/4/18,130.2689,131.7164,128.8215,130.7514,"26,363"
2317 鴻海,2025/4/17,129.7864,130.7514,127.3741,129.7864,"64,431"
2317 鴻海,2025/4/16,133.1638,134.6112,131.2339,131.2339,"61,680"
2317 鴻海,2025/4/15,134.1287,135.0937,131.2339,134.6112,"86,203"
2317 鴻海,2025/4/14,136.5411,139.9185,131.2339,133.6463,"214,264"
2317 鴻海,2025/4/11,114.3472,130.2689,112.8997,129.7864,"297,865"
2317 鴻海,2025/4/10,119.1719,119.1719,119.1719,119.1719,"36,901"
2317 鴻海,2025/4/9,114.8296,118.207,108.5574,108.5574,"366,032"
2317 鴻海,2025/4/8,122.5493,125.9266,120.6194,120.6194,"308,542"
2317 鴻海,2025/4/7,133.6463,133.6463,133.6463,133.6463,"30,755"
2317 鴻海,2025/4/2,147.6381,149.0855,146.6732,148.1206,"38,868"
2317 鴻海,2025/4/1,143.2958,147.6381,142.8133,146.6732,"61,385"
2317 鴻海,2025/3/31,139.9185,144.2608,139.9185,140.8834,"130,858"
2317 鴻海,2025/3/28,152.4629,152.9454,147.6381,148.6031,"111,580"
2317 鴻海,2025/3/27,157.7701,158.2526,154.3928,154.8753,"68,898"
2317 鴻海,2025/3/26,160.1825,161.1475,159.2176,160.1825,"19,840"
2317 鴻海,2025/3/25,159.7001,160.665,158.2526,159.2176,"34,677"
2317 鴻海,2025/3/24,160.665,161.1475,157.2877,157.2877,"42,919"
2317 鴻海,2025/3/21,161.1475,161.1475,159.2176,159.2176,"55,445"
2317 鴻海,2025/3/20,159.2176,161.1475,158.7351,160.1825,"37,221"
2317 鴻海,2025/3/19,161.1475,161.63,157.7701,158.2526,"80,802"
2317 鴻海,2025/3/18,163.0774,163.5599,161.1475,161.63,"40,404"
2317 鴻海,2025/3/17,165.9723,166.4547,162.1124,162.1124,"50,999"
2317 鴻海,2025/3/14,162.5949,164.5248,162.1124,164.0424,"33,052"
2317 鴻海,2025/3/13,166.4547,167.9022,162.1124,162.1124,"35,310"
2317 鴻海,2025/3/12,163.0774,165.4898,163.0774,164.5248,"41,085"
2317 鴻海,2025/3/11,160.1825,163.5599,159.2176,162.5949,"69,729"
2317 鴻海,2025/3/10,167.4197,167.9022,164.0424,165.9723,"36,673"
2317 鴻海,2025/3/7,165.0073,168.3846,165.0073,165.9723,"32,530"
2317 鴻海,2025/3/6,169.3496,169.8321,167.4197,167.4197,"28,989"
2317 鴻海,2025/3/5,165.4898,168.8671,165.4898,167.4197,"45,364"
2317 鴻海,2025/3/4,159.7001,165.9723,159.2176,164.5248,"71,127"
2317 鴻海,2025/3/3,165.9723,168.8671,164.0424,164.0424,"70,556"
2317 鴻海,2025/2/27,173.6919,175.1393,167.9022,167.9022,"81,509"
2317 鴻海,2025/2/26,168.8671,174.6569,168.3846,174.1744,"45,145"
2317 鴻海,2025/2/25,175.1393,175.6218,171.2795,171.2795,"70,811"
2317 鴻海,2025/2/24,174.6569,177.5517,174.1744,177.5517,"27,928"
2317 鴻海,2025/2/21,175.1393,177.5517,174.6569,176.5868,"35,359"
2317 鴻海,2025/2/20,176.5868,177.0692,175.1393,175.6218,"23,659"
2317 鴻海,2025/2/19,177.0692,178.0342,175.6218,176.5868,"35,389"
2317 鴻海,2025/2/18,176.5868,177.5517,174.6569,177.0692,"27,184"
2317 鴻海,2025/2/17,173.2094,176.1043,172.7269,176.1043,"47,251"
2317 鴻海,2025/2/14,173.6919,174.1744,171.2795,171.762,"26,925"
2317 鴻海,2025/2/13,170.797,174.6569,170.797,173.6919,"40,596"
2317 鴻海,2025/2/12,175.1393,175.1393,170.797,170.797,"42,666"
2317 鴻海,2025/2/11,171.762,175.6218,169.8321,172.7269,"71,048"
2317 鴻海,2025/2/10,169.8321,170.3146,167.9022,167.9022,"37,723"
2317 鴻海,2025/2/7,168.8671,171.762,167.9022,171.762,"52,118"
2317 鴻海,2025/2/6,166.4547,167.9022,165.0073,166.9372,"41,060"
2317 鴻海,2025/2/5,161.1475,165.4898,161.1475,165.0073,"53,304"
2317 鴻海,2025/2/4,161.1475,163.0774,159.2176,159.2176,"68,458"
2317 鴻海,2025/2/3,158.2526,162.1124,157.7701,159.7001,"168,103"
2317 鴻海,2025/1/22,174.1744,174.6569,172.2445,173.6919,"44,375"
2317 鴻海,2025/1/21,172.2445,173.6919,170.797,172.2445,"32,613"
2317 鴻海,2025/1/20,168.3846,171.762,168.3846,171.762,"35,167"
2317 鴻海,2025/1/17,166.9372,169.3496,165.9723,167.4197,"47,442"
2317 鴻海,2025/1/16,168.8671,169.8321,166.9372,167.4197,"42,128"
2317 鴻海,2025/1/15,168.3846,169.3496,165.0073,165.0073,"60,432"
2317 鴻海,2025/1/14,165.4898,168.3846,165.0073,168.3846,"64,355"
2317 鴻海,2025/1/13,173.6919,174.1744,165.4898,165.4898,"157,188"
2317 鴻海,2025/1/10,176.1043,177.5517,174.6569,175.1393,"42,317"
2317 鴻海,2025/1/9,181.4115,181.4115,176.5868,176.5868,"47,079"
2317 鴻海,2025/1/8,183.3415,183.3415,180.4466,181.4115,"41,798"
2317 鴻海,2025/1/7,180.4466,185.2714,179.9641,183.3415,"83,019"
2317 鴻海,2025/1/6,178.5167,180.9291,177.0692,178.0342,"67,829"
2317 鴻海,2025/1/3,176.5868,177.5517,174.1744,174.6569,"48,659"
2317 鴻海,2025/1/2,177.5517,179.4816,175.1393,176.1043,"41,467"
2317 鴻海,2024/12/31,178.0342,178.5167,176.5868,177.5517,"22,003"
2317 鴻海,2024/12/30,178.9992,180.4466,178.0342,178.5167,"24,531"
2317 鴻海,2024/12/27,180.9291,181.4115,178.9992,179.9641,"22,136"
2317 鴻海,2024/12/26,180.9291,182.3765,180.4466,180.9291,"36,347"
2317 鴻海,2024/12/25,179.9641,181.4115,179.4816,179.9641,"21,758"
2317 鴻海,2024/12/24,180.9291,180.9291,178.9992,178.9992,"33,589"
2317 鴻海,2024/12/23,178.5167,180.9291,177.5517,178.9992,"52,761"
2317 鴻海,2024/12/20,174.6569,177.5517,173.6919,174.6569,"56,744"
2317 鴻海,2024/12/19,174.6569,175.6218,172.7269,174.6569,"65,029"
2317 鴻海,2024/12/18,176.5868,178.9992,176.1043,178.0342,"47,937"
2317 鴻海,2024/12/17,174.6569,179.4816,174.6569,176.5868,"55,667"
2317 鴻海,2024/12/16,181.4115,182.859,175.1393,175.6218,"75,228"
2317 鴻海,2024/12/13,181.894,182.859,178.9992,179.9641,"55,417"
2317 鴻海,2024/12/12,183.8239,186.2363,181.894,181.894,"50,634"
2317 鴻海,2024/12/11,183.3415,187.2013,182.3765,182.3765,"66,246"
2317 鴻海,2024/12/10,186.2363,188.1662,185.2714,185.2714,"58,994"
2317 鴻海,2024/12/9,191.5436,192.026,188.1662,188.1662,"41,114"
2317 鴻海,2024/12/6,192.5085,194.4384,190.5786,191.0611,"47,526"
2317 鴻海,2024/12/5,195.8859,196.3683,192.026,192.026,"46,475"
2317 鴻海,2024/12/4,190.5786,194.4384,190.0961,193.956,"50,379"
2317 鴻海,2024/12/3,191.5436,192.991,189.6137,189.6137,"52,170"
2317 鴻海,2024/12/2,191.5436,192.5085,188.6487,189.1312,"47,905"
2317 鴻海,2024/11/29,186.7188,192.026,185.7538,188.6487,"50,800"
2317 鴻海,2024/11/28,189.1312,192.026,186.2363,188.6487,"58,511"
2317 鴻海,2024/11/27,193.4735,193.956,189.6137,189.6137,"96,019"
2317 鴻海,2024/11/26,199.7457,199.7457,194.9209,195.4034,"95,313"
2317 鴻海,2024/11/25,198.7807,203.123,198.2983,203.123,"80,800"
2317 鴻海,2024/11/22,198.2983,199.7457,195.8859,195.8859,"37,504"
2317 鴻海,2024/11/21,197.8158,197.8158,194.9209,195.4034,"50,295"
2317 鴻海,2024/11/20,199.2632,201.1931,197.8158,198.7807,"44,351"
2317 鴻海,2024/11/19,196.3683,197.8158,193.956,196.3683,"60,416"
2317 鴻海,2024/11/18,197.8158,200.7106,194.9209,195.4034,"61,852"
2317 鴻海,2024/11/15,204.5705,206.9828,198.7807,199.7457,"102,463"
2317 鴻海,2024/11/14,207.4653,207.9478,201.6756,204.088,"72,322"
2317 鴻海,2024/11/13,205.0529,208.9128,205.0529,206.9828,"55,926"
2317 鴻海,2024/11/12,209.8777,210.8427,206.5004,206.5004,"69,315"
2317 鴻海,2024/11/11,211.8076,212.2901,209.8777,212.2901,"42,180"
2317 鴻海,2024/11/8,211.8076,212.2901,209.8777,210.3602,"54,800"
2317 鴻海,2024/11/7,204.5705,211.3251,204.5705,209.3952,"77,417"
2317 鴻海,2024/11/6,207.4653,209.3952,205.0529,206.0179,"67,838"
2317 鴻海,2024/11/5,204.5705,207.9478,203.6055,206.5004,"43,852"
2317 鴻海,2024/11/4,201.6756,206.5004,200.7106,206.5004,"58,094"
2317 鴻海,2024/11/1,194.9209,201.1931,194.4384,200.7106,"89,610"
2317 鴻海,2024/10/30,202.1581,207.9478,201.6756,204.088,"68,400"
2317 鴻海,2024/10/29,205.5354,205.5354,199.7457,202.1581,"87,991"
2317 鴻海,2024/10/28,210.8427,213.7375,206.5004,207.4653,"96,697"
2317 鴻海,2024/10/25,205.0529,208.4303,204.5705,208.4303,"49,896"
2317 鴻海,2024/10/24,207.4653,207.9478,202.6406,204.088,"80,712"
2317 鴻海,2024/10/23,206.9828,209.3952,205.5354,208.4303,"51,836"
2317 鴻海,2024/10/22,203.6055,208.4303,201.6756,207.9478,"94,132"
2317 鴻海,2024/10/21,202.6406,206.0179,201.6756,202.6406,"59,461"
2317 鴻海,2024/10/18,202.6406,203.6055,199.7457,200.2282,"107,497"
2317 鴻海,2024/10/17,200.2282,201.6756,196.8508,201.1931,"66,198"
2317 鴻海,2024/10/16,196.8508,200.2282,196.3683,197.8158,"99,708"
2317 鴻海,2024/10/15,193.956,200.2282,193.4735,199.7457,"129,198"
2317 鴻海,2024/10/14,192.991,192.991,189.6137,192.026,"36,897"
2317 鴻海,2024/10/11,192.991,194.9209,192.026,192.991,"71,856"
2317 鴻海,2024/10/9,191.0611,192.991,190.0961,192.026,"84,123"
2317 鴻海,2024/10/8,190.0961,190.5786,187.2013,187.2013,"56,919"
2317 鴻海,2024/10/7,192.026,192.026,188.1662,190.5786,"84,399"
2317 鴻海,2024/10/4,181.4115,189.6137,181.4115,187.2013,"118,705"
2317 鴻海,2024/10/1,182.3765,183.3415,178.9992,180.4466,"36,339"
2317 鴻海,2024/9/30,183.3415,184.3064,180.9291,180.9291,"64,605"
2317 鴻海,2024/9/27,185.2714,187.2013,183.3415,184.3064,"69,739"
2317 鴻海,2024/9/26,185.2714,186.2363,181.894,182.859,"66,162"
2317 鴻海,2024/9/25,179.9641,184.3064,179.4816,181.894,"119,878"
2317 鴻海,2024/9/24,172.7269,177.5517,171.762,176.5868,"57,714"
2317 鴻海,2024/9/23,171.762,174.1744,171.2795,173.6919,"30,951"
2317 鴻海,2024/9/20,173.6919,175.6218,170.797,170.797,"82,199"
2317 鴻海,2024/9/19,168.3846,170.3146,166.9372,170.3146,"41,818"
2317 鴻海,2024/9/18,172.7269,173.2094,167.4197,167.9022,"78,892"
2317 鴻海,2024/9/16,170.797,175.6218,168.8671,174.6569,"54,484"
2317 鴻海,2024/9/13,172.7269,173.2094,168.8671,169.8321,"37,100"
2317 鴻海,2024/9/12,168.3846,171.2795,167.9022,171.2795,"53,142"
2317 鴻海,2024/9/11,164.0424,165.9723,163.5599,163.5599,"29,538"
2317 鴻海,2024/9/10,167.4197,167.9022,161.63,163.0774,"92,555"
2317 鴻海,2024/9/9,165.9723,167.9022,164.5248,165.9723,"68,938"
2317 鴻海,2024/9/6,169.3496,171.762,168.8671,170.3146,"39,222"
2317 鴻海,2024/9/5,173.6919,174.6569,168.8671,168.8671,"77,629"
2317 鴻海,2024/9/4,168.8671,174.6569,165.9723,173.2094,"126,923"
2317 鴻海,2024/9/3,177.5517,180.4466,176.5868,178.5167,"52,160"
2317 鴻海,2024/9/2,178.9992,180.4466,175.6218,176.5868,"36,343"
2317 鴻海,2024/8/30,178.5167,179.4816,177.0692,178.0342,"55,298"
2317 鴻海,2024/8/29,174.1744,178.9992,173.6919,178.0342,"58,392"
2317 鴻海,2024/8/28,174.6569,179.4816,173.2094,178.9992,"60,573"
2317 鴻海,2024/8/27,175.1393,175.6218,172.7269,174.1744,"28,579"
2317 鴻海,2024/8/26,175.6218,178.5167,174.1744,175.6218,"42,914"
2317 鴻海,2024/8/23,169.8321,174.6569,168.8671,173.6919,"50,027"
2317 鴻海,2024/8/22,177.5517,178.5167,172.7269,173.2094,"74,784"
2317 鴻海,2024/8/21,178.5167,179.4816,175.1393,177.0692,"73,330"
2317 鴻海,2024/8/20,182.859,184.3064,179.4816,179.9641,"85,359"
2317 鴻海,2024/8/19,178.5167,181.4115,178.0342,180.4466,"58,296"
2317 鴻海,2024/8/16,179.4816,180.4466,176.5868,177.5517,"73,463"
2317 鴻海,2024/8/15,178.9992,179.4816,174.6569,174.6569,"85,168"
2317 鴻海,2024/8/14,179.4816,180.4466,177.0692,178.9992,"99,284"
2317 鴻海,2024/8/13,173.6919,176.5868,171.762,174.6569,"117,511"
2317 鴻海,2024/8/12,165.9723,172.7269,165.4898,169.8321,"116,336"
2317 鴻海,2024/8/9,164.0424,165.9723,162.1124,162.5949,"138,560"
2317 鴻海,2024/8/8,157.7701,160.665,155.3578,157.7701,"175,362"
2317 鴻海,2024/8/7,163.0774,168.8671,162.1124,164.5248,"172,980"
2317 鴻海,2024/8/6,167.4197,168.8671,154.3928,161.63,"312,722"
2317 鴻海,2024/8/5,163.5599,166.4547,162.1124,162.1124,"235,984"
2317 鴻海,2024/8/2,185.7538,187.6837,178.9992,179.9641,"180,006"
2317 鴻海,2024/8/1,197.8158,198.2983,193.4735,195.4034,"71,018"
2317 鴻海,2024/7/31,187.6837,194.9209,187.2013,191.0611,"78,102"
2317 鴻海,2024/7/30,183.8239,190.0961,182.3765,189.1312,"56,000"
2317 鴻海,2024/7/29,189.1312,190.0961,185.2714,186.2363,"59,992"
2317 鴻海,2024/7/26,183.3415,187.2013,181.894,185.2714,"105,379"
2317 鴻海,2024/7/23,191.5436,194.4384,190.0961,194.4384,"86,260"
2317 鴻海,2024/7/22,195.8859,196.8508,184.3064,185.7538,"162,437"
2317 鴻海,2024/7/19,193.4735,196.8508,192.991,196.8508,"92,595"
2317 鴻海,2024/7/18,198.7807,201.6756,195.8859,196.8508,"136,319"
2317 鴻海,2024/7/17,205.5354,209.8777,204.088,204.5705,"76,957"
2317 鴻海,2024/7/16,208.9128,209.8777,205.0529,205.5354,"84,353"
2317 鴻海,2024/7/15,208.9128,211.3251,206.9828,208.9128,"53,360"
2317 鴻海,2024/7/12,211.3251,213.2551,206.5004,208.4303,"145,211"
2317 鴻海,2024/7/11,218.5623,220.9747,216.1499,217.5974,"66,478"
2317 鴻海,2024/7/10,217.5974,218.0798,212.7726,215.6674,"72,345"
2317 鴻海,2024/7/9,218.5623,226.2819,212.7726,217.5974,"140,667"
2317 鴻海,2024/7/8,209.3952,218.5623,208.9128,218.5623,"116,266"
2317 鴻海,2024/7/5,206.5004,207.9478,205.0529,206.9828,"44,877"
2317 鴻海,2024/7/4,200.7106,207.4653,200.2282,206.9828,"112,375"
2317 鴻海,2024/7/3,197.8158,200.7106,195.8859,195.8859,"77,916"
2317 鴻海,2024/7/2,204.5705,205.5354,195.8859,197.3333,"147,154"
2317 鴻海,2024/7/1,202.2787,204.1604,201.8083,203.2195,"74,505"
2317 鴻海,2024/6/28,201.3379,203.2195,199.9266,201.3379,"76,615"
2317 鴻海,2024/6/27,195.6929,201.8083,195.2225,199.9266,"85,520"
2317 鴻海,2024/6/26,198.9858,202.7491,197.5745,197.5745,"110,939"
2317 鴻海,2024/6/25,190.9887,199.4562,189.1071,198.5154,"121,206"
2317 鴻海,2024/6/24,197.1041,197.5745,192.8704,193.8112,"109,548"
2317 鴻海,2024/6/21,198.5154,204.6308,198.5154,199.4562,"174,076"
2317 鴻海,2024/6/20,192.8704,204.6308,191.4591,204.6308,"180,562"
2317 鴻海,2024/6/19,188.1662,195.6929,187.6958,190.9887,"176,031"
2317 鴻海,2024/6/18,188.6366,189.1071,185.3437,186.755,"93,439"
2317 鴻海,2024/6/17,185.8141,188.1662,183.4621,188.1662,"90,945"
2317 鴻海,2024/6/14,181.11,186.755,179.6987,186.2846,"125,211"
2317 鴻海,2024/6/13,179.6987,183.4621,176.8763,180.6396,"148,512"
2317 鴻海,2024/6/12,173.1129,176.8763,171.7017,176.4058,"126,289"
2317 鴻海,2024/6/11,168.4088,170.7608,166.9975,169.82,"85,329"
2317 鴻海,2024/6/7,166.9975,169.3496,166.0567,166.9975,"56,520"
2317 鴻海,2024/6/6,170.7608,172.1721,166.9975,166.9975,"122,671"
2317 鴻海,2024/6/5,160.8821,167.4679,158.53,165.1159,"118,643"
2317 鴻海,2024/6/4,164.6454,166.0567,159.9413,160.8821,"104,412"
2317 鴻海,2024/6/3,166.5271,168.8792,164.175,166.0567,"90,323"
2317 鴻海,2024/5/31,166.5271,168.4088,161.823,161.823,"150,789"
2317 鴻海,2024/5/30,166.5271,168.8792,165.5863,166.0567,"80,629"
2317 鴻海,2024/5/29,174.5242,174.9946,169.82,169.82,"79,257"
2317 鴻海,2024/5/28,174.5242,174.9946,172.6425,174.5242,"71,081"
2317 鴻海,2024/5/27,168.4088,174.0538,167.9384,174.0538,"115,328"
2317 鴻海,2024/5/24,161.823,165.5863,160.8821,165.5863,"72,217"
2317 鴻海,2024/5/23,163.2342,163.7046,159.4709,162.7638,"84,761"
2317 鴻海,2024/5/22,156.178,160.4117,156.178,159.0005,"55,692"
2317 鴻海,2024/5/21,156.178,158.53,155.7076,156.178,"47,272"
2317 鴻海,2024/5/20,159.9413,160.4117,156.178,157.5892,"75,406"
2317 鴻海,2024/5/17,162.7638,162.7638,157.1188,159.9413,"89,280"
2317 鴻海,2024/5/16,164.6454,168.4088,160.4117,161.3525,"151,581"
2317 鴻海,2024/5/15,158.0596,163.7046,155.7076,160.4117,"156,608"
2317 鴻海,2024/5/14,159.9413,164.6454,158.0596,161.823,"125,671"
2317 鴻海,2024/5/13,160.8821,162.7638,159.0005,159.4709,"78,843"
2317 鴻海,2024/5/10,161.3525,161.823,157.1188,159.4709,"85,310"
2317 鴻海,2024/5/9,159.4709,164.6454,159.4709,160.4117,"114,983"
2317 鴻海,2024/5/8,158.53,161.3525,158.0596,159.4709,"78,084"
2317 鴻海,2024/5/7,159.4709,160.8821,156.6484,159.4709,"126,287"
2317 鴻海,2024/5/6,151.9442,158.53,151.4738,157.5892,"179,516"
2317 鴻海,2024/5/3,148.1809,149.5921,146.7697,146.7697,"68,197"
2317 鴻海,2024/5/2,144.4176,145.8288,143.0063,144.888,"67,513"
2317 鴻海,2024/4/30,150.0626,151.4738,146.7697,146.7697,"73,433"
2317 鴻海,2024/4/29,147.7105,151.4738,146.7697,149.1217,"99,096"
2317 鴻海,2024/4/26,147.2401,148.6513,144.888,145.8288,"100,344"
2317 鴻海,2024/4/25,143.9472,145.3584,142.0655,142.5359,"109,088"
2317 鴻海,2024/4/24,138.7726,147.7105,137.8318,146.7697,"193,442"
2317 鴻海,2024/4/23,136.8909,137.8318,135.0093,135.4797,"68,570"
2317 鴻海,2024/4/22,133.1276,136.8909,133.1276,134.5389,"71,622"
2317 鴻海,2024/4/19,137.3613,138.7726,131.7164,134.5389,"133,862"
2317 鴻海,2024/4/18,135.9501,139.7134,135.9501,139.243,"76,071"
2317 鴻海,2024/4/17,134.5389,138.7726,132.6572,137.8318,"105,843"
2317 鴻海,2024/4/16,134.0684,134.5389,129.3643,132.6572,"177,628"
2317 鴻海,2024/4/15,139.7134,141.1247,135.9501,137.3613,"113,282"
2317 鴻海,2024/4/12,142.0655,144.4176,139.7134,141.5951,"118,079"
2317 鴻海,2024/4/11,143.9472,144.4176,138.3022,141.1247,"174,128"
2317 鴻海,2024/4/10,149.5921,150.533,144.888,145.3584,"98,947"
2317 鴻海,2024/4/9,149.1217,151.9442,146.2992,148.6513,"102,584"
2317 鴻海,2024/4/8,149.5921,150.533,147.2401,148.6513,"109,070"
2317 鴻海,2024/4/3,146.7697,149.5921,145.8288,149.5921,"142,522"
2317 鴻海,2024/4/2,143.0063,150.0626,142.0655,149.5921,"180,494"
2317 鴻海,2024/4/1,142.0655,145.3584,141.1247,141.5951,"78,537"
2317 鴻海,2024/3/29,147.7105,148.1809,141.1247,141.1247,"154,117"
2317 鴻海,2024/3/28,141.5951,147.7105,141.1247,146.2992,"200,955"
2317 鴻海,2024/3/27,134.5389,141.1247,134.5389,139.7134,"147,441"
2317 鴻海,2024/3/26,137.3613,138.3022,130.7755,133.598,"183,134"
2317 鴻海,2024/3/25,138.3022,138.7726,134.5389,136.8909,"146,548"
2317 鴻海,2024/3/22,135.4797,139.7134,133.598,136.8909,"240,446"
2317 鴻海,2024/3/21,132.6572,136.4205,130.7755,134.0684,"185,853"
2317 鴻海,2024/3/20,128.4234,133.598,127.4826,129.8347,"206,917"
2317 鴻海,2024/3/19,125.1305,127.953,122.308,127.953,"173,862"
2317 鴻海,2024/3/18,125.1305,128.8939,123.7193,127.953,"241,783"
2317 鴻海,2024/3/15,120.4264,125.1305,119.4856,124.1897,"407,962"
2317 鴻海,2024/3/14,113.8406,114.311,110.0772,113.8406,"197,698"
2317 鴻海,2024/3/13,114.311,116.1926,111.0181,113.3702,"345,545"
2317 鴻海,2024/3/12,104.9027,111.9589,104.9027,111.9589,"351,300"
2317 鴻海,2024/3/11,98.7873,104.9027,98.7873,103.021,"140,871"
2317 鴻海,2024/3/8,101.1393,102.0802,98.3169,98.7873,"69,726"
2317 鴻海,2024/3/7,101.6098,102.0802,100.6689,101.1393,"48,017"
2317 鴻海,2024/3/6,99.7281,101.1393,99.2577,100.1985,"40,719"
2317 鴻海,2024/3/5,100.6689,102.0802,100.1985,100.1985,"75,946"
2317 鴻海,2024/3/4,96.4352,100.6689,96.4352,100.1985,"107,381"
2317 鴻海,2024/3/1,96.9056,97.376,95.9648,95.9648,"28,288"
2317 鴻海,2024/2/29,96.9056,97.376,96.9056,96.9056,"39,113"
2317 鴻海,2024/2/27,97.8464,98.3169,96.9056,97.376,"29,154"
2317 鴻海,2024/2/26,96.9056,97.8464,96.9056,97.376,"20,262"
2317 鴻海,2024/2/23,97.376,97.8464,96.9056,96.9056,"17,387"
2317 鴻海,2024/2/22,97.376,97.8464,96.9056,97.376,"20,473"
2317 鴻海,2024/2/21,97.376,97.8464,96.9056,96.9056,"18,655"
2317 鴻海,2024/2/20,97.376,98.3169,96.9056,97.376,"39,677"
2317 鴻海,2024/2/19,95.4944,96.9056,95.0239,96.9056,"25,690"
2317 鴻海,2024/2/16,95.0239,95.4944,94.5535,95.4944,"36,916"
2317 鴻海,2024/2/15,95.4944,95.9648,95.0239,95.0239,"28,273"
2317 鴻海,2024/2/5,95.4944,95.9648,95.0239,95.4944,"17,589"
2317 鴻海,2024/2/2,96.4352,96.9056,95.4944,95.9648,"17,360"
2317 鴻海,2024/2/1,96.4352,96.9056,95.9648,96.9056,"15,011"
2317 鴻海,2024/1/31,95.9648,96.4352,95.4944,96.4352,"18,670"
2317 鴻海,2024/1/30,96.4352,96.9056,95.9648,95.9648,"17,948"
2317 鴻海,2024/1/29,96.4352,96.9056,95.9648,96.4352,"16,486"
2317 鴻海,2024/1/26,95.9648,97.376,95.9648,96.4352,"26,269"
2317 鴻海,2024/1/25,95.0239,95.9648,94.5535,95.9648,"24,411"
2317 鴻海,2024/1/24,95.0239,95.4944,94.5535,94.5535,"13,279"
2317 鴻海,2024/1/23,94.0831,95.4944,93.989,95.0239,"19,081"
2317 鴻海,2024/1/22,94.5535,95.0239,93.989,93.989,"23,125"
2317 鴻海,2024/1/19,94.0831,95.0239,94.0831,94.5535,"16,535"
2317 鴻海,2024/1/18,93.1423,94.0831,93.0482,93.989,"18,285"
2317 鴻海,2024/1/17,93.8949,94.0831,92.6719,92.7659,"48,863"
2317 鴻海,2024/1/16,93.8949,94.5535,93.4245,94.0831,"26,322"
2317 鴻海,2024/1/15,95.0239,95.4944,94.0831,94.0831,"22,849"
2317 鴻海,2024/1/12,94.0831,95.4944,94.0831,94.5535,"29,378"
2317 鴻海,2024/1/11,94.0831,95.9648,93.8009,94.5535,"34,911"
2317 鴻海,2024/1/10,95.0239,95.4944,94.0831,94.0831,"23,473"
2317 鴻海,2024/1/9,95.9648,96.4352,95.0239,95.0239,"25,951"
2317 鴻海,2024/1/8,97.376,97.8464,95.4944,95.4944,"35,053"
2317 鴻海,2024/1/5,97.8464,98.3169,97.8464,97.8464,"13,458"
2317 鴻海,2024/1/4,98.3169,98.7873,97.8464,97.8464,"15,626"
2317 鴻海,2024/1/3,98.3169,98.7873,97.8464,98.3169,"19,284"
2317 鴻海,2024/1/2,98.3169,98.7873,97.8464,98.7873,"20,339"
2317 鴻海,2023/12/29,97.8464,98.7873,97.376,98.3169,"26,228"
2317 鴻海,2023/12/28,97.376,97.8464,96.9056,97.8464,"23,454"
2317 鴻海,2023/12/27,97.8464,97.8464,96.9056,97.376,"19,101"
2317 鴻海,2023/12/26,97.8464,97.8464,97.376,97.8464,"10,038"
2317 鴻海,2023/12/25,97.376,97.8464,96.9056,97.376,"11,452"
2317 鴻海,2023/12/22,97.376,97.8464,96.9056,97.376,"23,874"
2317 鴻海,2023/12/21,96.9056,97.376,96.4352,97.376,"34,981"
2317 鴻海,2023/12/20,96.4352,98.3169,96.4352,98.3169,"54,775"
2317 鴻海,2023/12/19,95.9648,96.4352,95.4944,96.4352,"32,970"
2317 鴻海,2023/12/18,95.4944,95.9648,95.0239,95.9648,"28,168"
2317 鴻海,2023/12/15,95.4944,95.9648,95.0239,95.4944,"41,228"
2317 鴻海,2023/12/14,95.4944,95.9648,95.0239,95.9648,"32,842"
2317 鴻海,2023/12/13,94.5535,95.4944,94.5535,95.0239,"15,245"
2317 鴻海,2023/12/12,95.0239,95.4944,94.5535,95.0239,"21,061"
2317 鴻海,2023/12/11,95.4944,95.9648,94.5535,95.0239,"25,693"
2317 鴻海,2023/12/8,95.0239,95.9648,95.0239,95.4944,"16,171"
2317 鴻海,2023/12/7,95.0239,95.4944,94.5535,95.0239,"14,143"
2317 鴻海,2023/12/6,95.4944,95.9648,95.0239,95.0239,"15,438"
2317 鴻海,2023/12/5,95.0239,95.9648,94.5535,95.0239,"22,028"
2317 鴻海,2023/12/4,95.0239,95.4944,94.5535,95.0239,"14,873"
2317 鴻海,2023/12/1,95.0239,95.4944,94.5535,94.5535,"27,879"
2317 鴻海,2023/11/30,95.9648,96.4352,95.0239,95.4944,"44,645"
2317 鴻海,2023/11/29,96.4352,96.9056,95.4944,95.9648,"34,373"
2317 鴻海,2023/11/28,95.9648,96.9056,95.9648,96.4352,"29,821"
2317 鴻海,2023/11/27,96.4352,96.9056,95.4944,95.4944,"24,041"
2317 鴻海,2023/11/24,95.9648,96.4352,95.0239,95.4944,"22,653"
2317 鴻海,2023/11/23,96.4352,96.9056,95.0239,95.4944,"24,125"
2317 鴻海,2023/11/22,96.9056,97.8464,95.9648,95.9648,"28,562"
2317 鴻海,2023/11/21,95.9648,96.4352,95.0239,96.4352,"37,190"
2317 鴻海,2023/11/20,96.4352,96.4352,95.0239,95.0239,"29,960"
2317 鴻海,2023/11/17,95.4944,97.376,95.0239,96.4352,"47,314"
2317 鴻海,2023/11/16,95.0239,95.4944,94.5535,95.0239,"31,965"
2317 鴻海,2023/11/15,94.5535,95.4944,93.8949,94.5535,"51,481"
2317 鴻海,2023/11/14,92.5778,95.0239,92.3896,94.0831,"47,364"
2317 鴻海,2023/11/13,92.0133,92.5778,91.731,91.9192,"18,461"
2317 鴻海,2023/11/10,92.1074,92.2015,91.2606,91.4488,"16,713"
2317 鴻海,2023/11/9,91.637,92.5778,91.5429,92.1074,"31,177"
2317 鴻海,2023/11/8,90.0375,91.637,90.0375,91.2606,"20,362"
2317 鴻海,2023/11/7,90.6961,91.0725,89.8494,90.4139,"28,714"
2317 鴻海,2023/11/6,90.508,91.9192,90.508,90.6961,"39,193"
2317 鴻海,2023/11/3,90.1316,90.508,89.5671,90.1316,"44,283"
2317 鴻海,2023/11/2,90.508,91.637,90.3198,91.2606,"25,319"
2317 鴻海,2023/11/1,90.6961,90.7902,89.9435,89.9435,"26,792"
2317 鴻海,2023/10/31,89.473,91.1665,89.473,90.7902,"63,987"
2317 鴻海,2023/10/30,92.4837,92.6719,88.4381,88.9085,"139,233"
2317 鴻海,2023/10/27,92.6719,93.0482,92.3896,92.3896,"33,549"
2317 鴻海,2023/10/26,92.4837,92.86,92.2015,92.6719,"42,562"
2317 鴻海,2023/10/25,92.4837,93.6127,92.4837,93.1423,"41,361"
2317 鴻海,2023/10/24,93.8949,93.8949,91.5429,92.4837,"113,705"
2317 鴻海,2023/10/23,95.9648,95.9648,94.0831,94.5535,"84,175"
2317 鴻海,2023/10/20,96.9056,98.3169,96.9056,97.376,"33,199"
2317 鴻海,2023/10/19,98.7873,99.2577,96.9056,97.376,"42,470"
2317 鴻海,2023/10/18,99.7281,100.1985,98.7873,99.2577,"28,734"
2317 鴻海,2023/10/17,101.1393,101.6098,100.1985,100.1985,"17,843"
2317 鴻海,2023/10/16,100.6689,101.1393,100.1985,100.6689,"17,539"
2317 鴻海,2023/10/13,100.6689,101.1393,99.7281,101.1393,"27,592"
2317 鴻海,2023/10/12,100.1985,100.6689,99.7281,100.6689,"30,018"
2317 鴻海,2023/10/11,100.1985,100.1985,99.2577,99.7281,"39,153"
2317 鴻海,2023/10/6,98.7873,99.7281,98.3169,99.2577,"28,202"
2317 鴻海,2023/10/5,96.9056,97.8464,96.9056,97.376,"16,777"
2317 鴻海,2023/10/4,96.9056,97.376,96.4352,96.9056,"27,864"
2317 鴻海,2023/10/3,97.8464,98.3169,97.376,97.8464,"17,720"
2317 鴻海,2023/10/2,97.8464,98.7873,97.8464,98.3169,"13,980"
2317 鴻海,2023/9/28,98.3169,98.3169,96.9056,97.8464,"24,489"
2317 鴻海,2023/9/27,97.8464,98.3169,97.376,97.8464,"16,571"
2317 鴻海,2023/9/26,98.7873,99.2577,97.8464,97.8464,"30,615"
2317 鴻海,2023/9/25,99.2577,99.7281,98.7873,99.2577,"16,714"
2317 鴻海,2023/9/22,98.7873,99.2577,98.7873,98.7873,"15,164"
2317 鴻海,2023/9/21,99.7281,100.1985,98.7873,98.7873,"22,481"
2317 鴻海,2023/9/20,100.1985,100.6689,99.7281,99.7281,"19,168"
2317 鴻海,2023/9/19,100.1985,101.1393,100.1985,100.1985,"13,864"
2317 鴻海,2023/9/18,99.7281,100.1985,99.2577,100.1985,"19,458"
2317 鴻海,2023/9/15,100.1985,100.6689,99.7281,99.7281,"35,796"
2317 鴻海,2023/9/14,100.1985,100.6689,99.7281,100.1985,"15,925"
2317 鴻海,2023/9/13,100.6689,101.1393,99.2577,99.7281,"18,447"
2317 鴻海,2023/9/12,99.7281,101.1393,99.2577,101.1393,"29,936"
2317 鴻海,2023/9/11,99.7281,99.7281,98.7873,98.7873,"17,970"
2317 鴻海,2023/9/8,99.2577,99.7281,98.7873,99.7281,"12,232"
2317 鴻海,2023/9/7,99.7281,99.7281,99.2577,99.2577,"14,703"
2317 鴻海,2023/9/6,100.1985,100.6689,99.7281,99.7281,"17,723"
2317 鴻海,2023/9/5,100.1985,100.6689,99.7281,100.6689,"13,947"
2317 鴻海,2023/9/4,101.1393,101.6098,99.2577,100.1985,"21,399"
2317 鴻海,2023/9/1,100.1985,101.1393,100.1985,101.1393,"14,106"
2317 鴻海,2023/8/31,99.7281,100.6689,99.2577,100.1985,"57,884"
2317 鴻海,2023/8/30,100.1985,100.6689,99.7281,99.7281,"20,861"
2317 鴻海,2023/8/29,101.6098,102.0802,98.7873,99.7281,"64,563"
2317 鴻海,2023/8/28,102.0802,102.5506,101.6098,101.6098,"16,852"
2317 鴻海,2023/8/25,102.0802,102.5506,101.6098,101.6098,"21,353"
2317 鴻海,2023/8/24,102.5506,103.9618,102.0802,103.021,"51,036"
2317 鴻海,2023/8/23,100.1985,101.1393,99.7281,100.1985,"16,581"
2317 鴻海,2023/8/22,100.1985,100.6689,99.7281,100.1985,"13,225"
2317 鴻海,2023/8/21,100.1985,100.6689,99.2577,99.7281,"10,884"
2317 鴻海,2023/8/18,100.1985,100.6689,99.2577,99.7281,"17,412"
2317 鴻海,2023/8/17,99.2577,100.6689,99.2577,100.1985,"24,753"
2317 鴻海,2023/8/16,100.1985,100.1985,98.7873,99.2577,"44,390"
2317 鴻海,2023/8/15,101.6098,102.5506,100.6689,100.6689,"64,762"
2317 鴻海,2023/8/14,103.021,103.9618,102.5506,103.4914,"30,169"
2317 鴻海,2023/8/11,103.4914,103.9618,102.0802,102.0802,"22,854"
2317 鴻海,2023/8/10,104.4323,104.4323,103.021,103.4914,"22,401"
2317 鴻海,2023/8/9,103.9618,104.9027,103.4914,103.9618,"20,468"
2317 鴻海,2023/8/8,103.9618,104.4323,103.021,103.9618,"29,311"
2317 鴻海,2023/8/7,105.3731,105.8435,103.021,103.021,"45,621"
2317 鴻海,2023/8/4,102.5506,104.4323,102.5506,104.4323,"40,122"
2317 鴻海,2023/8/2,103.4914,103.9618,101.6098,101.6098,"34,095"
2317 鴻海,2023/8/1,103.021,104.4323,102.5506,103.9618,"24,113"
2317 鴻海,2023/7/31,103.9618,104.4323,102.0802,102.0802,"30,730"
2317 鴻海,2023/7/28,103.9618,104.4323,103.021,103.021,"23,255"
2317 鴻海,2023/7/27,105.3731,106.3139,103.9618,103.9618,"32,278"
2317 鴻海,2023/7/26,105.3731,105.8435,104.4323,104.9027,"30,223"
2317 鴻海,2023/7/25,102.0802,105.3731,102.0802,105.3731,"61,862"
2317 鴻海,2023/7/24,101.6098,102.0802,100.6689,101.6098,"19,896"
2317 鴻海,2023/7/21,100.6689,102.0802,100.1985,101.1393,"25,278"
2317 鴻海,2023/7/20,102.5506,103.4914,101.1393,101.6098,"33,167"
2317 鴻海,2023/7/19,106.3139,106.7843,101.6098,102.0802,"54,967"
2317 鴻海,2023/7/18,103.9618,106.7843,103.4914,105.3731,"52,688"
2317 鴻海,2023/7/17,103.4914,104.4323,103.021,103.9618,"41,502"
2317 鴻海,2023/7/14,101.1393,103.021,100.1985,103.021,"43,454"
2317 鴻海,2023/7/13,102.0802,102.5506,100.6689,100.6689,"30,341"
2317 鴻海,2023/7/12,98.7873,101.1393,98.7873,101.1393,"37,780"
2317 鴻海,2023/7/11,98.7873,99.2577,98.3169,98.7873,"23,862"
2317 鴻海,2023/7/10,99.2577,99.7281,98.3169,98.3169,"25,044"
2317 鴻海,2023/7/7,98.7873,99.7281,98.3169,99.2577,"30,868"
2317 鴻海,2023/7/6,101.1393,101.1393,98.7873,99.2577,"70,071"
2317 鴻海,2023/7/5,103.4914,103.9618,101.1393,102.0802,"51,570"
2317 鴻海,2023/7/4,105.3731,105.8435,103.021,103.4914,"88,850"
2317 鴻海,2023/7/3,102.3117,103.2092,101.8629,103.2092,"88,011"
2317 鴻海,2023/6/30,101.4142,101.4142,99.6193,101.4142,"48,499"
2317 鴻海,2023/6/29,104.1066,104.1066,101.4142,101.4142,"39,965"
2317 鴻海,2023/6/28,102.7604,104.1066,102.7604,103.2092,"45,726"
2317 鴻海,2023/6/27,104.1066,104.5554,102.3117,102.3117,"67,357"
2317 鴻海,2023/6/26,101.8629,104.1066,101.4142,103.6579,"100,474"
2317 鴻海,2023/6/21,100.9655,101.4142,100.5167,101.4142,"34,892"
2317 鴻海,2023/6/20,101.4142,101.8629,100.068,100.9655,"30,784"
2317 鴻海,2023/6/19,100.068,101.4142,99.6193,100.9655,"25,243"
2317 鴻海,2023/6/16,100.068,100.9655,99.6193,99.6193,"47,565"
2317 鴻海,2023/6/15,100.9655,101.4142,99.6193,100.068,"35,696"
2317 鴻海,2023/6/14,100.9655,101.4142,100.068,100.9655,"36,488"
2317 鴻海,2023/6/13,99.6193,101.4142,99.6193,100.9655,"70,173"
2317 鴻海,2023/6/12,96.9269,100.5167,96.4781,99.1705,"98,652"
2317 鴻海,2023/6/9,96.4781,96.9269,96.0294,96.9269,"16,744"
2317 鴻海,2023/6/8,96.9269,96.9269,96.0294,96.0294,"17,392"
2317 鴻海,2023/6/7,96.4781,96.9269,96.0294,96.9269,"22,459"
2317 鴻海,2023/6/6,96.0294,96.4781,95.1319,96.0294,"36,383"
2317 鴻海,2023/6/5,97.3756,97.3756,96.0294,96.4781,"24,624"
2317 鴻海,2023/6/2,97.3756,97.8243,96.4781,96.9269,"53,924"
2317 鴻海,2023/6/1,95.5807,96.9269,95.1319,96.9269,"46,558"
2317 鴻海,2023/5/31,96.4781,96.4781,94.6832,95.5807,"59,443"
2317 鴻海,2023/5/30,95.5807,96.9269,95.1319,96.0294,"88,779"
2317 鴻海,2023/5/29,92.8882,95.1319,92.4395,94.6832,"79,007"
2317 鴻海,2023/5/26,91.9908,92.4395,91.542,91.9908,"36,602"
2317 鴻海,2023/5/25,91.9908,92.8882,91.9908,91.9908,"26,400"
2317 鴻海,2023/5/24,91.9908,92.4395,91.9908,92.4395,"16,034"
2317 鴻海,2023/5/23,92.4395,92.4395,91.9908,91.9908,"22,258"
2317 鴻海,2023/5/22,91.9908,92.4395,91.9908,92.4395,"18,170"
2317 鴻海,2023/5/19,92.4395,92.4395,91.542,92.4395,"33,713"
2317 鴻海,2023/5/18,92.4395,92.8882,91.9908,92.4395,"27,750"
2317 鴻海,2023/5/17,91.542,92.4395,91.542,91.9908,"38,916"
2317 鴻海,2023/5/16,91.9908,92.4395,91.542,91.542,"42,174"
2317 鴻海,2023/5/15,91.9908,92.4395,91.542,91.542,"28,337"
2317 鴻海,2023/5/12,92.8882,93.337,91.542,91.9908,"72,076"
2317 鴻海,2023/5/11,95.5807,96.0294,94.2344,94.2344,"21,870"
2317 鴻海,2023/5/10,95.5807,96.0294,95.1319,95.5807,"17,540"
2317 鴻海,2023/5/9,94.2344,96.0294,93.7857,95.5807,"40,822"
2317 鴻海,2023/5/8,94.6832,95.1319,94.2344,94.2344,"10,633"
2317 鴻海,2023/5/5,94.2344,94.6832,93.7857,94.2344,"12,635"
2317 鴻海,2023/5/4,94.6832,94.6832,94.2344,94.2344,"12,816"
2317 鴻海,2023/5/3,94.6832,95.1319,94.2344,94.6832,"27,017"
2317 鴻海,2023/5/2,93.7857,95.1319,93.337,95.1319,"50,296"
2317 鴻海,2023/4/28,93.337,93.7857,92.8882,93.7857,"19,643"
2317 鴻海,2023/4/27,92.8882,93.337,92.4395,92.8882,"16,743"
2317 鴻海,2023/4/26,92.4395,93.7857,92.4395,92.8882,"34,093"
2317 鴻海,2023/4/25,92.8882,93.337,92.4395,92.4395,"29,981"
2317 鴻海,2023/4/24,93.337,93.7857,92.8882,92.8882,"18,482"
2317 鴻海,2023/4/21,94.2344,94.6832,93.337,93.337,"33,085"
2317 鴻海,2023/4/20,92.8882,93.7857,92.8882,93.7857,"19,945"
2317 鴻海,2023/4/19,93.7857,93.7857,92.8882,93.337,"18,893"
2317 鴻海,2023/4/18,93.337,93.7857,92.8882,93.7857,"16,151"
2317 鴻海,2023/4/17,93.7857,93.7857,92.8882,93.337,"15,419"
2317 鴻海,2023/4/14,93.337,93.7857,92.4395,93.7857,"25,764"
2317 鴻海,2023/4/13,91.9908,92.8882,91.9908,92.4395,"23,559"
2317 鴻海,2023/4/12,92.8882,92.8882,91.9908,91.9908,"20,658"
2317 鴻海,2023/4/11,92.8882,93.337,92.4395,92.8882,"29,392"
2317 鴻海,2023/4/10,92.4395,93.337,92.4395,92.4395,"12,576"
2317 鴻海,2023/4/7,93.337,93.337,92.4395,92.4395,"11,913"
2317 鴻海,2023/4/6,93.7857,94.6832,92.4395,92.8882,"39,285"
2317 鴻海,2023/3/31,93.7857,94.2344,93.337,93.337,"18,383"
2317 鴻海,2023/3/30,93.337,93.7857,92.8882,93.7857,"23,644"
2317 鴻海,2023/3/29,92.4395,93.337,92.4395,92.8882,"21,518"
2317 鴻海,2023/3/28,93.337,93.337,92.4395,92.4395,"24,536"
2317 鴻海,2023/3/27,94.2344,94.6832,92.8882,92.8882,"33,360"
2317 鴻海,2023/3/24,93.7857,95.1319,93.337,94.6832,"70,639"
2317 鴻海,2023/3/23,92.4395,93.7857,92.4395,92.8882,"32,467"
2317 鴻海,2023/3/22,92.8882,93.7857,92.4395,92.8882,"22,619"
2317 鴻海,2023/3/21,92.4395,93.337,92.4395,92.8882,"21,169"
2317 鴻海,2023/3/20,92.8882,93.337,91.9908,91.9908,"21,491"
2317 鴻海,2023/3/17,92.4395,93.7857,91.9908,92.8882,"62,542"
2317 鴻海,2023/3/16,91.9908,92.4395,91.542,91.542,"27,823"
2317 鴻海,2023/3/15,91.9908,92.4395,91.542,91.9908,"21,152"
2317 鴻海,2023/3/14,91.542,91.9908,91.0933,91.542,"32,014"
2317 鴻海,2023/3/13,91.542,92.8882,91.0933,92.4395,"23,735"
2317 鴻海,2023/3/10,91.542,91.9908,91.0933,91.542,"28,023"
2317 鴻海,2023/3/9,93.337,93.7857,91.542,91.9908,"62,246"
2317 鴻海,2023/3/8,93.7857,94.2344,93.337,93.337,"31,871"
2317 鴻海,2023/3/7,92.8882,95.1319,92.8882,94.2344,"72,773"
2317 鴻海,2023/3/6,92.4395,93.337,91.9908,92.8882,"38,599"
2317 鴻海,2023/3/3,92.8882,93.337,91.9908,91.9908,"29,276"
2317 鴻海,2023/3/2,91.9908,92.4395,91.0933,91.9908,"27,936"
2317 鴻海,2023/3/1,89.7471,92.4395,89.7471,91.542,"48,149"
2317 鴻海,2023/2/24,92.4395,92.8882,90.6446,90.6446,"54,293"
2317 鴻海,2023/2/23,91.542,92.4395,91.542,92.4395,"20,893"
2317 鴻海,2023/2/22,91.542,91.9908,91.0933,91.542,"26,465"
2317 鴻海,2023/2/21,91.9908,92.4395,91.9908,91.9908,"13,906"
2317 鴻海,2023/2/20,92.8882,93.337,91.9908,92.4395,"22,229"
2317 鴻海,2023/2/17,92.4395,92.8882,91.9908,92.8882,"28,987"
2317 鴻海,2023/2/16,92.4395,92.8882,91.9908,92.8882,"39,872"
2317 鴻海,2023/2/15,91.542,91.9908,91.0933,91.9908,"38,436"
2317 鴻海,2023/2/14,91.0933,91.542,91.0933,91.542,"18,440"
2317 鴻海,2023/2/13,91.0933,91.542,90.6446,90.6446,"18,497"
2317 鴻海,2023/2/10,91.0933,91.542,90.1958,91.0933,"25,620"
2317 鴻海,2023/2/9,90.1958,91.0933,89.7471,90.6446,"29,347"
2317 鴻海,2023/2/8,90.1958,90.6446,90.1958,90.1958,"25,572"
2317 鴻海,2023/2/7,91.542,91.542,90.1958,90.1958,"31,412"
2317 鴻海,2023/2/6,90.1958,91.542,90.1958,91.0933,"50,479"
2317 鴻海,2023/2/3,89.7471,90.1958,89.2984,89.3881,"43,915"
2317 鴻海,2023/2/2,90.1958,90.6446,89.7471,89.7471,"51,715"
2317 鴻海,2023/2/1,90.1958,90.6446,89.5676,89.7471,"40,082"
2317 鴻海,2023/1/31,88.2214,90.6446,88.1316,89.4779,"82,451"
2317 鴻海,2023/1/30,89.3881,89.4779,87.9522,88.0419,"88,808"
2317 鴻海,2023/1/17,88.1316,88.4009,88.0419,88.0419,"28,810"
2317 鴻海,2023/1/16,88.4906,89.0291,88.0419,88.0419,"32,736"
2317 鴻海,2023/1/13,88.8496,89.2984,88.4906,88.4906,"18,652"
2317 鴻海,2023/1/12,88.9394,89.2984,88.4906,88.4906,"22,014"
2317 鴻海,2023/1/11,89.5676,89.5676,88.9394,88.9394,"22,096"
2317 鴻海,2023/1/10,89.2086,89.5676,88.9394,89.2086,"21,706"
2317 鴻海,2023/1/9,89.0291,89.3881,88.7599,88.9394,"34,166"
2317 鴻海,2023/1/6,88.2214,88.6701,88.2214,88.3111,"20,649"
2317 鴻海,2023/1/5,88.0419,88.7599,87.9522,87.9522,"37,046"
2317 鴻海,2023/1/4,87.9522,88.5804,87.9522,88.0419,"42,812"
2317 鴻海,2023/1/3,89.6573,89.6573,87.9522,88.9394,"47,341"
2317 鴻海,2022/12/30,89.7471,90.1958,89.5676,89.6573,"18,189"
2317 鴻海,2022/12/29,89.7471,89.7471,89.2984,89.4779,"38,383"
2317 鴻海,2022/12/28,90.1958,90.1958,89.7471,90.1958,"23,260"
2317 鴻海,2022/12/27,90.6446,91.0933,90.1958,90.1958,"8,915"
2317 鴻海,2022/12/26,91.0933,91.0933,90.1958,90.6446,"8,798"
2317 鴻海,2022/12/23,89.7471,90.6446,89.7471,90.6446,"15,490"
2317 鴻海,2022/12/22,90.6446,90.6446,90.1958,90.6446,"21,298"
2317 鴻海,2022/12/21,90.6446,90.6446,89.7471,89.7471,"28,064"
2317 鴻海,2022/12/20,90.6446,91.0933,89.7471,89.7471,"45,367"
2317 鴻海,2022/12/19,90.1958,91.542,90.1958,91.0933,"29,579"
2317 鴻海,2022/12/16,90.1958,91.0933,89.7471,90.1958,"72,581"
2317 鴻海,2022/12/15,91.0933,91.9908,91.0933,91.0933,"27,539"
2317 鴻海,2022/12/14,91.0933,91.9908,90.6446,91.9908,"24,772"
2317 鴻海,2022/12/13,91.542,91.9908,90.6446,90.6446,"34,807"
2317 鴻海,2022/12/12,91.542,91.542,90.6446,91.542,"19,498"
2317 鴻海,2022/12/9,91.9908,92.4395,91.542,91.542,"33,294"
2317 鴻海,2022/12/8,91.542,91.9908,91.0933,91.0933,"31,027"
2317 鴻海,2022/12/7,91.9908,93.337,91.542,91.542,"44,811"
2317 鴻海,2022/12/6,93.337,93.7857,91.9908,92.4395,"55,270"
2317 鴻海,2022/12/5,95.5807,96.0294,94.6832,94.6832,"46,083"
2317 鴻海,2022/12/2,92.4395,95.1319,92.4395,94.6832,"77,966"
2317 鴻海,2022/12/1,91.0933,92.4395,91.0933,92.4395,"68,347"
2317 鴻海,2022/11/30,90.1958,91.0933,89.7471,90.1958,"89,148"
2317 鴻海,2022/11/29,89.7471,90.1958,89.4779,89.7471,"34,334"
2317 鴻海,2022/11/28,90.1958,90.1958,89.3881,89.7471,"47,154"
2317 鴻海,2022/11/25,90.1958,90.6446,89.7471,90.1958,"35,032"
2317 鴻海,2022/11/24,90.1958,90.6446,89.7471,90.6446,"42,611"
2317 鴻海,2022/11/23,90.6446,91.0933,90.1958,90.1958,"32,079"
2317 鴻海,2022/11/22,89.7471,90.1958,89.7471,90.1958,"28,582"
2317 鴻海,2022/11/21,90.6446,91.0933,89.7471,89.7471,"30,472"
2317 鴻海,2022/11/18,91.0933,91.9908,90.1958,90.1958,"45,343"
2317 鴻海,2022/11/17,91.0933,91.542,90.6446,91.0933,"26,583"
2317 鴻海,2022/11/16,91.0933,91.9908,90.6446,91.0933,"46,862"
2317 鴻海,2022/11/15,91.0933,91.9908,90.6446,91.0933,"47,027"
2317 鴻海,2022/11/14,89.2984,91.0933,89.2984,91.0933,"67,217"
2317 鴻海,2022/11/11,91.0933,91.9908,89.7471,89.7471,"90,276"
2317 鴻海,2022/11/10,90.6446,91.0933,90.1958,90.1958,"39,874"
2317 鴻海,2022/11/9,89.7471,91.9908,89.7471,91.9908,"42,446"
2317 鴻海,2022/11/8,89.7471,90.1958,89.7471,89.7471,"30,439"
2317 鴻海,2022/11/7,90.1958,90.6446,89.5676,89.7471,"40,826"
2317 鴻海,2022/11/4,89.7471,90.6446,89.2984,90.1958,"49,148"
2317 鴻海,2022/11/3,90.6446,91.0933,90.1958,90.6446,"42,249"
2317 鴻海,2022/11/2,91.0933,91.542,90.6446,91.542,"35,124"
2317 鴻海,2022/11/1,91.0933,91.542,90.1958,91.0933,"52,125"
2317 鴻海,2022/10/31,91.0933,92.4395,91.0933,91.9908,"53,476"
2317 鴻海,2022/10/28,93.7857,93.7857,92.4395,93.337,"22,278"
2317 鴻海,2022/10/27,94.2344,94.2344,93.337,93.337,"31,344"
2317 鴻海,2022/10/26,93.337,93.7857,92.4395,93.337,"28,329"
2317 鴻海,2022/10/25,92.4395,92.8882,91.0933,92.8882,"38,858"
2317 鴻海,2022/10/24,93.7857,93.7857,91.9908,92.4395,"29,141"
2317 鴻海,2022/10/21,91.9908,92.8882,91.542,92.8882,"24,536"
2317 鴻海,2022/10/20,92.4395,92.8882,90.6446,91.9908,"58,306"
2317 鴻海,2022/10/19,93.337,94.2344,92.4395,92.4395,"54,152"
2317 鴻海,2022/10/18,94.6832,95.1319,92.4395,92.8882,"39,455"
2317 鴻海,2022/10/17,93.337,94.6832,93.337,94.2344,"28,401"
2317 鴻海,2022/10/14,93.7857,94.6832,93.7857,94.2344,"25,127"
2317 鴻海,2022/10/13,92.8882,93.7857,91.9908,92.8882,"32,316"
2317 鴻海,2022/10/12,93.337,93.7857,91.9908,92.4395,"39,428"
2317 鴻海,2022/10/11,94.2344,94.6832,93.337,93.337,"37,777"
2317 鴻海,2022/10/7,96.0294,96.9269,95.5807,96.4781,"22,004"
2317 鴻海,2022/10/6,96.9269,97.3756,95.5807,96.4781,"28,164"
2317 鴻海,2022/10/5,94.6832,96.4781,94.2344,96.0294,"52,597"
2317 鴻海,2022/10/4,91.9908,92.4395,91.542,91.9908,"17,338"
2317 鴻海,2022/10/3,90.6446,91.542,90.1958,90.6446,"21,183"
2317 鴻海,2022/9/30,89.7471,91.542,89.7471,91.542,"28,211"
2317 鴻海,2022/9/29,91.0933,91.9908,90.6446,91.0933,"40,492"
2317 鴻海,2022/9/28,92.8882,93.337,90.1958,90.1958,"49,671"
2317 鴻海,2022/9/27,93.337,93.7857,92.4395,92.8882,"21,421"
2317 鴻海,2022/9/26,94.6832,95.1319,92.8882,93.337,"41,225"
2317 鴻海,2022/9/23,96.0294,96.4781,95.1319,95.5807,"16,305"
2317 鴻海,2022/9/22,95.5807,96.4781,95.1319,96.0294,"24,170"
2317 鴻海,2022/9/21,97.3756,97.3756,95.5807,96.0294,"25,899"
2317 鴻海,2022/9/20,96.4781,97.3756,96.0294,97.3756,"26,209"
2317 鴻海,2022/9/19,96.4781,96.9269,95.5807,96.0294,"17,257"
2317 鴻海,2022/9/16,96.4781,96.9269,96.0294,96.4781,"37,358"
2317 鴻海,2022/9/15,96.4781,97.3756,96.4781,96.9269,"17,777"
2317 鴻海,2022/9/14,96.4781,97.3756,96.0294,96.4781,"26,601"
2317 鴻海,2022/9/13,97.8243,99.1705,97.3756,98.7218,"32,868"
2317 鴻海,2022/9/12,97.3756,97.8243,96.4781,97.3756,"18,494"
2317 鴻海,2022/9/8,96.0294,96.0294,95.1319,96.0294,"15,510"
2317 鴻海,2022/9/7,96.4781,96.9269,95.1319,95.1319,"32,007"
2317 鴻海,2022/9/6,97.3756,97.3756,96.4781,97.3756,"16,470"
2317 鴻海,2022/9/5,96.9269,97.3756,96.4781,96.9269,"23,510"
2317 鴻海,2022/9/2,96.9269,96.9269,96.0294,96.4781,"17,178"
2317 鴻海,2022/9/1,96.9269,97.3756,96.0294,96.4781,"37,780"
2317 鴻海,2022/8/31,96.9269,98.2731,96.4781,97.8243,"29,733"
2317 鴻海,2022/8/30,97.3756,97.8243,96.9269,97.3756,"21,904"
2317 鴻海,2022/8/29,97.3756,97.8243,96.9269,96.9269,"27,166"
2317 鴻海,2022/8/26,98.7218,99.1705,98.2731,99.1705,"17,147"
2317 鴻海,2022/8/25,98.2731,99.1705,98.2731,98.2731,"14,187"
2317 鴻海,2022/8/24,99.1705,99.6193,97.8243,98.2731,"24,754"
2317 鴻海,2022/8/23,98.7218,99.1705,98.2731,98.7218,"18,158"
2317 鴻海,2022/8/22,99.1705,99.6193,98.7218,99.6193,"16,613"
2317 鴻海,2022/8/19,100.068,100.5167,99.6193,99.6193,"17,707"
2317 鴻海,2022/8/18,100.9655,100.9655,99.6193,100.5167,"26,002"
2317 鴻海,2022/8/17,99.6193,100.9655,99.6193,100.9655,"33,849"
2317 鴻海,2022/8/16,100.5167,100.5167,99.1705,99.6193,"28,989"
2317 鴻海,2022/8/15,101.4142,101.4142,100.068,100.5167,"29,468"
2317 鴻海,2022/8/12,101.4142,102.3117,100.5167,100.9655,"48,654"
2317 鴻海,2022/8/11,100.068,101.4142,99.1705,101.4142,"62,481"
2317 鴻海,2022/8/10,97.8243,99.6193,96.9269,98.7218,"56,629"
2317 鴻海,2022/8/9,96.9269,97.8243,96.0294,97.8243,"25,851"
2317 鴻海,2022/8/8,96.0294,96.9269,95.5807,96.9269,"23,526"
2317 鴻海,2022/8/5,97.3756,97.8243,96.9269,96.9269,"25,350"
2317 鴻海,2022/8/4,96.9269,97.3756,95.5807,96.9269,"40,577"
2317 鴻海,2022/8/3,96.4781,97.3756,96.0294,97.3756,"31,052"
2317 鴻海,2022/8/2,96.9269,96.9269,95.5807,96.9269,"40,743"
2317 鴻海,2022/8/1,97.3756,97.8243,96.9269,97.8243,"14,996"
2317 鴻海,2022/7/29,97.8243,98.2731,97.3756,97.8243,"21,951"
2317 鴻海,2022/7/28,97.8243,97.8243,96.9269,97.3756,"21,932"
2317 鴻海,2022/7/27,97.3756,98.2731,96.4781,96.9269,"30,876"
2317 鴻海,2022/7/26,96.9269,97.3756,96.0294,96.9269,"23,277"
2317 鴻海,2022/7/25,95.1319,96.9269,94.6832,96.4781,"41,471"
2317 鴻海,2022/7/22,94.6832,95.5807,94.2344,95.1319,"29,400"
2317 鴻海,2022/7/21,93.337,94.6832,92.8882,94.6832,"24,149"
2317 鴻海,2022/7/20,93.337,94.2344,92.4395,92.8882,"35,585"
2317 鴻海,2022/7/19,93.7857,94.2344,92.8882,93.337,"20,535"
2317 鴻海,2022/7/18,94.2344,94.6832,93.337,94.2344,"17,083"
2317 鴻海,2022/7/15,94.2344,95.1319,93.7857,94.2344,"25,505"
2317 鴻海,2022/7/14,91.9908,95.1319,91.9908,94.2344,"46,239"
2317 鴻海,2022/7/13,92.4395,92.8882,91.9908,91.9908,"32,354"
2317 鴻海,2022/7/12,89.7471,90.6446,89.4779,90.1958,"26,222"
2317 鴻海,2022/7/11,91.542,91.542,90.1958,90.6446,"18,971"
2317 鴻海,2022/7/8,92.8882,93.337,91.0933,91.542,"35,186"
2317 鴻海,2022/7/7,90.6446,92.8882,90.1958,92.8882,"41,084"
2317 鴻海,2022/7/6,92.4395,92.8882,90.1958,90.1958,"45,875"
2317 鴻海,2022/7/5,91.542,92.4395,90.6446,91.9908,"45,713"
2317 鴻海,2022/7/4,90.1958,91.542,89.2984,89.7471,"70,995"
2317 鴻海,2022/7/1,92.5986,93.0254,90.0383,90.465,"63,133"
2317 鴻海,2022/6/30,94.3055,94.7323,93.0254,93.0254,"45,967"
2317 鴻海,2022/6/29,95.159,96.0124,94.3055,94.7323,"35,640"
2317 鴻海,2022/6/28,95.159,95.5857,93.8788,95.5857,"28,867"
2317 鴻海,2022/6/27,94.7323,95.5857,94.7323,94.7323,"26,037"
2317 鴻海,2022/6/24,93.0254,94.3055,92.5986,93.8788,"29,649"
2317 鴻海,2022/6/23,94.3055,94.3055,91.7452,92.1719,"46,046"
2317 鴻海,2022/6/22,95.159,95.159,93.4521,93.4521,"31,484"
2317 鴻海,2022/6/21,94.3055,96.0124,94.3055,95.5857,"38,779"
2317 鴻海,2022/6/20,93.8788,94.3055,92.5986,93.0254,"33,567"
2317 鴻海,2022/6/17,93.8788,94.7323,93.4521,93.4521,"51,770"
2317 鴻海,2022/6/16,96.8659,96.8659,94.3055,95.159,"31,674"
2317 鴻海,2022/6/15,96.0124,96.0124,95.159,95.5857,"25,173"
2317 鴻海,2022/6/14,93.8788,96.0124,93.8788,95.159,"32,230"
2317 鴻海,2022/6/13,96.0124,96.0124,94.7323,95.159,"45,720"
2317 鴻海,2022/6/10,98.146,98.146,97.2926,97.2926,"24,455"
2317 鴻海,2022/6/9,97.2926,98.5728,96.8659,98.5728,"29,946"
2317 鴻海,2022/6/8,97.7193,98.146,96.8659,97.2926,"18,702"
2317 鴻海,2022/6/7,98.146,98.5728,96.8659,96.8659,"37,928"
2317 鴻海,2022/6/6,98.146,98.9995,97.2926,98.5728,"36,024"
2317 鴻海,2022/6/2,97.7193,98.9995,96.8659,97.2926,"40,493"
2317 鴻海,2022/6/1,96.0124,98.9995,95.5857,97.7193,"74,240"
2317 鴻海,2022/5/31,94.7323,96.4391,93.8788,96.4391,"98,246"
2317 鴻海,2022/5/30,94.3055,94.7323,93.0254,94.3055,"44,021"
2317 鴻海,2022/5/27,93.8788,94.7323,93.4521,93.8788,"52,655"
2317 鴻海,2022/5/26,93.8788,94.3055,92.5986,93.0254,"40,239"
2317 鴻海,2022/5/25,92.5986,93.8788,92.1719,93.4521,"77,602"
2317 鴻海,2022/5/24,92.1719,93.0254,92.1719,92.1719,"37,409"
2317 鴻海,2022/5/23,92.1719,93.0254,91.3185,92.1719,"34,504"
2317 鴻海,2022/5/20,91.7452,93.0254,91.3185,91.3185,"46,344"
2317 鴻海,2022/5/19,90.0383,91.7452,89.6116,91.7452,"38,150"
2317 鴻海,2022/5/18,90.0383,91.3185,89.6116,91.3185,"56,423"
2317 鴻海,2022/5/17,89.1849,89.6116,88.7582,89.6116,"28,505"
2317 鴻海,2022/5/16,88.7582,89.1849,88.3314,89.1849,"25,235"
2317 鴻海,2022/5/13,88.7582,88.7582,87.9047,88.7582,"19,748"
2317 鴻海,2022/5/12,87.9047,87.9047,87.0513,87.0513,"22,335"
2317 鴻海,2022/5/11,88.3314,88.7582,87.9047,87.9047,"19,699"
2317 鴻海,2022/5/10,87.9047,88.7582,87.478,88.7582,"17,928"
2317 鴻海,2022/5/9,88.3314,88.7582,87.9047,88.7582,"26,841"
2317 鴻海,2022/5/6,88.3314,88.7582,87.478,88.7582,"27,888"
2317 鴻海,2022/5/5,89.6116,90.0383,88.7582,89.1849,"44,182"
2317 鴻海,2022/5/4,88.3314,89.1849,87.9047,88.7582,"31,111"
2317 鴻海,2022/5/3,87.0513,87.9047,86.6245,87.478,"17,632"
2317 鴻海,2022/4/29,86.6245,87.0513,86.6245,87.0513,"16,075"
2317 鴻海,2022/4/28,85.3444,86.6245,85.3444,86.6245,"29,238"
2317 鴻海,2022/4/27,85.259,85.7711,85.0883,85.3444,"30,138"
2317 鴻海,2022/4/26,86.1978,86.6245,85.7711,86.1978,"21,726"
2317 鴻海,2022/4/25,87.478,87.478,85.7711,85.7711,"41,906"
2317 鴻海,2022/4/22,87.478,88.3314,87.0513,88.3314,"16,673"
2317 鴻海,2022/4/21,88.3314,88.7582,87.9047,87.9047,"18,417"
2317 鴻海,2022/4/20,87.478,87.9047,87.0513,87.9047,"19,662"
2317 鴻海,2022/4/19,87.9047,88.3314,87.0513,87.0513,"17,733"
2317 鴻海,2022/4/18,87.0513,87.9047,87.0513,87.478,"11,467"
2317 鴻海,2022/4/15,88.3314,88.7582,87.9047,87.9047,"11,788"
2317 鴻海,2022/4/14,88.7582,89.1849,88.3314,88.7582,"8,950"
2317 鴻海,2022/4/13,87.9047,89.1849,87.478,88.7582,"15,917"
2317 鴻海,2022/4/12,87.0513,87.9047,86.6245,87.0513,"17,944"
2317 鴻海,2022/4/11,87.9047,88.3314,86.6245,87.0513,"29,147"
2317 鴻海,2022/4/8,87.9047,88.3314,87.478,87.9047,"25,228"
2317 鴻海,2022/4/7,89.1849,89.6116,87.9047,87.9047,"37,755"
2317 鴻海,2022/4/6,89.1849,89.6116,88.7582,89.6116,"31,406"
2317 鴻海,2022/4/1,89.6116,90.0383,89.1849,89.1849,"23,640"
2317 鴻海,2022/3/31,90.465,90.8918,90.0383,90.465,"21,500"
2317 鴻海,2022/3/30,90.465,90.465,89.6116,90.0383,"21,868"
2317 鴻海,2022/3/29,90.465,90.8918,89.1849,90.0383,"17,591"
2317 鴻海,2022/3/28,90.0383,90.8918,89.1849,90.465,"19,925"
2317 鴻海,2022/3/25,90.8918,91.3185,90.465,90.465,"21,198"
2317 鴻海,2022/3/24,89.6116,92.1719,89.1849,90.8918,"50,697"
2317 鴻海,2022/3/23,89.1849,90.0383,88.7582,90.0383,"20,090"
2317 鴻海,2022/3/22,88.7582,89.1849,88.3314,88.7582,"21,111"
2317 鴻海,2022/3/21,90.465,90.8918,89.1849,89.1849,"21,258"
2317 鴻海,2022/3/18,89.6116,90.465,88.3314,90.465,"82,471"
2317 鴻海,2022/3/17,88.3314,89.1849,87.9047,88.7582,"43,672"
2317 鴻海,2022/3/16,86.6245,87.478,85.3444,86.6245,"36,150"
2317 鴻海,2022/3/15,87.0513,87.9047,86.1978,86.1978,"31,444"
2317 鴻海,2022/3/14,87.9047,88.7582,87.478,87.478,"26,933"
2317 鴻海,2022/3/11,87.9047,88.7582,87.478,88.3314,"24,223"
2317 鴻海,2022/3/10,87.9047,88.7582,87.478,87.9047,"29,400"
2317 鴻海,2022/3/9,87.0513,87.478,86.6245,86.6245,"29,548"
2317 鴻海,2022/3/8,86.6245,87.478,85.3444,86.6245,"61,133"
2317 鴻海,2022/3/7,88.7582,88.7582,87.478,87.478,"45,910"
2317 鴻海,2022/3/4,88.7582,89.6116,88.3314,89.6116,"18,504"
2317 鴻海,2022/3/3,89.6116,90.0383,89.1849,89.1849,"13,875"
2317 鴻海,2022/3/2,88.7582,89.6116,88.7582,89.1849,"13,856"
2317 鴻海,2022/3/1,88.7582,90.0383,88.3314,89.1849,"30,997"
2317 鴻海,2022/2/25,87.9047,88.3314,87.478,87.9047,"29,911"
2317 鴻海,2022/2/24,88.7582,89.1849,87.478,87.478,"47,746"
2317 鴻海,2022/2/23,89.1849,90.0383,89.1849,89.6116,"14,607"
2317 鴻海,2022/2/22,89.6116,90.0383,88.7582,89.1849,"26,135"
2317 鴻海,2022/2/21,89.6116,91.3185,89.1849,90.465,"23,535"
2317 鴻海,2022/2/18,89.6116,90.465,89.6116,90.0383,"11,375"
2317 鴻海,2022/2/17,90.465,90.8918,89.6116,90.465,"25,548"
2317 鴻海,2022/2/16,89.6116,90.465,89.1849,90.0383,"13,503"
2317 鴻海,2022/2/15,88.7582,89.6116,88.7582,88.7582,"13,542"
2317 鴻海,2022/2/14,89.6116,89.6116,88.3314,88.7582,"22,517"
2317 鴻海,2022/2/11,90.0383,90.465,89.1849,90.465,"16,707"
2317 鴻海,2022/2/10,90.8918,91.3185,90.0383,90.8918,"20,202"
2317 鴻海,2022/2/9,90.465,90.8918,90.0383,90.8918,"23,653"
2317 鴻海,2022/2/8,88.7582,90.465,87.9047,90.0383,"43,806"
2317 鴻海,2022/2/7,87.478,89.1849,87.478,87.9047,"34,222"
2317 鴻海,2022/1/26,87.9047,88.3314,87.0513,87.0513,"33,435"
2317 鴻海,2022/1/25,87.9047,88.3314,87.0513,87.9047,"29,251"
2317 鴻海,2022/1/24,87.9047,89.1849,87.478,87.9047,"42,011"
2317 鴻海,2022/1/21,87.478,87.9047,87.0513,87.0513,"34,317"
2317 鴻海,2022/1/20,88.3314,88.7582,87.9047,87.9047,"29,541"
2317 鴻海,2022/1/19,88.3314,89.1849,87.9047,88.3314,"24,064"
2317 鴻海,2022/1/18,89.1849,89.1849,88.3314,88.3314,"14,894"
2317 鴻海,2022/1/17,88.3314,89.1849,88.3314,88.3314,"16,235"
2317 鴻海,2022/1/14,89.6116,90.0383,87.9047,88.3314,"39,061"
2317 鴻海,2022/1/13,89.6116,90.0383,89.1849,90.0383,"19,714"
2317 鴻海,2022/1/12,89.6116,90.0383,88.7582,89.1849,"18,941"
2317 鴻海,2022/1/11,89.1849,89.6116,88.7582,89.1849,"26,266"
2317 鴻海,2022/1/10,90.465,90.8918,88.7582,89.1849,"34,836"
2317 鴻海,2022/1/7,92.1719,92.5986,90.465,90.8918,"39,268"
2317 鴻海,2022/1/6,92.1719,92.5986,90.465,91.3185,"49,399"
2317 鴻海,2022/1/5,88.7582,94.7323,88.3314,93.0254,"142,927"
2317 鴻海,2022/1/4,88.7582,88.7582,87.9047,88.3314,"18,460"
2317 鴻海,2022/1/3,89.1849,89.6116,87.9047,87.9047,"22,163"
2317 鴻海,2021/12/30,89.1849,89.6116,88.7582,88.7582,"17,090"
2317 鴻海,2021/12/29,89.6116,90.0383,89.1849,89.6116,"13,450"
2317 鴻海,2021/12/28,89.1849,90.0383,89.1849,90.0383,"15,627"
2317 鴻海,2021/12/27,89.1849,89.6116,88.7582,89.1849,"8,907"
2317 鴻海,2021/12/24,89.1849,89.6116,88.7582,88.7582,"11,661"
2317 鴻海,2021/12/23,88.7582,89.1849,88.3314,88.7582,"13,909"
2317 鴻海,2021/12/22,89.1849,89.1849,88.3314,88.3314,"11,876"
2317 鴻海,2021/12/21,88.3314,89.1849,87.9047,89.1849,"13,505"
2317 鴻海,2021/12/20,88.3314,88.7582,87.9047,87.9047,"18,272"
2317 鴻海,2021/12/17,88.3314,88.7582,87.9047,88.3314,"39,330"
2317 鴻海,2021/12/16,90.0383,90.465,88.3314,88.3314,"37,191"
2317 鴻海,2021/12/15,88.7582,89.6116,88.3314,89.6116,"23,023"
2317 鴻海,2021/12/14,89.1849,90.0383,88.7582,89.1849,"22,146"
2317 鴻海,2021/12/13,89.6116,90.465,89.1849,89.1849,"17,647"
2317 鴻海,2021/12/10,90.0383,90.465,89.1849,89.6116,"20,489"
2317 鴻海,2021/12/9,89.6116,90.465,89.6116,90.465,"15,133"
2317 鴻海,2021/12/8,90.8918,91.3185,89.6116,89.6116,"36,805"
2317 鴻海,2021/12/7,90.465,91.7452,89.6116,90.465,"25,348"
2317 鴻海,2021/12/6,90.0383,91.3185,89.6116,90.8918,"22,958"
2317 鴻海,2021/12/3,90.0383,90.465,89.6116,89.6116,"18,384"
2317 鴻海,2021/12/2,89.6116,91.3185,89.6116,89.6116,"27,492"
2317 鴻海,2021/12/1,88.3314,90.465,88.3314,90.0383,"22,533"
2317 鴻海,2021/11/30,88.7582,90.0383,87.9047,88.3314,"50,063"
2317 鴻海,2021/11/29,87.9047,90.0383,87.478,88.3314,"28,063"
2317 鴻海,2021/11/26,89.6116,89.6116,88.3314,88.3314,"24,721"
2317 鴻海,2021/11/25,90.8918,90.8918,89.6116,89.6116,"17,940"
2317 鴻海,2021/11/24,90.465,90.8918,89.1849,90.0383,"30,255"
2317 鴻海,2021/11/23,90.8918,91.3185,90.465,90.465,"22,502"
2317 鴻海,2021/11/22,91.3185,91.7452,90.8918,90.8918,"17,929"
2317 鴻海,2021/11/19,91.7452,92.1719,90.8918,90.8918,"20,981"
2317 鴻海,2021/11/18,91.3185,91.7452,90.8918,91.3185,"30,585"
2317 鴻海,2021/11/17,92.5986,92.5986,90.8918,91.3185,"34,385"
2317 鴻海,2021/11/16,92.5986,93.0254,92.1719,92.1719,"16,174"
2317 鴻海,2021/11/15,93.0254,93.8788,92.1719,92.1719,"25,873"
2317 鴻海,2021/11/12,92.5986,93.4521,92.1719,93.0254,"26,736"
2317 鴻海,2021/11/11,92.5986,93.0254,91.7452,91.7452,"18,767"
2317 鴻海,2021/11/10,92.1719,93.4521,91.7452,93.0254,"22,997"
2317 鴻海,2021/11/9,91.7452,92.1719,91.3185,92.1719,"23,994"
2317 鴻海,2021/11/8,91.7452,92.1719,91.3185,91.7452,"20,910"
2317 鴻海,2021/11/5,92.1719,93.0254,91.7452,93.0254,"17,741"
2317 鴻海,2021/11/4,92.5986,92.5986,91.7452,92.1719,"11,377"
2317 鴻海,2021/11/3,91.7452,92.5986,91.7452,91.7452,"12,336"
2317 鴻海,2021/11/2,91.3185,92.5986,91.3185,91.7452,"21,351"
2317 鴻海,2021/11/1,92.1719,92.1719,90.8918,90.8918,"18,216"
2317 鴻海,2021/10/29,92.5986,92.5986,91.3185,91.3185,"20,791"
2317 鴻海,2021/10/28,92.1719,93.0254,91.7452,92.5986,"14,245"
2317 鴻海,2021/10/27,93.0254,93.0254,91.7452,92.1719,"15,933"
2317 鴻海,2021/10/26,92.5986,93.4521,92.1719,93.0254,"18,109"
2317 鴻海,2021/10/25,91.7452,93.0254,91.3185,92.1719,"21,266"
2317 鴻海,2021/10/22,92.1719,92.5986,91.3185,91.7452,"14,751"
2317 鴻海,2021/10/21,92.1719,92.5986,91.3185,92.1719,"30,590"
2317 鴻海,2021/10/20,91.7452,92.5986,90.8918,91.7452,"29,508"
2317 鴻海,2021/10/19,92.5986,93.0254,90.8918,91.3185,"26,479"
2317 鴻海,2021/10/18,94.3055,94.7323,91.3185,91.7452,"42,330"
2317 鴻海,2021/10/15,92.1719,93.8788,91.7452,93.4521,"49,336"
2317 鴻海,2021/10/14,91.3185,91.7452,90.8918,90.8918,"17,764"
2317 鴻海,2021/10/13,90.465,90.8918,89.1849,90.0383,"18,802"
2317 鴻海,2021/10/12,90.8918,91.3185,89.1849,89.6116,"38,777"
2317 鴻海,2021/10/8,91.7452,92.1719,90.8918,92.1719,"27,568"
2317 鴻海,2021/10/7,89.1849,91.3185,88.7582,91.3185,"38,383"
2317 鴻海,2021/10/6,88.3314,89.1849,87.9047,87.9047,"40,294"
2317 鴻海,2021/10/5,87.0513,87.478,86.1978,86.6245,"43,345"
2317 鴻海,2021/10/4,89.1849,89.6116,87.478,87.9047,"25,434"
2317 鴻海,2021/10/1,89.1849,89.6116,87.9047,87.9047,"36,074"
2317 鴻海,2021/9/30,89.6116,90.465,88.7582,89.6116,"24,317"
2317 鴻海,2021/9/29,89.6116,90.0383,89.1849,89.6116,"32,798"
2317 鴻海,2021/9/28,91.3185,91.7452,90.465,90.8918,"22,319"
2317 鴻海,2021/9/27,91.3185,92.5986,91.3185,91.7452,"13,936"
2317 鴻海,2021/9/24,91.7452,92.1719,91.3185,91.7452,"15,366"
2317 鴻海,2021/9/23,91.3185,92.1719,90.465,90.8918,"18,991"
2317 鴻海,2021/9/22,90.8918,91.7452,90.465,91.3185,"38,855"
2317 鴻海,2021/9/17,91.7452,93.4521,91.3185,92.5986,"46,682"
2317 鴻海,2021/9/16,92.5986,93.4521,91.7452,91.7452,"23,004"
2317 鴻海,2021/9/15,92.1719,94.3055,91.7452,92.5986,"64,013"
2317 鴻海,2021/9/14,91.7452,92.1719,90.8918,91.7452,"19,260"
2317 鴻海,2021/9/13,91.7452,92.1719,90.8918,90.8918,"15,455"
2317 鴻海,2021/9/10,91.3185,92.5986,91.3185,92.1719,"13,324"
2317 鴻海,2021/9/9,90.8918,91.7452,90.465,91.3185,"20,446"
2317 鴻海,2021/9/8,92.5986,93.4521,91.3185,91.7452,"28,705"
2317 鴻海,2021/9/7,93.4521,93.8788,92.1719,92.5986,"23,359"
2317 鴻海,2021/9/6,96.0124,96.4391,94.3055,94.7323,"18,445"
2317 鴻海,2021/9/3,95.5857,96.4391,95.159,96.0124,"24,501"
2317 鴻海,2021/9/2,94.7323,96.4391,94.3055,95.159,"29,727"
2317 鴻海,2021/9/1,94.7323,95.5857,93.8788,94.7323,"22,374"
2317 鴻海,2021/8/31,92.5986,94.7323,92.1719,94.7323,"30,641"
2317 鴻海,2021/8/30,92.5986,93.0254,91.7452,93.0254,"14,000"
2317 鴻海,2021/8/27,91.7452,92.5986,90.8918,92.1719,"13,875"
2317 鴻海,2021/8/26,92.5986,93.0254,91.3185,91.7452,"13,135"
2317 鴻海,2021/8/25,93.0254,93.0254,91.7452,92.5986,"14,477"
2317 鴻海,2021/8/24,92.5986,93.0254,91.7452,93.0254,"18,000"
2317 鴻海,2021/8/23,90.0383,92.1719,90.0383,91.7452,"24,065"
2317 鴻海,2021/8/20,88.7582,90.465,87.0513,89.1849,"30,552"
2317 鴻海,2021/8/19,90.465,90.465,87.478,87.9047,"52,199"
2317 鴻海,2021/8/18,90.0383,91.7452,89.1849,91.3185,"36,974"
2317 鴻海,2021/8/17,91.7452,92.1719,90.465,90.8918,"26,076"
2317 鴻海,2021/8/16,92.5986,93.0254,90.8918,91.7452,"35,027"
2317 鴻海,2021/8/13,93.4521,93.8788,92.1719,93.0254,"46,681"
2317 鴻海,2021/8/12,93.0254,93.4521,92.1719,93.0254,"18,592"
2317 鴻海,2021/8/11,91.3185,93.0254,90.465,93.0254,"49,868"
2317 鴻海,2021/8/10,95.159,95.5857,92.5986,92.5986,"43,432"
2317 鴻海,2021/8/9,95.5857,96.0124,94.7323,95.5857,"23,280"
2317 鴻海,2021/8/6,95.159,96.4391,94.7323,96.0124,"41,391"
2317 鴻海,2021/8/5,94.7323,95.5857,94.7323,95.5857,"20,014"
2317 鴻海,2021/8/4,95.5857,96.0124,94.7323,95.5857,"21,287"
2317 鴻海,2021/8/3,96.0124,96.4391,94.3055,95.159,"24,697"
2317 鴻海,2021/8/2,94.7323,96.4391,93.8788,96.4391,"24,500"
2317 鴻海,2021/7/30,93.8788,95.159,93.4521,93.8788,"29,089"
2317 鴻海,2021/7/29,94.7323,95.159,93.8788,94.7323,"20,902"
2317 鴻海,2021/7/28,94.3055,94.7323,93.0254,94.3055,"32,814"
2317 鴻海,2021/7/27,94.7323,95.5857,93.8788,95.159,"28,379"
2317 鴻海,2021/7/26,94.7323,94.7323,92.5986,93.8788,"33,652"
2317 鴻海,2021/7/23,95.5857,95.5857,93.8788,94.3055,"21,722"
2317 鴻海,2021/7/22,93.0254,96.0124,92.5986,94.3055,"60,124"
2317 鴻海,2021/7/21,95.4795,95.4795,92.1871,92.5986,"63,825"
2317 鴻海,2021/7/20,94.6564,95.4795,94.2448,94.2448,"26,486"
2317 鴻海,2021/7/19,97.5372,97.9488,95.4795,95.891,"31,942"
2317 鴻海,2021/7/16,97.5372,98.3603,97.1257,98.3603,"33,812"
2317 鴻海,2021/7/15,96.3026,98.7719,95.891,98.3603,"63,085"
2317 鴻海,2021/7/14,96.7141,96.7141,95.4795,95.4795,"27,249"
2317 鴻海,2021/7/13,95.4795,96.3026,95.0679,95.891,"36,808"
2317 鴻海,2021/7/12,95.0679,95.4795,94.2448,94.6564,"17,647"
2317 鴻海,2021/7/9,94.2448,94.6564,93.0102,93.8333,"28,610"
2317 鴻海,2021/7/8,94.6564,95.891,94.6564,95.0679,"23,917"
2317 鴻海,2021/7/7,95.891,96.3026,94.6564,94.6564,"28,054"
2317 鴻海,2021/7/6,95.891,96.7141,95.0679,95.891,"44,138"
2317 鴻海,2021/7/5,92.5986,96.3026,92.1871,96.3026,"80,686"
2317 鴻海,2021/7/2,92.1871,92.5986,91.7755,91.7755,"16,766"
2317 鴻海,2021/7/1,92.5986,92.5986,91.7755,92.1871,"16,011"
2317 鴻海,2021/6/30,92.1871,93.4217,92.1871,92.1871,"31,230"
2317 鴻海,2021/6/29,92.5986,92.5986,91.7755,91.7755,"17,814"
2317 鴻海,2021/6/28,93.0102,93.4217,91.364,91.7755,"23,851"
2317 鴻海,2021/6/25,93.8333,94.6564,93.0102,93.0102,"35,822"
2317 鴻海,2021/6/24,91.7755,93.8333,91.364,93.0102,"32,245"
2317 鴻海,2021/6/23,89.7178,92.1871,89.3062,91.7755,"27,861"
2317 鴻海,2021/6/22,90.1293,90.5409,89.3062,89.3062,"22,187"
2317 鴻海,2021/6/21,90.9524,90.9524,89.3062,89.3062,"35,268"
2317 鴻海,2021/6/18,92.5986,93.0102,91.7755,91.7755,"30,836"
2317 鴻海,2021/6/17,90.9524,93.0102,90.5409,93.0102,"18,216"
2317 鴻海,2021/6/16,92.1871,93.0102,91.7755,91.7755,"24,015"
2317 鴻海,2021/6/15,93.4217,94.2448,92.1871,93.0102,"23,669"
2317 鴻海,2021/6/11,91.7755,94.2448,91.7755,93.4217,"38,750"
2317 鴻海,2021/6/10,90.5409,91.7755,90.1293,90.9524,"19,385"
2317 鴻海,2021/6/9,90.5409,91.364,90.1293,90.1293,"23,900"
2317 鴻海,2021/6/8,91.364,91.7755,90.5409,90.9524,"18,593"
2317 鴻海,2021/6/7,92.5986,92.5986,89.7178,90.9524,"20,456"
2317 鴻海,2021/6/4,90.5409,92.5986,89.7178,92.1871,"30,062"
2317 鴻海,2021/6/3,93.0102,93.0102,90.9524,91.364,"24,092"
2317 鴻海,2021/6/2,94.6564,95.0679,91.364,92.1871,"33,224"
2317 鴻海,2021/6/1,94.2448,94.6564,93.4217,94.2448,"22,421"
2317 鴻海,2021/5/31,92.1871,93.4217,91.7755,93.4217,"34,363"
2317 鴻海,2021/5/28,90.9524,91.7755,90.5409,91.364,"26,999"
2317 鴻海,2021/5/27,90.5409,90.9524,88.4831,90.1293,"61,345"
2317 鴻海,2021/5/26,93.4217,93.4217,90.9524,91.7755,"24,843"
2317 鴻海,2021/5/25,91.364,93.0102,90.9524,92.1871,"51,415"
2317 鴻海,2021/5/24,89.3062,90.5409,88.8947,90.1293,"31,185"
2317 鴻海,2021/5/21,88.8947,90.5409,88.8947,90.1293,"54,294"
2317 鴻海,2021/5/20,86.4254,87.66,86.0138,87.2485,"45,667"
2317 鴻海,2021/5/19,87.66,87.66,85.6023,86.4254,"47,578"
2317 鴻海,2021/5/18,83.5445,88.4831,83.133,88.0716,"81,996"
2317 鴻海,2021/5/17,82.3099,83.9561,79.9229,80.8283,"97,655"
2317 鴻海,2021/5/14,86.4254,87.2485,85.1907,86.0138,"44,125"
2317 鴻海,2021/5/13,81.8983,86.4254,80.8283,84.7792,"70,831"
2317 鴻海,2021/5/12,85.6023,87.66,79.429,83.9561,"150,803"
2317 鴻海,2021/5/11,90.1293,90.5409,87.2485,88.0716,"81,061"
2317 鴻海,2021/5/10,95.4795,95.891,93.0102,93.0102,"41,895"
2317 鴻海,2021/5/7,94.2448,96.7141,93.8333,96.7141,"60,794"
2317 鴻海,2021/5/6,92.1871,93.0102,90.9524,92.5986,"38,108"
2317 鴻海,2021/5/5,90.5409,93.4217,90.5409,90.5409,"65,838"
2317 鴻海,2021/5/4,92.1871,92.1871,88.4831,89.3062,"89,596"
2317 鴻海,2021/5/3,94.6564,94.6564,92.1871,92.5986,"72,538"
2317 鴻海,2021/4/29,97.1257,97.5372,95.4795,95.4795,"46,015"
2317 鴻海,2021/4/28,97.1257,97.5372,96.3026,96.3026,"39,359"
2317 鴻海,2021/4/27,97.5372,99.1834,97.1257,97.5372,"54,687"
2317 鴻海,2021/4/26,98.3603,98.7719,96.7141,96.7141,"41,610"
2317 鴻海,2021/4/23,96.3026,97.9488,96.3026,97.9488,"39,536"
2317 鴻海,2021/4/22,100.4181,100.4181,96.7141,96.7141,"68,387"
2317 鴻海,2021/4/21,99.595,100.0065,98.7719,98.7719,"35,462"
2317 鴻海,2021/4/20,100.0065,100.4181,99.595,100.4181,"26,315"
2317 鴻海,2021/4/19,101.6527,101.6527,100.0065,100.0065,"32,456"
2317 鴻海,2021/4/16,100.4181,102.0643,100.4181,101.6527,"53,301"
2317 鴻海,2021/4/15,99.595,99.595,98.3603,99.595,"39,721"
2317 鴻海,2021/4/14,101.2412,101.6527,97.9488,100.0065,"53,715"
2317 鴻海,2021/4/13,100.0065,101.2412,99.595,100.8296,"49,938"
2317 鴻海,2021/4/12,98.7719,100.4181,97.9488,99.1834,"69,698"
2317 鴻海,2021/4/9,101.2412,101.2412,98.7719,98.7719,"81,190"
2317 鴻海,2021/4/8,101.2412,101.2412,100.0065,100.8296,"39,136"
2317 鴻海,2021/4/7,102.0643,102.4758,100.8296,101.6527,"34,046"
2317 鴻海,2021/4/6,101.6527,102.0643,100.4181,100.8296,"42,038"
2317 鴻海,2021/4/1,102.4758,103.2989,99.1834,100.0065,"97,942"
2317 鴻海,2021/3/31,102.8874,104.122,101.2412,102.0643,"132,523"
2317 鴻海,2021/3/30,106.5913,107.0029,105.7682,106.5913,"47,600"
2317 鴻海,2021/3/29,105.3567,106.1798,104.9451,105.7682,"41,716"
2317 鴻海,2021/3/26,104.9451,105.3567,103.7105,104.122,"53,269"
2317 鴻海,2021/3/25,104.5336,106.5913,103.2989,104.122,"68,884"
2317 鴻海,2021/3/24,107.0029,108.6491,104.122,105.3567,"83,454"
2317 鴻海,2021/3/23,109.4722,110.7068,107.0029,107.4144,"114,215"
2317 鴻海,2021/3/22,102.0643,107.0029,102.0643,107.0029,"110,246"
2317 鴻海,2021/3/19,104.5336,104.5336,101.6527,101.6527,"168,584"
2317 鴻海,2021/3/18,105.3567,108.2375,105.3567,106.5913,"139,458"
2317 鴻海,2021/3/17,101.6527,105.3567,101.2412,103.7105,"145,610"
2317 鴻海,2021/3/16,100.0065,101.6527,99.595,101.2412,"93,898"
2317 鴻海,2021/3/15,98.7719,100.4181,97.5372,99.595,"70,166"
2317 鴻海,2021/3/12,96.7141,98.7719,96.7141,98.7719,"97,811"
2317 鴻海,2021/3/11,95.891,97.1257,95.4795,96.3026,"76,015"
2317 鴻海,2021/3/10,95.4795,96.3026,94.6564,95.0679,"49,011"
2317 鴻海,2021/3/9,93.0102,94.6564,92.1871,94.6564,"44,151"
2317 鴻海,2021/3/8,95.4795,95.891,93.0102,93.4217,"54,725"
2317 鴻海,2021/3/5,93.4217,95.4795,92.5986,94.6564,"87,263"
2317 鴻海,2021/3/4,95.0679,95.4795,92.1871,94.2448,"79,491"
2317 鴻海,2021/3/3,93.0102,95.4795,92.1871,95.0679,"90,671"
2317 鴻海,2021/3/2,94.2448,94.2448,92.1871,92.1871,"54,679"
2317 鴻海,2021/2/26,94.2448,94.6564,92.1871,92.1871,"122,126"
2317 鴻海,2021/2/25,94.6564,95.891,93.8333,95.891,"113,086"
2317 鴻海,2021/2/24,92.1871,93.8333,90.9524,90.9524,"59,398"
2317 鴻海,2021/2/23,90.1293,92.5986,89.3062,91.7755,"51,483"
2317 鴻海,2021/2/22,91.7755,93.8333,91.364,91.364,"60,772"
2317 鴻海,2021/2/19,92.1871,92.5986,90.1293,90.5409,"87,882"
2317 鴻海,2021/2/18,93.4217,94.2448,93.0102,93.0102,"47,383"
2317 鴻海,2021/2/17,94.6564,95.4795,92.5986,93.8333,"91,569"
2317 鴻海,2021/2/5,94.6564,95.891,93.0102,93.4217,"88,545"
2317 鴻海,2021/2/4,94.2448,95.4795,93.0102,93.8333,"64,821"
2317 鴻海,2021/2/3,97.1257,97.5372,94.6564,95.891,"61,266"
2317 鴻海,2021/2/2,94.6564,97.1257,93.8333,95.891,"84,723"
2317 鴻海,2021/2/1,91.364,94.2448,88.8947,93.0102,"126,542"
2317 鴻海,2021/1/29,97.9488,98.7719,91.7755,91.7755,"182,193"
2317 鴻海,2021/1/28,98.7719,99.595,97.1257,97.5372,"126,109"
2317 鴻海,2021/1/27,102.0643,102.4758,100.8296,101.2412,"100,937"
2317 鴻海,2021/1/26,100.8296,102.8874,98.7719,100.4181,"129,763"
2317 鴻海,2021/1/25,100.4181,102.0643,96.7141,101.2412,"144,137"
2317 鴻海,2021/1/22,96.7141,100.0065,96.3026,100.0065,"222,771"
2317 鴻海,2021/1/21,95.891,96.7141,94.6564,96.3026,"88,148"
2317 鴻海,2021/1/20,95.891,97.5372,93.8333,94.2448,"133,839"
2317 鴻海,2021/1/19,94.6564,95.891,93.8333,94.6564,"95,320"
2317 鴻海,2021/1/18,95.0679,95.4795,91.364,93.8333,"95,824"
2317 鴻海,2021/1/15,97.1257,97.9488,93.0102,95.0679,"171,273"
2317 鴻海,2021/1/14,89.7178,96.3026,88.8947,95.4795,"321,271"
2317 鴻海,2021/1/13,86.4254,88.0716,86.4254,87.66,"83,561"
2317 鴻海,2021/1/12,87.66,88.0716,84.7792,85.6023,"106,622"
2317 鴻海,2021/1/11,88.8947,89.7178,87.66,88.4831,"70,525"
2317 鴻海,2021/1/8,89.7178,90.1293,87.2485,88.8947,"115,547"
2317 鴻海,2021/1/7,88.8947,88.8947,86.8369,88.0716,"114,653"
2317 鴻海,2021/1/6,88.4831,89.7178,83.9561,86.4254,"222,119"
2317 鴻海,2021/1/5,83.133,86.4254,83.133,85.6023,"234,178"
2317 鴻海,2021/1/4,76.8774,82.3099,76.7951,82.2276,"233,726"
2317 鴻海,2020/12/31,75.3136,75.7251,74.9843,75.7251,"32,420"
2317 鴻海,2020/12/30,74.902,75.3959,74.1612,75.3959,"40,526"
2317 鴻海,2020/12/29,75.5605,75.5605,74.4081,74.4081,"46,148"
2317 鴻海,2020/12/28,76.0543,76.5482,75.5605,75.5605,"67,626"
2317 鴻海,2020/12/25,74.8197,75.8897,74.7374,75.5605,"114,607"
2317 鴻海,2020/12/24,73.6674,73.9966,73.2558,73.7497,"41,263"
2317 鴻海,2020/12/23,72.8443,73.585,72.6796,73.0912,"56,278"
2317 鴻海,2020/12/22,72.4327,74.4905,72.0212,72.1858,"94,049"
2317 鴻海,2020/12/21,72.515,72.8443,71.5273,72.4327,"28,905"
2317 鴻海,2020/12/18,72.515,72.5973,72.0212,72.1858,"27,787"
2317 鴻海,2020/12/17,72.6796,72.7619,72.1035,72.2681,"28,097"
2317 鴻海,2020/12/16,72.4327,72.5973,71.9388,72.5973,"47,026"
2317 鴻海,2020/12/15,72.6796,72.6796,71.1981,71.6919,"38,956"
2317 鴻海,2020/12/14,72.6796,73.2558,72.1858,72.1858,"47,987"
2317 鴻海,2020/12/11,72.8443,72.8443,70.6219,72.1035,"61,349"
2317 鴻海,2020/12/10,72.7619,73.0089,71.6919,72.1858,"54,580"
2317 鴻海,2020/12/9,72.8443,73.5027,72.5973,73.2558,"67,952"
2317 鴻海,2020/12/8,72.7619,73.832,71.8565,72.1035,"118,755"
2317 鴻海,2020/12/7,68.5641,72.515,68.3995,72.3504,"163,867"
2317 鴻海,2020/12/4,68.3172,68.6465,67.988,68.2349,"48,068"
2317 鴻海,2020/12/3,67.741,67.8234,67.4118,67.4941,"30,688"
2317 鴻海,2020/12/2,68.3172,68.5641,67.8234,68.0703,"38,583"
2317 鴻海,2020/12/1,67.9057,68.2349,67.6587,68.2349,"24,824"
2317 鴻海,2020/11/30,68.0703,68.3172,67.4941,67.741,"66,105"
2317 鴻海,2020/11/27,68.3172,68.3172,67.9057,67.988,"21,516"
2317 鴻海,2020/11/26,67.988,68.4818,67.9057,68.3172,"35,654"
2317 鴻海,2020/11/25,67.8234,67.9057,67.0826,67.4941,"23,351"
2317 鴻海,2020/11/24,68.3995,68.3995,67.4941,67.4941,"22,997"
2317 鴻海,2020/11/23,68.2349,68.4818,67.9057,68.2349,"24,645"
2317 鴻海,2020/11/20,68.5641,68.5641,67.5764,67.9057,"24,856"
2317 鴻海,2020/11/19,68.0703,68.4818,67.9057,68.2349,"23,992"
2317 鴻海,2020/11/18,68.2349,68.6465,68.0703,68.4818,"30,992"
2317 鴻海,2020/11/17,68.3995,68.5641,67.741,68.3172,"45,390"
2317 鴻海,2020/11/16,67.4941,68.2349,67.4118,67.988,"50,715"
2317 鴻海,2020/11/13,67.4118,67.4941,66.5887,67.0003,"32,250"
2317 鴻海,2020/11/12,67.2472,67.4941,66.5064,67.4118,"44,996"
2317 鴻海,2020/11/11,66.5064,67.2472,66.1772,67.1649,"36,850"
2317 鴻海,2020/11/10,66.7533,66.8356,66.0948,66.5064,"21,869"
2317 鴻海,2020/11/9,66.4241,67.0826,66.2595,66.8356,"42,301"
2317 鴻海,2020/11/6,65.5187,65.7656,65.2717,65.601,"21,927"
2317 鴻海,2020/11/5,65.0248,65.2717,64.6133,65.0248,"14,675"
2317 鴻海,2020/11/4,64.531,65.3541,64.2017,64.8602,"18,927"
2317 鴻海,2020/11/3,64.6133,64.8602,64.284,64.4486,"14,624"
2317 鴻海,2020/11/2,63.7902,64.4486,63.7079,64.4486,"17,820"
2317 鴻海,2020/10/30,63.8725,64.3663,63.4609,63.7902,"26,399"
2317 鴻海,2020/10/29,63.8725,64.3663,63.214,64.2017,"30,618"
2317 鴻海,2020/10/28,65.3541,65.601,64.3663,64.4486,"33,914"
2317 鴻海,2020/10/27,65.7656,65.8479,65.3541,65.8479,"21,240"
2317 鴻海,2020/10/26,66.7533,66.7533,65.8479,66.0125,"14,376"
2317 鴻海,2020/10/23,66.8356,67.0003,66.2595,66.4241,"18,968"
2317 鴻海,2020/10/22,66.5064,66.5064,66.0948,66.5064,"24,773"
2317 鴻海,2020/10/21,67.0826,67.0826,66.0948,66.1772,"32,456"
2317 鴻海,2020/10/20,67.0826,67.4941,66.5064,67.0003,"45,688"
2317 鴻海,2020/10/19,65.8479,67.0826,65.601,66.9179,"85,721"
2317 鴻海,2020/10/16,64.531,65.7656,64.3663,64.6956,"48,409"
2317 鴻海,2020/10/15,63.9548,64.6133,63.8725,64.284,"26,260"
2317 鴻海,2020/10/14,64.284,64.8602,64.2017,64.2017,"42,431"
2317 鴻海,2020/10/13,65.0248,65.1071,64.284,64.9425,"22,946"
2317 鴻海,2020/10/12,64.531,64.8602,64.284,64.7779,"38,085"
2317 鴻海,2020/10/8,64.0371,64.2017,63.7902,64.2017,"14,942"
2317 鴻海,2020/10/7,63.7079,64.0371,63.4609,63.7079,"17,236"
2317 鴻海,2020/10/6,64.284,64.3663,63.8725,64.0371,"16,976"
2317 鴻海,2020/10/5,64.3663,64.6133,63.7902,63.9548,"19,075"
2317 鴻海,2020/9/30,64.2017,64.2017,63.6255,63.7079,"19,229"
2317 鴻海,2020/9/29,63.6255,64.531,63.3786,63.3786,"36,475"
2317 鴻海,2020/9/28,61.6501,63.2963,61.5678,63.2963,"32,250"
2317 鴻海,2020/9/25,62.0617,62.3086,60.9916,61.1563,"38,124"
2317 鴻海,2020/9/24,62.6378,62.8848,61.7324,61.7324,"57,338"
2317 鴻海,2020/9/23,63.3786,63.5432,63.0494,63.1317,"18,141"
2317 鴻海,2020/9/22,63.6255,63.6255,62.9671,63.214,"25,601"
2317 鴻海,2020/9/21,63.8725,64.4486,63.6255,63.7079,"19,006"
2317 鴻海,2020/9/18,64.1194,64.3663,63.7902,63.8725,"32,663"
2317 鴻海,2020/9/17,64.6956,65.1071,64.2017,64.284,"20,784"
2317 鴻海,2020/9/16,65.3541,65.3541,64.6956,64.8602,"18,122"
2317 鴻海,2020/9/15,65.3541,65.3541,64.9425,65.1071,"16,938"
2317 鴻海,2020/9/14,64.8602,65.4364,64.6956,65.3541,"27,029"
2317 鴻海,2020/9/11,64.6133,64.6133,64.2017,64.6133,"16,132"
2317 鴻海,2020/9/10,64.2017,64.7779,64.2017,64.6133,"29,117"
2317 鴻海,2020/9/9,63.6255,64.1194,63.0494,64.1194,"22,505"
2317 鴻海,2020/9/8,63.9548,64.284,63.6255,63.7902,"26,249"
2317 鴻海,2020/9/7,63.214,63.7902,63.214,63.6255,"21,248"
2317 鴻海,2020/9/4,63.3786,63.6255,63.0494,63.2963,"36,806"
2317 鴻海,2020/9/3,64.8602,65.2717,63.8725,63.9548,"41,884"
2317 鴻海,2020/9/2,63.5432,64.0371,63.3786,64.0371,"24,934"
2317 鴻海,2020/9/1,63.2963,63.6255,62.8848,63.3786,"22,918"
2317 鴻海,2020/8/31,64.0371,64.2017,63.2963,63.2963,"30,590"
2317 鴻海,2020/8/28,63.7079,64.3663,63.4609,63.7902,"25,486"
2317 鴻海,2020/8/27,64.3663,64.7779,63.7902,63.7902,"24,154"
2317 鴻海,2020/8/26,64.4486,64.531,64.1194,64.3663,"16,286"
2317 鴻海,2020/8/25,64.284,64.6133,64.0371,64.4486,"17,655"
2317 鴻海,2020/8/24,64.3663,64.531,63.8725,63.8725,"21,801"
2317 鴻海,2020/8/21,64.3663,64.531,63.7902,64.3663,"24,487"
2317 鴻海,2020/8/20,65.5187,65.7656,62.2263,63.4609,"62,249"
2317 鴻海,2020/8/19,66.5887,66.5887,65.2717,65.2717,"34,690"
2317 鴻海,2020/8/18,66.2595,66.2595,65.2717,65.6833,"33,226"
2317 鴻海,2020/8/17,66.4241,66.4241,65.8479,66.0125,"23,622"
2317 鴻海,2020/8/14,65.6833,66.4241,65.5187,66.1772,"35,459"
2317 鴻海,2020/8/13,67.4941,67.741,65.1894,65.4364,"91,723"
2317 鴻海,2020/8/12,66.5887,67.0826,65.7656,67.0003,"45,677"
2317 鴻海,2020/8/11,66.671,66.7533,65.5187,65.6833,"30,816"
2317 鴻海,2020/8/10,65.1894,66.5887,65.1071,66.2595,"49,798"
2317 鴻海,2020/8/7,65.5187,65.5187,64.4486,64.4486,"21,862"
2317 鴻海,2020/8/6,65.2717,65.601,64.6133,65.0248,"33,250"
2317 鴻海,2020/8/5,64.4486,64.6133,64.1194,64.1194,"27,876"
2317 鴻海,2020/8/4,63.9548,64.3663,63.7902,64.284,"23,090"
2317 鴻海,2020/8/3,64.531,64.9425,63.4609,63.4609,"61,172"
2317 鴻海,2020/7/31,64.6133,65.3541,64.531,64.531,"47,089"
2317 鴻海,2020/7/30,64.7779,64.8602,63.7902,64.2017,"40,501"
2317 鴻海,2020/7/29,64.6956,65.6833,64.2017,64.2017,"39,362"
2317 鴻海,2020/7/28,64.0371,68.0703,63.6255,64.531,"89,739"
2317 鴻海,2020/7/27,65.5187,65.7656,64.2017,64.2017,"68,636"
2317 鴻海,2020/7/24,67.0826,67.4118,65.8479,65.8479,"50,435"
2317 鴻海,2020/7/23,66.9179,67.9057,66.7533,67.5764,"79,361"
2317 鴻海,2020/7/22,66.7775,67.3255,66.6209,67.2472,"73,724"
2317 鴻海,2020/7/21,67.3255,67.4038,66.6209,66.7775,"74,962"
2317 鴻海,2020/7/20,68.8912,68.8912,66.5426,67.9518,"74,478"
2317 鴻海,2020/7/17,69.126,69.3609,68.578,68.8912,"48,813"
2317 鴻海,2020/7/16,68.1083,68.8912,68.03,68.578,"50,530"
2317 鴻海,2020/7/15,67.7952,68.2649,67.7169,67.7952,"47,807"
2317 鴻海,2020/7/14,67.9518,68.4998,67.5603,67.5603,"34,934"
2317 鴻海,2020/7/13,66.8558,67.8735,66.8558,67.8735,"36,625"
2317 鴻海,2020/7/10,67.482,67.482,66.3861,66.3861,"55,453"
2317 鴻海,2020/7/9,68.3432,68.4215,67.1689,67.482,"51,421"
2317 鴻海,2020/7/8,68.1083,68.3432,67.7952,68.1083,"40,532"
2317 鴻海,2020/7/7,68.1866,68.4998,67.0123,68.1083,"52,853"
2317 鴻海,2020/7/6,67.0906,67.7952,67.0123,67.6386,"44,370"
2317 鴻海,2020/7/3,67.4038,67.482,66.6209,66.7775,"44,883"
2317 鴻海,2020/7/2,67.1689,67.3255,66.2295,67.3255,"34,490"
2317 鴻海,2020/7/1,67.7169,68.578,66.9341,67.2472,"44,576"
2317 鴻海,2020/6/30,67.3255,67.6386,67.0906,67.5603,"57,741"
2317 鴻海,2020/6/29,65.4466,67.1689,65.2901,66.6992,"98,493"
2317 鴻海,2020/6/24,63.4895,65.3683,63.4112,65.3683,"88,391"
2317 鴻海,2020/6/23,62.3152,63.1763,62.0804,62.7849,"45,708"
2317 鴻海,2020/6/22,61.6106,61.7672,61.2192,61.7672,"16,769"
2317 鴻海,2020/6/19,61.5324,61.7672,61.1409,61.6889,"35,887"
2317 鴻海,2020/6/18,61.3758,61.6106,60.8278,61.4541,"18,089"
2317 鴻海,2020/6/17,61.7672,61.8455,60.9844,61.2192,"18,039"
2317 鴻海,2020/6/16,60.9061,61.4541,60.8278,61.3758,"22,339"
2317 鴻海,2020/6/15,60.8278,60.9844,60.2798,60.2798,"26,332"
2317 鴻海,2020/6/12,60.5146,61.0626,59.9666,61.0626,"30,382"
2317 鴻海,2020/6/11,62.5501,62.8632,61.1409,61.5324,"42,535"
2317 鴻海,2020/6/10,62.3152,62.5501,61.9238,62.5501,"25,863"
2317 鴻海,2020/6/9,62.0804,62.7849,61.7672,62.2369,"38,143"
2317 鴻海,2020/6/8,61.9238,62.4718,61.6889,62.3935,"53,575"
2317 鴻海,2020/6/5,61.1409,61.4541,60.9061,61.4541,"33,935"
2317 鴻海,2020/6/4,61.4541,61.6106,60.7495,61.3758,"43,657"
2317 鴻海,2020/6/3,61.0626,61.3758,60.7495,61.1409,"42,871"
2317 鴻海,2020/6/2,59.8884,60.6712,59.8101,60.3581,"46,411"
2317 鴻海,2020/6/1,59.4969,60.1232,59.4186,59.6535,"25,890"
2317 鴻海,2020/5/29,58.1661,59.3404,58.1661,59.3404,"44,896"
2317 鴻海,2020/5/28,59.2621,59.4186,58.5575,58.9489,"26,184"
2317 鴻海,2020/5/27,58.5575,59.1055,58.5575,58.9489,"22,380"
2317 鴻海,2020/5/26,57.6964,58.9489,57.6181,58.5575,"28,310"
2317 鴻海,2020/5/25,57.5398,57.6181,56.8352,57.6181,"26,982"
2317 鴻海,2020/5/22,58.0878,58.2444,57.5398,57.6181,"46,433"
2317 鴻海,2020/5/21,58.3227,58.7141,58.1661,58.4792,"24,213"
2317 鴻海,2020/5/20,58.6358,58.9489,58.3227,58.3227,"30,828"
2317 鴻海,2020/5/19,59.0272,59.4969,58.4009,58.5575,"49,410"
2317 鴻海,2020/5/18,59.9666,59.9666,58.6358,58.7141,"57,978"
2317 鴻海,2020/5/15,61.2192,61.5324,59.8101,60.3581,"47,550"
2317 鴻海,2020/5/14,61.0626,61.7672,61.0626,61.2192,"42,128"
2317 鴻海,2020/5/13,60.8278,61.6889,60.8278,61.6889,"43,132"
2317 鴻海,2020/5/12,61.2975,61.3758,60.2798,60.5146,"45,434"
2317 鴻海,2020/5/11,60.2015,62.0021,60.2015,61.7672,"59,444"
2317 鴻海,2020/5/8,60.1232,60.1232,59.4186,59.6535,"38,394"
2317 鴻海,2020/5/7,58.3227,59.3404,58.3227,58.8707,"31,856"
2317 鴻海,2020/5/6,58.0095,58.8707,58.0095,58.1661,"26,782"
2317 鴻海,2020/5/5,58.4792,58.7141,57.9312,58.0095,"30,499"
2317 鴻海,2020/5/4,57.9312,58.7141,57.8529,58.3227,"50,274"
2317 鴻海,2020/4/30,59.6535,60.2798,59.4969,60.2798,"50,247"
2317 鴻海,2020/4/29,58.8707,59.6535,58.7924,59.1838,"32,618"
2317 鴻海,2020/4/28,58.7924,59.0272,58.5575,58.8707,"22,472"
2317 鴻海,2020/4/27,58.0878,58.8707,58.0878,58.6358,"28,422"
2317 鴻海,2020/4/24,57.9312,58.0878,57.6964,57.7747,"18,097"
2317 鴻海,2020/4/23,58.0878,58.8707,57.6181,57.9312,"26,918"
2317 鴻海,2020/4/22,56.8352,57.8529,56.7569,57.8529,"27,664"
2317 鴻海,2020/4/21,58.8707,59.1055,57.5398,57.5398,"50,476"
2317 鴻海,2020/4/20,59.5752,59.9666,59.0272,59.6535,"34,062"
2317 鴻海,2020/4/17,59.1055,59.8884,58.9489,59.3404,"71,076"
2317 鴻海,2020/4/16,57.9312,58.7141,57.7747,57.9312,"46,873"
2317 鴻海,2020/4/15,58.3227,58.8707,58.0095,58.0095,"42,208"
2317 鴻海,2020/4/14,57.5398,58.3227,57.3049,58.2444,"36,772"
2317 鴻海,2020/4/13,57.7747,57.8529,57.2267,57.2267,"25,076"
2317 鴻海,2020/4/10,57.5398,57.8529,57.4615,57.8529,"19,079"
2317 鴻海,2020/4/9,59.1055,59.4186,57.6964,57.9312,"55,267"
2317 鴻海,2020/4/8,55.9741,58.9489,55.8958,58.7141,"90,172"
2317 鴻海,2020/4/7,55.8958,56.2872,55.4261,55.7392,"46,626"
2317 鴻海,2020/4/6,54.7998,55.0347,54.3301,54.9564,"48,957"
2317 鴻海,2020/4/1,55.1912,55.1912,54.7998,54.7998,"25,810"
2317 鴻海,2020/3/31,54.8781,55.1912,54.7215,54.7215,"38,298"
2317 鴻海,2020/3/30,54.4084,55.0347,54.017,54.7998,"33,595"
2317 鴻海,2020/3/27,55.8958,56.5221,54.7998,54.8781,"59,785"
2317 鴻海,2020/3/26,55.9741,56.1307,55.1912,55.5827,"38,695"
2317 鴻海,2020/3/25,55.7392,56.8352,55.6609,55.8958,"53,652"
2317 鴻海,2020/3/24,55.2695,55.3478,54.0952,54.3301,"41,628"
2317 鴻海,2020/3/23,52.8427,53.5472,52.4512,52.8427,"66,805"
2317 鴻海,2020/3/20,53.2341,55.8958,53.2341,55.4261,"104,299"
2317 鴻海,2020/3/19,53.7821,54.2518,51.4335,51.9032,"107,256"
2317 鴻海,2020/3/18,55.3478,55.8175,54.7998,54.7998,"76,268"
2317 鴻海,2020/3/17,54.8781,56.9918,54.7998,55.2695,"72,635"
2317 鴻海,2020/3/16,57.8529,58.1661,55.6609,55.6609,"65,223"
2317 鴻海,2020/3/13,54.7998,58.7141,54.7215,58.4009,"108,780"
2317 鴻海,2020/3/12,60.5929,60.6712,58.3227,58.4792,"85,760"
2317 鴻海,2020/3/11,62.0804,62.7066,61.5324,61.5324,"30,546"
2317 鴻海,2020/3/10,61.4541,62.4718,61.4541,62.1586,"39,205"
2317 鴻海,2020/3/9,62.0021,62.7066,61.9238,61.9238,"45,009"
2317 鴻海,2020/3/6,63.8809,63.9592,63.1763,63.2546,"38,712"
2317 鴻海,2020/3/5,65.2118,65.4466,64.6638,64.7421,"36,950"
2317 鴻海,2020/3/4,63.8026,64.1158,63.4895,63.9592,"29,907"
2317 鴻海,2020/3/3,63.4895,64.1941,63.0981,63.4112,"34,822"
2317 鴻海,2020/3/2,61.2192,62.8632,61.1409,62.0021,"54,992"
2317 鴻海,2020/2/27,63.2546,63.8026,62.6284,62.8632,"53,384"
2317 鴻海,2020/2/26,63.5678,64.3506,63.1763,63.4895,"43,075"
2317 鴻海,2020/2/25,62.7849,64.7421,62.5501,64.4289,"47,213"
2317 鴻海,2020/2/24,63.0981,63.7243,62.7849,63.1763,"32,852"
2317 鴻海,2020/2/21,64.2723,64.3506,63.8809,63.9592,"29,778"
2317 鴻海,2020/2/20,65.7598,65.8381,64.5855,64.8203,"35,972"
2317 鴻海,2020/2/19,64.9769,66.2295,64.5855,65.6032,"25,476"
2317 鴻海,2020/2/18,65.7598,65.9946,64.9769,65.2901,"22,611"
2317 鴻海,2020/2/17,65.9163,65.9163,65.6032,65.6815,"16,771"
2317 鴻海,2020/2/14,66.3078,66.7775,65.9946,66.4643,"21,292"
2317 鴻海,2020/2/13,67.1689,67.5603,66.3078,66.3078,"36,204"
2317 鴻海,2020/2/12,64.9769,67.0123,64.9769,66.9341,"57,339"
2317 鴻海,2020/2/11,64.6638,65.2901,64.2723,64.8986,"28,310"
2317 鴻海,2020/2/10,61.8455,64.7421,61.7672,64.1941,"42,505"
2317 鴻海,2020/2/7,65.4466,65.4466,64.7421,64.8986,"26,495"
2317 鴻海,2020/2/6,64.5855,65.4466,64.4289,65.4466,"44,278"
2317 鴻海,2020/2/5,64.3506,64.7421,63.8809,64.3506,"49,302"
2317 鴻海,2020/2/4,64.8203,65.6815,63.8026,64.3506,"49,697"
2317 鴻海,2020/2/3,62.2369,64.4289,60.5146,64.3506,"66,666"
2317 鴻海,2020/1/31,64.9769,66.4643,64.6638,65.1335,"69,686"
2317 鴻海,2020/1/30,66.9341,67.482,65.0552,65.0552,"153,655"
2317 鴻海,2020/1/20,72.5706,73.1186,72.1009,72.2575,"35,277"
2317 鴻海,2020/1/17,71.2398,72.3357,71.2398,72.2575,"78,180"
2317 鴻海,2020/1/16,70.3003,70.6135,69.9872,70.4569,"19,281"
2317 鴻海,2020/1/15,70.4569,70.6918,70.0655,70.3786,"23,798"
2317 鴻海,2020/1/14,70.4569,70.5352,70.1438,70.4569,"19,568"
2317 鴻海,2020/1/13,70.222,70.222,69.3609,70.1438,"23,369"
2317 鴻海,2020/1/10,68.8912,69.674,68.4998,69.674,"32,264"
2317 鴻海,2020/1/9,68.3432,68.6563,68.1083,68.1866,"28,513"
2317 鴻海,2020/1/8,68.8129,68.9695,67.7169,67.7169,"56,101"
2317 鴻海,2020/1/7,70.8483,71.2398,69.126,69.7523,"43,978"
2317 鴻海,2020/1/6,71.318,71.318,70.5352,70.8483,"26,352"
2317 鴻海,2020/1/3,71.5529,72.1792,71.0832,71.7095,"37,936"
2317 鴻海,2020/1/2,71.2398,71.6312,70.6918,71.0832,"20,758"
2317 鴻海,2019/12/31,71.0049,71.5529,71.0049,71.0832,"14,491"
2317 鴻海,2019/12/30,71.7095,71.866,71.1615,71.1615,"15,811"
2317 鴻海,2019/12/27,71.5529,71.9443,71.318,71.6312,"20,188"
2317 鴻海,2019/12/26,71.2398,71.4746,71.0049,71.0832,"10,097"
2317 鴻海,2019/12/25,71.318,71.4746,71.0832,71.2398,"11,310"
2317 鴻海,2019/12/24,71.6312,71.6312,71.0832,71.1615,"11,775"
2317 鴻海,2019/12/23,71.4746,71.7877,71.0049,71.6312,"17,511"
2317 鴻海,2019/12/20,72.414,72.4923,71.318,71.318,"39,064"
2317 鴻海,2019/12/19,72.0226,72.1792,71.4746,72.1792,"28,904"
2317 鴻海,2019/12/18,71.7095,72.6489,71.318,72.3357,"58,840"
2317 鴻海,2019/12/17,71.866,71.9443,71.318,71.7095,"31,166"
2317 鴻海,2019/12/16,71.6312,72.3357,71.318,71.7095,"34,055"
2317 鴻海,2019/12/13,72.0226,72.0226,71.1615,71.2398,"33,488"
2317 鴻海,2019/12/12,72.0226,72.1792,71.2398,71.2398,"32,664"
2317 鴻海,2019/12/11,70.8483,71.4746,70.77,71.4746,"32,362"
2317 鴻海,2019/12/10,70.8483,71.0832,70.5352,70.6918,"14,192"
2317 鴻海,2019/12/9,71.0832,71.7877,70.6918,71.2398,"39,013"
2317 鴻海,2019/12/6,70.9266,71.1615,70.222,70.8483,"20,657"
2317 鴻海,2019/12/5,70.4569,71.0049,70.1438,70.3786,"19,851"
2317 鴻海,2019/12/4,70.4569,70.4569,69.4392,70.0655,"26,034"
2317 鴻海,2019/12/3,69.126,70.6918,68.7346,70.4569,"34,645"
2317 鴻海,2019/12/2,69.3609,69.9089,67.9518,69.3609,"31,236"
2317 鴻海,2019/11/29,70.4569,70.8483,69.0478,69.2826,"37,756"
2317 鴻海,2019/11/28,70.9266,71.0049,70.222,70.3003,"19,363"
2317 鴻海,2019/11/27,70.1438,71.0832,70.1438,70.9266,"21,007"
2317 鴻海,2019/11/26,70.77,70.77,69.9872,70.3786,"74,419"
2317 鴻海,2019/11/25,71.7095,71.7095,69.674,70.1438,"56,144"
2317 鴻海,2019/11/22,72.8055,72.8055,71.4746,71.5529,"30,090"
2317 鴻海,2019/11/21,71.3963,72.414,71.0049,72.414,"52,752"
2317 鴻海,2019/11/20,72.6489,72.6489,71.3963,71.9443,"44,527"
2317 鴻海,2019/11/19,70.8483,72.6489,70.6918,72.6489,"109,575"
2317 鴻海,2019/11/18,70.5352,71.0049,70.3786,70.8483,"35,921"
2317 鴻海,2019/11/15,71.0049,71.0832,70.3003,70.5352,"43,552"
2317 鴻海,2019/11/14,71.5529,71.5529,69.9089,69.9089,"89,212"
2317 鴻海,2019/11/13,70.4569,70.9266,69.8306,70.222,"53,336"
2317 鴻海,2019/11/12,69.7523,71.2398,69.4392,71.2398,"87,919"
2317 鴻海,2019/11/11,71.2398,71.4746,67.8735,68.8129,"113,464"
2317 鴻海,2019/11/8,71.3963,72.7272,71.1615,71.1615,"107,939"
2317 鴻海,2019/11/7,70.77,71.2398,70.3003,71.0832,"91,907"
2317 鴻海,2019/11/6,70.8483,71.1615,69.5958,70.77,"102,692"
2317 鴻海,2019/11/5,70.4569,70.77,69.7523,70.4569,"114,554"
2317 鴻海,2019/11/4,67.4038,69.7523,67.4038,69.674,"157,046"
2317 鴻海,2019/11/1,63.7243,66.3861,63.3329,66.3861,"126,495"
2317 鴻海,2019/10/31,63.4112,63.7243,63.0981,63.0981,"39,615"
2317 鴻海,2019/10/30,63.3329,63.3329,62.3935,62.7849,"31,199"
2317 鴻海,2019/10/29,62.7066,63.7243,62.7066,63.2546,"43,338"
2317 鴻海,2019/10/28,63.0198,63.2546,62.6284,62.7066,"24,589"
2317 鴻海,2019/10/25,63.1763,63.1763,62.3152,62.7849,"35,866"
2317 鴻海,2019/10/24,63.3329,63.5678,62.7849,63.0198,"40,227"
2317 鴻海,2019/10/23,62.6284,63.3329,61.9238,63.0198,"89,180"
2317 鴻海,2019/10/22,61.4541,62.4718,61.3758,62.2369,"84,257"
2317 鴻海,2019/10/21,60.4364,60.7495,59.8101,60.7495,"32,659"
2317 鴻海,2019/10/18,60.7495,61.2192,60.2015,60.2015,"79,307"
2317 鴻海,2019/10/17,58.9489,60.6712,58.7141,60.4364,"81,667"
2317 鴻海,2019/10/16,59.0272,59.0272,58.4792,58.7141,"35,414"
2317 鴻海,2019/10/15,58.7141,59.0272,58.3227,58.4792,"39,991"
2317 鴻海,2019/10/14,58.1661,58.3227,57.7747,58.3227,"48,248"
2317 鴻海,2019/10/9,57.5398,57.7747,57.0701,57.0701,"18,869"
2317 鴻海,2019/10/8,57.8529,58.0878,57.5398,57.9312,"28,493"
2317 鴻海,2019/10/7,57.4615,57.9312,57.3049,57.4615,"25,366"
2317 鴻海,2019/10/4,56.5221,56.9135,56.3655,56.9135,"18,814"
2317 鴻海,2019/10/3,56.2089,56.5221,55.9741,56.3655,"28,106"
2317 鴻海,2019/10/2,56.5221,56.7569,56.5221,56.6004,"26,526"
2317 鴻海,2019/10/1,56.5221,57.1484,56.5221,56.8352,"47,479"
2317 鴻海,2019/9/27,58.0095,58.1661,57.3049,57.3049,"25,514"
2317 鴻海,2019/9/26,58.7141,58.7141,57.9312,57.9312,"22,665"
2317 鴻海,2019/9/25,58.4792,58.5575,58.0095,58.5575,"18,380"
2317 鴻海,2019/9/24,58.4792,58.9489,58.3227,58.6358,"19,777"
2317 鴻海,2019/9/23,58.3227,58.4792,58.0878,58.4792,"10,657"
2317 鴻海,2019/9/20,57.7747,58.3227,57.7747,58.3227,"33,927"
2317 鴻海,2019/9/19,58.4009,58.5575,57.5398,57.5398,"31,821"
2317 鴻海,2019/9/18,58.4792,58.6358,58.0095,58.2444,"33,122"
2317 鴻海,2019/9/17,58.6358,59.1055,58.3227,58.4009,"43,926"
2317 鴻海,2019/9/16,59.7318,59.8101,58.7141,59.4969,"42,605"
2317 鴻海,2019/9/12,58.7141,59.4969,58.4009,59.4969,"61,561"
2317 鴻海,2019/9/11,58.3227,58.9489,58.0878,58.3227,"35,738"
2317 鴻海,2019/9/10,58.5575,58.5575,57.7747,58.0095,"24,330"
2317 鴻海,2019/9/9,59.1055,59.2621,58.4009,58.4792,"20,213"
2317 鴻海,2019/9/6,59.1055,59.4186,58.7141,58.7141,"29,362"
2317 鴻海,2019/9/5,58.5575,58.9489,58.2444,58.6358,"26,853"
2317 鴻海,2019/9/4,57.8529,58.3227,57.6964,58.1661,"31,103"
2317 鴻海,2019/9/3,58.0878,58.1661,57.6181,57.6181,"14,880"
2317 鴻海,2019/9/2,58.2444,58.2444,57.7747,57.9312,"19,418"
2317 鴻海,2019/8/30,56.9918,58.0878,56.8352,58.0878,"39,791"
2317 鴻海,2019/8/29,56.6787,56.6787,56.2089,56.2872,"20,188"
2317 鴻海,2019/8/28,56.6004,56.7569,56.3655,56.6787,"14,696"
2317 鴻海,2019/8/27,56.7569,56.8352,56.3655,56.5221,"37,138"
2317 鴻海,2019/8/26,56.2089,56.4438,56.0524,56.3655,"29,641"
2317 鴻海,2019/8/23,57.5398,57.8529,57.3049,57.3832,"16,397"
2317 鴻海,2019/8/22,57.9312,58.1661,57.3832,57.8529,"23,080"
2317 鴻海,2019/8/21,57.1484,57.7747,56.8352,57.5398,"27,098"
2317 鴻海,2019/8/20,56.7569,57.0701,56.6787,56.6787,"18,777"
2317 鴻海,2019/8/19,56.7569,57.1484,56.5221,56.6787,"19,816"
2317 鴻海,2019/8/16,55.8958,56.9135,55.7392,56.3655,"33,475"
2317 鴻海,2019/8/15,55.9741,56.2872,55.8175,56.0524,"29,341"
2317 鴻海,2019/8/14,57.9312,58.1661,56.8352,56.8352,"34,110"
2317 鴻海,2019/8/13,57.7747,57.7747,57.0701,57.0701,"18,041"
2317 鴻海,2019/8/12,57.3049,58.1661,56.9918,57.6964,"18,829"
2317 鴻海,2019/8/8,56.9918,57.6964,56.9135,57.2267,"19,132"
2317 鴻海,2019/8/7,57.6181,57.8529,56.9918,57.0701,"26,458"
2317 鴻海,2019/8/6,55.5827,57.6181,55.3478,57.3832,"40,168"
2317 鴻海,2019/8/5,58.6358,58.6358,56.8352,56.9918,"49,484"
2317 鴻海,2019/8/2,59.8884,59.9666,59.1055,59.1055,"51,771"
2317 鴻海,2019/8/1,60.9061,61.3758,60.7495,60.9844,"31,383"
2317 鴻海,2019/7/31,61.2192,61.6106,60.8278,61.5324,"24,080"
2317 鴻海,2019/7/30,61.6106,61.6889,60.7495,60.9061,"27,716"
2317 鴻海,2019/7/29,61.2975,61.6106,61.0626,61.3758,"18,209"
2317 鴻海,2019/7/26,61.3758,61.7672,61.1409,61.3758,"22,089"
2317 鴻海,2019/7/25,61.0626,62.0804,60.9061,61.5324,"62,909"
2317 鴻海,2019/7/24,60.4403,60.6636,60.1426,60.5147,"73,095"
2317 鴻海,2019/7/23,60.3659,60.5892,59.7704,60.217,"38,227"
2317 鴻海,2019/7/22,59.1749,60.1426,59.1005,59.9937,"38,787"
2317 鴻海,2019/7/19,59.2493,59.8448,59.026,59.026,"24,572"
2317 鴻海,2019/7/18,58.9516,59.3238,58.8027,58.8027,"20,198"
2317 鴻海,2019/7/17,59.696,59.8448,59.026,59.026,"31,741"
2317 鴻海,2019/7/16,58.3561,60.1426,58.3561,59.5471,"59,184"
2317 鴻海,2019/7/15,57.3885,58.2073,56.6442,58.1328,"37,340"
2317 鴻海,2019/7/12,58.0584,58.2073,57.6862,57.7607,"26,468"
2317 鴻海,2019/7/11,58.1328,58.5794,57.9095,58.2073,"20,457"
2317 鴻海,2019/7/10,58.5794,58.5794,57.8351,57.984,"20,106"
2317 鴻海,2019/7/9,58.8772,58.8772,57.9095,57.984,"21,188"
2317 鴻海,2019/7/8,58.3561,58.8027,58.2817,58.8027,"19,426"
2317 鴻海,2019/7/5,57.984,58.2817,57.984,58.2073,"10,943"
2317 鴻海,2019/7/4,58.0584,58.3561,57.6862,57.8351,"14,276"
2317 鴻海,2019/7/3,58.3561,58.6539,57.6862,57.6862,"30,692"
2317 鴻海,2019/7/2,58.8027,59.1749,58.5794,58.8772,"21,546"
2317 鴻海,2019/7/1,58.5794,59.3238,58.505,59.1005,"37,776"
2317 鴻海,2019/6/28,57.7607,58.2073,57.6118,57.6118,"21,112"
2317 鴻海,2019/6/27,57.1652,57.984,57.0908,57.6118,"32,381"
2317 鴻海,2019/6/26,56.6442,57.0908,56.6442,56.793,"17,961"
2317 鴻海,2019/6/25,57.3141,57.6118,56.6442,56.8675,"21,534"
2317 鴻海,2019/6/24,56.8675,57.4629,56.0487,57.3885,"28,060"
2317 鴻海,2019/6/21,58.2073,58.6539,57.0163,57.1652,"58,532"
2317 鴻海,2019/6/20,57.5374,57.9095,57.1652,57.8351,"26,823"
2317 鴻海,2019/6/19,57.6118,57.6118,56.8675,57.4629,"49,543"
2317 鴻海,2019/6/18,57.4629,57.6862,55.8998,56.4953,"36,656"
2317 鴻海,2019/6/17,56.272,56.9419,55.9743,56.8675,"33,119"
2317 鴻海,2019/6/14,55.2299,56.1976,55.2299,55.8998,"40,758"
2317 鴻海,2019/6/13,54.7833,55.3788,54.4856,55.2299,"42,030"
2317 鴻海,2019/6/12,53.9645,55.0066,53.5924,54.8577,"40,554"
2317 鴻海,2019/6/11,53.6668,54.1878,53.5179,53.8901,"28,059"
2317 鴻海,2019/6/10,53.5924,53.8157,52.9969,53.6668,"35,654"
2317 鴻海,2019/6/6,52.848,53.5924,52.848,52.9225,"38,757"
2317 鴻海,2019/6/5,53.9645,54.1878,52.848,52.848,"48,348"
2317 鴻海,2019/6/4,54.4111,54.6344,53.4435,53.4435,"39,322"
2317 鴻海,2019/6/3,54.56,54.8577,53.7412,54.6344,"30,691"
2317 鴻海,2019/5/31,54.3367,55.751,54.1878,55.0066,"52,374"
2317 鴻海,2019/5/30,53.7412,54.8577,53.3691,54.6344,"44,881"
2317 鴻海,2019/5/29,52.2526,53.8157,52.1781,53.7412,"43,871"
2317 鴻海,2019/5/28,53.0713,53.5924,52.9969,52.9969,"138,134"
2317 鴻海,2019/5/27,53.2946,53.5179,52.9225,53.1458,"25,409"
2317 鴻海,2019/5/24,53.2202,53.7412,52.9225,53.1458,"40,844"
2317 鴻海,2019/5/23,54.1134,54.1878,53.2202,53.2202,"63,692"
2317 鴻海,2019/5/22,55.8998,56.0487,55.0811,55.0811,"30,618"
2317 鴻海,2019/5/21,56.0487,56.1231,55.5277,55.8254,"36,661"
2317 鴻海,2019/5/20,56.0487,56.6442,55.6021,55.8254,"31,140"
2317 鴻海,2019/5/17,57.0163,57.3885,55.5277,55.6021,"50,083"
2317 鴻海,2019/5/16,58.1328,58.2817,56.4953,56.4953,"62,956"
2317 鴻海,2019/5/15,58.1328,58.3561,57.6862,57.9095,"73,605"
2317 鴻海,2019/5/14,58.8772,59.9193,58.6539,59.3238,"58,917"
2317 鴻海,2019/5/13,62.1523,62.1523,60.3659,60.4403,"36,817"
2317 鴻海,2019/5/10,63.2688,63.7154,61.8545,62.3011,"26,540"
2317 鴻海,2019/5/9,63.6409,64.0131,62.7477,62.7477,"37,492"
2317 鴻海,2019/5/8,63.8642,64.2364,63.4921,63.9387,"24,225"
2317 鴻海,2019/5/7,63.4921,64.9808,63.4921,64.4597,"31,286"
2317 鴻海,2019/5/6,63.7898,64.162,63.1199,63.1943,"48,477"
2317 鴻海,2019/5/3,64.9808,65.7251,64.5342,65.6507,"33,772"
2317 鴻海,2019/5/2,64.3853,64.9808,64.2364,64.683,"33,606"
2317 鴻海,2019/4/30,65.5018,65.5018,64.0875,64.683,"35,517"
2317 鴻海,2019/4/29,65.1296,66.0973,65.0552,65.3529,"33,405"
2317 鴻海,2019/4/26,65.0552,65.3529,64.3853,65.0552,"31,649"
2317 鴻海,2019/4/25,64.0131,64.9063,63.8642,64.6086,"32,202"
2317 鴻海,2019/4/24,66.2461,66.3206,64.0875,64.683,"56,834"
2317 鴻海,2019/4/23,65.6507,65.874,64.6086,65.7251,"66,167"
2317 鴻海,2019/4/22,66.0973,66.7672,65.2785,65.3529,"42,019"
2317 鴻海,2019/4/19,68.9257,69.149,65.9484,66.1717,"85,815"
2317 鴻海,2019/4/18,69.9678,72.3497,67.3626,68.1814,"161,976"
2317 鴻海,2019/4/17,67.7348,69.0002,67.0649,68.3303,"91,422"
2317 鴻海,2019/4/16,68.0325,68.0325,66.6183,66.916,"82,925"
2317 鴻海,2019/4/15,65.3529,66.8416,64.9063,66.4694,"73,767"
2317 鴻海,2019/4/12,63.7154,64.5342,63.7154,64.3853,"60,490"
2317 鴻海,2019/4/11,62.2267,63.0455,62.0034,62.3756,"46,823"
2317 鴻海,2019/4/10,61.7057,62.0778,61.3335,61.7801,"34,543"
2317 鴻海,2019/4/9,61.6312,61.7057,61.0358,61.4079,"28,246"
2317 鴻海,2019/4/8,61.4079,61.8545,61.0358,61.3335,"50,206"
2317 鴻海,2019/4/3,61.2591,61.5568,60.0681,60.9613,"42,366"
2317 鴻海,2019/4/2,60.8869,62.2267,60.5147,61.0358,"102,552"
2317 鴻海,2019/4/1,57.3141,60.1426,57.0908,60.1426,"171,442"
2317 鴻海,2019/3/29,53.5179,54.7089,53.2946,54.7089,"37,626"
2317 鴻海,2019/3/28,53.5924,53.5924,53.2202,53.4435,"7,847"
2317 鴻海,2019/3/27,53.5924,53.5924,53.4435,53.5179,"9,927"
2317 鴻海,2019/3/26,53.4435,53.5179,53.2202,53.4435,"6,931"
2317 鴻海,2019/3/25,53.5924,53.5924,52.9225,52.9969,"20,943"
2317 鴻海,2019/3/22,54.6344,54.7089,53.8901,54.3367,"15,792"
2317 鴻海,2019/3/21,54.039,54.4111,53.9645,54.3367,"18,642"
2317 鴻海,2019/3/20,53.7412,53.9645,53.5924,53.8901,"13,949"
2317 鴻海,2019/3/19,53.5924,54.039,53.3691,53.8157,"15,694"
2317 鴻海,2019/3/18,52.9225,53.5924,52.848,53.5924,"19,365"
2317 鴻海,2019/3/15,52.848,52.9225,52.5503,52.5503,"39,456"
2317 鴻海,2019/3/14,52.848,53.0713,52.6247,52.9225,"15,826"
2317 鴻海,2019/3/13,52.6992,52.9225,52.5503,52.6247,"15,570"
2317 鴻海,2019/3/12,52.848,53.1458,52.6992,52.9969,"17,317"
2317 鴻海,2019/3/11,52.6247,52.6992,52.327,52.4014,"16,883"
2317 鴻海,2019/3/8,53.2202,53.2202,52.5503,52.6247,"26,489"
2317 鴻海,2019/3/7,53.8901,53.9645,53.2202,53.2946,"18,711"
2317 鴻海,2019/3/6,53.8157,53.9645,53.5924,53.9645,"12,965"
2317 鴻海,2019/3/5,53.2946,53.5924,53.0713,53.5179,"15,266"
2317 鴻海,2019/3/4,53.8157,53.8901,53.2202,53.7412,"35,967"
2317 鴻海,2019/2/27,54.2623,54.3367,53.8157,54.1134,"24,412"
2317 鴻海,2019/2/26,54.7833,54.9322,54.1878,54.1878,"21,006"
2317 鴻海,2019/2/25,54.7089,54.7089,54.1134,54.6344,"23,324"
2317 鴻海,2019/2/22,54.7089,54.7089,54.3367,54.7089,"24,033"
2317 鴻海,2019/2/21,54.7833,54.9322,54.3367,54.9322,"29,935"
2317 鴻海,2019/2/20,54.039,54.9322,53.8901,54.4856,"47,550"
2317 鴻海,2019/2/19,53.1458,53.8157,53.1458,53.5924,"57,110"
2317 鴻海,2019/2/18,52.6992,53.3691,52.6992,52.848,"24,104"
2317 鴻海,2019/2/15,53.2202,53.2202,52.327,52.327,"24,217"
2317 鴻海,2019/2/14,53.5924,53.7412,53.1458,53.1458,"15,001"
2317 鴻海,2019/2/13,53.7412,54.1878,53.2946,53.5924,"31,353"
2317 鴻海,2019/2/12,52.4759,53.5924,52.2526,53.5924,"39,354"
2317 鴻海,2019/2/11,53.0713,53.0713,52.0293,52.0293,"40,173"
2317 鴻海,2019/1/30,52.0293,52.4759,51.9548,52.1037,"32,866"
2317 鴻海,2019/1/29,52.0293,52.5503,51.9548,52.0293,"25,436"
2317 鴻海,2019/1/28,52.6992,52.848,52.5503,52.6992,"25,776"
2317 鴻海,2019/1/25,52.2526,52.7736,52.2526,52.6247,"37,127"
2317 鴻海,2019/1/24,51.7315,52.1781,51.7315,52.1037,"21,008"
2317 鴻海,2019/1/23,52.4759,52.4759,51.806,51.8804,"14,218"
2317 鴻海,2019/1/22,52.9969,52.9969,52.327,52.6247,"9,804"
2317 鴻海,2019/1/21,53.0713,53.1458,52.7736,52.9969,"13,812"
2317 鴻海,2019/1/18,52.4759,52.6992,52.327,52.6992,"13,989"
2317 鴻海,2019/1/17,52.6247,52.7736,52.1037,52.4014,"14,229"
2317 鴻海,2019/1/16,51.9548,52.4759,51.9548,52.2526,"16,978"
2317 鴻海,2019/1/15,51.7315,52.5503,51.7315,52.327,"34,095"
2317 鴻海,2019/1/14,51.5827,51.8804,51.0616,51.1361,"14,186"
2317 鴻海,2019/1/11,51.9548,52.2526,51.6571,51.6571,"23,895"
2317 鴻海,2019/1/10,51.9548,51.9548,51.2849,51.5827,"19,041"
2317 鴻海,2019/1/9,51.2849,52.2526,51.2105,52.0293,"31,946"
2317 鴻海,2019/1/8,51.806,51.806,50.7639,51.0616,"18,303"
2317 鴻海,2019/1/7,51.1361,51.6571,50.8383,51.5827,"24,084"
2317 鴻海,2019/1/4,50.7639,50.7639,49.8707,50.3173,"37,313"
2317 鴻海,2019/1/3,51.3594,51.6571,50.9872,51.2849,"36,659"
2317 鴻海,2019/1/2,53.1458,53.1458,52.0293,52.1781,"16,775"
2317 鴻海,2018/12/28,52.7736,52.9225,52.6247,52.6992,"16,169"
2317 鴻海,2018/12/27,53.4435,53.4435,52.6992,52.6992,"17,074"
2317 鴻海,2018/12/26,52.7736,52.9969,52.2526,52.2526,"9,507"
2317 鴻海,2018/12/25,52.1037,52.7736,52.1037,52.6247,"10,943"
2317 鴻海,2018/12/24,52.6992,53.1458,52.6247,53.1458,"11,791"
2317 鴻海,2018/12/22,52.848,53.0713,52.6992,52.7736,"6,222"
2317 鴻海,2018/12/21,52.5503,53.1458,52.2526,53.1458,"33,136"
2317 鴻海,2018/12/20,52.9225,53.7412,52.7736,53.2202,"25,245"
2317 鴻海,2018/12/19,52.7736,53.4435,52.6992,53.4435,"17,964"
2317 鴻海,2018/12/18,52.4759,52.6992,52.1781,52.6992,"22,953"
2317 鴻海,2018/12/17,53.2946,53.7412,52.9225,52.9225,"17,849"
2317 鴻海,2018/12/14,54.039,54.039,52.9225,53.2202,"31,646"
2317 鴻海,2018/12/13,52.9969,54.3367,52.9969,54.3367,"46,486"
2317 鴻海,2018/12/12,52.4759,53.3691,52.1781,52.9969,"52,213"
2317 鴻海,2018/12/11,50.9872,51.5082,50.9128,50.9128,"27,863"
2317 鴻海,2018/12/10,50.7639,50.9128,50.3173,50.3917,"34,179"
2317 鴻海,2018/12/7,51.5082,51.806,51.4338,51.4338,"29,788"
2317 鴻海,2018/12/6,52.327,52.848,51.2105,51.3594,"74,371"
2317 鴻海,2018/12/5,53.8157,53.9645,53.2202,53.2946,"23,898"
2317 鴻海,2018/12/4,55.0811,55.0811,54.4111,54.6344,"23,375"
2317 鴻海,2018/12/3,54.4111,55.3044,54.4111,55.0811,"44,756"
2317 鴻海,2018/11/30,54.039,55.0066,53.5179,53.5179,"79,512"
2317 鴻海,2018/11/29,55.3788,55.4532,53.8901,53.8901,"44,209"
2317 鴻海,2018/11/28,52.848,54.6344,52.848,54.4111,"48,699"
2317 鴻海,2018/11/27,52.848,52.848,52.1781,52.6247,"24,442"
2317 鴻海,2018/11/26,53.0713,53.2202,52.5503,52.848,"25,629"
2317 鴻海,2018/11/23,52.0293,52.4014,51.806,52.1037,"23,607"
2317 鴻海,2018/11/22,52.5503,52.848,51.6571,51.7315,"34,033"
2317 鴻海,2018/11/21,51.3594,52.7736,51.2849,52.5503,"43,288"
2317 鴻海,2018/11/20,53.5924,54.1134,52.848,52.848,"41,385"
2317 鴻海,2018/11/19,54.8577,54.9322,54.4111,54.6344,"29,570"
2317 鴻海,2018/11/16,55.751,55.8254,54.9322,55.3044,"23,952"
2317 鴻海,2018/11/15,54.56,56.1231,53.9645,55.4532,"37,827"
2317 鴻海,2018/11/14,55.5277,55.6021,54.3367,54.56,"35,175"
2317 鴻海,2018/11/13,55.3788,55.6765,54.9322,55.3788,"31,659"
2317 鴻海,2018/11/12,56.4953,57.2396,56.4209,56.7186,"22,024"
2317 鴻海,2018/11/9,56.9419,57.0163,56.1976,56.6442,"29,900"
2317 鴻海,2018/11/8,58.2073,58.3561,57.0163,57.0163,"30,437"
2317 鴻海,2018/11/7,58.3561,58.3561,57.6118,57.984,"23,857"
2317 鴻海,2018/11/6,59.1749,59.2493,57.3885,57.5374,"27,208"
2317 鴻海,2018/11/5,60.2914,60.2914,59.1749,59.5471,"22,500"
2317 鴻海,2018/11/2,59.3238,60.738,58.5794,60.2914,"36,586"
2317 鴻海,2018/11/1,58.8027,59.5471,58.5794,59.4726,"27,825"
2317 鴻海,2018/10/31,58.1328,58.6539,57.8351,58.6539,"38,572"
2317 鴻海,2018/10/30,56.1976,56.9419,56.0487,56.8675,"25,361"
2317 鴻海,2018/10/29,58.2073,58.2073,56.1976,56.1976,"38,484"
2317 鴻海,2018/10/26,59.3982,59.3982,56.1976,56.7186,"94,812"
2317 鴻海,2018/10/25,61.4972,61.4972,61.4972,61.4972,0
2317 鴻海,2018/10/24,61.4972,61.4972,61.4972,61.4972,0
2317 鴻海,2018/10/23,61.4972,61.4972,61.4972,61.4972,0
2317 鴻海,2018/10/22,61.4972,61.4972,61.4972,61.4972,0
2317 鴻海,2018/10/19,61.4972,61.4972,61.4972,61.4972,0
2317 鴻海,2018/10/18,61.4972,61.4972,61.4972,61.4972,0
2317 鴻海,2018/10/17,63.8451,64.116,61.4972,61.4972,"89,222"
2317 鴻海,2018/10/16,63.3033,63.6645,63.213,63.5742,"55,483"
2317 鴻海,2018/10/15,64.2966,64.2966,63.3936,63.6645,"41,594"
2317 鴻海,2018/10/12,63.213,65.0191,62.9421,64.9288,"52,966"
2317 鴻海,2018/10/11,65.1997,65.29,63.213,63.3033,"108,003"
2317 鴻海,2018/10/9,68.3603,68.6313,67.9991,67.9991,"21,977"
2317 鴻海,2018/10/8,68.0894,68.7216,67.9991,68.1797,"19,798"
2317 鴻海,2018/10/5,68.8119,69.0828,67.9088,68.27,"33,643"
2317 鴻海,2018/10/4,70.1664,70.2567,68.8119,68.8119,"30,305"
2317 鴻海,2018/10/3,70.5276,70.6179,70.0761,70.2567,"29,803"
2317 鴻海,2018/10/2,72.5143,72.6046,70.5276,70.5276,"39,883"
2317 鴻海,2018/10/1,72.1531,72.6046,71.8822,72.1531,"27,677"
2317 鴻海,2018/9/28,71.2501,71.7919,70.5276,71.521,"38,218"
2317 鴻海,2018/9/27,69.9858,71.0695,69.8052,71.0695,"30,732"
2317 鴻海,2018/9/26,69.3537,70.347,69.0828,69.8052,"32,305"
2317 鴻海,2018/9/25,68.1797,68.9022,67.9088,68.7216,"20,826"
2317 鴻海,2018/9/21,68.4506,68.8119,67.8185,68.4506,"53,479"
2317 鴻海,2018/9/20,68.8119,68.9022,67.9088,68.27,"26,602"
2317 鴻海,2018/9/19,68.8119,69.0828,68.4506,68.9925,"30,577"
2317 鴻海,2018/9/18,69.6246,69.7149,68.4506,68.4506,"34,636"
2317 鴻海,2018/9/17,70.4373,70.4373,69.9858,70.2567,"15,468"
2317 鴻海,2018/9/14,69.2634,70.4373,69.2634,70.347,"33,519"
2317 鴻海,2018/9/13,69.5343,69.5343,68.4506,68.6313,"36,880"
2317 鴻海,2018/9/12,70.4373,70.7082,69.1731,69.5343,"43,943"
2317 鴻海,2018/9/11,68.0894,70.1664,68.0894,70.1664,"50,323"
2317 鴻海,2018/9/10,69.8955,69.9858,67.5476,67.8185,"86,398"
2317 鴻海,2018/9/7,71.4307,71.4307,69.9858,70.1664,"66,871"
2317 鴻海,2018/9/6,72.2434,72.3337,71.4307,71.6113,"44,505"
2317 鴻海,2018/9/5,72.6949,72.6949,72.3337,72.3337,"28,331"
2317 鴻海,2018/9/4,72.424,72.6949,72.3337,72.3337,"17,486"
2317 鴻海,2018/9/3,72.8756,72.8756,72.3337,72.3337,"24,454"
2317 鴻海,2018/8/31,72.8756,72.9659,72.5143,72.6949,"43,337"
2317 鴻海,2018/8/30,73.6883,73.6883,73.0562,73.0562,"26,893"
2317 鴻海,2018/8/29,73.3271,73.5077,73.2368,73.5077,"21,820"
2317 鴻海,2018/8/28,73.4174,73.598,73.1465,73.3271,"23,085"
2317 鴻海,2018/8/27,73.2368,73.4174,72.9659,73.1465,"19,918"
2317 鴻海,2018/8/24,73.598,73.6883,72.6949,73.2368,"21,486"
2317 鴻海,2018/8/23,74.1398,74.1398,73.1465,73.8689,"21,287"
2317 鴻海,2018/8/22,73.3271,73.9592,73.3271,73.7786,"17,172"
2317 鴻海,2018/8/21,73.3271,73.4174,73.1465,73.1465,"21,770"
2317 鴻海,2018/8/20,73.2368,73.6883,73.1465,73.1465,"21,233"
2317 鴻海,2018/8/17,74.0495,74.1398,73.2368,73.2368,"23,859"
2317 鴻海,2018/8/16,73.1465,73.8689,72.5143,73.3271,"26,187"
2317 鴻海,2018/8/15,73.1465,73.598,72.5143,73.2368,"47,184"
2317 鴻海,2018/8/14,75.0429,75.0429,72.9659,73.4174,"74,063"
2317 鴻海,2018/8/13,77.5714,77.6617,75.4041,75.675,"35,247"
2317 鴻海,2018/8/10,77.1199,77.6617,77.0295,77.5714,"33,324"
2317 鴻海,2018/8/9,77.3005,77.3005,76.7586,76.9392,"26,007"
2317 鴻海,2018/8/8,76.7586,76.8489,76.2168,76.7586,"32,682"
2317 鴻海,2018/8/7,76.9392,76.9392,76.2168,76.2168,"31,057"
2317 鴻海,2018/8/6,75.4944,76.6683,75.4944,76.3974,"23,111"
2317 鴻海,2018/8/3,75.4944,75.675,74.9525,75.675,"23,113"
2317 鴻海,2018/8/2,76.3071,76.3071,74.5913,74.7719,"30,535"
2317 鴻海,2018/8/1,75.7653,76.1265,75.4041,75.9459,"30,518"
2317 鴻海,2018/7/31,75.4944,75.8556,75.3138,75.675,"25,939"
2317 鴻海,2018/7/30,75.3138,76.1265,75.0429,76.0362,"37,142"
2317 鴻海,2018/7/27,75.2235,75.5847,74.9525,75.1332,"23,752"
2317 鴻海,2018/7/26,74.501,75.4041,74.2301,75.4041,"26,804"
2317 鴻海,2018/7/25,74.7719,75.1332,74.4107,74.6816,"37,942"
2317 鴻海,2018/7/24,75.0449,75.8386,74.9567,75.1331,"64,869"
2317 鴻海,2018/7/23,75.4858,75.574,74.8686,75.3977,"35,744"
2317 鴻海,2018/7/20,75.3977,75.6622,74.2513,75.2213,"38,980"
2317 鴻海,2018/7/19,74.5158,75.1331,74.3394,75.1331,"38,913"
2317 鴻海,2018/7/18,73.8985,74.4276,73.5458,74.1631,"46,690"
2317 鴻海,2018/7/17,73.1049,73.634,72.7521,73.1049,"23,732"
2317 鴻海,2018/7/16,73.1931,73.5458,73.0167,73.0167,"24,798"
2317 鴻海,2018/7/13,72.0467,73.1049,72.0467,73.1049,"36,224"
2317 鴻海,2018/7/12,71.253,72.1348,71.253,71.6057,"26,209"
2317 鴻海,2018/7/11,71.0766,72.3112,71.0766,71.9585,"37,731"
2317 鴻海,2018/7/10,71.6057,71.6939,70.8121,70.9884,"31,352"
2317 鴻海,2018/7/9,71.7821,71.9585,71.1648,71.253,"23,838"
2317 鴻海,2018/7/6,71.3412,71.6057,70.7239,70.9884,"39,278"
2317 鴻海,2018/7/5,72.0467,72.1348,71.4294,71.6057,"17,474"
2317 鴻海,2018/7/4,71.253,71.9585,71.253,71.9585,"17,452"
2317 鴻海,2018/7/3,71.5175,72.0467,70.9884,71.1648,"23,992"
2317 鴻海,2018/7/2,73.4576,73.4576,71.4294,71.4294,"34,168"
2317 鴻海,2018/6/29,71.5175,73.3694,71.4294,73.3694,"39,735"
2317 鴻海,2018/6/28,71.3412,71.5175,70.8121,70.9884,"28,261"
2317 鴻海,2018/6/27,71.5175,71.8703,71.3412,71.3412,"32,923"
2317 鴻海,2018/6/26,71.3412,71.9585,70.8121,71.4294,"41,777"
2317 鴻海,2018/6/25,72.3994,72.4876,71.8703,71.8703,"35,870"
2317 鴻海,2018/6/22,72.3112,72.6639,72.1348,72.5758,"33,349"
2317 鴻海,2018/6/21,73.1931,73.634,72.9285,72.9285,"30,789"
2317 鴻海,2018/6/20,72.5758,73.5458,72.1348,73.1931,"47,643"
2317 鴻海,2018/6/19,73.7222,74.2513,73.1931,73.1931,"66,100"
2317 鴻海,2018/6/15,74.7804,75.1331,74.5158,74.9567,"55,144"
2317 鴻海,2018/6/14,76.5441,76.985,75.3977,75.3977,"63,053"
2317 鴻海,2018/6/13,77.6023,77.955,76.985,77.4259,"28,052"
2317 鴻海,2018/6/12,76.985,77.7786,76.8086,77.3377,"45,276"
2317 鴻海,2018/6/11,77.6905,77.955,76.8086,77.0732,"40,059"
2317 鴻海,2018/6/8,80.5124,81.0415,77.6023,77.8668,"100,334"
2317 鴻海,2018/6/7,79.2778,80.4242,78.7487,80.4242,"90,021"
2317 鴻海,2018/6/6,77.6023,78.6605,77.6023,78.5723,"46,432"
2317 鴻海,2018/6/5,77.6023,78.0432,77.1613,77.6905,"32,115"
2317 鴻海,2018/6/4,77.1613,77.6023,77.0732,77.4259,"35,011"
2317 鴻海,2018/6/1,76.015,76.7204,75.9268,76.3677,"21,701"
2317 鴻海,2018/5/31,77.0732,77.6023,75.574,75.574,"83,601"
2317 鴻海,2018/5/30,76.2795,77.6905,76.2795,77.0732,"39,291"
2317 鴻海,2018/5/29,78.3959,78.4841,77.1613,77.2495,"42,302"
2317 鴻海,2018/5/28,77.7786,78.3959,77.4259,78.3077,"65,484"
2317 鴻海,2018/5/25,74.5158,76.7204,74.3394,76.2795,"50,653"
2317 鴻海,2018/5/24,73.634,74.4276,73.634,74.1631,"22,938"
2317 鴻海,2018/5/23,74.5158,74.6922,73.7222,73.7222,"20,057"
2317 鴻海,2018/5/22,75.0449,75.3095,74.0749,74.0749,"25,590"
2317 鴻海,2018/5/21,74.4276,75.3977,74.4276,74.9567,"23,998"
2317 鴻海,2018/5/18,74.4276,74.9567,73.9867,73.9867,"23,937"
2317 鴻海,2018/5/17,74.7804,75.4858,74.2513,74.2513,"28,341"
2317 鴻海,2018/5/16,75.4858,75.7504,74.1631,74.604,"55,360"
2317 鴻海,2018/5/15,78.4841,78.4841,75.8386,75.8386,"72,738"
2317 鴻海,2018/5/14,79.7187,79.7187,77.3377,78.4841,"128,444"
2317 鴻海,2018/5/11,74.1631,74.9567,73.7222,74.9567,"47,533"
2317 鴻海,2018/5/10,72.5758,73.1931,72.3994,73.1049,"25,511"
2317 鴻海,2018/5/9,72.1348,73.2812,72.1348,72.1348,"31,879"
2317 鴻海,2018/5/8,71.6939,72.8403,71.6939,72.8403,"28,772"
2317 鴻海,2018/5/7,71.8703,72.3112,71.0766,71.9585,"26,861"
2317 鴻海,2018/5/4,70.6357,71.3412,70.6357,70.9003,"25,106"
2317 鴻海,2018/5/3,70.8121,71.253,70.6357,70.6357,"50,884"
2317 鴻海,2018/5/2,73.4576,73.7222,72.0467,72.1348,"37,067"
2317 鴻海,2018/4/30,72.4876,73.1931,71.8703,73.1049,"29,947"
2317 鴻海,2018/4/27,71.7821,71.8703,71.253,71.8703,"27,812"
2317 鴻海,2018/4/26,71.8703,72.3112,70.9884,71.0766,"38,295"
2317 鴻海,2018/4/25,70.4593,71.0766,70.1066,70.9003,"50,379"
2317 鴻海,2018/4/24,72.5758,72.6639,70.9003,71.0766,"71,954"
2317 鴻海,2018/4/23,73.7222,73.9867,73.1931,73.1931,"45,407"
2317 鴻海,2018/4/20,73.8985,74.4276,73.634,74.0749,"31,409"
2317 鴻海,2018/4/19,74.0749,75.4858,73.1049,74.9567,"69,794"
2317 鴻海,2018/4/18,76.3677,76.7204,74.7804,74.7804,"74,089"
2317 鴻海,2018/4/17,76.8968,76.985,76.2795,76.2795,"42,604"
2317 鴻海,2018/4/16,76.8086,77.6023,76.5441,77.2495,"25,624"
2317 鴻海,2018/4/13,76.7204,76.985,76.6322,76.7204,"26,216"
2317 鴻海,2018/4/12,76.8086,77.1613,76.5441,76.5441,"39,294"
2317 鴻海,2018/4/11,77.3377,78.3959,76.985,76.985,"40,026"
2317 鴻海,2018/4/10,76.5441,77.1613,76.5441,76.7204,"35,830"
2317 鴻海,2018/4/9,76.3677,77.6023,76.2795,77.0732,"57,130"
2317 鴻海,2018/4/3,76.8086,77.1613,76.6322,76.8968,"59,828"
2317 鴻海,2018/4/2,78.0432,78.8369,77.1613,77.6905,"54,717"
2317 鴻海,2018/3/31,79.4541,79.8069,77.6023,78.0432,"136,508"
2317 鴻海,2018/3/30,80.1596,81.3942,80.1596,80.6005,"34,489"
2317 鴻海,2018/3/29,79.366,79.8951,79.1014,79.366,"30,403"
2317 鴻海,2018/3/28,80.1596,80.1596,79.4541,79.4541,"23,082"
2317 鴻海,2018/3/27,80.2478,80.6887,79.9833,80.4242,"30,083"
2317 鴻海,2018/3/26,79.1014,79.6305,79.1014,79.5423,"32,305"
2317 鴻海,2018/3/23,80.2478,80.7769,79.7187,79.7187,"58,645"
2317 鴻海,2018/3/22,82.0115,82.3642,81.4824,81.8351,"25,353"
2317 鴻海,2018/3/21,81.306,81.9233,81.306,81.4824,"28,202"
2317 鴻海,2018/3/20,81.7469,81.9233,81.4824,81.6588,"27,906"
2317 鴻海,2018/3/19,81.6588,82.4524,81.4824,81.9233,"29,752"
2317 鴻海,2018/3/16,82.9815,82.9815,81.8351,81.8351,"71,628"
2317 鴻海,2018/3/15,81.8351,83.5106,81.3942,82.3642,"41,628"
2317 鴻海,2018/3/14,82.9815,83.2461,82.276,82.276,"49,836"
2317 鴻海,2018/3/13,83.7752,85.0979,83.5988,83.9515,"86,118"
2317 鴻海,2018/3/12,82.8052,83.3343,82.1879,83.1579,"88,739"
2317 鴻海,2018/3/9,80.2478,81.3942,79.6305,81.0415,"87,372"
2317 鴻海,2018/3/8,78.8369,79.2778,78.1314,78.8369,"33,448"
2317 鴻海,2018/3/7,78.1314,79.4541,77.8668,78.0432,"44,181"
2317 鴻海,2018/3/6,77.8668,78.3077,77.4259,77.7786,"35,392"
2317 鴻海,2018/3/5,77.3377,77.6905,76.7204,76.7204,"31,341"
2317 鴻海,2018/3/2,76.8968,77.4259,76.7204,77.4259,"28,180"
2317 鴻海,2018/3/1,77.4259,77.8668,77.1613,77.5141,"42,073"
2317 鴻海,2018/2/27,78.925,79.1014,77.6905,77.6905,"41,590"
2317 鴻海,2018/2/26,78.4841,79.1896,78.3077,78.3077,"41,008"
2317 鴻海,2018/2/23,77.6905,79.1014,77.6905,78.3959,"53,746"
2317 鴻海,2018/2/22,77.4259,77.955,77.2495,77.5141,"45,588"
2317 鴻海,2018/2/21,77.7786,78.4841,77.7786,77.7786,"61,995"
2317 鴻海,2018/2/12,77.3377,78.1314,77.2495,77.2495,"63,847"
2317 鴻海,2018/2/9,75.9268,77.6023,75.9268,77.1613,"67,539"
2317 鴻海,2018/2/8,79.366,79.7187,78.4841,78.4841,"40,492"
2317 鴻海,2018/2/7,80.5124,80.5124,79.366,79.366,"72,117"
2317 鴻海,2018/2/6,79.8951,80.4242,77.6905,78.6605,"143,785"
2317 鴻海,2018/2/5,81.5706,82.4524,81.5706,81.8351,"61,248"
2317 鴻海,2018/2/2,82.717,84.1279,82.6288,83.9515,"47,972"
2317 鴻海,2018/2/1,81.6588,83.5988,81.6588,82.4524,"40,795"
2317 鴻海,2018/1/31,81.2178,82.0115,81.2178,81.306,"56,868"
2317 鴻海,2018/1/30,83.0697,83.687,82.5406,82.5406,"38,358"
2317 鴻海,2018/1/29,84.1279,84.3925,83.3343,83.5106,"46,205"
2317 鴻海,2018/1/26,83.9515,84.7452,83.7752,84.1279,"45,822"
2317 鴻海,2018/1/25,83.9515,85.0979,83.9515,84.1279,"56,900"
2317 鴻海,2018/1/24,85.3625,85.3625,84.4807,84.5688,"42,324"
2317 鴻海,2018/1/23,84.657,85.4507,84.2161,85.4507,"50,229"
2317 鴻海,2018/1/22,85.7152,85.8916,84.7452,85.1861,"61,170"
2317 鴻海,2018/1/19,82.8933,85.4507,82.8933,85.4507,"101,433"
2317 鴻海,2018/1/18,82.9815,83.5988,82.717,82.717,"56,382"
2317 鴻海,2018/1/17,81.8351,82.4524,81.6588,82.3642,"37,263"
2317 鴻海,2018/1/16,82.5406,82.6288,82.0115,82.3642,"40,639"
2317 鴻海,2018/1/15,81.7469,82.276,81.4824,82.276,"42,031"
2317 鴻海,2018/1/12,80.7769,81.4824,80.6887,80.9533,"48,985"
2317 鴻海,2018/1/11,80.4242,81.5706,80.1596,80.6005,"66,709"
2317 鴻海,2018/1/10,80.4242,80.6887,79.8951,80.0714,"56,026"
2317 鴻海,2018/1/9,81.5706,81.6588,80.9533,80.9533,"37,896"
2317 鴻海,2018/1/8,81.3942,81.6588,80.8651,80.9533,"50,081"
2317 鴻海,2018/1/5,81.3942,82.0115,80.7769,82.0115,"59,252"
2317 鴻海,2018/1/4,82.5406,82.8052,81.5706,81.6588,"53,756"
2317 鴻海,2018/1/3,83.7752,84.0397,82.8933,82.8933,"58,507"
2317 鴻海,2018/1/2,84.1279,84.3925,83.1579,83.7752,"28,602"
2317 鴻海,2017/12/29,83.5106,84.0397,83.4224,83.9515,"37,907"
2317 鴻海,2017/12/28,82.1879,83.5106,81.9233,83.1579,"40,309"
2317 鴻海,2017/12/27,80.8651,81.306,80.6887,81.306,"21,235"
2317 鴻海,2017/12/26,81.1296,81.2178,79.8069,80.4242,"26,648"
2317 鴻海,2017/12/25,82.0115,82.1879,81.2178,81.2178,"12,571"
2317 鴻海,2017/12/22,81.9233,81.9233,81.4824,81.9233,"17,238"
2317 鴻海,2017/12/21,82.0115,82.0997,81.3942,81.3942,"20,805"
2317 鴻海,2017/12/20,79.8069,81.7469,79.8069,81.7469,"40,554"
2317 鴻海,2017/12/19,82.0997,82.4524,80.4242,80.4242,"68,473"
2317 鴻海,2017/12/18,83.3343,83.3343,82.5406,82.5406,"21,578"
2317 鴻海,2017/12/15,83.3343,83.4224,82.4524,82.4524,"51,848"
2317 鴻海,2017/12/14,82.9815,84.2161,82.9815,83.687,"32,612"
2317 鴻海,2017/12/13,82.4524,82.9815,82.276,82.6288,"36,948"
2317 鴻海,2017/12/12,84.657,84.657,82.8933,82.9815,"50,860"
2317 鴻海,2017/12/11,84.3925,85.8034,84.3043,84.657,"72,637"
2317 鴻海,2017/12/8,82.1879,83.1579,81.5706,82.5406,"45,334"
2317 鴻海,2017/12/7,82.5406,83.1579,82.0115,82.5406,"40,330"
2317 鴻海,2017/12/6,82.4524,83.3343,82.0115,82.0115,"98,881"
2317 鴻海,2017/12/5,86.2443,86.3325,84.2161,84.3043,"93,683"
2317 鴻海,2017/12/4,86.8616,87.5671,86.4207,87.3026,"43,293"
2317 鴻海,2017/12/1,88.1844,88.6253,86.4207,87.3907,"81,553"
2317 鴻海,2017/11/30,89.9481,90.389,88.1844,88.1844,"78,888"
2317 鴻海,2017/11/29,90.8299,91.2709,90.389,90.8299,"29,979"
2317 鴻海,2017/11/28,90.8299,91.2709,89.9481,90.389,"38,065"
2317 鴻海,2017/11/27,92.1527,92.5936,90.8299,90.8299,"36,176"
2317 鴻海,2017/11/24,92.5936,93.4755,92.1527,92.1527,"23,221"
2317 鴻海,2017/11/23,91.7118,93.4755,91.7118,93.4755,"31,314"
2317 鴻海,2017/11/22,91.7118,92.5936,91.7118,91.7118,"47,707"
2317 鴻海,2017/11/21,92.1527,92.5936,91.7118,91.7118,"34,836"
2317 鴻海,2017/11/20,93.0345,93.0345,91.7118,91.7118,"35,010"
2317 鴻海,2017/11/17,93.0345,93.9164,93.0345,93.0345,"53,510"
2317 鴻海,2017/11/16,90.389,92.1527,90.389,91.7118,"48,894"
2317 鴻海,2017/11/15,90.8299,92.1527,90.8299,90.8299,"127,903"
2317 鴻海,2017/11/14,95.2392,95.2392,93.4755,93.4755,"27,612"
2317 鴻海,2017/11/13,94.7982,95.2392,93.9164,94.3573,"24,375"
2317 鴻海,2017/11/10,93.9164,95.2392,93.4755,94.7982,"51,985"
2317 鴻海,2017/11/9,97.8847,98.3256,95.6801,95.6801,"41,021"
2317 鴻海,2017/11/8,99.2074,99.6484,97.8847,97.8847,"25,853"
2317 鴻海,2017/11/7,100.5302,100.5302,98.7665,98.7665,"30,062"
2317 鴻海,2017/11/6,100.9711,100.9711,99.6484,99.6484,"22,917"
2317 鴻海,2017/11/3,99.6484,100.9711,99.2074,99.6484,"34,130"
2317 鴻海,2017/11/2,98.3256,99.6484,98.3256,99.2074,"23,729"
2317 鴻海,2017/11/1,99.2074,99.6484,98.3256,98.7665,"21,096"
2317 鴻海,2017/10/31,99.2074,99.6484,98.3256,98.7665,"33,161"
2317 鴻海,2017/10/30,99.6484,100.5302,98.3256,98.3256,"42,080"
2317 鴻海,2017/10/27,98.3256,98.7665,97.0028,97.0028,"27,118"
2317 鴻海,2017/10/26,97.0028,98.3256,97.0028,97.4438,"19,615"
2317 鴻海,2017/10/25,97.8847,98.3256,97.0028,97.8847,"29,879"
2317 鴻海,2017/10/24,97.0028,98.3256,96.121,96.5619,"28,243"
2317 鴻海,2017/10/23,99.2074,99.6484,96.121,96.5619,"31,138"
2317 鴻海,2017/10/20,98.7665,99.6484,97.8847,98.7665,"28,950"
2317 鴻海,2017/10/19,98.7665,100.0893,98.3256,99.6484,"44,806"
2317 鴻海,2017/10/18,98.3256,98.7665,97.0028,98.3256,"39,251"
2317 鴻海,2017/10/17,97.8847,97.8847,96.5619,97.4438,"40,472"
2317 鴻海,2017/10/16,96.121,97.0028,95.2392,96.5619,"34,884"
2317 鴻海,2017/10/13,95.2392,95.2392,94.3573,95.2392,"26,951"
2317 鴻海,2017/10/12,95.6801,96.121,94.7982,95.2392,"41,863"
2317 鴻海,2017/10/11,94.7982,96.121,94.3573,94.3573,"44,155"
2317 鴻海,2017/10/6,93.9164,94.3573,93.4755,93.9164,"22,385"
2317 鴻海,2017/10/5,93.9164,94.3573,92.5936,93.4755,"22,523"
2317 鴻海,2017/10/3,94.7982,95.2392,93.4755,93.4755,"26,015"
2317 鴻海,2017/10/2,95.2392,95.2392,94.3573,94.3573,"24,692"
2317 鴻海,2017/9/30,93.4755,94.3573,93.0345,94.3573,"15,841"
2317 鴻海,2017/9/29,92.1527,93.0345,91.2709,92.5936,"35,552"
2317 鴻海,2017/9/28,93.4755,93.4755,91.7118,92.1527,"36,877"
2317 鴻海,2017/9/27,92.5936,93.0345,92.1527,92.5936,"37,848"
2317 鴻海,2017/9/26,91.7118,93.4755,90.8299,91.2709,"72,853"
2317 鴻海,2017/9/25,94.3573,94.3573,92.5936,92.5936,"71,182"
2317 鴻海,2017/9/22,96.121,97.0028,95.2392,95.2392,"58,633"
2317 鴻海,2017/9/21,93.0345,98.7665,92.5936,97.8847,"105,628"
2317 鴻海,2017/9/20,96.121,97.0028,93.9164,93.9164,"98,939"
2317 鴻海,2017/9/19,100.0893,100.5302,97.0028,97.0028,"98,361"
2317 鴻海,2017/9/18,100.5302,101.4121,99.6484,100.5302,"46,673"
2317 鴻海,2017/9/15,100.5302,101.4121,100.5302,101.4121,"53,127"
2317 鴻海,2017/9/14,101.853,101.853,100.5302,100.9711,"31,054"
2317 鴻海,2017/9/13,102.7348,103.6167,101.853,101.853,"24,576"
2317 鴻海,2017/9/12,103.1757,103.6167,102.2939,103.1757,"19,715"
2317 鴻海,2017/9/11,103.6167,104.0576,101.853,102.2939,"21,045"
2317 鴻海,2017/9/8,102.2939,103.6167,101.853,103.1757,"39,679"
2317 鴻海,2017/9/7,101.853,102.7348,101.4121,101.853,"25,406"
2317 鴻海,2017/9/6,102.2939,102.7348,101.4121,101.853,"30,304"
2317 鴻海,2017/9/5,102.7348,103.1757,101.853,102.7348,"28,540"
2317 鴻海,2017/9/4,102.7348,103.6167,102.2939,102.7348,"19,131"
2317 鴻海,2017/9/1,103.1757,104.0576,103.1757,103.6167,"17,581"
2317 鴻海,2017/8/31,104.4985,104.9394,103.1757,103.6167,"34,282"
2317 鴻海,2017/8/30,102.2939,103.6167,102.2939,103.6167,"34,362"
2317 鴻海,2017/8/29,101.4121,101.853,101.4121,101.853,"17,096"
2317 鴻海,2017/8/28,102.7348,102.7348,101.4121,101.853,"19,889"
2317 鴻海,2017/8/25,102.2939,102.7348,101.853,102.2939,"20,841"
2317 鴻海,2017/8/24,101.4121,102.2939,101.4121,102.2939,"27,856"
2317 鴻海,2017/8/23,101.853,102.7348,101.4121,101.4121,"30,660"
2317 鴻海,2017/8/22,101.853,102.2939,101.4121,101.4121,"18,866"
2317 鴻海,2017/8/21,100.9711,101.4121,100.5302,101.4121,"18,950"
2317 鴻海,2017/8/18,100.9711,102.2939,100.5302,101.853,"28,090"
2317 鴻海,2017/8/17,101.4121,102.2939,101.4121,102.2939,"18,416"
2317 鴻海,2017/8/16,101.4121,102.2939,100.9711,101.4121,"28,874"
2317 鴻海,2017/8/15,101.853,102.2939,100.9711,101.853,"23,934"
2317 鴻海,2017/8/14,102.7348,102.7348,100.5302,100.5302,"45,566"
2317 鴻海,2017/8/11,100.9711,103.1757,100.9711,102.7348,"46,202"
2317 鴻海,2017/8/10,104.0576,104.0576,101.4121,102.2939,"48,173"
2317 鴻海,2017/8/9,105.3804,106.2622,103.6167,104.0576,"47,421"
2317 鴻海,2017/8/8,107.585,108.0259,105.3804,106.7031,"35,846"
2317 鴻海,2017/8/7,105.3804,107.585,105.3804,107.144,"55,573"
2317 鴻海,2017/8/4,104.9394,105.3804,104.4985,105.3804,"22,973"
2317 鴻海,2017/8/3,103.6167,104.9394,103.6167,104.9394,"32,872"
2317 鴻海,2017/8/2,104.4985,105.3804,103.6167,104.4985,"42,046"
2317 鴻海,2017/8/1,102.7348,103.6167,102.7348,102.7348,"24,368"
2317 鴻海,2017/7/31,102.7348,103.6167,102.7348,103.6167,"26,663"
2317 鴻海,2017/7/28,103.6167,104.0576,102.7348,103.6167,"28,597"
2317 鴻海,2017/7/27,103.1757,104.4985,103.1757,103.6167,"47,888"
2317 鴻海,2017/7/26,103.6167,103.6167,101.853,101.853,"27,988"
2317 鴻海,2017/7/25,102.7348,103.6167,102.2939,103.1757,"39,264"
2317 鴻海,2017/7/24,100.9711,102.2939,100.5302,102.2939,"28,834"
2317 鴻海,2017/7/21,102.7348,102.7348,100.9711,101.4121,"32,812"
2317 鴻海,2017/7/20,104.0576,104.4985,102.7348,102.7348,"34,665"
2317 鴻海,2017/7/19,103.6167,104.0576,103.1757,103.1757,"30,175"
2317 鴻海,2017/7/18,101.853,103.1757,101.4121,103.1757,"34,634"
2317 鴻海,2017/7/17,102.2939,102.2939,101.4121,101.853,"35,526"
2317 鴻海,2017/7/14,102.2939,102.2939,101.4121,101.853,"35,813"
2317 鴻海,2017/7/13,101.853,102.2939,101.4121,101.853,"83,078"
2317 鴻海,2017/7/12,100.5302,101.3785,100.106,100.5302,"91,355"
2317 鴻海,2017/7/11,99.2576,100.5302,98.8335,100.5302,"75,118"
2317 鴻海,2017/7/10,97.5609,98.4093,97.1368,97.9851,"45,153"
2317 鴻海,2017/7/7,97.1368,97.5609,96.7126,97.1368,"32,707"
2317 鴻海,2017/7/6,97.9851,97.9851,96.7126,97.9851,"31,861"
2317 鴻海,2017/7/5,96.2884,98.4093,95.8642,98.4093,"58,318"
2317 鴻海,2017/7/4,98.8335,99.2576,95.8642,95.8642,"65,450"
2317 鴻海,2017/7/3,98.4093,100.106,98.4093,98.8335,"48,446"
2317 鴻海,2017/6/30,99.6818,100.106,98.4093,99.2576,"68,372"
2317 鴻海,2017/6/29,101.3785,101.8027,100.5302,100.9544,"48,517"
2317 鴻海,2017/6/28,101.8027,102.6511,100.106,100.106,"99,401"
2317 鴻海,2017/6/27,100.9544,103.9236,100.9544,103.0753,"83,973"
2317 鴻海,2017/6/26,96.2884,102.6511,95.8642,101.8027,"139,000"
2317 鴻海,2017/6/23,95.8642,96.7126,95.44,95.44,"37,930"
2317 鴻海,2017/6/22,95.8642,97.1368,95.0159,95.44,"59,437"
2317 鴻海,2017/6/21,96.2884,96.7126,95.0159,95.8642,"69,994"
2317 鴻海,2017/6/20,94.5917,97.5609,94.5917,97.1368,"90,852"
2317 鴻海,2017/6/19,89.9257,93.3192,89.9257,92.895,"91,950"
2317 鴻海,2017/6/16,86.9565,89.0774,86.9565,89.0774,"55,593"
2317 鴻海,2017/6/15,86.9565,87.3807,86.5323,86.9565,"22,903"
2317 鴻海,2017/6/14,86.9565,87.3807,85.684,86.5323,"41,192"
2317 鴻海,2017/6/13,85.684,86.9565,85.684,86.5323,"42,832"
2317 鴻海,2017/6/12,87.3807,87.8048,86.5323,86.5323,"49,986"
2317 鴻海,2017/6/9,89.0774,89.9257,89.0774,89.0774,"34,929"
2317 鴻海,2017/6/8,89.0774,89.5016,88.6532,89.0774,"15,154"
2317 鴻海,2017/6/7,89.0774,89.5016,88.6532,89.0774,"27,310"
2317 鴻海,2017/6/6,89.5016,89.5016,89.0774,89.0774,"21,309"
2317 鴻海,2017/6/5,89.0774,89.9257,89.0774,89.5016,"29,383"
2317 鴻海,2017/6/3,89.0774,89.5016,88.6532,89.0774,"9,968"
2317 鴻海,2017/6/2,89.0774,89.5016,88.6532,89.5016,"38,194"
2317 鴻海,2017/6/1,87.8048,88.6532,87.3807,88.6532,"27,441"
2317 鴻海,2017/5/31,87.8048,88.229,87.3807,87.3807,"39,270"
2317 鴻海,2017/5/26,88.229,88.6532,88.229,88.6532,"32,313"
2317 鴻海,2017/5/25,88.6532,89.0774,88.229,89.0774,"29,549"
2317 鴻海,2017/5/24,87.8048,88.6532,87.8048,88.229,"22,403"
2317 鴻海,2017/5/23,87.3807,88.6532,86.9565,88.229,"47,835"
2317 鴻海,2017/5/22,86.9565,86.9565,86.5323,86.9565,"19,574"
2317 鴻海,2017/5/19,86.5323,86.9565,86.1081,86.1081,"18,775"
2317 鴻海,2017/5/18,85.684,86.5323,85.2598,86.5323,"48,593"
2317 鴻海,2017/5/17,87.3807,87.8048,86.5323,87.3807,"27,976"
2317 鴻海,2017/5/16,88.229,88.229,86.9565,87.8048,"37,905"
2317 鴻海,2017/5/15,87.3807,88.6532,86.9565,88.229,"33,740"
2317 鴻海,2017/5/12,88.229,89.0774,86.5323,86.9565,"59,017"
2317 鴻海,2017/5/11,88.229,88.229,87.3807,88.229,"39,791"
2317 鴻海,2017/5/10,89.5016,89.5016,87.3807,88.229,"44,982"
2317 鴻海,2017/5/9,86.5323,89.5016,86.1081,88.229,"106,299"
2317 鴻海,2017/5/8,85.684,86.1081,84.8356,85.684,"23,208"
2317 鴻海,2017/5/5,84.8356,85.684,84.8356,84.8356,"22,247"
2317 鴻海,2017/5/4,85.2598,85.684,84.8356,85.2598,"27,758"
2317 鴻海,2017/5/3,84.8356,86.1081,84.8356,85.2598,"43,599"
2317 鴻海,2017/5/2,84.6659,85.2598,84.6659,84.8356,"146,011"
2317 鴻海,2017/4/28,83.5631,84.4114,83.1389,83.8176,"47,126"
2317 鴻海,2017/4/27,83.3934,83.5631,83.054,83.3934,"26,801"
2317 鴻海,2017/4/26,83.7327,83.7327,83.1389,83.3086,"39,698"
2317 鴻海,2017/4/25,82.8844,83.054,82.3754,83.054,"35,547"
2317 鴻海,2017/4/24,82.8844,82.8844,81.8664,82.2905,"15,423"
2317 鴻海,2017/4/21,81.6118,82.1209,81.6118,81.8664,"14,639"
2317 鴻海,2017/4/20,81.4422,81.6118,81.018,81.4422,"25,323"
2317 鴻海,2017/4/19,81.8664,81.8664,81.2725,81.2725,"30,855"
2317 鴻海,2017/4/18,83.054,83.1389,82.1209,82.2905,"15,171"
2317 鴻海,2017/4/17,82.036,82.545,81.1028,82.545,"28,643"
2317 鴻海,2017/4/14,82.8844,82.9692,82.036,82.036,"35,856"
2317 鴻海,2017/4/13,82.8844,84.2417,82.7147,83.5631,"61,732"
2317 鴻海,2017/4/12,82.6299,82.6299,81.9512,82.545,"40,250"
2317 鴻海,2017/4/11,82.2057,82.7995,81.8664,82.2057,"47,063"
2317 鴻海,2017/4/10,81.4422,81.8664,81.1028,81.8664,"38,875"
2317 鴻海,2017/4/7,82.2905,82.8844,80.7635,81.527,"63,423"
2317 鴻海,2017/4/6,83.3086,83.6479,82.036,82.545,"64,742"
2317 鴻海,2017/4/5,81.4422,83.4782,81.1028,83.1389,"173,212"
2317 鴻海,2017/3/31,77.5397,77.7094,77.2004,77.2004,"27,342"
2317 鴻海,2017/3/30,77.6246,77.7094,77.3701,77.5397,"18,735"
2317 鴻海,2017/3/29,77.7942,77.8791,77.2004,77.6246,"23,560"
2317 鴻海,2017/3/28,77.1156,77.4549,76.8611,77.3701,"27,414"
2317 鴻海,2017/3/27,76.352,77.2004,76.1824,76.7762,"29,369"
2317 鴻海,2017/3/24,76.7762,77.2004,76.7762,76.8611,"19,735"
2317 鴻海,2017/3/23,77.7942,77.7942,77.0307,77.4549,"17,899"
2317 鴻海,2017/3/22,77.0307,77.6246,76.7762,77.6246,"24,413"
2317 鴻海,2017/3/21,77.4549,77.8791,77.4549,77.6246,"30,747"
2317 鴻海,2017/3/20,77.4549,77.5397,77.1156,77.4549,"17,142"
2317 鴻海,2017/3/17,77.4549,77.5397,77.2004,77.5397,"46,804"
2317 鴻海,2017/3/16,76.7762,77.5397,76.6914,77.1156,"38,964"
2317 鴻海,2017/3/15,76.2672,76.6914,76.0975,76.4369,"17,686"
2317 鴻海,2017/3/14,76.352,76.7762,76.2672,76.352,"20,693"
2317 鴻海,2017/3/13,76.5217,76.5217,75.9279,76.352,"15,412"
2317 鴻海,2017/3/10,75.4188,76.352,74.6553,76.2672,"37,663"
2317 鴻海,2017/3/9,76.5217,76.6065,75.7582,75.7582,"34,394"
2317 鴻海,2017/3/8,77.0307,77.2004,76.4369,76.9459,"35,419"
2317 鴻海,2017/3/7,76.2672,76.9459,76.0127,76.7762,"30,330"
2317 鴻海,2017/3/6,75.334,76.2672,75.0795,76.2672,"18,565"
2317 鴻海,2017/3/3,76.0975,76.0975,75.1643,75.334,"30,052"
2317 鴻海,2017/3/2,76.4369,76.6065,75.334,76.0127,"34,409"
2317 鴻海,2017/3/1,76.6914,76.6914,75.5037,75.5037,"31,754"
2317 鴻海,2017/2/24,76.1824,76.6065,75.9279,75.9279,"31,979"
2317 鴻海,2017/2/23,76.1824,76.9459,76.1824,76.6065,"34,602"
2317 鴻海,2017/2/22,76.9459,77.1156,76.352,76.7762,"28,270"
2317 鴻海,2017/2/21,77.2004,77.2004,76.1824,76.7762,"34,779"
2317 鴻海,2017/2/20,76.352,76.5217,76.1824,76.4369,"27,647"
2317 鴻海,2017/2/18,76.352,76.6065,76.0127,76.2672,"11,328"
2317 鴻海,2017/2/17,76.6914,77.1156,76.352,76.352,"30,377"
2317 鴻海,2017/2/16,77.6246,77.8791,76.352,77.2004,"48,156"
2317 鴻海,2017/2/15,76.7762,77.2004,76.4369,77.1156,"75,728"
2317 鴻海,2017/2/14,76.8611,76.9459,76.0127,76.352,"74,367"
2317 鴻海,2017/2/13,75.843,76.2672,75.334,76.2672,"53,359"
2317 鴻海,2017/2/10,75.5037,76.1824,75.0795,75.5885,"83,062"
2317 鴻海,2017/2/9,74.6553,75.4188,74.4008,75.4188,"96,976"
2317 鴻海,2017/2/8,72.9586,74.2311,72.7889,74.2311,"102,312"
2317 鴻海,2017/2/7,72.5344,72.7889,71.7709,72.7889,"59,870"
2317 鴻海,2017/2/6,71.4316,72.1103,71.2619,72.1103,"46,842"
2317 鴻海,2017/2/3,71.0922,71.3467,70.8377,71.0074,"42,945"
2317 鴻海,2017/2/2,72.7041,72.7041,70.5832,71.3467,"76,617"
2317 鴻海,2017/1/24,70.9226,71.2619,70.9226,71.0074,"25,450"
2317 鴻海,2017/1/23,70.8377,71.2619,70.7529,71.2619,"27,882"
2317 鴻海,2017/1/20,71.2619,71.2619,70.7529,70.7529,"20,360"
2317 鴻海,2017/1/19,70.6681,71.0922,70.4135,70.8377,"25,925"
2317 鴻海,2017/1/18,71.2619,71.3467,70.6681,70.6681,"19,363"
2317 鴻海,2017/1/17,71.0922,71.2619,70.8377,71.2619,"14,589"
2317 鴻海,2017/1/16,71.2619,71.2619,70.8377,70.8377,"16,511"
2317 鴻海,2017/1/13,71.5164,71.6012,71.1771,71.4316,"22,849"
2317 鴻海,2017/1/12,71.4316,71.6012,70.9226,71.5164,"29,006"
2317 鴻海,2017/1/11,71.6012,71.6012,70.7529,71.4316,"28,156"
2317 鴻海,2017/1/10,71.1771,71.3467,70.9226,71.2619,"15,941"
2317 鴻海,2017/1/9,71.3467,71.5164,70.8377,70.8377,"16,896"
2317 鴻海,2017/1/6,71.6861,71.6861,71.0922,71.0922,"23,040"
2317 鴻海,2017/1/5,71.6012,71.6861,71.0922,71.2619,"25,436"
2317 鴻海,2017/1/4,71.5164,71.7709,71.4316,71.4316,"23,873"
2317 鴻海,2017/1/3,71.0074,71.5164,71.0074,71.5164,"15,416"
2317 鴻海,2016/12/30,71.4316,71.6012,71.2619,71.4316,"21,649"
2317 鴻海,2016/12/29,70.4984,71.5164,70.4984,70.9226,"23,802"
2317 鴻海,2016/12/28,70.4984,71.2619,70.4984,71.2619,"18,399"
2317 鴻海,2016/12/27,70.8377,70.9226,70.4135,70.8377,"8,564"
2317 鴻海,2016/12/26,70.2439,70.6681,70.2439,70.6681,"8,157"
2317 鴻海,2016/12/23,70.159,70.8377,70.0742,70.159,"21,893"
2317 鴻海,2016/12/22,70.9226,70.9226,70.159,70.2439,"28,033"
2317 鴻海,2016/12/21,71.3467,71.4316,70.6681,70.6681,"34,041"
2317 鴻海,2016/12/20,70.8377,71.0922,70.4135,71.0074,"23,623"
2317 鴻海,2016/12/19,70.8377,71.0074,70.2439,70.2439,"24,351"
2317 鴻海,2016/12/16,71.1771,71.6861,70.9226,70.9226,"38,931"
2317 鴻海,2016/12/15,70.8377,71.5164,70.8377,71.4316,"33,238"
2317 鴻海,2016/12/14,72.0254,72.1103,71.0074,71.0074,"30,200"
2317 鴻海,2016/12/13,71.2619,71.6012,70.9226,71.6012,"36,527"
2317 鴻海,2016/12/12,71.6861,72.0254,70.6681,70.7529,"35,560"
2317 鴻海,2016/12/9,72.5344,72.6193,71.8558,72.1103,"47,933"
2317 鴻海,2016/12/8,71.2619,71.9406,71.0074,71.9406,"83,403"
2317 鴻海,2016/12/7,70.5832,70.7529,70.2439,70.4984,"38,118"
2317 鴻海,2016/12/6,69.65,69.9045,69.4804,69.8197,"29,762"
2317 鴻海,2016/12/5,69.2258,69.4804,68.8017,68.9713,"16,511"
2317 鴻海,2016/12/2,69.141,69.4804,68.9713,69.3107,"29,231"
2317 鴻海,2016/12/1,70.159,70.159,69.3107,69.9045,"26,194"
2317 鴻海,2016/11/30,69.7349,70.3287,68.9713,69.5652,"51,345"
2317 鴻海,2016/11/29,69.5652,70.2439,69.2258,69.5652,"41,901"
2317 鴻海,2016/11/28,69.0562,69.0562,68.4623,68.9713,"15,494"
2317 鴻海,2016/11/25,68.632,68.7168,68.2078,68.2927,"16,543"
2317 鴻海,2016/11/24,69.141,69.3107,68.8017,68.8017,"17,929"
2317 鴻海,2016/11/23,69.3955,69.8197,69.3107,69.5652,"27,268"
2317 鴻海,2016/11/22,68.9713,69.3107,68.7168,68.8865,"29,078"
2317 鴻海,2016/11/21,68.632,68.8017,68.2927,68.632,"14,358"
2317 鴻海,2016/11/18,68.3775,68.9713,67.6988,68.632,"32,171"
2317 鴻海,2016/11/17,67.6988,68.3775,67.2746,68.3775,"31,889"
2317 鴻海,2016/11/16,67.3595,67.7836,67.0201,67.0201,"39,144"
2317 鴻海,2016/11/15,66.7656,67.6988,66.7656,67.0201,"34,163"
2317 鴻海,2016/11/14,67.4443,67.5291,66.6808,67.0201,"46,012"
2317 鴻海,2016/11/11,67.4443,68.123,67.0201,67.0201,"73,170"
2317 鴻海,2016/11/10,69.9045,69.9045,69.141,69.141,"48,546"
2317 鴻海,2016/11/9,71.2619,71.4316,67.9533,68.2078,"70,378"
2317 鴻海,2016/11/8,71.1771,71.2619,70.0742,70.4135,"20,390"
2317 鴻海,2016/11/7,69.9894,70.9226,69.8197,70.8377,"30,230"
2317 鴻海,2016/11/4,69.2258,69.9894,69.2258,69.5652,"25,604"
2317 鴻海,2016/11/3,69.65,70.4135,69.2258,69.3107,"43,612"
2317 鴻海,2016/11/2,71.2619,71.6012,70.0742,70.0742,"51,613"
2317 鴻海,2016/11/1,72.3648,72.4496,71.6012,71.7709,"23,258"
2317 鴻海,2016/10/31,71.8558,72.3648,70.9226,72.3648,"31,249"
2317 鴻海,2016/10/28,72.8738,72.8738,71.7709,71.9406,"30,165"
2317 鴻海,2016/10/27,72.8738,73.298,72.1103,72.4496,"36,899"
2317 鴻海,2016/10/26,72.2799,72.8738,72.1103,72.6193,"36,417"
2317 鴻海,2016/10/25,71.7709,72.8738,71.6861,72.7041,"49,322"
2317 鴻海,2016/10/24,72.0254,72.1103,71.3467,71.4316,"31,339"
2317 鴻海,2016/10/21,71.2619,72.1103,71.1771,71.5164,"65,473"
2317 鴻海,2016/10/20,70.2439,70.8377,70.159,70.8377,"40,042"
2317 鴻海,2016/10/19,69.7349,69.9894,69.7349,69.9045,"38,455"
2317 鴻海,2016/10/18,69.4804,69.7349,69.2258,69.65,"32,868"
2317 鴻海,2016/10/17,68.5472,69.5652,68.2078,69.4804,"29,655"
2317 鴻海,2016/10/14,69.2258,69.3107,68.4623,68.8865,"22,420"
2317 鴻海,2016/10/13,69.65,69.9045,69.2258,69.3955,"34,881"
2317 鴻海,2016/10/12,69.141,69.3107,68.632,69.2258,"38,592"
2317 鴻海,2016/10/11,68.7168,69.4804,68.2927,68.8017,"51,744"
2317 鴻海,2016/10/7,68.2927,68.2927,67.8685,67.8685,"15,318"
2317 鴻海,2016/10/6,68.0381,68.123,67.8685,68.0381,"24,815"
2317 鴻海,2016/10/5,67.105,67.6988,67.105,67.5291,"14,224"
2317 鴻海,2016/10/4,67.0201,67.4443,66.9353,67.4443,"19,839"
2317 鴻海,2016/10/3,67.6988,67.6988,67.1898,67.1898,"23,921"
2317 鴻海,2016/9/30,67.1898,67.4443,67.0201,67.0201,"33,180"
2317 鴻海,2016/9/29,67.6988,67.8685,67.2746,67.6988,"49,890"
2317 鴻海,2016/9/26,67.105,67.3595,66.6808,66.9353,"32,605"
2317 鴻海,2016/9/23,67.7836,67.8685,67.3595,67.6988,"30,788"
2317 鴻海,2016/9/22,68.123,68.5472,67.2746,67.5291,"31,624"
2317 鴻海,2016/9/21,67.7836,67.9533,67.2746,67.8685,"29,174"
2317 鴻海,2016/9/20,68.2927,68.4623,67.8685,68.0381,"41,417"
2317 鴻海,2016/9/19,67.7836,68.2927,67.1898,68.2078,"76,667"
2317 鴻海,2016/9/14,65.4931,66.3414,65.4931,65.6628,"43,959"
2317 鴻海,2016/9/13,66.4263,66.5959,65.1537,65.4931,"37,723"
2317 鴻海,2016/9/12,66.1718,66.3414,65.7476,65.7476,"31,237"
2317 鴻海,2016/9/10,65.1537,66.4263,65.0689,66.1718,"23,404"
2317 鴻海,2016/9/9,66.0021,66.0869,65.7476,65.9173,"36,760"
2317 鴻海,2016/9/8,67.5291,67.614,66.5959,66.5959,"50,257"
2317 鴻海,2016/9/7,68.2078,68.5472,67.4443,67.4443,"59,399"
2317 鴻海,2016/9/6,66.8505,67.7836,66.6808,67.6988,"51,022"
2317 鴻海,2016/9/5,66.0869,66.5111,65.8324,66.3414,"44,625"
2317 鴻海,2016/9/2,64.9841,66.0869,64.7296,65.4931,"158,664"
2317 鴻海,2016/9/1,64.1667,64.6082,63.8723,64.3138,"103,889"
2317 鴻海,2016/8/31,65.2705,65.4176,64.7554,64.7554,"68,836"
2317 鴻海,2016/8/30,65.712,65.8591,65.2705,65.4912,"45,965"
2317 鴻海,2016/8/29,65.4912,66.0063,65.0497,65.712,"63,998"
2317 鴻海,2016/8/26,65.4176,65.4912,64.8289,65.1233,"38,907"
2317 鴻海,2016/8/25,63.9459,65.1233,63.9459,65.1233,"57,438"
2317 鴻海,2016/8/24,63.4308,64.0931,63.3572,63.7987,"43,804"
2317 鴻海,2016/8/23,62.695,63.2101,62.695,63.1365,"32,195"
2317 鴻海,2016/8/22,62.695,62.9893,62.5478,62.8421,"25,392"
2317 鴻海,2016/8/19,63.2836,63.7987,62.695,62.7685,"37,607"
2317 鴻海,2016/8/18,62.4742,63.2836,62.1799,63.0629,"41,301"
2317 鴻海,2016/8/17,63.2836,63.3572,62.4006,62.5478,"71,503"
2317 鴻海,2016/8/16,64.0195,64.1667,63.3572,63.4308,"35,385"
2317 鴻海,2016/8/15,63.1365,64.1667,62.9157,64.1667,"42,295"
2317 鴻海,2016/8/12,63.6516,64.6082,63.2836,63.4308,"120,062"
2317 鴻海,2016/8/11,65.7856,66.0063,65.0497,65.8591,"32,700"
2317 鴻海,2016/8/10,66.1535,66.2271,65.9327,66.2271,"21,467"
2317 鴻海,2016/8/9,66.2271,66.3007,65.6384,66.1535,"27,157"
2317 鴻海,2016/8/8,65.6384,66.2271,65.4912,66.2271,"38,003"
2317 鴻海,2016/8/5,64.7554,65.344,64.6082,65.0497,"21,977"
2317 鴻海,2016/8/4,64.7554,64.7554,64.3874,64.7554,"16,706"
2317 鴻海,2016/8/3,64.3874,64.9761,64.3138,64.3874,"28,265"
2317 鴻海,2016/8/2,65.344,65.4912,65.1233,65.1233,"17,857"
2317 鴻海,2016/8/1,64.6082,65.4912,64.6082,65.344,"35,252"
2317 鴻海,2016/7/29,65.4912,65.4912,64.6818,64.6818,"29,462"
2317 鴻海,2016/7/28,65.7856,65.7856,65.1233,65.4912,"28,783"
2317 鴻海,2016/7/27,65.0497,65.8591,64.9761,65.4912,"47,025"
2317 鴻海,2016/7/26,64.3874,64.6818,63.7987,64.6082,"28,924"
2317 鴻海,2016/7/25,64.3138,64.7554,62.9893,64.461,"34,004"
2317 鴻海,2016/7/22,64.5346,64.6818,64.1667,64.461,"34,959"
2317 鴻海,2016/7/21,63.5044,64.7554,63.4308,64.3138,"51,008"
2317 鴻海,2016/7/20,63.1365,63.5044,62.9893,63.2836,"28,845"
2317 鴻海,2016/7/19,63.578,63.578,62.9893,63.4308,"34,955"
2317 鴻海,2016/7/18,62.8421,63.2836,62.5478,63.2836,"42,513"
2317 鴻海,2016/7/15,61.5912,62.4006,61.5912,62.1799,"34,163"
2317 鴻海,2016/7/14,61.444,61.5176,61.0761,61.444,"19,334"
2317 鴻海,2016/7/13,61.7383,61.7383,61.0761,61.444,"30,235"
2317 鴻海,2016/7/12,60.7817,61.444,60.7817,61.2968,"32,630"
2317 鴻海,2016/7/11,60.4874,61.0761,60.4874,60.7081,"33,141"
2317 鴻海,2016/7/7,60.3402,60.561,60.1195,60.4138,"16,964"
2317 鴻海,2016/7/6,60.7081,60.7081,59.9723,59.9723,"26,713"
2317 鴻海,2016/7/5,61.0761,61.2968,60.7817,61.0761,"17,271"
2317 鴻海,2016/7/4,61.2968,61.444,61.0761,61.2968,"25,249"
2317 鴻海,2016/7/1,60.7081,61.3704,60.7081,60.8553,"25,594"
2317 鴻海,2016/6/30,60.8553,61.0025,60.4874,60.7081,"27,817"
2317 鴻海,2016/6/29,60.3402,61.0025,60.3402,60.7081,"20,873"
2317 鴻海,2016/6/28,59.7515,60.7081,59.4572,60.7081,"26,680"
2317 鴻海,2016/6/27,59.6044,60.4138,59.4572,60.3402,"20,747"
2317 鴻海,2016/6/24,61.2232,61.2232,59.31,59.9723,"64,170"
2317 鴻海,2016/6/23,60.3402,61.0761,60.3402,61.0025,"49,044"
2317 鴻海,2016/6/22,59.3836,59.9723,59.3836,59.9723,"27,195"
2317 鴻海,2016/6/21,59.0893,59.6044,58.9421,59.3836,"24,933"
2317 鴻海,2016/6/20,59.1629,59.4572,58.9421,59.2364,"25,729"
2317 鴻海,2016/6/17,58.2798,58.9421,58.1327,58.3534,"33,517"
2317 鴻海,2016/6/16,58.5006,58.5742,57.8383,57.9855,"28,763"
2317 鴻海,2016/6/15,58.3534,59.0893,58.2798,59.0157,"21,566"
2317 鴻海,2016/6/14,57.3968,58.7949,57.3968,58.7949,"26,410"
2317 鴻海,2016/6/13,58.7949,58.8685,57.8383,57.8383,"48,285"
2317 鴻海,2016/6/8,59.9723,60.3402,59.678,59.8251,"37,351"
2317 鴻海,2016/6/7,59.4572,59.7515,59.31,59.678,"31,493"
2317 鴻海,2016/6/6,58.7213,59.8987,58.5742,59.0157,"21,625"
2317 鴻海,2016/6/4,58.7949,59.0893,58.6478,59.0157,"5,532"
2317 鴻海,2016/6/3,58.5006,59.0157,58.5006,58.8685,"17,414"
2317 鴻海,2016/6/2,59.3836,59.4572,58.2798,58.3534,"29,009"
2317 鴻海,2016/6/1,58.5742,59.6044,58.5742,59.31,"28,491"
2317 鴻海,2016/5/31,58.5006,58.9421,58.2062,58.9421,"66,579"
2317 鴻海,2016/5/30,58.1327,58.7949,57.7647,58.5006,"25,266"
2317 鴻海,2016/5/27,57.8383,58.0591,57.4704,57.6911,"20,091"
2317 鴻海,2016/5/26,57.7647,58.1327,57.3968,57.4704,"18,307"
2317 鴻海,2016/5/25,57.0289,58.6478,56.9553,57.6911,"46,903"
2317 鴻海,2016/5/24,56.8817,56.9553,56.2194,56.2194,"26,754"
2317 鴻海,2016/5/23,54.7477,57.176,54.6005,56.9553,"52,975"
2317 鴻海,2016/5/20,54.6741,55.0421,54.4534,54.4534,"24,261"
2317 鴻海,2016/5/19,54.7477,54.9685,54.3062,54.6005,"25,348"
2317 鴻海,2016/5/18,54.6741,54.8213,54.0854,54.7477,"28,906"
2317 鴻海,2016/5/17,54.6005,54.9685,54.4534,54.6741,"29,030"
2317 鴻海,2016/5/16,54.527,54.7477,54.0854,54.4534,"26,475"
2317 鴻海,2016/5/13,55.1892,55.4836,54.0854,54.7477,"63,339"
2317 鴻海,2016/5/12,54.3798,54.527,53.7175,53.9383,"26,316"
2317 鴻海,2016/5/11,55.0421,55.5572,54.0119,54.4534,"27,889"
2317 鴻海,2016/5/10,53.4232,55.0421,53.3496,55.0421,"29,746"
2317 鴻海,2016/5/9,54.4534,54.6005,53.3496,53.4232,"38,311"
2317 鴻海,2016/5/6,55.4836,55.5572,54.159,54.3062,"46,281"
2317 鴻海,2016/5/5,55.7043,55.9987,55.1892,55.4836,"24,899"
2317 鴻海,2016/5/4,55.6307,56.2194,55.1156,55.7043,"33,607"
2317 鴻海,2016/5/3,56.6609,56.7345,55.6307,55.6307,"31,440"
2317 鴻海,2016/4/29,56.7345,57.176,56.7345,56.7345,"38,516"
2317 鴻海,2016/4/28,58.8685,59.0157,57.8383,57.8383,"30,085"
2317 鴻海,2016/4/27,58.7949,59.0157,58.3534,58.5006,"25,054"
2317 鴻海,2016/4/26,58.8685,59.7515,58.8685,59.0157,"18,296"
2317 鴻海,2016/4/25,59.678,59.8987,59.0157,59.0893,"14,003"
2317 鴻海,2016/4/22,59.678,59.678,59.0893,59.6044,"17,410"
2317 鴻海,2016/4/21,58.7213,59.2364,58.5006,59.0893,"20,871"
2317 鴻海,2016/4/20,59.678,60.6346,58.2798,58.2798,"51,459"
2317 鴻海,2016/4/19,60.9289,61.2968,59.7515,59.9723,"18,744"
2317 鴻海,2016/4/18,61.2232,61.2232,60.7081,60.7817,"14,088"
2317 鴻海,2016/4/15,60.4874,61.2232,60.1195,61.0025,"18,495"
2317 鴻海,2016/4/14,61.0761,61.6648,60.6346,60.6346,"23,561"
2317 鴻海,2016/4/13,60.561,61.6648,60.561,61.5912,"34,118"
2317 鴻海,2016/4/12,60.1931,60.7817,59.7515,60.3402,"15,336"
2317 鴻海,2016/4/11,60.1931,60.2666,59.3836,59.7515,"11,172"
2317 鴻海,2016/4/8,59.678,60.2666,59.5308,60.2666,"19,158"
2317 鴻海,2016/4/7,59.6044,60.2666,59.0893,59.9723,"27,719"
2317 鴻海,2016/4/6,61.2232,61.2232,59.7515,59.7515,"42,845"
2317 鴻海,2016/4/1,61.8855,62.2534,61.0761,61.0761,"32,984"
2317 鴻海,2016/3/31,63.3572,63.8723,61.8119,62.4006,"82,367"
2317 鴻海,2016/3/30,61.5912,61.5912,61.5912,61.5912,0
2317 鴻海,2016/3/29,62.5478,62.5478,61.2232,61.5912,"25,066"
2317 鴻海,2016/3/28,62.327,62.5478,62.0327,62.1799,"25,892"
2317 鴻海,2016/3/25,62.4006,62.4006,61.6648,61.6648,"9,545"
2317 鴻海,2016/3/24,61.8855,62.4742,61.444,62.1799,"22,310"
2317 鴻海,2016/3/23,61.8119,62.1799,61.5176,61.9591,"21,765"
2317 鴻海,2016/3/22,62.1799,62.1799,61.444,62.0327,"23,500"
2317 鴻海,2016/3/21,62.1063,62.2534,61.444,62.1799,"26,058"
2317 鴻海,2016/3/18,61.0761,61.8119,61.0025,61.8119,"61,108"
2317 鴻海,2016/3/17,61.7383,61.8855,60.7081,60.7081,"25,510"
2317 鴻海,2016/3/16,60.7817,61.8119,60.7817,61.0761,"26,268"
2317 鴻海,2016/3/15,61.8119,61.9591,60.3402,60.561,"34,133"
2317 鴻海,2016/3/14,61.6648,61.8119,61.3704,61.8119,"25,702"
2317 鴻海,2016/3/11,61.0761,61.2232,60.561,61.2232,"21,411"
2317 鴻海,2016/3/10,61.2968,61.444,60.9289,61.0761,"22,369"
2317 鴻海,2016/3/9,60.8553,61.2968,60.4874,60.9289,"22,545"
2317 鴻海,2016/3/8,60.0459,61.0761,59.678,61.0761,"35,495"
2317 鴻海,2016/3/7,61.1497,61.6648,59.9723,60.0459,"41,415"
2317 鴻海,2016/3/4,59.6044,61.0761,59.2364,61.0025,"64,064"
2317 鴻海,2016/3/3,59.2364,59.2364,58.5006,59.2364,"47,911"
2317 鴻海,2016/3/2,57.9119,58.5006,57.544,58.5006,"37,017"
2317 鴻海,2016/3/1,56.5138,57.3232,56.5138,57.176,"33,626"
2317 鴻海,2016/2/26,57.0289,57.3968,56.293,57.3968,"40,829"
2317 鴻海,2016/2/25,56.293,58.8685,56.1458,57.7647,"57,174"
2317 鴻海,2016/2/24,56.6609,57.3968,56.0723,56.293,"21,319"
2317 鴻海,2016/2/23,56.3666,56.8081,56.3666,56.6609,"12,491"
2317 鴻海,2016/2/22,56.0723,57.176,55.9987,56.4402,"19,170"
2317 鴻海,2016/2/19,57.176,57.176,56.0723,56.4402,"26,453"
2317 鴻海,2016/2/18,56.6609,57.2496,56.5138,57.176,"37,357"
2317 鴻海,2016/2/17,56.6609,56.6609,55.6307,56.4402,"30,568"
2317 鴻海,2016/2/16,55.0421,56.6609,55.0421,56.3666,"31,952"
2317 鴻海,2016/2/15,54.3798,55.5572,54.3062,54.9685,"62,766"
2317 鴻海,2016/2/3,57.3968,57.4704,56.1458,56.3666,"37,096"
2317 鴻海,2016/2/2,58.7213,58.7949,57.6911,57.6911,"20,296"
2317 鴻海,2016/2/1,58.2062,58.5006,57.544,58.5006,"30,157"
2317 鴻海,2016/1/30,57.4704,57.9119,57.4704,57.544,"12,962"
2317 鴻海,2016/1/29,54.8213,57.2496,54.8213,57.2496,"47,980"
2317 鴻海,2016/1/28,54.2326,55.4836,54.2326,55.2628,"29,878"
2317 鴻海,2016/1/27,55.9251,55.9251,55.2628,55.41,"18,326"
2317 鴻海,2016/1/26,55.41,55.7779,55.1892,55.5572,"16,786"
2317 鴻海,2016/1/25,56.0723,56.0723,55.5572,55.9251,"27,076"
2317 鴻海,2016/1/22,54.0854,55.0421,54.0119,55.0421,"33,147"
2317 鴻海,2016/1/21,53.9383,54.527,53.4968,53.4968,"31,464"
2317 鴻海,2016/1/20,55.1156,55.1156,53.7911,53.7911,"38,245"
2317 鴻海,2016/1/19,55.5572,55.7043,54.9685,55.41,"21,056"
2317 鴻海,2016/1/18,53.9383,55.41,53.7911,55.1156,"26,696"
2317 鴻海,2016/1/15,56.1458,56.3666,54.6741,55.41,"39,925"
2317 鴻海,2016/1/14,55.41,55.9251,54.8949,55.9251,"23,289"
2317 鴻海,2016/1/13,56.6609,56.8817,56.1458,56.3666,"22,765"
2317 鴻海,2016/1/12,55.9251,56.293,55.4836,56.1458,"31,183"
2317 鴻海,2016/1/11,56.7345,56.8081,55.41,55.4836,"52,037"
2317 鴻海,2016/1/8,56.8081,57.6176,56.8081,57.3968,"27,621"
2317 鴻海,2016/1/7,57.0289,57.7647,56.6609,57.6176,"40,523"
2317 鴻海,2016/1/6,57.6176,58.2062,56.8817,58.1327,"42,557"
2317 鴻海,2016/1/5,58.1327,59.0893,57.9855,58.2062,"30,125"
2317 鴻海,2016/1/4,59.7515,59.7515,57.8383,58.1327,"35,223"
2317 鴻海,2015/12/31,59.5308,59.7515,59.1629,59.4572,"13,764"
2317 鴻海,2015/12/30,59.678,59.7515,59.31,59.5308,"14,245"
2317 鴻海,2015/12/29,59.6044,59.7515,59.31,59.3836,"18,037"
2317 鴻海,2015/12/28,59.9723,60.1931,59.6044,59.6044,"12,508"
2317 鴻海,2015/12/25,59.9723,60.1931,59.678,60.0459,"7,989"
2317 鴻海,2015/12/24,60.1195,60.2666,59.8987,60.0459,"11,630"
2317 鴻海,2015/12/23,59.6044,60.1195,59.4572,59.8251,"18,028"
2317 鴻海,2015/12/22,59.8987,60.1195,59.2364,59.3836,"18,412"
2317 鴻海,2015/12/21,59.2364,60.3402,59.0893,59.8987,"17,792"
2317 鴻海,2015/12/18,59.8987,60.1195,59.5308,59.7515,"29,887"
2317 鴻海,2015/12/17,59.2364,60.6346,59.0157,60.6346,"27,078"
2317 鴻海,2015/12/16,59.9723,59.9723,58.7213,59.0157,"30,970"
2317 鴻海,2015/12/15,59.5308,59.8251,58.5742,58.8685,"51,309"
2317 鴻海,2015/12/14,59.6044,59.8251,59.0157,59.4572,"41,451"
2317 鴻海,2015/12/11,61.7383,61.8119,60.9289,61.1497,"37,343"
2317 鴻海,2015/12/10,61.0761,61.2968,60.7081,61.0025,"29,670"
2317 鴻海,2015/12/9,61.7383,62.0327,61.2232,61.2968,"20,179"
2317 鴻海,2015/12/8,62.4742,62.4742,61.7383,61.7383,"24,909"
2317 鴻海,2015/12/7,62.2534,63.1365,62.2534,62.327,"19,528"
2317 鴻海,2015/12/4,61.9591,62.1063,61.6648,61.9591,"20,520"
2317 鴻海,2015/12/3,62.2534,62.7685,62.2534,62.327,"14,450"
2317 鴻海,2015/12/2,63.3572,63.4308,62.6214,63.0629,"20,895"
2317 鴻海,2015/12/1,62.6214,63.2836,62.1799,63.2836,"38,201"
2317 鴻海,2015/11/30,61.2968,62.4006,61.0761,61.8119,"71,528"
2317 鴻海,2015/11/27,62.6214,62.8421,62.0327,62.5478,"14,448"
2317 鴻海,2015/11/26,62.5478,63.2836,62.4006,62.8421,"18,798"
2317 鴻海,2015/11/25,61.8119,62.2534,61.5912,62.0327,"17,383"
2317 鴻海,2015/11/24,62.695,62.9157,62.0327,62.0327,"18,971"
2317 鴻海,2015/11/23,63.3572,63.5044,62.695,62.9157,"17,479"
2317 鴻海,2015/11/20,63.5044,63.5044,62.9893,63.2836,"26,810"
2317 鴻海,2015/11/19,62.9157,62.9893,62.2534,62.9157,"18,369"
2317 鴻海,2015/11/18,62.9157,62.9157,61.9591,62.4006,"26,482"
2317 鴻海,2015/11/17,62.1799,62.8421,61.9591,62.5478,"37,553"
2317 鴻海,2015/11/16,60.8553,61.444,60.7817,60.9289,"35,694"
2317 鴻海,2015/11/13,61.4441,62.3271,61.2233,61.5176,"27,333"
2317 鴻海,2015/11/12,61.4441,62.0327,61.3705,61.7384,"22,272"
2317 鴻海,2015/11/11,61.812,62.5478,61.0761,61.3705,"47,016"
2317 鴻海,2015/11/10,62.6214,62.8422,62.1799,62.1799,"39,128"
2317 鴻海,2015/11/9,63.6516,63.946,63.1365,63.2837,"22,494"
2317 鴻海,2015/11/6,64.6818,65.1233,63.6516,63.7252,"36,227"
2317 鴻海,2015/11/5,65.2705,65.2705,64.9026,64.9026,"20,265"
2317 鴻海,2015/11/4,64.9026,65.4913,64.6082,65.2705,"42,234"
2317 鴻海,2015/11/3,64.4611,64.7554,63.8724,64.6082,"25,996"
2317 鴻海,2015/11/2,64.1667,64.3139,63.4309,64.3139,"16,294"
2317 鴻海,2015/10/30,64.0196,64.3139,63.2837,63.7252,"25,674"
2317 鴻海,2015/10/29,64.7554,64.9762,63.7252,63.8724,"29,809"
2317 鴻海,2015/10/28,64.9762,65.1233,64.3875,64.7554,"20,203"
2317 鴻海,2015/10/27,65.4913,65.4913,64.3875,65.1969,"36,848"
2317 鴻海,2015/10/26,65.1969,65.2705,64.9026,65.2705,"36,416"
2317 鴻海,2015/10/23,64.6082,64.6082,64.0196,64.3139,"26,950"
2317 鴻海,2015/10/22,63.4309,63.7252,63.2101,63.7252,"23,161"
2317 鴻海,2015/10/21,64.3875,64.6082,63.5045,63.578,"18,577"
2317 鴻海,2015/10/20,64.6818,64.7554,63.946,64.0931,"21,951"
2317 鴻海,2015/10/19,64.9026,64.9026,63.946,64.5347,"26,008"
2317 鴻海,2015/10/16,64.4611,64.6082,64.1667,64.6082,"23,105"
2317 鴻海,2015/10/15,64.2403,64.7554,63.7988,63.7988,"41,667"
2317 鴻海,2015/10/14,64.3875,64.3875,63.2837,63.3573,"30,642"
2317 鴻海,2015/10/13,64.9026,64.9762,64.0196,64.3875,"29,718"
2317 鴻海,2015/10/12,64.6082,65.1233,64.4611,64.829,"46,199"
2317 鴻海,2015/10/8,64.3139,64.3875,63.578,63.7988,"21,720"
2317 鴻海,2015/10/7,63.4309,63.946,63.2837,63.946,"27,500"
2317 鴻海,2015/10/6,63.6516,63.946,63.3573,63.578,"25,192"
2317 鴻海,2015/10/5,63.4309,63.4309,62.4743,63.2837,"21,821"
2317 鴻海,2015/10/2,63.4309,63.5045,62.6214,63.0629,"23,535"
2317 鴻海,2015/10/1,62.4743,63.2837,62.3271,63.2101,"27,903"
2317 鴻海,2015/9/30,61.7384,62.9894,61.5176,62.9894,"49,123"
2317 鴻海,2015/9/25,61.812,62.3271,61.4441,62.0327,"19,030"
2317 鴻海,2015/9/24,62.1063,62.2535,60.8554,61.5176,"21,977"
2317 鴻海,2015/9/23,62.1063,62.2535,61.7384,61.8856,"29,795"
2317 鴻海,2015/9/22,62.1799,62.6214,62.1799,62.6214,"18,616"
2317 鴻海,2015/9/21,62.3271,62.4743,61.812,61.9592,"29,324"
2317 鴻海,2015/9/18,62.9158,63.2101,62.5478,62.9158,"37,019"
2317 鴻海,2015/9/17,63.0629,63.578,62.7686,62.9158,"33,680"
2317 鴻海,2015/9/16,62.695,62.695,62.1799,62.5478,"24,894"
2317 鴻海,2015/9/15,62.7686,62.8422,62.0327,62.3271,"23,573"
2317 鴻海,2015/9/14,62.5478,62.8422,62.0327,62.6214,"20,557"
2317 鴻海,2015/9/11,62.2535,62.4743,61.9592,62.3271,"27,669"
2317 鴻海,2015/9/10,62.5478,62.5478,62.0327,62.2535,"30,898"
2317 鴻海,2015/9/9,61.5912,62.9158,61.5912,62.9158,"42,327"
2317 鴻海,2015/9/8,61.0025,61.3705,60.8554,60.929,"14,478"
2317 鴻海,2015/9/7,61.0025,61.5912,60.7818,61.0025,"18,975"
2317 鴻海,2015/9/4,61.812,62.0327,61.0761,61.0761,"43,336"
2317 鴻海,2015/9/3,61.812,62.3271,61.4441,61.7384,"103,079"
2317 鴻海,2015/9/2,60.0203,61.2288,59.8189,60.8259,"105,710"
2317 鴻海,2015/9/1,61.4302,61.4302,60.0203,60.2888,"60,905"
2317 鴻海,2015/8/31,60.0874,62.1015,59.6175,62.1015,"62,543"
2317 鴻海,2015/8/28,58.3419,59.886,57.8719,59.4832,"65,098"
2317 鴻海,2015/8/27,56.3949,57.2677,56.3949,56.7977,"68,806"
2317 鴻海,2015/8/26,56.3949,56.8649,55.7907,56.0592,"58,576"
2317 鴻海,2015/8/25,54.3808,57.0663,54.3808,57.0663,"60,830"
2317 鴻海,2015/8/24,55.7235,56.9991,52.2996,54.7836,"88,531"
2317 鴻海,2015/8/21,57.9391,58.5433,57.402,57.402,"46,004"
2317 鴻海,2015/8/20,58.879,59.3489,58.4761,58.6776,"27,616"
2317 鴻海,2015/8/19,59.2818,59.6175,58.8118,59.1475,"30,057"
2317 鴻海,2015/8/18,59.7517,59.9532,59.2147,59.2818,"18,300"
2317 鴻海,2015/8/17,59.7517,59.7517,59.0804,59.2147,"18,499"
2317 鴻海,2015/8/14,59.1475,60.0203,59.1475,59.5503,"37,359"
2317 鴻海,2015/8/13,58.0733,58.7447,58.0062,58.6776,"29,946"
2317 鴻海,2015/8/12,58.7447,59.2147,58.0733,58.0733,"42,743"
2317 鴻海,2015/8/11,60.4231,60.7588,59.3489,59.4161,"37,973"
2317 鴻海,2015/8/10,59.4161,59.886,58.9461,59.4161,"22,352"
2317 鴻海,2015/8/7,59.2147,59.6846,58.8118,59.4161,"21,997"
2317 鴻海,2015/8/6,59.7517,60.1546,59.1475,59.4161,"31,805"
2317 鴻海,2015/8/5,59.4832,60.0874,59.4832,59.7517,"30,252"
2317 鴻海,2015/8/4,59.886,60.6245,59.1475,60.0874,"32,607"
2317 鴻海,2015/8/3,61.0945,61.0945,59.2818,59.886,"35,313"
2317 鴻海,2015/7/31,61.1616,61.2959,60.6245,60.8931,"27,876"
2317 鴻海,2015/7/30,61.4302,61.833,60.7588,61.0273,"29,245"
2317 鴻海,2015/7/29,60.4231,61.4302,58.7447,61.4302,"50,764"
2317 鴻海,2015/7/28,60.4903,61.0945,60.4231,60.4231,"27,776"
2317 鴻海,2015/7/27,60.6917,61.1616,60.4231,60.4903,"26,314"
2317 鴻海,2015/7/24,60.8931,61.4302,60.0874,60.7588,"42,402"
2317 鴻海,2015/7/23,62.7729,63.31,60.7588,60.7588,"82,507"
2317 鴻海,2015/7/22,63.78,64.3171,63.5785,63.6457,"28,949"
2317 鴻海,2015/7/21,64.3171,64.6527,63.8471,64.6527,"15,810"
2317 鴻海,2015/7/20,64.3842,64.5185,63.7128,63.8471,"15,708"
2317 鴻海,2015/7/17,64.4513,64.5185,63.8471,63.8471,"19,974"
2317 鴻海,2015/7/16,64.787,64.787,63.9814,64.4513,"17,443"
2317 鴻海,2015/7/15,64.3842,64.4513,63.5114,64.2499,"23,337"
2317 鴻海,2015/7/14,64.9884,65.257,63.5785,63.5785,"36,958"
2317 鴻海,2015/7/13,63.4443,64.5856,63.3771,64.5856,"31,128"
2317 鴻海,2015/7/9,61.4302,63.31,61.4302,62.7058,"42,804"
2317 鴻海,2015/7/8,65.3241,65.3912,63.1086,63.4443,"50,886"
2317 鴻海,2015/7/7,65.4584,65.6598,65.0556,65.3241,"16,724"
2317 鴻海,2015/7/6,64.6527,65.3241,64.3842,64.6527,"23,085"
2317 鴻海,2015/7/3,65.5927,65.5927,65.1227,65.3241,"12,800"
2317 鴻海,2015/7/2,65.7269,65.9955,65.5255,65.7941,"20,746"
2317 鴻海,2015/7/1,65.3912,65.9955,65.1227,65.7941,"25,391"
2317 鴻海,2015/6/30,65.0556,65.3912,64.787,65.1227,"26,938"
2317 鴻海,2015/6/29,65.8612,65.8612,64.8541,65.0556,"36,806"
2317 鴻海,2015/6/26,66.6668,66.6668,66.1297,66.5997,"44,332"
2317 鴻海,2015/6/25,66.3312,66.9354,66.0626,66.4654,"77,040"
2317 鴻海,2015/6/24,65.0556,65.5927,65.0556,65.5255,"23,036"
2317 鴻海,2015/6/23,65.5927,65.9955,65.1227,65.1898,"31,625"
2317 鴻海,2015/6/22,64.1156,65.3241,64.1156,65.257,"39,619"
2317 鴻海,2015/6/18,63.5114,63.78,63.1086,63.5114,"25,733"
2317 鴻海,2015/6/17,63.78,63.78,63.0415,63.3771,"26,416"
2317 鴻海,2015/6/16,63.7128,63.7128,62.84,63.6457,"23,270"
2317 鴻海,2015/6/15,63.4443,63.8471,63.1086,63.1086,"19,062"
2317 鴻海,2015/6/12,64.3171,64.3171,63.7128,63.78,"15,514"
2317 鴻海,2015/6/11,64.6527,64.9213,63.4443,64.3171,"37,788"
2317 鴻海,2015/6/10,63.78,64.1828,63.4443,64.1828,"36,906"
2317 鴻海,2015/6/9,63.7128,63.78,62.5044,62.5715,"28,293"
2317 鴻海,2015/6/8,63.5785,64.0485,62.9743,63.7128,"30,900"
2317 鴻海,2015/6/5,63.1086,64.0485,62.7729,63.31,"42,210"
2317 鴻海,2015/6/4,65.1227,65.1898,63.3771,63.4443,"58,763"
2317 鴻海,2015/6/3,65.4584,65.7941,64.9884,65.1227,"24,318"
2317 鴻海,2015/6/2,65.1227,65.9955,64.9213,65.6598,"35,901"
2317 鴻海,2015/6/1,66.5326,66.5326,65.3241,65.3241,"36,037"
2317 鴻海,2015/5/29,66.264,66.6668,65.9955,66.5326,"86,602"
2317 鴻海,2015/5/28,65.9955,66.3983,65.7941,65.9955,"55,443"
2317 鴻海,2015/5/27,65.6598,65.7941,65.1227,65.3912,"30,319"
2317 鴻海,2015/5/26,65.6598,65.9955,65.3241,65.3912,"22,883"
2317 鴻海,2015/5/25,65.4584,65.5927,64.8541,65.0556,"29,599"
2317 鴻海,2015/5/22,65.257,65.7269,64.6527,64.787,"34,022"
2317 鴻海,2015/5/21,65.1227,65.3912,64.787,65.1227,"43,700"
2317 鴻海,2015/5/20,66.1297,66.1297,65.1227,65.4584,"44,669"
2317 鴻海,2015/5/19,65.6598,66.3983,65.6598,66.0626,"99,833"
2317 鴻海,2015/5/18,63.9142,64.9884,63.8471,64.9884,"126,258"
2317 鴻海,2015/5/15,62.9072,63.0415,62.3701,62.5044,"21,583"
2317 鴻海,2015/5/14,63.4443,63.4443,62.7058,62.9072,"26,024"
2317 鴻海,2015/5/13,62.7729,63.4443,62.5044,63.4443,"41,774"
2317 鴻海,2015/5/12,62.303,62.7058,62.1015,62.2358,"15,402"
2317 鴻海,2015/5/11,62.9743,63.0415,61.9673,62.5715,"29,376"
2317 鴻海,2015/5/8,61.9673,62.6386,61.9001,62.2358,"28,439"
2317 鴻海,2015/5/7,62.4372,62.4372,61.833,61.833,"24,164"
2317 鴻海,2015/5/6,62.303,62.7058,62.0344,62.4372,"22,388"
2317 鴻海,2015/5/5,62.7729,62.9743,62.0344,62.5044,"19,623"
2317 鴻海,2015/5/4,62.4372,62.5715,61.9673,62.5044,"23,192"
2317 鴻海,2015/4/30,61.833,62.5044,61.6987,61.7659,"32,071"
2317 鴻海,2015/4/29,62.84,62.9743,61.7659,61.833,"42,706"
2317 鴻海,2015/4/28,63.78,64.0485,62.6386,62.84,"50,459"
2317 鴻海,2015/4/27,63.8471,64.0485,63.5114,63.5785,"44,909"
2317 鴻海,2015/4/24,63.1086,63.9814,62.9743,63.5114,"88,319"
2317 鴻海,2015/4/23,62.1015,63.1086,62.1015,62.6386,"57,193"
2317 鴻海,2015/4/22,61.6316,62.4372,61.6316,61.7659,"28,665"
2317 鴻海,2015/4/21,62.303,62.5715,61.7659,61.833,"22,696"
2317 鴻海,2015/4/20,61.363,62.5715,61.363,62.303,"25,700"
2317 鴻海,2015/4/17,62.6386,62.6386,61.9001,61.9673,"25,190"
2317 鴻海,2015/4/16,62.3701,62.7058,62.1687,62.6386,"24,770"
2317 鴻海,2015/4/15,62.7729,63.0415,61.6316,61.833,"48,176"
2317 鴻海,2015/4/14,62.4372,62.9743,62.1687,62.9743,"30,250"
2317 鴻海,2015/4/13,62.5715,62.7729,62.1687,62.3701,"19,526"
2317 鴻海,2015/4/10,62.9743,62.9743,62.1687,62.5044,"34,247"
2317 鴻海,2015/4/9,62.9072,62.9743,62.1687,62.4372,"34,454"
2317 鴻海,2015/4/8,63.1086,63.1086,62.1687,62.9072,"32,273"
2317 鴻海,2015/4/7,62.9743,63.0415,62.303,62.84,"24,248"
2317 鴻海,2015/4/2,62.3701,62.7729,62.1015,62.5715,"42,164"
2317 鴻海,2015/4/1,61.4973,62.1015,60.7588,61.5644,"41,384"
2317 鴻海,2015/3/31,63.4443,63.7128,61.0945,61.4973,"109,910"
2317 鴻海,2015/3/30,63.1086,63.5114,62.7729,63.1086,"42,747"
2317 鴻海,2015/3/27,63.3771,63.3771,62.0344,62.4372,"52,851"
2317 鴻海,2015/3/26,63.0415,63.3771,62.4372,63.3771,"48,764"
2317 鴻海,2015/3/25,63.1086,63.6457,62.7058,63.3771,"47,407"
2317 鴻海,2015/3/24,62.9072,63.3771,62.4372,62.6386,"49,488"
2317 鴻海,2015/3/23,62.7729,63.5785,62.5044,62.7729,"78,554"
2317 鴻海,2015/3/20,61.363,62.7729,61.0945,62.4372,"117,568"
2317 鴻海,2015/3/19,59.2818,61.2288,59.2818,61.1616,"131,562"
2317 鴻海,2015/3/18,58.6104,59.2818,58.6104,59.0132,"41,411"
2317 鴻海,2015/3/17,58.6104,59.2147,58.6104,58.6104,"31,124"
2317 鴻海,2015/3/16,59.0804,59.3489,58.6104,58.6104,"36,470"
2317 鴻海,2015/3/13,58.6104,59.4832,58.6104,59.0804,"36,023"
2317 鴻海,2015/3/12,58.409,58.9461,58.409,58.4762,"38,288"
2317 鴻海,2015/3/11,58.0733,59.0804,58.0062,58.6104,"31,224"
2317 鴻海,2015/3/10,59.0132,59.2147,58.4762,58.4762,"23,789"
2317 鴻海,2015/3/9,59.3489,59.4832,58.9461,58.9461,"25,278"
2317 鴻海,2015/3/6,59.4161,59.8189,59.0804,59.6175,"36,627"
2317 鴻海,2015/3/5,59.4832,60.0203,58.879,59.4161,"57,112"
2317 鴻海,2015/3/4,58.409,59.6175,58.2076,59.2818,"61,434"
2317 鴻海,2015/3/3,58.4762,58.7447,57.8719,57.9391,"21,771"
2317 鴻海,2015/3/2,58.879,59.3489,58.409,58.4762,"31,916"
2317 鴻海,2015/2/26,58.0733,58.879,57.8048,58.4762,"45,547"
2317 鴻海,2015/2/25,57.6034,58.0733,57.402,57.9391,"27,641"
2317 鴻海,2015/2/24,57.8048,58.2747,57.6034,57.6034,"58,555"
2317 鴻海,2015/2/13,57.7376,58.0062,57.5362,57.6034,"28,335"
2317 鴻海,2015/2/12,57.2006,58.0062,56.7306,57.8719,"40,774"
2317 鴻海,2015/2/11,57.0663,57.402,56.8649,56.932,"42,617"
2317 鴻海,2015/2/10,58.0733,58.2076,57.402,57.402,"37,200"
2317 鴻海,2015/2/9,58.6776,58.6776,58.3419,58.409,"16,533"
2317 鴻海,2015/2/6,58.879,58.879,58.2747,58.6104,"17,169"
2317 鴻海,2015/2/5,58.8118,58.8118,58.2747,58.6104,"20,542"
2317 鴻海,2015/2/4,58.879,59.3489,58.7447,58.7447,"36,083"
2317 鴻海,2015/2/3,58.0733,58.9461,57.9391,58.6776,"24,087"
2317 鴻海,2015/2/2,58.5433,58.6104,57.6034,58.0733,"30,256"
2317 鴻海,2015/1/30,58.879,58.879,58.2076,58.2076,"26,007"
2317 鴻海,2015/1/29,58.9461,58.9461,58.0733,58.2076,"32,918"
2317 鴻海,2015/1/28,59.4161,59.4832,59.0132,59.0132,"27,746"
2317 鴻海,2015/1/27,60.0203,60.0203,58.9461,59.6175,"39,764"
2317 鴻海,2015/1/26,58.9461,59.8189,58.5433,59.6175,"64,344"
2317 鴻海,2015/1/23,57.6034,58.9461,57.5362,58.9461,"71,838"
2317 鴻海,2015/1/22,57.4691,57.5362,56.932,57.402,"25,901"
2317 鴻海,2015/1/21,57.2006,57.402,56.8649,57.2677,"31,835"
2317 鴻海,2015/1/20,56.1935,57.0663,55.925,56.8649,"27,837"
2317 鴻海,2015/1/19,56.5292,56.9991,55.7235,56.1935,"30,077"
2317 鴻海,2015/1/16,56.932,56.9991,56.3949,56.462,"41,931"
2317 鴻海,2015/1/15,57.2677,57.5362,56.8649,56.932,"32,395"
2317 鴻海,2015/1/14,58.0733,58.0733,57.2006,57.2677,"22,512"
2317 鴻海,2015/1/13,57.0663,57.9391,57.0663,57.9391,"26,434"
2317 鴻海,2015/1/12,58.0733,58.5433,57.5362,57.5362,"23,027"
2317 鴻海,2015/1/9,58.6104,58.9461,58.0733,58.0733,"22,801"
2317 鴻海,2015/1/8,57.6705,58.409,57.5362,58.3419,"31,001"
2317 鴻海,2015/1/7,56.5963,57.6034,56.5963,57.2006,"33,872"
2317 鴻海,2015/1/6,57.7376,57.7376,56.7306,56.7306,"65,967"
2317 鴻海,2015/1/5,58.9461,58.9461,58.3419,58.5433,"25,369"
