證券代碼,年月日,開盤價(元),最高價(元),最低價(元),收盤價(元),成交量(千股)
2330 台積電,2025/12/31,"1,515.05","1,544.95","1,510.07","1,544.95","31,389"
2330 台積電,2025/12/30,"1,510.07","1,525.02","1,505.08","1,515.05","21,819"
2330 台積電,2025/12/29,"1,510.07","1,525.02","1,505.08","1,525.02","24,010"
2330 台積電,2025/12/26,"1,500.10","1,505.08","1,490.13","1,505.08","20,806"
2330 台積電,2025/12/24,"1,490.13","1,495.11","1,480.16","1,490.13","13,707"
2330 台積電,2025/12/23,"1,470.20","1,485.15","1,465.21","1,485.15","22,337"
2330 台積電,2025/12/22,"1,460.23","1,465.21","1,450.26","1,460.23","23,919"
2330 台積電,2025/12/19,"1,450.26","1,450.26","1,425.34","1,425.34","42,614"
2330 台積電,2025/12/18,"1,415.38","1,430.33","1,410.39","1,425.34","33,103"
2330 台積電,2025/12/17,"1,430.33","1,440.29","1,420.36","1,425.34","33,103"
2330 台積電,2025/12/16,"1,430.33","1,440.29","1,420.36","1,430.33","36,751"
2330 台積電,2025/12/15,"1,445.28","1,450.26","1,440.29","1,445.28","28,160"
2330 台積電,2025/12/12,"1,470.20","1,480.16","1,465.21","1,475.18","24,025"
2330 台積電,2025/12/11,"1,505.08","1,510.07","1,460.23","1,465.21","31,820"
2330 台積電,2025/12/10,"1,480.20","1,495.10","1,475.24","1,495.10","26,387"
2330 台積電,2025/12/9,"1,485.17","1,490.14","1,470.27","1,470.27","27,555"
2330 台積電,2025/12/8,"1,455.37","1,485.17","1,450.40","1,485.17","27,405"
2330 台積電,2025/12/5,"1,435.50","1,450.40","1,430.53","1,450.40","22,539"
2330 台積電,2025/12/4,"1,435.50","1,440.47","1,420.60","1,435.50","21,934"
2330 台積電,2025/12/3,"1,430.53","1,440.47","1,425.56","1,440.47","25,462"
2330 台積電,2025/12/2,"1,420.60","1,430.53","1,410.66","1,420.60","27,923"
2330 台積電,2025/12/1,"1,435.50","1,435.50","1,400.73","1,400.73","33,722"
2330 台積電,2025/11/28,"1,430.53","1,445.43","1,425.56","1,430.53","26,130"
2330 台積電,2025/11/27,"1,440.47","1,445.43","1,420.60","1,425.56","24,202"
2330 台積電,2025/11/26,"1,420.60","1,430.53","1,415.63","1,430.53","31,659"
2330 台積電,2025/11/25,"1,415.63","1,415.63","1,395.76","1,405.70","31,006"
2330 台積電,2025/11/24,"1,390.79","1,395.76","1,365.96","1,365.96","88,861"
2330 台積電,2025/11/21,"1,385.83","1,395.76","1,375.89","1,375.89","64,673"
2330 台積電,2025/11/20,"1,440.47","1,450.40","1,430.53","1,445.43","28,295"
2330 台積電,2025/11/19,"1,390.79","1,405.70","1,385.83","1,385.83","42,661"
2330 台積電,2025/11/18,"1,425.56","1,425.56","1,395.76","1,395.76","49,856"
2330 台積電,2025/11/17,"1,440.47","1,450.40","1,435.50","1,435.50","34,872"
2330 台積電,2025/11/14,"1,415.63","1,430.53","1,415.63","1,420.60","32,778"
2330 台積電,2025/11/13,"1,450.40","1,460.33","1,450.40","1,450.40","23,920"
2330 台積電,2025/11/12,"1,460.33","1,475.24","1,450.40","1,465.30","25,998"
2330 台積電,2025/11/11,"1,480.20","1,485.17","1,455.37","1,455.37","24,857"
2330 台積電,2025/11/10,"1,460.33","1,475.23","1,455.37","1,465.30","26,579"
2330 台積電,2025/11/7,"1,450.40","1,455.37","1,445.43","1,450.40","23,551"
2330 台積電,2025/11/6,"1,460.33","1,470.27","1,455.37","1,455.37","29,955"
2330 台積電,2025/11/5,"1,470.27","1,475.23","1,445.43","1,450.40","63,423"
2330 台積電,2025/11/4,"1,510.00","1,514.97","1,485.17","1,495.10","35,922"
2330 台積電,2025/11/3,"1,500.07","1,510.00","1,480.20","1,500.07","30,913"
2330 台積電,2025/10/31,"1,505.04","1,514.97","1,490.14","1,490.14","33,838"
2330 台積電,2025/10/30,"1,505.04","1,510.00","1,490.14","1,495.10","30,058"
2330 台積電,2025/10/29,"1,485.17","1,505.04","1,480.20","1,495.10","32,775"
2330 台積電,2025/10/28,"1,470.27","1,480.20","1,460.33","1,465.30","35,135"
2330 台積電,2025/10/27,"1,490.14","1,490.14","1,470.27","1,470.27","36,024"
2330 台積電,2025/10/23,"1,430.53","1,445.43","1,425.56","1,440.46","26,134"
2330 台積電,2025/10/22,"1,450.40","1,460.33","1,445.43","1,450.40","30,679"
2330 台積電,2025/10/21,"1,475.23","1,490.14","1,470.27","1,470.27","37,067"
2330 台積電,2025/10/20,"1,450.40","1,485.17","1,445.43","1,470.27","34,972"
2330 台積電,2025/10/17,"1,445.43","1,455.37","1,440.46","1,440.46","43,864"
2330 台積電,2025/10/16,"1,455.37","1,485.17","1,455.37","1,475.23","42,490"
2330 台積電,2025/10/15,"1,425.56","1,455.37","1,415.63","1,455.37","45,432"
2330 台積電,2025/10/14,"1,445.43","1,450.40","1,410.66","1,415.63","44,821"
2330 台積電,2025/10/13,"1,380.86","1,410.66","1,380.86","1,405.70","60,321"
2330 台積電,2025/10/9,"1,430.53","1,445.43","1,420.60","1,430.53","42,507"
2330 台積電,2025/10/8,"1,400.73","1,410.66","1,395.76","1,405.70","27,708"
2330 台積電,2025/10/7,"1,410.66","1,435.50","1,410.66","1,425.56","42,424"
2330 台積電,2025/10/3,"1,356.02","1,390.79","1,356.02","1,390.79","34,379"
2330 台積電,2025/10/2,"1,351.06","1,360.99","1,346.09","1,356.02","32,693"
2330 台積電,2025/10/1,"1,316.29","1,341.12","1,316.29","1,316.29","36,184"
2330 台積電,2025/9/30,"1,301.39","1,311.32","1,296.42","1,296.42","44,853"
2330 台積電,2025/9/26,"1,301.39","1,306.35","1,286.48","1,291.45","29,378"
2330 台積電,2025/9/25,"1,311.32","1,321.25","1,311.32","1,311.32","27,800"
2330 台積電,2025/9/24,"1,341.12","1,346.09","1,316.29","1,331.19","47,820"
2330 台積電,2025/9/23,"1,311.32","1,331.19","1,306.35","1,331.19","37,523"
2330 台積電,2025/9/22,"1,261.65","1,286.48","1,261.65","1,286.48","30,411"
2330 台積電,2025/9/19,"1,276.55","1,281.52","1,256.68","1,256.68","48,894"
2330 台積電,2025/9/18,"1,266.62","1,276.55","1,256.68","1,276.55","26,442"
2330 台積電,2025/9/17,"1,261.65","1,266.62","1,256.68","1,256.68","32,019"
2330 台積電,2025/9/16,"1,256.68","1,276.55","1,251.71","1,271.58","42,279"
2330 台積電,2025/9/15,"1,246.72","1,246.72","1,236.82","1,241.77","26,019"
2330 台積電,2025/9/12,"1,241.77","1,246.72","1,236.82","1,246.72","28,224"
2330 台積電,2025/9/11,"1,241.77","1,246.72","1,221.98","1,226.93","34,811"
2330 台積電,2025/9/10,"1,207.14","1,217.03","1,202.19","1,212.09","43,516"
2330 台積電,2025/9/9,"1,182.40","1,187.35","1,177.46","1,187.35","35,720"
2330 台積電,2025/9/8,"1,182.40","1,182.40","1,167.56","1,167.56","28,393"
2330 台積電,2025/9/5,"1,162.61","1,167.56","1,157.67","1,167.56","27,931"
2330 台積電,2025/9/4,"1,157.67","1,162.61","1,147.77","1,147.77","25,311"
2330 台積電,2025/9/3,"1,142.82","1,147.77","1,132.93","1,147.77","20,211"
2330 台積電,2025/9/2,"1,157.67","1,162.61","1,142.82","1,147.77","14,994"
2330 台積電,2025/9/1,"1,137.88","1,152.72","1,132.93","1,152.72","23,022"
2330 台積電,2025/8/29,"1,167.56","1,172.51","1,147.77","1,147.77","21,820"
2330 台積電,2025/8/28,"1,172.51","1,172.51","1,147.77","1,147.77","20,960"
2330 台積電,2025/8/27,"1,177.46","1,177.46","1,167.56","1,177.46","23,824"
2330 台積電,2025/8/26,"1,152.72","1,172.51","1,147.77","1,162.61","39,495"
2330 台積電,2025/8/25,"1,152.72","1,167.56","1,147.77","1,157.67","27,470"
2330 台積電,2025/8/22,"1,142.82","1,142.82","1,123.04","1,123.04","20,220"
2330 台積電,2025/8/21,"1,127.98","1,142.82","1,127.98","1,137.88","25,030"
2330 台積電,2025/8/20,"1,152.72","1,152.72","1,123.04","1,123.04","73,148"
2330 台積電,2025/8/19,"1,167.56","1,172.51","1,162.61","1,172.51","22,439"
2330 台積電,2025/8/18,"1,157.67","1,172.51","1,157.67","1,167.56","21,182"
2330 台積電,2025/8/15,"1,162.61","1,172.51","1,157.67","1,167.56","23,577"
2330 台積電,2025/8/14,"1,172.51","1,177.46","1,162.61","1,162.61","35,269"
2330 台積電,2025/8/13,"1,172.51","1,187.35","1,172.51","1,187.35","39,708"
2330 台積電,2025/8/12,"1,167.56","1,177.46","1,157.67","1,167.56","30,137"
2330 台積電,2025/8/11,"1,157.67","1,182.40","1,152.72","1,167.56","37,435"
2330 台積電,2025/8/8,"1,167.56","1,172.51","1,157.67","1,162.61","27,434"
2330 台積電,2025/8/7,"1,147.77","1,167.56","1,142.82","1,167.56","64,965"
2330 台積電,2025/8/6,"1,118.09","1,123.04","1,113.14","1,113.14","24,015"
2330 台積電,2025/8/5,"1,132.93","1,137.88","1,127.98","1,137.88","20,695"
2330 台積電,2025/8/4,"1,118.09","1,123.04","1,113.14","1,123.04","25,256"
2330 台積電,2025/8/1,"1,132.93","1,137.88","1,118.09","1,127.98","45,352"
2330 台積電,2025/7/31,"1,147.77","1,152.72","1,142.82","1,147.77","35,986"
2330 台積電,2025/7/30,"1,137.88","1,147.77","1,132.93","1,142.82","37,445"
2330 台積電,2025/7/29,"1,132.93","1,132.93","1,113.14","1,123.04","41,471"
2330 台積電,2025/7/28,"1,142.82","1,147.77","1,132.93","1,132.93","23,153"
2330 台積電,2025/7/25,"1,137.88","1,142.82","1,127.98","1,132.93","23,026"
2330 台積電,2025/7/24,"1,137.88","1,142.82","1,132.93","1,132.93","16,038"
2330 台積電,2025/7/23,"1,127.98","1,132.93","1,123.04","1,132.93","31,360"
2330 台積電,2025/7/22,"1,132.93","1,147.77","1,118.09","1,118.09","54,933"
2330 台積電,2025/7/21,"1,132.93","1,137.88","1,123.04","1,137.88","32,374"
2330 台積電,2025/7/18,"1,142.82","1,147.77","1,132.93","1,142.82","50,467"
2330 台積電,2025/7/17,"1,118.09","1,123.04","1,103.25","1,118.09","36,971"
2330 台積電,2025/7/16,"1,108.19","1,118.09","1,108.19","1,118.09","34,513"
2330 台積電,2025/7/15,"1,083.46","1,103.25","1,078.51","1,098.30","49,458"
2330 台積電,2025/7/14,"1,088.40","1,088.40","1,073.56","1,083.46","29,975"
2330 台積電,2025/7/11,"1,083.46","1,088.40","1,078.51","1,088.40","30,615"
2330 台積電,2025/7/10,"1,083.46","1,088.40","1,078.51","1,088.40","23,947"
2330 台積電,2025/7/9,"1,058.72","1,078.51","1,053.77","1,078.51","25,899"
2330 台積電,2025/7/8,"1,058.72","1,068.61","1,053.77","1,068.61","29,944"
2330 台積電,2025/7/7,"1,068.61","1,073.56","1,058.72","1,068.61","19,949"
2330 台積電,2025/7/4,"1,083.46","1,088.40","1,068.61","1,073.56","23,556"
2330 台積電,2025/7/3,"1,093.35","1,093.35","1,078.51","1,078.51","39,719"
2330 台積電,2025/7/2,"1,063.67","1,073.56","1,058.72","1,073.56","24,453"
2330 台積電,2025/7/1,"1,068.61","1,083.46","1,063.67","1,073.56","52,818"
2330 台積電,2025/6/30,"1,063.67","1,068.61","1,048.83","1,048.83","35,763"
2330 台積電,2025/6/27,"1,058.72","1,068.61","1,048.83","1,068.61","34,877"
2330 台積電,2025/6/26,"1,063.67","1,068.61","1,053.77","1,063.67","39,534"
2330 台積電,2025/6/25,"1,048.83","1,058.72","1,043.88","1,058.72","44,519"
2330 台積電,2025/6/24,"1,033.98","1,038.93","1,029.04","1,038.93","30,105"
2330 台積電,2025/6/23,"1,014.19","1,019.14","1,004.30","1,009.25","33,543"
2330 台積電,2025/6/20,"1,019.14","1,043.88","1,014.19","1,043.88","67,241"
2330 台積電,2025/6/19,"1,033.98","1,033.98","1,019.14","1,024.09","25,354"
2330 台積電,2025/6/18,"1,029.04","1,043.88","1,019.14","1,043.88","41,740"
2330 台積電,2025/6/17,"1,029.04","1,038.93","1,024.09","1,033.98","30,890"
2330 台積電,2025/6/16,"1,019.14","1,019.14","1,004.30","1,014.19","31,257"
2330 台積電,2025/6/13,"1,029.04","1,029.04","1,014.19","1,019.14","31,371"
2330 台積電,2025/6/12,"1,043.88","1,048.83","1,033.98","1,033.98","28,661"
2330 台積電,2025/6/11,"1,049.31","1,054.24","1,039.46","1,049.31","46,137"
2330 台積電,2025/6/10,"1,009.90","1,034.53","1,004.97","1,029.61","55,353"
2330 台積電,2025/6/9,990.195,995.1213,985.2686,990.195,"23,952"
2330 台積電,2025/6/6,982.3128,982.3128,976.4012,980.3423,"18,797"
2330 台積電,2025/6/5,985.2686,985.2686,976.4012,983.2981,"27,047"
2330 台積電,2025/6/4,959.6517,975.416,955.7106,975.416,"43,196"
2330 台積電,2025/6/3,945.8579,950.7842,936.0052,936.0052,"27,482"
2330 台積電,2025/6/2,943.8874,946.8432,932.0641,932.0641,"40,608"
2330 台積電,2025/5/29,971.4749,971.4749,952.7548,952.7548,"64,850"
2330 台積電,2025/5/28,969.5043,970.4896,952.7548,952.7548,"31,929"
2330 台積電,2025/5/27,956.6959,960.6369,946.8432,950.7842,"29,843"
2330 台積電,2025/5/26,960.6369,969.5043,960.6369,961.6222,"20,906"
2330 台積電,2025/5/23,978.3718,978.3718,960.6369,969.5043,"23,744"
2330 台積電,2025/5/22,973.4454,973.4454,964.578,967.5338,"19,671"
2330 台積電,2025/5/21,971.4749,984.2834,968.5191,975.416,"27,677"
2330 台積電,2025/5/20,976.4012,979.357,963.5927,963.5927,"24,317"
2330 台積電,2025/5/19,978.3718,979.357,965.5633,969.5043,"21,936"
2330 台積電,2025/5/16,976.4012,983.2981,974.4307,983.2981,"18,079"
2330 台積電,2025/5/15,985.2686,985.2686,978.3718,978.3718,"28,518"
2330 台積電,2025/5/14,975.416,984.2834,973.4454,984.2834,"55,061"
2330 台積電,2025/5/13,975.416,975.416,954.7253,954.7253,"50,960"
2330 台積電,2025/5/12,939.9466,947.8288,937.9761,942.9024,"25,668"
2330 台積電,2025/5/9,924.1823,935.0203,920.2412,935.0203,"40,878"
2330 台積電,2025/5/8,919.256,925.1676,904.4769,904.4769,"30,777"
2330 台積電,2025/5/7,911.3738,918.2707,897.5801,914.3296,"39,021"
2330 台積電,2025/5/6,902.5064,916.3002,902.5064,906.4475,"43,358"
2330 台積電,2025/5/5,941.9172,942.9024,909.4033,924.1823,"56,516"
2330 台積電,2025/5/2,924.1823,936.0056,918.2707,936.0056,"48,129"
2330 台積電,2025/4/30,887.7274,894.6243,885.7568,894.6243,"39,204"
2330 台積電,2025/4/29,883.7863,888.7126,879.8452,888.7126,"31,146"
2330 台積電,2025/4/28,884.7716,884.7716,879.8452,883.7863,"25,396"
2330 台積電,2025/4/25,886.7421,887.7274,872.9483,874.9189,"39,651"
2330 台積電,2025/4/24,872.9483,872.9483,846.3461,851.2724,"34,499"
2330 台積電,2025/4/23,840.4345,860.1398,835.5081,860.1398,"40,685"
2330 台積電,2025/4/22,813.8322,816.788,803.9795,803.9795,"32,057"
2330 台積電,2025/4/21,831.567,834.5228,819.7438,822.6996,"20,672"
2330 台積電,2025/4/18,840.4345,845.3608,837.4787,837.4787,"23,249"
2330 台積電,2025/4/17,836.4934,843.3903,829.5965,834.5228,"36,449"
2330 台積電,2025/4/16,854.2282,856.1988,839.4492,842.405,"47,199"
2330 台積電,2025/4/15,861.1251,866.0515,852.2577,864.0809,"35,642"
2330 台積電,2025/4/14,881.8158,889.6979,852.2577,852.2577,"72,625"
2330 台積電,2025/4/11,835.5081,875.9041,823.6849,875.9041,"81,264"
2330 台積電,2025/4/10,850.2871,850.2871,850.2871,850.2871,"28,397"
2330 台積電,2025/4/9,797.0826,813.8322,768.5098,773.4362,"122,044"
2330 台積電,2025/4/8,785.2594,830.5818,785.2594,803.9795,"136,580"
2330 台積電,2025/4/7,835.5081,835.5081,835.5081,835.5081,"37,652"
2330 台積電,2025/4/2,935.0203,937.9761,924.1823,928.1234,"28,201"
2330 台積電,2025/4/1,915.3149,932.0645,911.3738,930.0939,"33,673"
2330 台積電,2025/3/31,906.4475,910.3886,896.5948,896.5948,"59,733"
2330 台積電,2025/3/28,932.0645,940.9319,932.0645,937.9761,"37,802"
2330 台積電,2025/3/27,946.8435,949.7993,943.8877,943.8877,"44,589"
2330 台積電,2025/3/26,980.3427,980.3427,965.5636,965.5636,"25,939"
2330 台積電,2025/3/25,974.431,980.3427,970.49,975.4163,"28,306"
2330 台積電,2025/3/24,971.4752,972.4605,957.6815,957.6815,"16,866"
2330 台積電,2025/3/21,970.49,972.4605,955.7109,957.6815,"46,869"
2330 台積電,2025/3/20,963.5931,970.49,956.6962,970.49,"31,993"
2330 台積電,2025/3/19,950.7846,952.7551,936.0056,937.9761,"43,493"
2330 台積電,2025/3/18,961.6225,963.5931,953.7404,956.6962,"25,716"
2330 台積電,2025/3/17,958.1326,965.9782,949.3065,951.2678,"35,012"
2330 台積電,2025/3/14,946.3644,950.2871,936.5575,940.4803,"42,394"
2330 台積電,2025/3/13,980.6885,985.5919,946.3644,946.3644,"42,915"
2330 台積電,2025/3/12,961.0747,975.785,957.152,968.9202,"38,527"
2330 台積電,2025/3/11,950.2871,960.094,944.403,952.2485,"58,764"
2330 台積電,2025/3/10,985.5919,985.5919,972.843,978.7271,"55,410"
2330 台積電,2025/3/7,985.5919,990.4954,980.6885,985.5919,"50,358"
2330 台積電,2025/3/6,"1,000.30","1,005.21",985.5919,985.5919,"49,318"
2330 台積電,2025/3/5,"1,000.30","1,010.11",995.3988,"1,000.30","45,086"
2330 台積電,2025/3/4,976.7657,990.4954,976.7657,980.6885,"70,879"
2330 台積電,2025/3/3,980.6885,"1,000.30",980.6885,"1,000.30","73,279"
2330 台積電,2025/2/27,"1,044.43","1,044.43","1,019.92","1,019.92","61,646"
2330 台積電,2025/2/26,"1,024.82","1,039.53","1,024.82","1,039.53","42,921"
2330 台積電,2025/2/25,"1,034.63","1,039.53","1,029.72","1,034.63","53,174"
2330 台積電,2025/2/24,"1,059.14","1,064.05","1,054.24","1,054.24","33,837"
2330 台積電,2025/2/21,"1,064.05","1,073.85","1,059.14","1,073.85","31,480"
2330 台積電,2025/2/20,"1,059.14","1,064.05","1,049.34","1,059.14","31,108"
2330 台積電,2025/2/19,"1,068.95","1,073.85","1,064.05","1,068.95","28,756"
2330 台積電,2025/2/18,"1,064.05","1,078.76","1,059.14","1,078.76","24,018"
2330 台積電,2025/2/17,"1,044.43","1,064.05","1,044.43","1,064.05","37,215"
2330 台積電,2025/2/14,"1,044.43","1,049.34","1,039.53","1,039.53","73,417"
2330 台積電,2025/2/13,"1,068.95","1,073.85","1,059.14","1,068.95","35,681"
2330 台積電,2025/2/12,"1,088.56","1,093.47","1,078.76","1,078.76","26,190"
2330 台積電,2025/2/11,"1,088.56","1,093.47","1,078.76","1,088.56","21,023"
2330 台積電,2025/2/10,"1,103.27","1,103.27","1,073.85","1,083.66","31,037"
2330 台積電,2025/2/7,"1,088.56","1,103.27","1,083.66","1,103.27","31,107"
2330 台積電,2025/2/6,"1,098.37","1,098.37","1,083.66","1,093.47","33,768"
2330 台積電,2025/2/5,"1,088.56","1,098.37","1,083.66","1,088.56","43,082"
2330 台積電,2025/2/4,"1,064.05","1,078.76","1,059.14","1,073.85","57,904"
2330 台積電,2025/2/3,"1,044.43","1,054.24","1,039.53","1,049.34","113,031"
2330 台積電,2025/1/22,"1,117.98","1,127.79","1,113.08","1,113.08","45,996"
2330 台積電,2025/1/21,"1,093.47","1,103.27","1,088.56","1,098.37","24,368"
2330 台積電,2025/1/20,"1,103.27","1,113.08","1,098.37","1,098.37","32,062"
2330 台積電,2025/1/17,"1,103.27","1,103.27","1,073.85","1,098.37","60,857"
2330 台積電,2025/1/16,"1,073.85","1,093.47","1,068.95","1,083.66","49,872"
2330 台積電,2025/1/15,"1,064.05","1,064.05","1,044.43","1,044.43","37,966"
2330 台積電,2025/1/14,"1,064.05","1,068.95","1,054.24","1,068.95","31,280"
2330 台積電,2025/1/13,"1,088.56","1,093.47","1,049.34","1,054.24","62,629"
2330 台積電,2025/1/10,"1,078.76","1,088.56","1,078.76","1,078.76","24,475"
2330 台積電,2025/1/9,"1,078.76","1,093.47","1,078.76","1,078.76","29,916"
2330 台積電,2025/1/8,"1,088.56","1,108.18","1,083.66","1,083.66","49,181"
2330 台積電,2025/1/7,"1,127.79","1,137.60","1,108.18","1,108.18","54,691"
2330 台積電,2025/1/6,"1,078.76","1,103.27","1,073.85","1,103.27","77,874"
2330 台積電,2025/1/3,"1,059.14","1,064.05","1,054.24","1,054.24","31,244"
2330 台積電,2025/1/2,"1,049.34","1,054.24","1,034.63","1,044.43","45,045"
2330 台積電,2024/12/31,"1,059.14","1,064.05","1,054.24","1,054.24","29,239"
2330 台積電,2024/12/30,"1,068.95","1,073.85","1,064.05","1,068.95","27,437"
2330 台積電,2024/12/27,"1,059.14","1,073.85","1,059.14","1,068.95","26,151"
2330 台積電,2024/12/26,"1,064.05","1,068.95","1,064.05","1,064.05","15,017"
2330 台積電,2024/12/25,"1,068.95","1,068.95","1,059.14","1,064.05","16,186"
2330 台積電,2024/12/24,"1,073.85","1,073.85","1,059.14","1,059.14","30,069"
2330 台積電,2024/12/23,"1,044.43","1,059.14","1,039.53","1,059.14","32,800"
2330 台積電,2024/12/20,"1,039.53","1,039.53","1,015.01","1,015.01","56,392"
2330 台積電,2024/12/19,"1,044.43","1,049.34","1,034.63","1,049.34","46,126"
2330 台積電,2024/12/18,"1,054.24","1,068.95","1,049.34","1,064.05","47,331"
2330 台積電,2024/12/17,"1,068.95","1,073.85","1,054.24","1,054.24","40,033"
2330 台積電,2024/12/16,"1,064.05","1,064.05","1,054.24","1,064.05","43,679"
2330 台積電,2024/12/13,"1,039.53","1,049.34","1,034.63","1,044.43","24,329"
2330 台積電,2024/12/12,"1,039.53","1,044.43","1,034.63","1,039.53","26,574"
2330 台積電,2024/12/11,"1,020.90","1,035.55","1,020.90","1,020.90","26,948"
2330 台積電,2024/12/10,"1,045.32","1,050.20","1,035.55","1,040.43","32,359"
2330 台積電,2024/12/9,"1,045.32","1,050.20","1,040.43","1,050.20","30,255"
2330 台積電,2024/12/6,"1,050.20","1,055.09","1,035.55","1,040.43","32,090"
2330 台積電,2024/12/5,"1,045.32","1,055.09","1,045.32","1,050.20","41,293"
2330 台積電,2024/12/4,"1,040.43","1,045.32","1,030.67","1,045.32","35,431"
2330 台積電,2024/12/3,"1,035.55","1,040.43","1,030.67","1,030.67","48,632"
2330 台積電,2024/12/2,996.4726,"1,016.01",991.5879,"1,011.13","33,333"
2330 台積電,2024/11/29,972.0493,986.7033,971.0723,973.0262,"43,621"
2330 台積電,2024/11/28,981.8186,981.8186,969.1185,981.8186,"37,166"
2330 台積電,2024/11/27,986.7033,996.4726,976.9339,976.9339,"34,602"
2330 台積電,2024/11/26,991.5879,996.4726,986.7033,986.7033,"31,309"
2330 台積電,2024/11/25,"1,020.90","1,025.78","1,006.24","1,006.24","54,443"
2330 台積電,2024/11/22,"1,011.13","1,025.78","1,011.13","1,016.01","32,509"
2330 台積電,2024/11/21,996.4726,"1,001.36",986.7033,986.7033,"44,679"
2330 台積電,2024/11/20,"1,020.90","1,025.78",996.4726,"1,001.36","40,203"
2330 台積電,2024/11/19,"1,006.24","1,020.90","1,001.36","1,016.01","25,497"
2330 台積電,2024/11/18,"1,006.24","1,011.13",996.4726,"1,001.36","33,583"
2330 台積電,2024/11/15,"1,016.01","1,020.90","1,006.24","1,011.13","37,405"
2330 台積電,2024/11/14,"1,006.24","1,016.01","1,001.36","1,011.13","49,328"
2330 台積電,2024/11/13,"1,020.90","1,025.78","1,011.13","1,011.13","46,420"
2330 台積電,2024/11/12,"1,035.55","1,040.43","1,025.78","1,025.78","54,098"
2330 台積電,2024/11/11,"1,055.09","1,064.86","1,045.32","1,059.97","36,630"
2330 台積電,2024/11/8,"1,059.97","1,064.86","1,055.09","1,064.86","38,840"
2330 台積電,2024/11/7,"1,025.78","1,050.20","1,025.78","1,040.43","46,030"
2330 台積電,2024/11/6,"1,025.78","1,055.09","1,016.01","1,035.55","59,404"
2330 台積電,2024/11/5,"1,006.24","1,030.67","1,006.24","1,025.78","33,407"
2330 台積電,2024/11/4,"1,006.24","1,020.90","1,001.36","1,016.01","28,225"
2330 台積電,2024/11/1,973.0262,"1,006.24",973.0262,"1,001.36","61,545"
2330 台積電,2024/10/30,"1,016.01","1,030.67","1,006.24","1,006.24","40,765"
2330 台積電,2024/10/29,"1,011.13","1,016.01",996.4726,"1,016.01","48,097"
2330 台積電,2024/10/28,"1,050.20","1,055.09","1,025.78","1,025.78","41,665"
2330 台積電,2024/10/25,"1,040.43","1,045.32","1,035.55","1,040.43","23,347"
2330 台積電,2024/10/24,"1,045.32","1,050.20","1,030.67","1,035.55","40,791"
2330 台積電,2024/10/23,"1,035.55","1,045.32","1,030.67","1,035.55","32,895"
2330 台積電,2024/10/22,"1,040.43","1,050.20","1,035.55","1,050.20","43,740"
2330 台積電,2024/10/21,"1,064.86","1,069.74","1,055.09","1,059.97","42,094"
2330 台積電,2024/10/18,"1,069.74","1,074.63","1,050.20","1,059.97","91,036"
2330 台積電,2024/10/17,"1,025.78","1,030.67","1,006.24","1,011.13","56,618"
2330 台積電,2024/10/16,"1,016.01","1,045.32","1,011.13","1,020.90","60,312"
2330 台積電,2024/10/15,"1,025.78","1,050.20","1,025.78","1,045.32","52,066"
2330 台積電,2024/10/14,"1,020.90","1,030.67","1,011.13","1,020.90","39,906"
2330 台積電,2024/10/11,"1,001.36","1,025.78",996.4726,"1,020.90","47,776"
2330 台積電,2024/10/9,"1,006.24","1,011.13",996.4726,996.4726,"53,208"
2330 台積電,2024/10/8,976.9339,986.7033,974.0031,986.7033,"35,344"
2330 台積電,2024/10/7,970.0954,986.7033,966.1877,981.8186,"43,850"
2330 台積電,2024/10/4,963.2569,963.2569,944.6951,954.4644,"43,765"
2330 台積電,2024/10/1,944.6951,954.4644,944.6951,949.5798,"27,877"
2330 台積電,2024/9/30,955.4414,967.1646,934.9258,934.9258,"66,874"
2330 台積電,2024/9/27,996.4726,"1,001.36",976.9339,976.9339,"37,665"
2330 台積電,2024/9/26,986.7033,991.5879,981.8186,991.5879,"43,341"
2330 台積電,2024/9/25,976.9339,981.8186,974.9801,981.8186,"43,039"
2330 台積電,2024/9/24,953.4875,964.2338,948.6028,964.2338,"29,324"
2330 台積電,2024/9/23,948.6028,954.4644,948.6028,954.4644,"15,399"
2330 台積電,2024/9/20,958.3722,959.3491,948.6028,950.5567,"66,762"
2330 台積電,2024/9/19,918.3179,937.8566,914.4102,937.8566,"35,254"
2330 台積電,2024/9/18,923.2026,926.1334,911.4794,919.2948,"30,094"
2330 台積電,2024/9/16,930.0411,930.0411,921.2487,925.1564,"14,456"
2330 台積電,2024/9/13,932.9719,932.9719,917.341,925.1564,"28,307"
2330 台積電,2024/9/12,914.4102,922.2256,906.5947,918.3179,"43,749"
2330 台積電,2024/9/11,881.1626,881.1626,875.3271,876.2997,"19,513"
2330 台積電,2024/9/10,882.1352,886.0255,876.2997,879.2174,"34,312"
2330 台積電,2024/9/9,867.5464,875.3271,866.5738,874.3545,"38,448"
2330 台積電,2024/9/6,884.0804,892.8336,878.2449,892.8336,"28,248"
2330 台積電,2024/9/5,882.1352,889.9159,875.3271,877.2723,"34,147"
2330 台積電,2024/9/4,869.4916,880.19,863.6561,864.6287,"93,169"
2330 台積電,2024/9/3,922.0112,925.9016,913.2579,914.2305,"23,205"
2330 台積電,2024/9/2,923.9564,928.8193,917.1483,922.0112,"19,272"
2330 台積電,2024/8/30,918.1212,925.9019,915.2034,918.1212,"75,533"
2330 台積電,2024/8/29,916.176,921.0389,911.3131,917.1486,"46,275"
2330 台積電,2024/8/28,919.0938,937.5729,917.1486,937.5729,"33,519"
2330 台積電,2024/8/27,919.0938,920.0664,914.2308,916.176,"19,969"
2330 台積電,2024/8/26,930.7648,934.6551,919.0938,923.9567,"26,518"
2330 台積電,2024/8/23,918.1212,925.9019,913.2583,922.9841,"31,203"
2330 台積電,2024/8/22,931.7374,937.5729,922.0115,924.9293,"25,850"
2330 台積電,2024/8/21,934.6551,937.5729,929.7922,931.7374,"32,606"
2330 台積電,2024/8/20,950.2165,950.2165,941.4632,946.3262,"26,420"
2330 台積電,2024/8/19,942.4358,948.2714,937.5729,946.3262,"22,416"
2330 台積電,2024/8/16,936.6003,942.4358,931.7374,942.4358,"49,830"
2330 台積電,2024/8/15,919.0938,923.9567,915.2034,917.1486,"21,714"
2330 台積電,2024/8/14,924.9293,928.8196,919.0938,922.0115,"40,527"
2330 台積電,2024/8/13,919.0938,919.0938,911.3131,915.2034,"26,831"
2330 台積電,2024/8/12,916.176,922.0115,905.4776,914.2308,"40,968"
2330 台積電,2024/8/9,901.5872,908.3953,896.7243,908.3953,"54,464"
2330 台積電,2024/8/8,876.3,880.1903,862.6838,871.4371,"41,288"
2330 台積電,2024/8/7,876.3,894.7791,868.5193,894.7791,"62,643"
2330 台積電,2024/8/6,844.2046,870.4645,816.9722,855.8757,"108,521"
2330 台積電,2024/8/5,828.6433,833.5062,790.7124,792.6576,"159,662"
2330 台積電,2024/8/2,892.8339,902.5598,878.2452,878.2452,"89,044"
2330 台積電,2024/8/1,942.4358,942.4358,922.0115,933.6826,"50,257"
2330 台積電,2024/7/31,903.5324,914.2308,902.5598,908.3953,"47,407"
2330 台積電,2024/7/30,904.505,922.9841,900.6146,914.2308,"45,996"
2330 台積電,2024/7/29,916.176,922.0115,910.3405,918.1212,"44,000"
2330 台積電,2024/7/26,889.9162,904.505,889.9162,898.6695,"95,625"
2330 台積電,2024/7/23,936.6003,952.1617,929.7922,952.1617,"53,439"
2330 台積電,2024/7/22,937.5729,938.5455,912.2857,913.2583,"90,266"
2330 台積電,2024/7/19,960.915,967.7231,943.4084,943.4084,"110,541"
2330 台積電,2024/7/18,960.915,977.4489,958.9698,977.4489,"94,327"
2330 台積電,2024/7/17,"1,006.63","1,016.35",992.0377,"1,001.76","62,390"
2330 台積電,2024/7/16,"1,011.49","1,040.67","1,006.63","1,026.08","36,244"
2330 台積電,2024/7/15,"1,011.49","1,016.35",996.9007,"1,011.49","44,123"
2330 台積電,2024/7/12,"1,001.76","1,016.35",996.9007,"1,011.49","79,472"
2330 台積電,2024/7/11,"1,035.80","1,050.39","1,026.08","1,050.39","49,304"
2330 台積電,2024/7/10,992.0377,"1,021.22",987.1748,"1,016.35","51,810"
2330 台積電,2024/7/9,"1,001.76","1,026.08",996.9007,"1,011.49","54,339"
2330 台積電,2024/7/8,977.4489,"1,021.22",972.586,"1,006.63","45,678"
2330 台積電,2024/7/5,977.4489,982.3119,972.586,977.4489,"21,735"
2330 台積電,2024/7/4,972.586,982.3119,969.6682,977.4489,"47,251"
2330 台積電,2024/7/3,949.2439,952.1617,940.4907,952.1617,"25,022"
2330 台積電,2024/7/2,940.4907,944.381,932.71,933.6826,"27,992"
2330 台積電,2024/7/1,941.4632,950.2165,938.5455,941.4632,"20,936"
2330 台積電,2024/6/28,929.7922,944.381,928.8196,939.5181,"42,998"
2330 台積電,2024/6/27,924.9293,934.6551,922.9841,933.6826,"41,276"
2330 台積電,2024/6/26,924.9293,933.6826,924.9293,933.6826,"48,821"
2330 台積電,2024/6/25,899.6421,919.0938,897.6969,919.0938,"62,079"
2330 台積電,2024/6/24,931.7374,933.6826,914.2308,914.2308,"74,081"
2330 台積電,2024/6/21,934.6551,951.1891,933.6826,943.4084,"97,995"
2330 台積電,2024/6/20,944.381,954.1069,944.381,954.1069,"52,144"
2330 台積電,2024/6/19,926.8745,957.0246,926.8745,954.1069,"76,684"
2330 台積電,2024/6/18,918.1212,923.9567,914.2308,917.1486,"40,870"
2330 台積電,2024/6/17,887.971,899.6421,887.971,895.7517,"28,796"
2330 台積電,2024/6/14,890.8888,896.7243,880.1903,896.7243,"43,289"
2330 台積電,2024/6/13,897.6969,909.3679,886.0258,893.8065,"59,656"
2330 台積電,2024/6/12,860.3313,885.5212,860.3313,880.677,"51,874"
2330 台積電,2024/6/11,864.2067,867.1132,855.4871,855.4871,"57,435"
2330 台積電,2024/6/7,857.4248,860.3313,851.6117,851.6117,"44,489"
2330 台積電,2024/6/6,865.1755,870.9885,857.4248,866.1443,"67,300"
2330 台積電,2024/6/5,814.7957,830.2972,808.9827,827.3907,"37,531"
2330 台積電,2024/6/4,817.7018,824.4837,810.9199,812.8576,"31,031"
2330 台積電,2024/6/3,812.8576,826.4214,810.9199,819.6395,"29,629"
2330 台積電,2024/5/31,811.8888,819.6395,795.4185,795.4185,"90,177"
2330 台積電,2024/5/30,814.7953,821.5772,811.8888,811.8888,"42,535"
2330 台積電,2024/5/29,834.1721,840.954,829.3279,830.2967,"51,073"
2330 台積電,2024/5/28,839.9851,845.7982,838.0475,838.0475,"32,712"
2330 台積電,2024/5/27,844.8294,850.6424,839.0163,841.9228,"32,691"
2330 台積電,2024/5/24,831.2656,844.8294,831.2656,839.9851,"37,353"
2330 台積電,2024/5/23,847.7359,849.6736,839.9851,847.7359,"40,771"
2330 台積電,2024/5/22,818.6706,838.0475,816.733,837.0786,"40,904"
2330 台積電,2024/5/21,804.138,814.7953,804.138,814.7953,"20,548"
2330 台積電,2024/5/20,808.0134,811.8888,796.3873,808.9822,"30,148"
2330 台積電,2024/5/17,821.5772,821.5772,808.0134,808.9822,"27,855"
2330 台積電,2024/5/16,825.4525,829.3279,810.9199,814.7953,"46,276"
2330 台積電,2024/5/15,811.8888,817.7018,810.9199,812.8576,"41,805"
2330 台積電,2024/5/14,790.5743,799.2938,785.7301,799.2938,"29,663"
2330 台積電,2024/5/13,797.3561,799.2938,792.5119,793.4808,"38,146"
2330 台積電,2024/5/10,777.9793,781.8547,773.1351,777.0105,"27,560"
2330 台積電,2024/5/9,773.1351,777.0105,771.1974,771.1974,"22,863"
2330 台積電,2024/5/8,769.2598,777.0105,767.3221,777.0105,"22,585"
2330 台積電,2024/5/7,772.1663,775.0728,767.3221,775.0728,"35,917"
2330 台積電,2024/5/6,766.3532,768.2909,761.509,761.509,"33,733"
2330 台積電,2024/5/3,763.4467,763.4467,748.9141,755.696,"31,026"
2330 台積電,2024/5/2,764.4155,764.4155,747.9453,747.9453,"47,536"
2330 台積電,2024/4/30,772.1663,777.0105,765.3844,765.3844,"41,627"
2330 台積電,2024/4/29,765.3844,770.2286,762.4779,770.2286,"30,704"
2330 台積電,2024/4/26,763.4467,764.4155,757.6337,757.6337,"34,721"
2330 台積電,2024/4/25,746.0076,749.8829,741.1634,742.1322,"30,492"
2330 台積電,2024/4/24,746.0076,760.5402,745.0387,758.6025,"41,652"
2330 台積電,2024/4/23,737.288,737.288,728.5684,730.5061,"32,067"
2330 台積電,2024/4/22,716.9423,733.4126,716.9423,718.88,"52,354"
2330 台積電,2024/4/19,745.0387,746.0076,722.7554,726.6308,"143,868"
2330 台積電,2024/4/18,771.1974,784.7612,767.3221,778.9482,"45,765"
2330 台積電,2024/4/17,773.1351,782.8235,768.2909,778.9482,"36,616"
2330 台積電,2024/4/16,777.0105,777.9793,760.5402,763.4467,"54,120"
2330 台積電,2024/4/15,778.9482,786.6989,777.9793,780.8858,"41,251"
2330 台積電,2024/4/12,797.3561,800.2627,791.5431,792.5119,"32,473"
2330 台積電,2024/4/11,785.7301,794.4496,785.7301,794.4496,"27,772"
2330 台積電,2024/4/10,789.6054,793.4808,784.7612,789.6054,"31,109"
2330 台積電,2024/4/9,770.2286,794.4496,767.3221,793.4808,"61,642"
2330 台積電,2024/4/8,764.4155,767.3221,758.6025,758.6025,"40,567"
2330 台積電,2024/4/3,758.6025,760.5402,753.7583,755.696,"32,909"
2330 台積電,2024/4/2,759.5713,765.3844,758.6025,765.3844,"42,219"
2330 台積電,2024/4/1,758.6025,758.6025,745.0387,746.0076,"22,348"
2330 台積電,2024/3/29,745.0387,756.6648,744.0699,754.7271,"20,212"
2330 台積電,2024/3/28,749.8829,751.8206,744.0699,745.0387,"28,393"
2330 台積電,2024/3/27,760.5402,760.5402,754.7271,754.7271,"19,732"
2330 台積電,2024/3/26,763.4467,767.3221,751.8206,757.6337,"43,103"
2330 台積電,2024/3/25,758.6025,763.4467,754.7271,755.696,"21,223"
2330 台積電,2024/3/22,763.4467,764.4155,750.8518,760.5402,"32,629"
2330 台積電,2024/3/21,748.9141,759.5713,747.9453,759.5713,"47,759"
2330 台積電,2024/3/20,740.1945,745.0387,728.5684,734.3815,"48,788"
2330 台積電,2024/3/19,734.3815,741.1634,731.475,738.2568,"32,078"
2330 台積電,2024/3/18,730.5061,741.1634,730.5061,740.1945,"46,006"
2330 台積電,2024/3/15,743.5045,749.2905,726.1464,726.1464,"80,580"
2330 台積電,2024/3/14,751.2192,757.0052,742.5401,756.0409,"48,964"
2330 台積電,2024/3/13,757.0052,757.0052,749.2905,751.2192,"43,130"
2330 台積電,2024/3/12,730.0037,743.5045,727.1107,742.5401,"63,336"
2330 台積電,2024/3/11,740.6115,750.2548,733.8611,738.6828,"73,436"
2330 台積電,2024/3/8,766.6486,767.6129,744.4688,756.0409,"98,069"
2330 台積電,2024/3/7,728.0751,741.5758,727.1107,732.8967,"80,382"
2330 台積電,2024/3/6,692.3946,711.6813,691.4302,708.7883,"52,464"
2330 台積電,2024/3/5,708.7883,711.6813,702.0379,703.9666,"73,299"
2330 台積電,2024/3/4,688.5372,699.1449,685.6442,699.1449,"97,210"
2330 台積電,2024/3/1,672.1435,672.1435,663.4644,664.4288,"24,167"
2330 台積電,2024/2/29,666.3576,673.1079,663.4645,665.3932,"59,337"
2330 台積電,2024/2/27,675.0366,676.0009,666.3576,673.1079,"35,389"
2330 台積電,2024/2/26,675.0366,675.0366,670.2149,673.1079,"29,976"
2330 台積電,2024/2/23,676.0009,677.9296,671.1792,672.1436,"48,404"
2330 台積電,2024/2/22,670.2149,670.2149,660.5715,667.3219,"34,269"
2330 台積電,2024/2/21,653.8212,658.6429,653.8212,656.7142,"31,980"
2330 台積電,2024/2/20,650.9282,663.4645,650.9282,662.5002,"31,403"
2330 台積電,2024/2/19,649.9638,657.6785,649.9638,653.8212,"36,366"
2330 台積電,2024/2/16,672.1436,674.0723,658.6429,658.6429,"48,963"
2330 台積電,2024/2/15,683.7156,683.7156,668.2862,672.1436,"132,263"
2330 台積電,2024/2/5,621.998,623.9267,615.2476,622.9623,"48,037"
2330 台積電,2024/2/2,610.426,612.3546,605.6043,612.3546,"27,797"
2330 台積電,2024/2/1,602.7113,605.6043,596.9252,605.6043,"46,924"
2330 台積電,2024/1/31,611.3903,614.2833,603.6756,605.6043,"47,554"
2330 台積電,2024/1/30,619.105,623.9267,619.105,619.105,"40,398"
2330 台積電,2024/1/29,622.9623,624.891,621.0337,624.891,"29,828"
2330 台積電,2024/1/26,621.0337,622.9623,616.212,621.0337,"44,103"
2330 台積電,2024/1/25,612.3546,619.105,610.426,619.105,"59,214"
2330 台積電,2024/1/24,605.6043,607.5329,601.7469,604.6399,"29,905"
2330 台積電,2024/1/23,606.5686,606.5686,599.8182,605.6043,"45,761"
2330 台積電,2024/1/22,610.426,610.426,600.7826,603.6756,"70,829"
2330 台積電,2024/1/19,602.7113,604.6399,592.1035,603.6756,"176,166"
2330 台積電,2024/1/18,565.1021,567.9951,564.1377,567.0307,"36,746"
2330 台積電,2024/1/17,562.2091,563.1734,557.3874,560.2804,"46,857"
2330 台積電,2024/1/16,560.2804,567.0307,558.3517,559.316,"28,889"
2330 台積電,2024/1/15,568.9594,568.9594,564.1377,565.1021,"21,900"
2330 台積電,2024/1/12,560.2804,567.0307,560.2804,563.1734,"17,636"
2330 台積電,2024/1/11,565.1021,567.9951,562.2091,565.1021,"27,842"
2330 台積電,2024/1/10,560.2804,565.1021,559.316,563.1734,"13,708"
2330 台積電,2024/1/9,567.0307,567.9951,562.2091,565.1021,"23,718"
2330 台積電,2024/1/8,561.2447,564.1377,558.3517,562.2091,"19,270"
2330 台積電,2024/1/5,557.3874,559.316,553.53,555.4587,"22,008"
2330 台積電,2024/1/4,559.316,560.2804,556.423,559.316,"18,063"
2330 台積電,2024/1/3,563.1734,564.1377,555.4587,557.3874,"40,134"
2330 台積電,2024/1/2,568.9594,571.8524,567.9951,571.8524,"27,997"
2330 台積電,2023/12/29,567.9951,571.8524,567.9951,571.8524,"20,155"
2330 台積電,2023/12/28,570.8881,571.8524,567.9951,571.8524,"27,152"
2330 台積電,2023/12/27,566.0664,570.8881,565.1021,570.8881,"34,750"
2330 台積電,2023/12/26,562.2091,565.1021,561.2447,565.1021,"17,033"
2330 台積電,2023/12/25,561.2447,564.1377,559.316,560.2804,"9,994"
2330 台積電,2023/12/22,561.2447,561.2447,558.3517,561.2447,"19,328"
2330 台積電,2023/12/21,556.423,558.3517,554.4944,556.423,"26,007"
2330 台積電,2023/12/20,566.0664,566.0664,562.2091,564.1377,"38,628"
2330 台積電,2023/12/19,567.0307,567.0307,559.316,564.1377,"30,591"
2330 台積電,2023/12/18,558.3517,564.1377,556.423,564.1377,"26,938"
2330 台積電,2023/12/15,564.1377,565.1021,559.316,564.1377,"58,693"
2330 台積電,2023/12/14,560.2804,561.2447,558.3517,561.2447,"40,580"
2330 台積電,2023/12/13,552.5709,555.4488,552.5709,553.5302,"24,327"
2330 台積電,2023/12/12,556.4082,557.3675,551.6115,554.4895,"32,856"
2330 台積電,2023/12/11,548.7336,551.6115,546.8149,550.6522,"29,204"
2330 台積電,2023/12/8,550.6522,553.5302,546.8149,546.8149,"39,243"
2330 台積電,2023/12/7,546.8149,549.6929,542.9776,542.9776,"24,259"
2330 台積電,2023/12/6,544.8963,551.6115,544.8963,546.8149,"23,116"
2330 台積電,2023/12/5,547.7742,548.7336,543.9369,546.8149,"27,355"
2330 台積電,2023/12/4,558.3268,558.3268,547.7742,550.6522,"29,424"
2330 台積電,2023/12/1,549.6929,555.4488,549.6929,555.4488,"28,797"
2330 台積電,2023/11/30,552.5709,553.5302,546.8149,553.5302,"54,365"
2330 台積電,2023/11/29,554.4895,555.4488,546.8149,550.6522,"27,786"
2330 台積電,2023/11/28,542.0183,552.5709,542.0183,551.6115,"26,932"
2330 台積電,2023/11/27,549.6929,553.5302,544.8963,544.8963,"20,321"
2330 台積電,2023/11/24,553.5302,554.4895,550.6522,551.6115,"12,503"
2330 台積電,2023/11/23,550.6522,554.4895,550.6522,554.4895,"15,143"
2330 台積電,2023/11/22,552.5709,555.4488,550.6522,553.5302,"23,922"
2330 台積電,2023/11/21,558.3268,561.2048,557.3675,561.2048,"39,880"
2330 台積電,2023/11/20,552.5709,555.4488,551.6115,553.5302,"26,606"
2330 台積電,2023/11/17,555.4488,559.2861,555.4488,556.4082,"22,878"
2330 台積電,2023/11/16,557.3675,559.2861,554.4895,559.2861,"31,059"
2330 台積電,2023/11/15,559.2861,559.2861,551.6115,557.3675,"53,122"
2330 台積電,2023/11/14,552.5709,552.5709,547.7742,548.7336,"25,366"
2330 台積電,2023/11/13,555.4488,556.4082,547.7742,547.7742,"46,556"
2330 台積電,2023/11/10,532.425,534.3437,531.4657,534.3437,"14,105"
2330 台積電,2023/11/9,528.5877,534.3437,528.5877,534.3437,"13,649"
2330 台積電,2023/11/8,527.6284,534.3437,527.6284,533.3844,"16,780"
2330 台積電,2023/11/7,529.5471,532.425,527.6284,532.425,"16,990"
2330 台積電,2023/11/6,530.5064,533.3844,527.6284,527.6284,"31,297"
2330 台積電,2023/11/3,524.7505,526.6691,522.8318,526.6691,"16,673"
2330 台積電,2023/11/2,514.1979,524.7505,513.2386,524.7505,"31,075"
2330 台積電,2023/11/1,511.3199,511.3199,505.564,506.5233,"14,028"
2330 台積電,2023/10/31,513.2386,513.2386,505.564,507.4826,"28,073"
2330 台積電,2023/10/30,509.4013,512.2792,506.5233,510.3606,"23,299"
2330 台積電,2023/10/27,512.2792,514.1979,510.3606,511.3199,"17,050"
2330 台積電,2023/10/26,508.4419,513.2386,508.4419,509.4013,"31,682"
2330 台積電,2023/10/25,521.8725,528.5877,521.8725,521.8725,"17,137"
2330 台積電,2023/10/24,520.9132,523.7911,518.0352,521.8725,"15,761"
2330 台積電,2023/10/23,529.5471,530.5064,520.9132,521.8725,"24,172"
2330 台積電,2023/10/20,526.6691,533.3844,523.7911,533.3844,"49,143"
2330 台積電,2023/10/19,518.0352,525.7098,518.0352,523.7911,"26,999"
2330 台積電,2023/10/18,526.6691,526.6691,518.0352,518.0352,"28,848"
2330 台積電,2023/10/17,527.6284,529.5471,525.7098,528.5877,"19,462"
2330 台積電,2023/10/16,523.7911,524.7505,519.9538,522.8318,"21,867"
2330 台積電,2023/10/13,527.6284,531.4657,525.7098,530.5064,"34,704"
2330 台積電,2023/10/12,522.8318,527.6284,521.8725,527.6284,"36,350"
2330 台積電,2023/10/11,519.9538,521.8725,518.0352,521.8725,"61,670"
2330 台積電,2023/10/6,508.4419,511.3199,507.4826,510.3606,"16,160"
2330 台積電,2023/10/5,501.7267,507.4826,501.7267,506.5233,"25,749"
2330 台積電,2023/10/4,499.808,501.7267,497.8894,498.8487,"29,808"
2330 台積電,2023/10/3,506.5233,511.3199,506.5233,507.4826,"17,601"
2330 台積電,2023/10/2,508.4419,512.2792,506.5233,511.3199,"26,891"
2330 台積電,2023/9/28,501.7267,503.6453,498.8487,501.7267,"28,350"
2330 台積電,2023/9/27,495.9707,501.7267,495.0114,500.7673,"18,655"
2330 台積電,2023/9/26,499.808,502.686,497.8894,497.8894,"29,064"
2330 台積電,2023/9/25,500.7673,507.4826,500.7673,503.6453,"20,583"
2330 台積電,2023/9/22,501.7267,503.6453,500.7673,500.7673,"33,499"
2330 台積電,2023/9/21,508.4419,509.4013,504.6046,505.564,"35,984"
2330 台積電,2023/9/20,514.1979,516.1165,513.2386,513.2386,"28,098"
2330 台積電,2023/9/19,517.0759,520.9132,516.1165,516.1165,"21,099"
2330 台積電,2023/9/18,525.7098,526.6691,518.0352,518.0352,"40,148"
2330 台積電,2023/9/15,526.6691,535.303,524.7505,535.303,"44,681"
2330 台積電,2023/9/14,521.8725,527.6284,520.9132,527.6284,"18,377"
2330 台積電,2023/9/13,519.9325,522.7945,516.1165,516.1165,"16,836"
2330 台積電,2023/9/12,511.3464,519.9325,511.3464,518.9785,"17,135"
2330 台積電,2023/9/11,514.2085,515.1625,511.3464,511.3464,"15,540"
2330 台積電,2023/9/8,510.3924,515.1625,510.3924,514.2085,"16,702"
2330 台積電,2023/9/7,520.8865,522.7945,517.0705,517.0705,"22,610"
2330 台積電,2023/9/6,530.4265,530.4265,524.7025,524.7025,"14,442"
2330 台積電,2023/9/5,527.5645,529.4725,524.7025,526.6105,"14,337"
2330 台積電,2023/9/4,523.7485,531.3805,523.7485,531.3805,"9,772"
2330 台積電,2023/9/1,518.0245,527.5645,518.0245,522.7945,"15,194"
2330 台積電,2023/8/31,527.5645,530.4265,522.7945,523.7485,"47,265"
2330 台積電,2023/8/30,532.3345,534.2425,528.5185,529.4725,"18,674"
2330 台積電,2023/8/29,525.6565,527.5645,520.8865,526.6105,"10,969"
2330 台積電,2023/8/28,521.8405,527.5645,521.8405,523.7485,"9,384"
2330 台積電,2023/8/25,523.7485,525.6565,520.8865,520.8865,"25,782"
2330 台積電,2023/8/24,537.1046,538.0586,532.3345,538.0586,"24,409"
2330 台積電,2023/8/23,520.8865,526.6105,518.9785,526.6105,"21,701"
2330 台積電,2023/8/22,518.9785,518.9785,513.2544,516.1165,"14,853"
2330 台積電,2023/8/21,518.9785,518.9785,509.4384,512.3004,"18,313"
2330 台積電,2023/8/18,515.1625,518.9785,514.2085,514.2085,"19,582"
2330 台積電,2023/8/17,515.1625,520.8865,512.3004,518.9785,"24,070"
2330 台積電,2023/8/16,516.1165,518.0245,511.3464,517.0705,"29,612"
2330 台積電,2023/8/15,518.0245,519.9325,515.1625,517.0705,"16,341"
2330 台積電,2023/8/14,515.1625,518.0245,512.3004,516.1165,"24,728"
2330 台積電,2023/8/11,530.4265,532.3345,520.8865,520.8865,"24,816"
2330 台積電,2023/8/10,526.6105,528.5185,524.7025,525.6565,"18,884"
2330 台積電,2023/8/9,524.7025,531.3805,524.7025,528.5185,"15,088"
2330 台積電,2023/8/8,532.3345,532.3345,525.6565,526.6105,"21,167"
2330 台積電,2023/8/7,532.3345,535.1966,530.4265,532.3345,"15,607"
2330 台積電,2023/8/4,530.4265,534.2425,526.6105,528.5185,"29,320"
2330 台積電,2023/8/2,540.9206,542.8286,532.3345,535.1966,"34,495"
2330 台積電,2023/8/1,539.0126,541.8746,538.0586,540.9206,"18,916"
2330 台積電,2023/7/31,548.5526,548.5526,534.2425,539.0126,"28,409"
2330 台積電,2023/7/28,542.8286,546.6446,539.0126,540.9206,"19,009"
2330 台積電,2023/7/27,543.7826,543.7826,539.9666,542.8286,"13,004"
2330 台積電,2023/7/26,542.8286,544.7366,537.1046,539.9666,"15,147"
2330 台積電,2023/7/25,535.1966,542.8286,535.1966,542.8286,"22,767"
2330 台積電,2023/7/24,531.3805,537.1046,531.3805,532.3345,"27,656"
2330 台積電,2023/7/21,534.2425,537.1046,531.3805,534.2425,"52,275"
2330 台積電,2023/7/20,553.3226,557.1387,551.4146,552.3686,"15,676"
2330 台積電,2023/7/19,557.1387,560.0007,552.3686,554.2766,"24,909"
2330 台積電,2023/7/18,560.0007,560.9547,553.3226,554.2766,"22,022"
2330 台積電,2023/7/17,560.9547,563.8167,560.0007,563.8167,"14,311"
2330 台積電,2023/7/14,561.9087,563.8167,560.0007,563.8167,"24,381"
2330 台積電,2023/7/13,560.0007,562.8627,558.0927,558.0927,"26,878"
2330 台積電,2023/7/12,547.5986,551.4146,545.6906,551.4146,"16,220"
2330 台積電,2023/7/11,547.5986,550.4606,543.7826,550.4606,"18,566"
2330 台積電,2023/7/10,540.9206,546.6446,539.0126,539.0126,"18,996"
2330 台積電,2023/7/7,539.0126,545.6906,537.1046,539.0126,"19,858"
2330 台積電,2023/7/6,546.6446,547.5986,539.0126,539.0126,"32,069"
2330 台積電,2023/7/5,561.9087,561.9087,552.3686,555.2306,"15,553"
2330 台積電,2023/7/4,558.0927,558.0927,553.3226,558.0927,"17,777"
2330 台積電,2023/7/3,551.4146,553.3226,549.5066,552.3686,"15,118"
2330 台積電,2023/6/30,543.7826,549.5066,541.8746,549.5066,"33,830"
2330 台積電,2023/6/29,551.4146,553.3226,543.7826,546.6446,"18,046"
2330 台積電,2023/6/28,552.3686,552.3686,544.7366,547.5986,"18,684"
2330 台積電,2023/6/27,543.7826,548.5526,542.8286,545.6906,"22,447"
2330 台積電,2023/6/26,549.5066,551.4146,547.5986,547.5986,"29,870"
2330 台積電,2023/6/21,555.2306,558.0927,551.4146,554.2766,"23,718"
2330 台積電,2023/6/20,552.3686,558.0927,552.3686,556.1847,"17,013"
2330 台積電,2023/6/19,556.1847,558.0927,555.2306,556.1847,"14,883"
2330 台積電,2023/6/16,562.8627,562.8627,557.1387,561.9087,"41,560"
2330 台積電,2023/6/15,562.8627,565.7247,560.0007,563.8167,"29,868"
2330 台積電,2023/6/14,560.2389,561.1884,557.3902,560.2389,"25,981"
2330 台積電,2023/6/13,563.0875,564.0371,559.2893,563.0875,"62,671"
2330 台積電,2023/6/12,545.0459,545.0459,542.1973,545.0459,"28,656"
2330 台積電,2023/6/9,532.7017,537.4495,532.7017,536.4999,"19,776"
2330 台積電,2023/6/8,533.6513,539.3486,527.0043,530.8026,"25,250"
2330 台積電,2023/6/7,532.7017,539.3486,531.7521,539.3486,"29,091"
2330 台積電,2023/6/6,526.0548,533.6513,525.1052,531.7521,"21,562"
2330 台積電,2023/6/5,531.7521,531.7521,527.0043,527.0043,"17,483"
2330 台積電,2023/6/2,530.8026,535.5504,528.9035,533.6513,"34,705"
2330 台積電,2023/6/1,522.2566,526.0548,522.2566,523.2061,"25,257"
2330 台積電,2023/5/31,531.7521,533.6513,523.2061,529.853,"90,675"
2330 台積電,2023/5/30,537.4495,539.3486,534.6008,537.4495,"47,490"
2330 台積電,2023/5/29,545.0459,545.0459,535.5504,539.3486,"58,813"
2330 台積電,2023/5/26,539.3486,539.3486,534.6008,537.4495,"104,924"
2330 台積電,2023/5/25,514.6601,517.5088,509.9123,515.6097,"68,360"
2330 台積電,2023/5/24,500.4167,501.3663,497.5681,498.5176,"22,621"
2330 台積電,2023/5/23,503.2654,504.215,498.5176,503.2654,"20,126"
2330 台積電,2023/5/22,505.1645,506.1141,502.3159,504.215,"19,037"
2330 台積電,2023/5/19,508.0132,508.0132,502.3159,505.1645,"34,742"
2330 台積電,2023/5/18,506.1141,508.9628,499.4672,503.2654,"46,107"
2330 台積電,2023/5/17,482.3752,494.7194,480.476,492.8203,"44,352"
2330 台積電,2023/5/16,477.6274,482.3752,474.7787,479.5265,"24,052"
2330 台積電,2023/5/15,471.93,474.3039,469.5561,470.5057,"15,548"
2330 台積電,2023/5/12,470.9805,474.7787,470.0309,470.9805,"20,746"
2330 台積電,2023/5/11,480.476,480.476,473.3544,473.8291,"13,775"
2330 台積電,2023/5/10,482.3752,482.3752,474.7787,477.6274,"19,385"
2330 台積電,2023/5/9,481.4256,484.2743,479.5265,484.2743,"18,762"
2330 台積電,2023/5/8,483.325,483.325,476.6781,478.5772,"11,737"
2330 台積電,2023/5/5,474.779,476.6781,473.3547,474.779,"7,898"
2330 台積電,2023/5/4,471.9303,474.3042,470.9808,472.8799,"13,699"
2330 台積電,2023/5/3,470.9808,472.8799,470.0312,470.9808,"12,694"
2330 台積電,2023/5/2,474.779,476.6781,471.4555,475.7286,"17,142"
2330 台積電,2023/4/28,473.3547,476.6781,472.8799,476.6781,"38,812"
2330 台積電,2023/4/27,466.233,470.0312,464.3339,468.6069,"34,149"
2330 台積電,2023/4/26,472.8799,473.3547,466.233,466.7078,"33,174"
2330 台積電,2023/4/25,478.5772,479.5268,472.8799,472.8799,"40,916"
2330 台積電,2023/4/24,479.5268,484.2746,478.5772,481.4259,"17,579"
2330 台積電,2023/4/21,493.7702,493.7702,484.2746,485.2241,"25,440"
2330 台積電,2023/4/20,486.1737,489.9719,484.2746,487.1233,"21,002"
2330 台積電,2023/4/19,490.9215,491.871,483.325,484.2746,"23,209"
2330 台積電,2023/4/18,491.871,493.7702,488.0728,489.0224,"15,687"
2330 台積電,2023/4/17,492.8206,493.7702,488.0728,493.7702,"17,895"
2330 台積電,2023/4/14,489.9719,493.7702,487.1233,489.9719,"21,174"
2330 台積電,2023/4/13,489.0224,490.9215,484.2746,484.2746,"27,501"
2330 台積電,2023/4/12,496.6188,497.5684,490.9215,493.7702,"24,772"
2330 台積電,2023/4/11,495.6693,500.4171,495.6693,497.5684,"23,087"
2330 台積電,2023/4/10,506.1144,506.1144,501.3666,502.3162,"8,203"
2330 台積電,2023/4/7,508.0135,508.0135,502.3162,504.2153,"11,114"
2330 台積電,2023/4/6,503.2657,504.2153,499.4675,503.2657,"26,706"
2330 台積電,2023/3/31,510.8622,510.8622,505.1649,506.1144,"24,324"
2330 台積電,2023/3/30,508.9631,509.9126,504.2153,508.0135,"20,380"
2330 台積電,2023/3/29,506.1144,506.1144,498.518,503.2657,"17,620"
2330 台積電,2023/3/28,498.518,503.2657,497.5684,498.518,"18,327"
2330 台積電,2023/3/27,506.1144,508.9631,504.2153,504.2153,"17,170"
2330 台積電,2023/3/24,508.9631,511.8118,508.0135,511.8118,"22,963"
2330 台積電,2023/3/23,501.3666,511.8118,501.3666,510.8622,"28,614"
2330 台積電,2023/3/22,497.5684,506.1144,497.5684,506.1144,"45,681"
2330 台積電,2023/3/21,489.0224,490.9215,486.1737,490.9215,"18,519"
2330 台積電,2023/3/20,490.9215,491.871,484.2746,486.1737,"12,752"
2330 台積電,2023/3/17,489.9719,491.871,487.1233,491.871,"35,872"
2330 台積電,2023/3/16,479.5268,484.2746,478.5772,479.5268,"23,325"
2330 台積電,2023/3/15,486.3905,487.3349,481.6682,482.6127,"24,080"
2330 台積電,2023/3/14,482.6127,485.446,481.6682,481.6682,"26,599"
2330 台積電,2023/3/13,484.5016,489.2238,480.7238,487.3349,"22,568"
2330 台積電,2023/3/10,486.3905,487.3349,482.6127,484.5016,"25,572"
2330 台積電,2023/3/9,495.8349,496.7794,493.0016,493.0016,"25,639"
2330 台積電,2023/3/8,492.0571,493.946,489.2238,492.0571,"27,077"
2330 台積電,2023/3/7,492.0571,496.7794,490.1682,494.8905,"27,650"
2330 台積電,2023/3/6,491.1127,494.8905,488.2793,492.0571,"24,741"
2330 台積電,2023/3/3,494.8905,495.8349,487.3349,487.3349,"24,117"
2330 台積電,2023/3/2,490.1682,491.1127,486.3905,490.1682,"18,017"
2330 台積電,2023/3/1,476.0015,493.0016,476.0015,493.0016,"45,971"
2330 台積電,2023/2/24,494.8902,495.8347,482.6124,482.6124,"48,372"
2330 台積電,2023/2/23,483.5569,492.0569,481.668,489.2235,"26,801"
2330 台積電,2023/2/22,477.8902,480.7235,476.9457,478.8346,"26,578"
2330 台積電,2023/2/21,486.3902,488.2791,484.5013,487.3347,"15,097"
2330 台積電,2023/2/20,485.4458,490.168,482.6124,488.2791,"21,181"
2330 台積電,2023/2/17,494.8902,494.8902,487.3347,489.2235,"29,673"
2330 台積電,2023/2/16,498.668,501.5014,494.8902,498.668,"33,509"
2330 台積電,2023/2/15,496.7791,502.4458,493.0013,495.8347,"66,068"
2330 台積電,2023/2/14,513.7792,515.6681,512.8347,514.7236,"23,855"
2330 台積電,2023/2/13,513.7792,513.7792,508.1125,510.9458,"23,903"
2330 台積電,2023/2/10,513.7792,515.6681,510.9458,514.7236,"30,445"
2330 台積電,2023/2/9,510.0014,510.0014,506.2236,510.0014,"22,311"
2330 台積電,2023/2/8,508.1125,510.0014,504.3347,510.0014,"37,633"
2330 台積電,2023/2/7,494.8902,498.668,493.0013,493.9458,"24,362"
2330 台積電,2023/2/6,502.4458,503.3903,496.7791,496.7791,"32,208"
2330 台積電,2023/2/3,510.0014,511.8903,506.2236,511.8903,"34,156"
2330 台積電,2023/2/2,508.1125,511.8903,507.168,510.0014,"46,523"
2330 台積電,2023/2/1,502.4458,503.3903,493.0013,500.5569,"42,539"
2330 台積電,2023/1/31,507.168,508.1125,492.0569,493.0013,"79,212"
2330 台積電,2023/1/30,511.8903,512.8347,504.3347,512.8347,"148,413"
2330 台積電,2023/1/17,476.0013,476.0013,471.7513,475.0568,"29,443"
2330 台積電,2023/1/16,477.8902,479.7791,475.0568,476.9457,"38,781"
2330 台積電,2023/1/13,478.8346,480.7235,471.2791,472.2235,"81,848"
2330 台積電,2023/1/12,460.4179,460.8901,457.1123,459.4735,"22,416"
2330 台積電,2023/1/11,459.9457,460.8901,455.2235,457.5846,"21,749"
2330 台積電,2023/1/10,459.0012,459.9457,456.1679,459.0012,"34,785"
2330 台積電,2023/1/9,442.0012,454.279,441.529,454.279,"49,186"
2330 台積電,2023/1/6,429.7234,433.9734,429.7234,433.0289,"21,313"
2330 台積電,2023/1/5,433.5012,433.9734,429.7234,433.0289,"23,972"
2330 台積電,2023/1/4,424.5289,429.7234,423.5845,424.5289,"20,626"
2330 台積電,2023/1/3,421.2234,428.3067,418.39,427.8345,"15,311"
2330 台積電,2022/12/30,429.7234,431.1401,423.5845,423.5845,"22,297"
2330 台積電,2022/12/29,419.3345,424.5289,417.9178,421.2234,"25,596"
2330 台積電,2022/12/28,425.9456,426.89,421.2234,425.9456,"34,823"
2330 台積電,2022/12/27,432.5567,436.8067,431.6123,431.6123,"10,486"
2330 台積電,2022/12/26,428.7789,431.6123,428.3067,431.1401,"9,152"
2330 台積電,2022/12/23,432.0845,433.0289,429.7234,429.7234,"26,724"
2330 台積電,2022/12/22,440.5845,442.9456,438.2234,442.0012,"14,519"
2330 台積電,2022/12/21,434.4456,437.279,431.6123,433.5012,"40,831"
2330 台積電,2022/12/20,439.1679,441.0567,429.7234,432.0845,"33,181"
2330 台積電,2022/12/19,440.5845,443.4179,439.1679,440.5845,"24,231"
2330 台積電,2022/12/16,440.5845,444.8345,439.6401,444.8345,"51,707"
2330 台積電,2022/12/15,449.5568,454.7512,448.1401,453.8068,"26,001"
2330 台積電,2022/12/14,443.2278,451.2096,443.2278,451.2096,"35,263"
2330 台積電,2022/12/13,444.1668,446.984,442.2887,442.7583,"36,028"
2330 台積電,2022/12/12,447.4535,448.862,444.6364,446.0449,"24,064"
2330 台積電,2022/12/9,448.862,454.9658,446.984,452.1487,"28,903"
2330 台積電,2022/12/8,446.0449,446.0449,438.5326,442.7583,"28,348"
2330 台積電,2022/12/7,447.923,455.9049,446.0449,446.0449,"39,978"
2330 台積電,2022/12/6,458.2525,459.1915,448.862,448.862,"44,964"
2330 台積電,2022/12/5,461.5391,467.1734,459.1915,459.1915,"33,048"
2330 台積電,2022/12/2,460.1305,466.7038,460.1305,462.4782,"29,909"
2330 台積電,2022/12/1,475.1552,477.0333,468.1124,468.1124,"43,684"
2330 台積電,2022/11/30,453.5573,460.1305,453.0877,460.1305,"60,728"
2330 台積電,2022/11/29,444.6364,458.2525,444.1668,457.3134,"40,266"
2330 台積電,2022/11/28,456.3744,460.1305,451.2096,451.2096,"40,815"
2330 台積電,2022/11/25,463.8867,467.6429,463.8867,467.6429,"41,461"
2330 台積電,2022/11/24,463.8867,465.7648,462.0086,465.7648,"28,477"
2330 台積電,2022/11/23,464.3562,465.7648,458.722,462.0086,"34,752"
2330 台積電,2022/11/22,446.984,461.0696,446.984,461.0696,"39,329"
2330 台積電,2022/11/21,457.7829,459.661,451.2096,452.6182,"30,609"
2330 台積電,2022/11/18,461.5391,463.8867,456.3744,457.3134,"37,001"
2330 台積電,2022/11/17,453.0877,455.4353,446.0449,455.4353,"46,850"
2330 台積電,2022/11/16,461.5391,463.8867,452.1487,457.3134,"88,416"
2330 台積電,2022/11/15,436.6545,457.3134,433.8374,450.7401,"118,536"
2330 台積電,2022/11/14,422.5689,422.5689,414.587,417.8737,"63,282"
2330 台積電,2022/11/11,414.587,415.0565,408.4832,414.587,"83,770"
2330 台積電,2022/11/10,384.0681,386.4158,381.251,382.6596,"33,671"
2330 台積電,2022/11/9,378.9034,391.5805,378.9034,391.5805,"56,357"
2330 台積電,2022/11/8,370.9216,375.1473,369.9825,374.6777,"32,576"
2330 台積電,2022/11/7,366.2264,369.0435,363.4092,366.2264,"37,704"
2330 台積電,2022/11/4,357.775,361.0616,355.4274,358.714,"30,839"
2330 台積電,2022/11/3,361.5311,363.4092,360.1226,360.5921,"42,092"
2330 台積電,2022/11/2,367.1654,370.9216,364.8178,370.9216,"23,169"
2330 台積電,2022/11/1,364.8178,369.0435,362.4702,367.6349,"42,123"
2330 台積電,2022/10/31,362.4702,366.2264,357.775,366.2264,"40,598"
2330 台積電,2022/10/28,356.3664,358.714,352.1407,356.3664,"44,691"
2330 台積電,2022/10/27,361.0616,365.2873,359.1835,362.0007,"47,160"
2330 台積電,2022/10/26,347.915,355.8969,347.4455,353.0798,"61,440"
2330 台積電,2022/10/25,356.8359,359.1835,348.3846,348.3846,"81,173"
2330 台積電,2022/10/24,370.9216,373.2692,363.4092,363.4092,"48,691"
2330 台積電,2022/10/21,371.3911,374.2082,365.7568,365.7568,"38,968"
2330 台積電,2022/10/20,367.1654,373.2692,362.4702,373.2692,"63,202"
2330 台積電,2022/10/19,379.3729,380.312,371.3911,371.3911,"48,655"
2330 台積電,2022/10/18,381.7205,382.1901,375.1473,382.1901,"41,304"
2330 台積電,2022/10/17,375.6168,378.9034,371.8606,372.7996,"45,038"
2330 台積電,2022/10/14,389.2329,390.6414,384.0681,386.8853,"59,841"
2330 台積電,2022/10/13,376.0863,378.4339,370.9216,370.9216,"43,158"
2330 台積電,2022/10/12,372.7996,375.6168,371.3911,373.2692,"64,138"
2330 台積電,2022/10/11,383.1291,387.3548,376.5558,377.0253,"109,842"
2330 台積電,2022/10/7,421.1603,421.1603,410.3613,411.3004,"32,872"
2330 台積電,2022/10/6,423.0384,423.5079,419.7517,423.5079,"30,750"
2330 台積電,2022/10/5,417.4041,423.5079,415.0565,417.8737,"48,321"
2330 台積電,2022/10/4,403.3185,405.6661,400.9709,402.849,"42,455"
2330 台積電,2022/10/3,392.989,398.6233,391.111,391.5805,"38,354"
2330 台積電,2022/9/30,398.6233,401.4404,396.2757,396.2757,"58,366"
2330 台積電,2022/9/29,415.9956,416.4651,405.6661,408.4832,"42,884"
2330 台積電,2022/9/28,419.7517,421.6298,411.3004,411.3004,"37,827"
2330 台積電,2022/9/27,421.6298,423.9774,418.8127,420.6908,"29,570"
2330 台積電,2022/9/26,415.9956,426.325,415.9956,419.2822,"34,856"
2330 台積電,2022/9/23,430.5507,432.4288,427.2641,427.2641,"32,804"
2330 台積電,2022/9/22,433.8374,439.4716,431.0202,436.185,"31,417"
2330 台積電,2022/9/21,444.6364,446.5144,439.9411,442.2887,"24,686"
2330 台積電,2022/9/20,441.8192,448.862,441.3497,447.4535,"23,269"
2330 台積電,2022/9/19,443.2278,444.1668,438.0631,438.5326,"20,724"
2330 台積電,2022/9/16,441.8192,443.2278,440.4107,443.2278,"41,889"
2330 台積電,2022/9/15,446.984,450.7401,446.984,447.4535,"24,272"
2330 台積電,2022/9/14,446.7574,450.492,444.4232,448.1579,"25,046"
2330 台積電,2022/9/13,462.1628,462.1628,458.4282,460.2955,"18,916"
2330 台積電,2022/9/12,452.8262,458.4282,452.8262,454.2267,"27,181"
2330 台積電,2022/9/8,441.6222,443.4896,440.6886,443.4896,"35,355"
2330 台積電,2022/9/7,445.3569,446.2905,440.6886,441.1554,"38,168"
2330 台積電,2022/9/6,456.094,458.895,454.2267,456.5608,"21,197"
2330 台積電,2022/9/5,452.8262,455.6272,451.8925,453.7598,"17,327"
2330 台積電,2022/9/2,455.6272,457.0277,452.8262,452.8262,"33,877"
2330 台積電,2022/9/1,462.1628,462.6296,457.4945,457.9613,"42,008"
2330 台積電,2022/8/31,459.3618,471.4994,459.3618,471.4994,"50,999"
2330 台積電,2022/8/30,464.497,466.8311,463.0965,463.0965,"25,699"
2330 台積電,2022/8/29,464.0301,468.6984,463.0965,465.4306,"28,217"
2330 台積電,2022/8/26,478.9687,480.836,477.1014,478.0351,"13,268"
2330 台積電,2022/8/25,471.4994,476.1677,470.5658,474.3004,"10,254"
2330 台積電,2022/8/24,470.5658,474.3004,469.6321,469.6321,"14,995"
2330 台積電,2022/8/23,469.6321,472.4331,468.6984,470.5658,"20,997"
2330 台積電,2022/8/22,477.1014,479.9024,476.1677,476.1677,"23,175"
2330 台積電,2022/8/19,484.5707,488.3053,482.7034,484.5707,"14,235"
2330 台積電,2022/8/18,485.5044,486.438,484.5707,485.5044,"18,721"
2330 台積電,2022/8/17,489.239,492.04,486.438,492.04,"28,461"
2330 台積電,2022/8/16,491.1063,491.1063,488.3053,490.1727,"21,234"
2330 台積電,2022/8/15,485.5044,489.239,484.5707,488.3053,"22,519"
2330 台積電,2022/8/12,480.836,483.637,479.9024,482.7034,"21,343"
2330 台積電,2022/8/11,478.9687,479.9024,476.1677,479.9024,"24,906"
2330 台積電,2022/8/10,466.8311,469.6321,466.3643,466.8311,"22,112"
2330 台積電,2022/8/9,473.3667,477.1014,470.5658,476.1677,"24,370"
2330 台積電,2022/8/8,476.1677,480.836,475.2341,478.0351,"20,568"
2330 台積電,2022/8/5,475.2341,481.7697,473.3667,481.7697,"35,052"
2330 台積電,2022/8/4,465.8975,469.6321,462.1628,466.8311,"26,589"
2330 台積電,2022/8/3,461.2291,467.7648,460.2955,467.7648,"29,838"
2330 台積電,2022/8/2,461.2291,463.0965,456.094,459.3618,"42,669"
2330 台積電,2022/8/1,472.4331,474.3004,466.8311,470.5658,"24,991"
2330 台積電,2022/7/29,474.3004,476.1677,470.5658,475.2341,"30,632"
2330 台積電,2022/7/28,475.2341,475.2341,465.8975,467.7648,"35,020"
2330 台積電,2022/7/27,461.2291,468.6984,458.4282,468.6984,"18,411"
2330 台積電,2022/7/26,466.3643,466.3643,458.4282,462.1628,"19,524"
2330 台積電,2022/7/25,466.8311,469.6321,464.9638,466.3643,"16,803"
2330 台積電,2022/7/22,471.4994,471.4994,466.8311,469.6321,"26,904"
2330 台積電,2022/7/21,463.0965,467.7648,461.2291,467.7648,"23,893"
2330 台積電,2022/7/20,468.6984,469.6321,458.895,462.1628,"36,862"
2330 台積電,2022/7/19,455.1603,460.2955,454.2267,458.4282,"20,554"
2330 台積電,2022/7/18,462.6296,465.4306,456.094,462.6296,"40,797"
2330 台積電,2022/7/15,449.0915,461.2291,445.3569,459.8286,"56,039"
2330 台積電,2022/7/14,435.0866,445.8237,432.2856,443.4896,"34,014"
2330 台積電,2022/7/13,439.2881,441.6222,435.0866,439.2881,"48,134"
2330 台積電,2022/7/12,427.6173,427.6173,419.6812,419.6812,"24,155"
2330 台積電,2022/7/11,436.9539,439.2881,430.4183,431.3519,"22,930"
2330 台積電,2022/7/8,438.8212,439.2881,430.8851,436.0203,"39,134"
2330 台積電,2022/7/7,412.6787,428.551,409.4109,427.1505,"50,984"
2330 台積電,2022/7/6,412.6787,417.8138,406.1431,406.6099,"42,156"
2330 台積電,2022/7/5,419.6812,421.5485,404.2757,416.4134,"55,469"
2330 台積電,2022/7/4,413.6124,421.5485,410.8114,410.8114,"61,206"
2330 台積電,2022/7/1,440.2217,442.5559,422.4822,423.4158,"72,597"
2330 台積電,2022/6/30,452.3593,454.2267,444.4232,444.4232,"49,820"
2330 台積電,2022/6/29,463.0965,465.4306,458.4282,458.4282,"33,124"
2330 台積電,2022/6/28,463.0965,466.8311,463.0965,464.497,"16,867"
2330 台積電,2022/6/27,463.0965,472.4331,462.6296,465.4306,"38,684"
2330 台積電,2022/6/24,457.0277,459.8286,453.293,454.2267,"29,003"
2330 台積電,2022/6/23,459.3618,460.7623,452.8262,453.293,"46,808"
2330 台積電,2022/6/22,467.7648,469.6321,461.696,461.696,"33,438"
2330 台積電,2022/6/21,467.7648,471.4994,465.8975,471.4994,"34,432"
2330 台積電,2022/6/20,466.8311,468.6984,462.1628,464.9638,"36,664"
2330 台積電,2022/6/17,466.3643,469.6321,465.8975,467.7648,"48,400"
2330 台積電,2022/6/16,480.836,481.7697,473.3667,474.3004,"31,908"
2330 台積電,2022/6/15,471.7377,478.238,471.7377,472.6663,"38,360"
2330 台積電,2022/6/14,470.809,477.3094,470.809,476.3807,"38,838"
2330 台積電,2022/6/13,481.0238,481.9524,478.238,479.1666,"36,758"
2330 台積電,2022/6/10,492.1672,494.9531,491.2386,492.1672,"22,614"
2330 台積電,2022/6/9,499.5962,503.3106,498.6676,502.382,"16,894"
2330 台積電,2022/6/8,500.5248,506.0965,499.5962,505.1679,"19,609"
2330 台積電,2022/6/7,496.8103,499.5962,494.0245,496.8103,"22,152"
2330 台積電,2022/6/6,502.382,505.1679,499.5962,501.4534,"23,732"
2330 台積電,2022/6/2,505.1679,506.0965,501.4534,501.4534,"26,063"
2330 台積電,2022/6/1,510.7396,515.3827,508.8823,509.811,"32,970"
2330 台積電,2022/5/31,503.3106,520.0258,501.4534,520.0258,"81,962"
2330 台積電,2022/5/30,499.5962,507.9537,498.6676,507.9537,"36,480"
2330 台積電,2022/5/27,486.5955,492.1672,484.7383,492.1672,"30,113"
2330 台積電,2022/5/26,485.6669,487.5241,476.3807,477.3094,"31,542"
2330 台積電,2022/5/25,484.7383,491.2386,482.8811,486.5955,"22,460"
2330 台積電,2022/5/24,492.1672,493.0959,482.8811,482.8811,"19,130"
2330 台積電,2022/5/23,494.9531,495.8817,490.31,490.31,"18,919"
2330 台積電,2022/5/20,486.5955,494.0245,485.6669,492.1672,"26,111"
2330 台積電,2022/5/19,485.6669,489.3814,482.8811,484.7383,"40,798"
2330 台積電,2022/5/18,502.382,502.382,495.8817,499.5962,"33,605"
2330 台積電,2022/5/17,483.8097,494.9531,482.8811,492.1672,"25,812"
2330 台積電,2022/5/16,483.8097,486.5955,481.0238,482.8811,"22,012"
2330 台積電,2022/5/13,470.809,477.3094,469.8804,474.5235,"30,204"
2330 台積電,2022/5/12,479.1666,481.0238,468.9518,468.9518,"35,824"
2330 台積電,2022/5/11,481.0238,488.4528,481.0238,483.8097,"28,109"
2330 台積電,2022/5/10,469.8804,481.9524,468.9518,481.0238,"44,322"
2330 台積電,2022/5/9,485.6672,486.5958,482.8814,482.8814,"27,309"
2330 台積電,2022/5/6,490.3103,493.0962,488.4531,490.3103,"34,512"
2330 台積電,2022/5/5,504.2396,505.1682,500.5251,503.311,"22,540"
2330 台積電,2022/5/4,494.9534,498.6679,492.1675,495.882,"17,305"
2330 台積電,2022/5/3,499.5965,501.4537,492.1675,493.0962,"29,502"
2330 台積電,2022/4/29,507.954,507.954,496.8106,499.5965,"39,960"
2330 台積電,2022/4/28,492.1675,494.0248,485.6672,493.0962,"50,406"
2330 台積電,2022/4/27,492.1675,494.0248,488.4531,488.4531,"65,034"
2330 台積電,2022/4/26,510.7399,511.6685,505.1682,507.0254,"39,549"
2330 台積電,2022/4/25,510.7399,512.5971,507.0254,507.954,"49,067"
2330 台積電,2022/4/22,518.1688,519.0975,517.2402,518.1688,"35,567"
2330 台積電,2022/4/21,530.2409,530.2409,524.6692,524.6692,"21,539"
2330 台積電,2022/4/20,529.3123,529.3123,521.8833,529.3123,"28,240"
2330 台積電,2022/4/19,525.5978,528.3836,522.8119,524.6692,"18,811"
2330 台積電,2022/4/18,519.0975,525.5978,518.1688,520.9547,"16,579"
2330 台積電,2022/4/15,521.8833,525.5978,520.9547,521.8833,"33,158"
2330 台積電,2022/4/14,535.8126,536.7412,532.0981,532.0981,"20,224"
2330 台積電,2022/4/13,523.7406,534.884,522.8119,532.0981,"36,968"
2330 台積電,2022/4/12,514.4544,523.7406,512.5971,517.2402,"34,799"
2330 台積電,2022/4/11,522.8119,525.5978,518.1688,518.1688,"41,713"
2330 台積電,2022/4/8,526.5264,529.3123,525.5978,526.5264,"31,406"
2330 台積電,2022/4/7,530.2409,532.0981,525.5978,525.5978,"47,212"
2330 台積電,2022/4/6,536.7412,538.5984,533.9554,536.7412,"40,726"
2330 台積電,2022/4/1,543.2415,546.956,542.3129,546.956,"31,247"
2330 台積電,2022/3/31,559.028,559.028,551.5991,554.3849,"25,130"
2330 台積電,2022/3/30,556.2422,557.1708,554.3849,557.1708,"43,256"
2330 台積電,2022/3/29,544.1701,546.956,542.3129,546.956,"15,742"
2330 台積電,2022/3/28,539.5271,544.1701,538.5984,542.3129,"27,954"
2330 台積電,2022/3/25,554.3849,555.3136,552.5277,555.3136,"26,794"
2330 台積電,2022/3/24,545.0988,549.7419,543.2415,548.8132,"20,769"
2330 台積電,2022/3/23,547.8846,547.8846,544.1701,547.8846,"27,475"
2330 台積電,2022/3/22,535.8126,544.1701,535.8126,541.3843,"23,421"
2330 台積電,2022/3/21,541.3843,546.956,541.3843,544.1701,"22,800"
2330 台積電,2022/3/18,540.4557,540.4557,534.884,539.5271,"49,583"
2330 台積電,2022/3/17,536.7412,541.3843,533.9554,540.4557,"65,820"
2330 台積電,2022/3/16,523.7406,524.6692,515.383,518.1688,"50,764"
2330 台積電,2022/3/15,519.3115,520.2355,515.6153,515.6153,"84,338"
2330 台積電,2022/3/14,530.4,533.1721,528.5519,528.5519,"38,562"
2330 台積電,2022/3/11,536.8683,537.7923,530.4,531.324,"42,981"
2330 台積電,2022/3/10,540.5644,544.2606,537.7923,542.4125,"49,092"
2330 台積電,2022/3/9,523.9317,529.4759,523.9317,524.8557,"57,512"
2330 台積電,2022/3/8,518.3874,526.7038,518.3874,520.2355,"88,371"
2330 台積電,2022/3/7,535.9442,536.8683,531.324,532.2481,"97,167"
2330 台積電,2022/3/4,549.8049,551.6529,547.0327,549.8049,"65,235"
2330 台積電,2022/3/3,557.1972,560.8934,555.3491,556.2731,"37,103"
2330 台積電,2022/3/2,555.3491,559.0453,554.4251,555.3491,"42,428"
2330 台積電,2022/3/1,553.501,563.6655,553.501,558.1212,"70,303"
2330 台積電,2022/2/25,554.4246,562.741,554.4246,558.1208,"94,155"
2330 台積電,2022/2/24,571.0573,571.9814,558.1208,558.1208,"80,672"
2330 台積電,2022/2/23,576.6016,581.2218,575.6775,577.5256,"34,561"
2330 台積電,2022/2/22,580.2977,582.1458,577.5256,579.3737,"38,526"
2330 台積電,2022/2/21,584.918,587.6901,583.9939,583.9939,"25,769"
2330 台積電,2022/2/18,589.5382,590.4622,587.6901,588.6141,"21,948"
2330 台積電,2022/2/17,595.0824,596.9305,592.3103,596.0064,"20,447"
2330 台積電,2022/2/16,596.0064,596.9305,591.3862,596.9305,"27,395"
2330 台積電,2022/2/15,584.918,590.4622,584.918,584.918,"24,497"
2330 台積電,2022/2/14,591.3862,592.3103,586.766,588.6141,"39,394"
2330 台積電,2022/2/11,596.9305,600.6267,593.2343,600.6267,"28,194"
2330 台積電,2022/2/10,590.4622,599.7026,588.6141,599.7026,"37,388"
2330 台積電,2022/2/9,586.766,588.6141,582.1458,584.918,"33,633"
2330 台積電,2022/2/8,596.0064,596.0064,580.2977,580.2977,"43,786"
2330 台積電,2022/2/7,595.0824,595.0824,583.0699,586.766,"64,637"
2330 台積電,2022/1/26,586.766,592.3103,586.766,587.6901,"33,093"
2330 台積電,2022/1/25,594.1584,596.0064,589.5382,592.3103,"53,927"
2330 台積電,2022/1/24,590.4622,605.2469,588.6141,603.3988,"48,665"
2330 台積電,2022/1/21,595.0824,596.9305,588.6141,592.3103,"53,966"
2330 台積電,2022/1/20,600.6267,607.0949,596.9305,601.5507,"48,996"
2330 台積電,2022/1/19,602.4747,609.8671,601.5507,604.3228,"44,092"
2330 台積電,2022/1/18,626.4998,629.2719,611.7151,611.7151,"48,802"
2330 台積電,2022/1/17,632.9681,635.7402,626.4998,631.12,"63,828"
2330 台積電,2022/1/14,621.8796,621.8796,610.7911,620.9556,"98,768"
2330 台積電,2022/1/13,608.019,611.7151,605.2469,610.7911,"39,172"
2330 台積電,2022/1/12,607.0949,609.8671,600.6267,609.8671,"40,832"
2330 台積電,2022/1/11,596.9305,601.5507,590.4622,601.5507,"36,186"
2330 台積電,2022/1/10,580.2977,596.0064,579.3737,594.1584,"39,286"
2330 台積電,2022/1/7,594.1584,596.9305,583.9939,585.842,"39,847"
2330 台積電,2022/1/6,589.5382,596.9305,587.6901,595.0824,"57,490"
2330 台積電,2022/1/5,618.1834,618.1834,596.9305,600.6267,"72,505"
2330 台積電,2022/1/4,596.0064,606.1709,595.0824,606.1709,"90,945"
2330 台積電,2022/1/3,571.9814,583.9939,571.0573,583.0699,"73,703"
2330 台積電,2021/12/30,571.9814,572.9054,568.2852,568.2852,"20,522"
2330 台積電,2021/12/29,568.2852,571.9814,567.3612,569.2093,"25,604"
2330 台積電,2021/12/28,563.665,568.2852,563.665,568.2852,"35,156"
2330 台積電,2021/12/27,558.1208,563.665,558.1208,559.9688,"16,771"
2330 台積電,2021/12/24,559.9688,562.741,558.1208,558.1208,"12,008"
2330 台積電,2021/12/23,560.8929,561.8169,556.2727,559.9688,"16,910"
2330 台積電,2021/12/22,552.5765,555.3486,552.5765,554.4246,"10,127"
2330 台積電,2021/12/21,551.6525,554.4246,549.8044,551.6525,"17,669"
2330 台積電,2021/12/20,560.8929,560.8929,552.5765,552.5765,"22,381"
2330 台積電,2021/12/17,555.3486,560.8929,553.5006,560.8929,"30,319"
2330 台積電,2021/12/16,559.0448,559.0448,555.3486,559.0448,"22,151"
2330 台積電,2021/12/15,549.1243,552.8035,548.2044,551.8837,"22,419"
2330 台積電,2021/12/14,550.0441,551.8837,549.1243,550.9639,"22,997"
2330 台積電,2021/12/13,560.1619,561.0817,552.8035,552.8035,"17,994"
2330 台積電,2021/12/10,556.4827,559.2421,553.7233,556.4827,"11,371"
2330 台積電,2021/12/9,557.4025,559.2421,553.7233,559.2421,"12,467"
2330 台積電,2021/12/8,564.761,564.761,553.7233,553.7233,"22,194"
2330 台積電,2021/12/7,553.7233,558.3223,549.1243,558.3223,"21,105"
2330 台積電,2021/12/6,554.6431,560.1619,551.8837,551.8837,"24,474"
2330 台積電,2021/12/3,564.761,564.761,557.4025,559.2421,"27,571"
2330 台積電,2021/12/2,556.4827,565.6808,553.7233,565.6808,"48,720"
2330 台積電,2021/12/1,548.2044,554.6431,546.3648,551.8837,"30,119"
2330 台積電,2021/11/30,549.1243,551.8837,543.6054,548.2044,"69,160"
2330 台積電,2021/11/29,546.3648,550.0441,543.6054,545.445,"24,160"
2330 台積電,2021/11/26,550.0441,552.8035,544.5252,548.2044,"27,882"
2330 台積電,2021/11/25,556.4827,558.3223,552.8035,554.6431,"14,171"
2330 台積電,2021/11/24,562.9213,562.9213,553.7233,554.6431,"22,978"
2330 台積電,2021/11/23,565.6808,565.6808,562.0015,562.9213,"20,022"
2330 台積電,2021/11/22,568.4402,568.4402,565.6808,565.6808,"23,296"
2330 台積電,2021/11/19,572.1194,573.0392,567.5204,568.4402,"38,847"
2330 台積電,2021/11/18,563.8412,564.761,558.3223,563.8412,"22,933"
2330 台積電,2021/11/17,565.6808,565.6808,559.2421,561.0817,"21,829"
2330 台積電,2021/11/16,562.9213,562.9213,559.2421,561.0817,"21,776"
2330 台積電,2021/11/15,560.1619,562.0015,558.3223,559.2421,"17,140"
2330 台積電,2021/11/12,561.0817,562.0015,553.7233,555.5629,"21,373"
2330 台積電,2021/11/11,551.8837,557.4025,551.8837,557.4025,"20,257"
2330 台積電,2021/11/10,562.0015,562.9213,559.2421,562.9213,"18,518"
2330 台積電,2021/11/9,562.0015,567.5204,561.0817,562.0015,"42,340"
2330 台積電,2021/11/8,551.8837,553.7233,550.0441,553.7233,"20,886"
2330 台積電,2021/11/5,550.0441,551.8837,547.2846,551.8837,"35,086"
2330 台積電,2021/11/4,544.5252,546.3648,538.0866,539.9262,"18,888"
2330 台積電,2021/11/3,549.1243,549.1243,544.5252,544.5252,"11,404"
2330 台積電,2021/11/2,546.3648,549.1243,542.6856,544.5252,"16,544"
2330 台積電,2021/11/1,543.6054,545.445,542.6856,542.6856,"17,110"
2330 台積電,2021/10/29,547.2846,548.2044,541.7658,542.6856,"27,684"
2330 台積電,2021/10/28,550.0441,550.0441,543.6054,547.2846,"16,927"
2330 台積電,2021/10/27,550.0441,550.9639,546.3648,550.9639,"16,260"
2330 台積電,2021/10/26,547.2846,551.8837,545.445,550.9639,"27,047"
2330 台積電,2021/10/25,549.1243,549.1243,542.6856,545.445,"17,724"
2330 台積電,2021/10/22,551.8837,553.7233,546.3648,551.8837,"14,236"
2330 台積電,2021/10/21,553.7233,554.6431,547.2846,548.2044,"16,882"
2330 台積電,2021/10/20,554.6431,555.5629,549.1243,550.0441,"17,537"
2330 台積電,2021/10/19,550.0441,551.8837,545.445,551.8837,"18,709"
2330 台積電,2021/10/18,555.5629,555.5629,542.6856,542.6856,"19,753"
2330 台積電,2021/10/15,544.5252,551.8837,539.0064,551.8837,"55,305"
2330 台積電,2021/10/14,532.5677,532.5677,527.0489,527.0489,"14,270"
2330 台積電,2021/10/13,526.1291,528.8885,524.2895,525.2093,"19,267"
2330 台積電,2021/10/12,524.2895,528.8885,518.7707,528.8885,"27,126"
2330 台積電,2021/10/8,535.3272,536.247,527.0489,528.8885,"22,601"
2330 台積電,2021/10/7,528.8885,535.3272,526.1291,533.4875,"28,480"
2330 台積電,2021/10/6,527.0489,527.9687,519.6905,525.2093,"33,989"
2330 台積電,2021/10/5,516.931,526.1291,515.0914,526.1291,"36,063"
2330 台積電,2021/10/4,527.9687,528.8885,523.3697,526.1291,"22,288"
2330 台積電,2021/10/1,532.5677,532.5677,525.2093,527.9687,"39,006"
2330 台積電,2021/9/30,533.4875,538.0866,528.8885,533.4875,"36,318"
2330 台積電,2021/9/29,533.4875,536.247,530.7281,533.4875,"51,834"
2330 台積電,2021/9/28,547.2846,548.2044,544.5252,546.3648,"17,325"
2330 台積電,2021/9/27,551.8837,553.7233,545.445,553.7233,"20,034"
2330 台積電,2021/9/24,543.6054,550.0441,542.6856,550.0441,"17,302"
2330 台積電,2021/9/23,540.846,545.445,540.846,540.846,"22,736"
2330 台積電,2021/9/22,539.0064,541.7658,536.247,539.0064,"42,732"
2330 台積電,2021/9/17,551.8837,561.0817,550.9639,551.8837,"42,383"
2330 台積電,2021/9/16,554.6431,558.3223,550.9639,551.8837,"23,315"
2330 台積電,2021/9/15,558.54,561.2869,555.793,555.793,"26,041"
2330 台積電,2021/9/14,565.8651,565.8651,560.3712,561.2869,"16,024"
2330 台積電,2021/9/13,566.7807,567.6964,561.2869,563.1182,"15,809"
2330 台積電,2021/9/10,563.1182,570.4433,562.2025,569.5276,"16,740"
2330 台積電,2021/9/9,560.3712,567.6964,558.54,566.7807,"19,309"
2330 台積電,2021/9/8,569.5276,574.1058,560.3712,566.7807,"38,713"
2330 台積電,2021/9/7,580.5153,580.5153,570.4433,570.4433,"27,422"
2330 台積電,2021/9/6,570.4433,584.1779,568.612,577.7684,"59,223"
2330 台積電,2021/9/3,558.54,567.6964,558.54,567.6964,"53,915"
2330 台積電,2021/9/2,561.2869,563.1182,555.793,555.793,"26,715"
2330 台積電,2021/9/1,562.2025,562.2025,556.7087,561.2869,"31,242"
2330 台積電,2021/8/31,553.0461,562.2025,547.5523,562.2025,"58,916"
2330 台積電,2021/8/30,551.2148,553.9618,548.4679,553.9618,"40,606"
2330 台積電,2021/8/27,545.721,549.3836,542.9741,548.4679,"29,459"
2330 台積電,2021/8/26,550.2992,552.1305,541.1428,543.8897,"45,027"
2330 台積電,2021/8/25,530.1551,535.649,525.5769,535.649,"28,867"
2330 台積電,2021/8/24,525.5769,526.4926,522.83,523.7457,"27,397"
2330 台積電,2021/8/23,512.758,523.7457,511.8424,518.2518,"34,775"
2330 台積電,2021/8/20,512.758,515.5049,504.5172,505.4329,"47,741"
2330 台積電,2021/8/19,524.6613,524.6613,511.8424,511.8424,"42,133"
2330 台積電,2021/8/18,520.0831,526.4926,518.2518,525.5769,"47,063"
2330 台積電,2021/8/17,531.0708,532.9021,529.2395,531.0708,"31,845"
2330 台積電,2021/8/16,532.9021,536.5646,529.2395,534.7333,"19,949"
2330 台積電,2021/8/13,535.649,535.649,530.1551,531.9864,"25,440"
2330 台積電,2021/8/12,536.5646,538.3959,534.7333,536.5646,"16,031"
2330 台積電,2021/8/11,540.2272,540.2272,535.649,540.2272,"20,311"
2330 台積電,2021/8/10,545.721,545.721,539.3115,541.1428,"17,620"
2330 台積電,2021/8/9,540.2272,544.8054,533.8177,544.8054,"17,611"
2330 台積電,2021/8/6,545.721,545.721,538.3959,541.1428,"13,994"
2330 台積電,2021/8/5,547.5523,547.5523,542.9741,545.721,"15,673"
2330 台積電,2021/8/4,547.5523,547.5523,543.8897,545.721,"23,714"
2330 台積電,2021/8/3,543.8897,543.8897,540.2272,543.8897,"28,104"
2330 台積電,2021/8/2,533.8177,540.2272,531.0708,540.2272,"24,948"
2330 台積電,2021/7/30,531.9864,532.9021,529.2395,531.0708,"26,141"
2330 台積電,2021/7/29,535.649,535.649,528.3239,533.8177,"25,014"
2330 台積電,2021/7/28,527.4082,530.1551,524.6613,530.1551,"39,744"
2330 台積電,2021/7/27,531.9864,534.7333,531.0708,531.0708,"18,925"
2330 台積電,2021/7/26,541.1428,541.1428,531.0708,531.0708,"22,442"
2330 台積電,2021/7/23,542.0585,542.0585,533.8177,535.649,"15,705"
2330 台積電,2021/7/22,539.3115,543.8897,537.4803,541.1428,"27,075"
2330 台積電,2021/7/21,536.5646,536.5646,531.0708,535.649,"26,476"
2330 台積電,2021/7/20,530.1551,534.7333,530.1551,531.9864,"16,352"
2330 台積電,2021/7/19,533.8177,534.7333,529.2395,532.9021,"43,248"
2330 台積電,2021/7/16,541.1428,544.8054,538.3959,539.3115,"61,882"
2330 台積電,2021/7/15,561.2869,562.2025,556.7087,562.2025,"23,057"
2330 台積電,2021/7/14,561.2869,563.1182,556.7087,561.2869,"39,670"
2330 台積電,2021/7/13,549.3836,556.7087,548.4679,555.793,"54,894"
2330 台積電,2021/7/12,544.8054,546.6366,540.2272,542.9741,"33,011"
2330 台積電,2021/7/9,532.9021,535.649,531.0708,534.7333,"30,602"
2330 台積電,2021/7/8,544.8054,544.8054,538.3959,538.3959,"21,596"
2330 台積電,2021/7/7,540.2272,543.8897,538.3959,543.8897,"17,329"
2330 台積電,2021/7/6,544.8054,545.721,539.3115,542.0585,"13,830"
2330 台積電,2021/7/5,538.3959,546.6366,538.3959,541.1428,"30,274"
2330 台積電,2021/7/2,540.2272,542.9741,537.4803,538.3959,"19,633"
2330 台積電,2021/7/1,545.721,546.6366,541.1428,542.9741,"18,719"
2330 台積電,2021/6/30,548.4679,548.4679,544.8054,544.8054,"34,021"
2330 台積電,2021/6/29,547.5523,547.5523,541.1428,544.8054,"30,837"
2330 台積電,2021/6/28,540.2272,540.2272,536.5646,540.2272,"15,401"
2330 台積電,2021/6/25,547.5523,547.5523,539.3115,541.1428,"19,140"
2330 台積電,2021/6/24,547.5523,547.5523,538.3959,540.2272,"19,322"
2330 台積電,2021/6/23,533.8177,547.5523,531.9864,544.8054,"36,386"
2330 台積電,2021/6/22,535.649,538.3959,529.2395,529.2395,"30,578"
2330 台積電,2021/6/21,540.2272,543.8897,533.8177,533.8177,"47,339"
2330 台積電,2021/6/18,556.7087,556.7087,550.2992,552.1305,"42,036"
2330 台積電,2021/6/17,550.2992,554.8774,547.5523,554.8774,"26,477"
2330 台積電,2021/6/16,554.4082,554.4082,551.6726,551.6726,"28,624"
2330 台積電,2021/6/15,553.4963,555.32,552.5845,555.32,"30,245"
2330 台積電,2021/6/11,548.9371,549.8489,547.1133,548.9371,"24,940"
2330 台積電,2021/6/10,538.9066,546.2015,535.2592,546.2015,"29,741"
2330 台積電,2021/6/9,534.3474,536.1711,531.6118,534.3474,"21,575"
2330 台積電,2021/6/8,537.9948,542.5541,536.1711,537.0829,"14,083"
2330 台積電,2021/6/7,541.6422,542.5541,531.6118,539.8185,"17,729"
2330 台積電,2021/6/4,538.9066,542.5541,537.9948,542.5541,"16,072"
2330 台積電,2021/6/3,547.1133,547.1133,543.4659,543.4659,"31,703"
2330 台積電,2021/6/2,547.1133,547.1133,540.7304,542.5541,"22,416"
2330 台積電,2021/6/1,545.2896,546.2015,542.5541,545.2896,"18,405"
2330 台積電,2021/5/31,542.5541,544.3778,537.9948,544.3778,"31,557"
2330 台積電,2021/5/28,535.2592,539.8185,530.6999,537.9948,"30,720"
2330 台積電,2021/5/27,528.8762,530.6999,522.4932,530.6999,"70,061"
2330 台積電,2021/5/26,535.2592,536.1711,529.7881,533.4355,"19,555"
2330 台積電,2021/5/25,525.2288,532.5237,522.4932,531.6118,"35,445"
2330 台積電,2021/5/24,519.7577,521.5814,516.1103,517.934,"15,981"
2330 台積電,2021/5/21,521.5814,526.1407,517.934,522.4932,"28,009"
2330 台積電,2021/5/20,517.0221,520.6695,510.6391,517.0221,"36,605"
2330 台積電,2021/5/19,520.6695,521.5814,515.1984,517.0221,"29,610"
2330 台積電,2021/5/18,513.3747,522.4932,506.0798,521.5814,"44,584"
2330 台積電,2021/5/17,496.0494,508.8154,493.3139,500.6087,"58,446"
2330 台積電,2021/5/14,506.9917,512.4628,503.3443,507.9036,"38,625"
2330 台積電,2021/5/13,498.785,513.3747,493.3139,498.785,"71,519"
2330 台積電,2021/5/12,517.0221,520.6695,472.3412,510.6391,"138,328"
2330 台積電,2021/5/11,527.9644,528.8762,519.7577,520.6695,"66,035"
2330 台積電,2021/5/10,543.4659,544.3778,536.1711,537.0829,"21,365"
2330 台積電,2021/5/7,541.6422,547.1133,537.0829,546.2015,"28,719"
2330 台積電,2021/5/6,537.9948,537.9948,528.8762,535.2592,"33,165"
2330 台積電,2021/5/5,541.6422,541.6422,533.4355,533.4355,"31,786"
2330 台積電,2021/5/4,536.1711,541.6422,530.6999,538.9066,"45,507"
2330 台積電,2021/5/3,542.5541,544.3778,536.1711,536.1711,"46,801"
2330 台積電,2021/4/29,555.32,555.32,547.1133,547.1133,"35,756"
2330 台積電,2021/4/28,552.5845,554.4082,548.0252,548.9371,"24,601"
2330 台積電,2021/4/27,554.4082,557.1438,551.6726,556.2319,"26,761"
2330 台積電,2021/4/26,551.6726,556.2319,549.8489,556.2319,"32,426"
2330 台積電,2021/4/23,539.8185,548.9371,537.9948,548.9371,"29,004"
2330 台積電,2021/4/22,543.4659,545.2896,538.9066,538.9066,"38,094"
2330 台積電,2021/4/21,546.2015,546.2015,539.8185,539.8185,"41,893"
2330 台積電,2021/4/20,545.2896,548.9371,542.5541,548.9371,"36,655"
2330 台積電,2021/4/19,551.6726,553.4963,548.0252,549.8489,"25,234"
2330 台積電,2021/4/16,556.2319,557.1438,549.8489,556.2319,"49,952"
2330 台積電,2021/4/15,558.0556,564.4386,553.4963,564.4386,"36,394"
2330 台積電,2021/4/14,554.4082,558.0556,547.1133,558.0556,"31,144"
2330 台積電,2021/4/13,550.7608,558.9675,550.7608,551.6726,"27,386"
2330 台積電,2021/4/12,558.0556,558.9675,549.8489,551.6726,"23,319"
2330 台積電,2021/4/9,563.5267,563.5267,555.32,556.2319,"31,601"
2330 台積電,2021/4/8,552.5845,558.9675,549.8489,558.9675,"26,658"
2330 台積電,2021/4/7,559.8793,559.8793,554.4082,556.2319,"28,140"
2330 台積電,2021/4/6,560.7912,561.703,554.4082,556.2319,"37,664"
2330 台積電,2021/4/1,545.2896,548.9371,541.6422,548.9371,"45,972"
2330 台積電,2021/3/31,543.4659,544.3778,535.2592,535.2592,"44,454"
2330 台積電,2021/3/30,547.1133,547.1133,539.8185,544.3778,"34,686"
2330 台積電,2021/3/29,546.2015,548.9371,543.4659,546.2015,"40,573"
2330 台積電,2021/3/26,530.6999,539.8185,528.8762,537.9948,"37,937"
2330 台積電,2021/3/25,521.5814,529.7881,519.7577,524.317,"74,225"
2330 台積電,2021/3/24,520.6695,530.6999,520.6695,525.2288,"115,318"
2330 台積電,2021/3/23,544.3778,549.8489,540.7304,541.6422,"31,933"
2330 台積電,2021/3/22,536.1711,545.2896,534.3474,540.7304,"35,931"
2330 台積電,2021/3/19,541.6422,545.2896,538.9066,538.9066,"74,960"
2330 台積電,2021/3/18,552.5845,555.32,548.9371,548.9371,"30,223"
2330 台積電,2021/3/17,558.0556,558.0556,548.9371,550.7608,"43,942"
2330 台積電,2021/3/16,553.9632,556.6876,551.2388,556.6876,"37,780"
2330 台積電,2021/3/15,557.5958,557.5958,553.0551,554.8714,"29,767"
2330 台積電,2021/3/12,558.5039,561.2283,553.0551,557.5958,"33,876"
2330 台積電,2021/3/11,541.2493,555.7795,540.3412,553.0551,"55,462"
2330 台積電,2021/3/10,545.79,545.79,538.5249,542.1575,"41,735"
2330 台積電,2021/3/9,531.2598,540.3412,531.2598,540.3412,"74,471"
2330 台積電,2021/3/8,552.147,553.9632,543.0656,543.0656,"47,676"
2330 台積電,2021/3/5,533.9842,549.4226,530.3517,545.79,"85,579"
2330 台積電,2021/3/4,553.0551,554.8714,545.79,545.79,"75,508"
2330 台積電,2021/3/3,553.0551,564.8609,545.79,564.8609,"61,171"
2330 台積電,2021/3/2,563.9527,564.8609,553.0551,553.0551,"57,792"
2330 台積電,2021/2/26,554.8714,561.2283,550.3307,550.3307,"137,933"
2330 台積電,2021/2/25,577.5748,577.5748,570.3097,576.6666,"45,279"
2330 台積電,2021/2/24,569.4016,577.5748,567.5853,567.5853,"80,010"
2330 台積電,2021/2/23,582.1155,583.9317,574.8504,582.1155,"52,868"
2330 台積電,2021/2/22,599.3701,601.1863,590.2887,590.2887,"39,512"
2330 台積電,2021/2/19,595.7375,596.6457,587.5643,592.105,"51,651"
2330 台積電,2021/2/18,603.0026,603.9107,595.7375,599.3701,"54,520"
2330 台積電,2021/2/17,602.0945,606.6352,599.3701,602.0945,"115,578"
2330 台積電,2021/2/5,579.3911,582.1155,573.0341,573.9422,"57,350"
2330 台積電,2021/2/4,568.4934,573.9422,563.0446,569.4016,"47,547"
2330 台積電,2021/2/3,579.3911,583.0236,572.126,572.126,"59,763"
2330 台積電,2021/2/2,571.2178,579.3911,564.8609,573.9422,"80,724"
2330 台積電,2021/2/1,540.3412,555.7795,533.0761,554.8714,"70,161"
2330 台積電,2021/1/29,562.1365,562.1365,536.7086,536.7086,"96,875"
2330 台積電,2021/1/28,544.8819,552.147,543.0656,545.79,"104,181"
2330 台積電,2021/1/27,561.2283,567.5853,554.8714,558.5039,"72,823"
2330 台積電,2021/1/26,573.9422,581.2073,553.9632,560.3202,"114,797"
2330 台積電,2021/1/25,583.0236,586.6562,568.4934,574.8504,"98,608"
2330 台積電,2021/1/22,589.3806,603.9107,589.3806,589.3806,"134,238"
2330 台積電,2021/1/21,581.2073,616.6247,581.2073,611.1758,"97,590"
2330 台積電,2021/1/20,574.8504,590.2887,573.0341,587.5643,"95,484"
2330 台積電,2021/1/19,561.2283,573.9422,556.6876,569.4016,"52,947"
2330 台積電,2021/1/18,552.147,552.147,539.4331,551.2388,"50,388"
2330 台積電,2021/1/15,563.9527,567.5853,545.79,545.79,"100,998"
2330 台積電,2021/1/14,533.0761,542.1575,533.0761,537.6168,"90,309"
2330 台積電,2021/1/13,540.3412,549.4226,538.5249,549.4226,"75,707"
2330 台積電,2021/1/12,529.4436,542.1575,528.5354,536.7086,"52,605"
2330 台積電,2021/1/11,523.9947,530.3517,521.2703,530.3517,"52,771"
2330 台積電,2021/1/8,526.7191,526.7191,518.5459,526.7191,"62,957"
2330 台積電,2021/1/7,503.1076,517.6378,502.1995,513.0971,"53,392"
2330 台積電,2021/1/6,504.0157,504.0157,491.3018,498.5669,"55,614"
2330 台積電,2021/1/5,486.7611,492.21,485.853,492.21,"34,839"
2330 台積電,2021/1/4,481.3123,490.3937,479.496,486.7611,"39,489"
2330 台積電,2020/12/31,477.6798,481.3123,475.8635,481.3123,"31,173"
2330 台積電,2020/12/30,468.5984,476.7716,466.7821,476.7716,"46,705"
2330 台積電,2020/12/29,467.6903,469.5065,465.874,467.6903,"20,226"
2330 台積電,2020/12/28,464.9659,467.6903,462.2415,467.6903,"19,520"
2330 台積電,2020/12/25,466.7821,467.6903,463.1496,464.0577,"12,581"
2330 台積電,2020/12/24,464.0577,464.9659,461.3333,463.1496,"15,218"
2330 台積電,2020/12/23,461.3333,464.0577,459.517,462.2415,"18,320"
2330 台積電,2020/12/22,464.9659,468.5984,462.2415,462.2415,"25,632"
2330 台積電,2020/12/21,464.9659,469.5065,461.3333,468.5984,"35,153"
2330 台積電,2020/12/18,461.3333,464.9659,460.4252,463.1496,"40,625"
2330 台積電,2020/12/17,467.6903,467.6903,461.3333,461.3333,"39,285"
2330 台積電,2020/12/16,459.9846,465.4068,458.1772,462.6957,"53,661"
2330 台積電,2020/12/15,458.1772,460.8883,455.4661,455.4661,"43,059"
2330 台積電,2020/12/14,462.6957,463.5994,459.0809,459.0809,"30,809"
2330 台積電,2020/12/11,467.2142,467.2142,456.3698,466.3105,"51,296"
2330 台積電,2020/12/10,461.792,465.4068,460.8883,462.6957,"43,991"
2330 台積電,2020/12/9,470.829,473.5401,469.9253,469.9253,"46,831"
2330 台積電,2020/12/8,464.5031,474.4438,459.9846,473.5401,"41,830"
2330 台積電,2020/12/7,462.6957,465.4068,457.2735,464.5031,"45,493"
2330 台積電,2020/12/4,450.4957,456.3698,449.592,454.5624,"54,471"
2330 台積電,2020/12/3,451.3994,451.3994,447.3328,449.1402,"36,919"
2330 台積電,2020/12/2,451.3994,451.8513,445.9772,450.9476,"60,208"
2330 台積電,2020/12/1,442.3624,442.8143,436.9402,442.8143,"38,341"
2330 台積電,2020/11/30,445.5254,445.9772,434.2291,434.2291,"149,311"
2330 台積電,2020/11/27,440.555,444.6217,439.6513,441.9106,"35,196"
2330 台積電,2020/11/26,441.9106,445.9772,441.0069,441.9106,"31,844"
2330 台積電,2020/11/25,447.3328,447.7846,440.1032,440.1032,"47,179"
2330 台積電,2020/11/24,451.3994,451.8513,444.1698,444.6217,"38,630"
2330 台積電,2020/11/23,446.8809,450.4957,444.6217,448.6883,"43,708"
2330 台積電,2020/11/20,439.1994,442.8143,439.1994,441.0069,"35,242"
2330 台積電,2020/11/19,450.9476,450.9476,442.8143,442.8143,"47,345"
2330 台積電,2020/11/18,442.8143,449.1402,439.6513,449.1402,"56,607"
2330 台積電,2020/11/17,453.6587,457.2735,438.7476,438.7476,"75,763"
2330 台積電,2020/11/16,424.7402,437.8439,423.8365,437.392,"83,380"
2330 台積電,2020/11/13,414.7995,417.5106,412.5402,417.5106,"31,483"
2330 台積電,2020/11/12,418.4143,418.8661,413.4439,413.8958,"57,993"
2330 台積電,2020/11/11,405.3106,412.9921,405.3106,412.9921,"40,355"
2330 台積電,2020/11/10,408.4736,410.7328,405.3106,407.5699,"36,786"
2330 台積電,2020/11/9,413.8958,415.7032,410.281,414.3476,"43,415"
2330 台積電,2020/11/6,411.1847,411.6365,406.6662,408.9254,"32,644"
2330 台積電,2020/11/5,408.0217,408.0217,402.5995,407.5699,"36,539"
2330 台積電,2020/11/4,401.6958,408.0217,400.3402,406.6662,"37,929"
2330 台積電,2020/11/3,397.1773,400.3402,395.8217,398.5328,"31,461"
2330 台積電,2020/11/2,391.3032,393.5625,386.7847,393.5625,"34,539"
2330 台積電,2020/10/30,394.918,394.918,390.3995,390.3995,"49,770"
2330 台積電,2020/10/29,394.4662,397.1773,393.5625,394.918,"43,075"
2330 台積電,2020/10/28,402.1476,403.955,400.3402,401.2439,"26,221"
2330 台積電,2020/10/27,404.4069,405.3106,402.5995,403.955,"31,795"
2330 台積電,2020/10/26,411.1847,411.1847,406.6662,406.6662,"15,800"
2330 台積電,2020/10/23,413.8958,413.8958,408.0217,408.4736,"18,777"
2330 台積電,2020/10/22,406.6662,411.1847,406.2143,411.1847,"25,285"
2330 台積電,2020/10/21,409.8291,412.0884,407.5699,409.3773,"29,906"
2330 台積電,2020/10/20,411.6365,412.9921,407.5699,407.5699,"26,567"
2330 台積電,2020/10/19,409.3773,413.4439,407.5699,413.4439,"34,846"
2330 台積電,2020/10/16,407.5699,412.0884,405.3106,405.7625,"48,274"
2330 台積電,2020/10/15,412.0884,412.5402,406.6662,409.3773,"49,987"
2330 台積電,2020/10/14,416.155,416.6069,412.9921,414.7995,"52,677"
2330 台積電,2020/10/13,420.2217,420.2217,412.5402,417.5106,"46,303"
2330 台積電,2020/10/12,413.8958,417.5106,413.4439,415.7032,"67,645"
2330 台積電,2020/10/8,406.6662,410.281,405.3106,409.3773,"60,853"
2330 台積電,2020/10/7,393.1106,402.1476,393.1106,400.3402,"44,691"
2330 台積電,2020/10/6,398.9847,399.4365,395.3699,397.1773,"36,276"
2330 台積電,2020/10/5,395.8217,395.8217,389.9477,390.8514,"33,238"
2330 台積電,2020/9/30,389.044,393.1106,389.044,391.3032,"28,859"
2330 台積電,2020/9/29,390.8514,393.1106,386.7847,389.4958,"42,730"
2330 台積電,2020/9/28,385.881,389.9477,383.6217,389.9477,"34,427"
2330 台積電,2020/9/25,385.881,386.7847,380.4588,383.1699,"41,263"
2330 台積電,2020/9/24,384.5254,387.6884,382.2662,382.2662,"82,510"
2330 台積電,2020/9/23,394.0143,396.2736,390.3995,391.7551,"47,426"
2330 台積電,2020/9/22,397.6291,398.5328,394.0143,394.918,"36,842"
2330 台積電,2020/9/21,400.7921,406.6662,397.6291,397.6291,"40,193"
2330 台積電,2020/9/18,403.955,406.2143,400.3402,401.2439,"52,999"
2330 台積電,2020/9/17,409.3773,411.1847,403.5032,405.3106,"44,420"
2330 台積電,2020/9/16,413.4336,415.2311,409.3891,411.6361,"70,608"
2330 台積電,2020/9/15,395.9076,401.7496,395.0088,399.9521,"39,661"
2330 台積電,2020/9/14,391.8631,397.2558,391.4138,396.357,"39,325"
2330 台積電,2020/9/11,391.4138,392.3125,388.7175,392.3125,"34,893"
2330 台積電,2020/9/10,388.7175,390.9644,386.9199,390.9644,"35,281"
2330 台積電,2020/9/9,381.9767,384.673,380.1792,383.7742,"40,727"
2330 台積電,2020/9/8,384.673,389.1668,384.2236,387.3693,"23,714"
2330 台積電,2020/9/7,384.673,388.7175,381.9767,382.8755,"39,854"
2330 台積電,2020/9/4,383.7742,388.7175,383.7742,385.5718,"51,349"
2330 台積電,2020/9/3,395.0088,395.0088,389.6162,391.8631,"40,683"
2330 台積電,2020/9/2,396.357,396.357,386.9199,389.1668,"42,013"
2330 台積電,2020/9/1,386.4705,390.9644,384.673,390.9644,"50,129"
2330 台積電,2020/8/31,392.7619,395.0088,383.3248,383.3248,"88,569"
2330 台積電,2020/8/28,395.4582,395.9076,387.3693,390.9644,"57,039"
2330 台積電,2020/8/27,402.6484,407.5916,399.0533,399.0533,"57,206"
2330 台積電,2020/8/26,391.4138,397.2558,390.9644,397.2558,"41,406"
2330 台積電,2020/8/25,389.6162,391.8631,386.9199,390.515,"37,024"
2330 台積電,2020/8/24,384.2236,390.515,381.9767,384.673,"49,199"
2330 台積電,2020/8/21,378.831,383.7742,377.4829,381.5273,"41,956"
2330 台積電,2020/8/20,383.7742,384.2236,360.4062,372.989,"75,155"
2330 台積電,2020/8/19,391.8631,392.3125,384.2236,384.2236,"31,486"
2330 台積電,2020/8/18,395.4582,395.9076,388.2681,389.1668,"45,504"
2330 台積電,2020/8/17,383.7742,390.9644,382.4261,390.9644,"34,607"
2330 台積電,2020/8/14,381.0779,384.673,380.1792,383.7742,"24,259"
2330 台積電,2020/8/13,384.673,385.5718,381.5273,385.5718,"45,669"
2330 台積電,2020/8/12,379.2804,380.6285,376.5841,376.5841,"53,980"
2330 台積電,2020/8/11,388.2681,390.9644,385.5718,385.5718,"34,545"
2330 台積電,2020/8/10,384.2236,393.2113,384.2236,391.4138,"36,067"
2330 台積電,2020/8/7,389.6162,390.0656,384.673,389.1668,"37,611"
2330 台積電,2020/8/6,393.2113,393.6607,387.3693,390.9644,"43,443"
2330 台積電,2020/8/5,386.9199,389.6162,382.8755,385.5718,"47,460"
2330 台積電,2020/8/4,378.831,382.4261,376.1347,382.4261,"41,697"
2330 台積電,2020/8/3,377.9322,381.0779,372.989,373.8878,"77,288"
2330 台積電,2020/7/31,382.8755,388.2681,382.4261,382.4261,"50,484"
2330 台積電,2020/7/30,392.3125,396.357,385.1224,390.0656,"69,936"
2330 台積電,2020/7/29,384.673,387.8187,377.0335,379.2804,"88,641"
2330 台積電,2020/7/28,417.0287,419.2756,385.1224,390.9644,"172,157"
2330 台積電,2020/7/27,377.9322,381.5273,374.3372,381.5273,"103,315"
2330 台積電,2020/7/24,350.5198,355.0136,343.3296,346.9247,"90,988"
2330 台積電,2020/7/23,343.3296,344.2284,340.6333,342.8803,"45,397"
2330 台積電,2020/7/22,342.4309,346.9247,340.6333,345.1272,"43,959"
2330 台積電,2020/7/21,334.7913,347.8235,333.8926,344.2284,"64,440"
2330 台積電,2020/7/20,332.5444,332.5444,325.8037,328.9493,"44,940"
2330 台積電,2020/7/17,324.4555,331.6456,323.5567,329.8481,"66,403"
2330 台積電,2020/7/16,322.658,324.4555,317.7147,321.3098,"68,582"
2330 台積電,2020/7/15,328.9493,332.5444,324.4555,326.253,"75,105"
2330 台積電,2020/7/14,319.0629,327.1518,318.6135,326.7024,"63,030"
2330 台積電,2020/7/13,315.4678,318.6135,315.0184,318.6135,"49,459"
2330 台積電,2020/7/10,316.816,317.2653,310.5246,313.2209,"60,902"
2330 台積電,2020/7/9,310.974,311.8727,308.2777,310.0752,"37,410"
2330 台積電,2020/7/8,303.3344,307.8283,303.3344,306.4801,"33,813"
2330 台積電,2020/7/7,308.727,310.974,303.7838,304.2332,"59,046"
2330 台積電,2020/7/6,298.8406,303.7838,298.3912,303.7838,"57,256"
2330 台積電,2020/7/3,293.8974,297.0431,293.448,296.1443,"55,656"
2330 台積電,2020/7/2,286.7072,289.4035,285.8084,289.4035,"37,789"
2330 台積電,2020/7/1,283.1121,285.8084,282.2134,285.3591,"29,685"
2330 台積電,2020/6/30,281.764,282.2134,279.5171,281.3146,"49,241"
2330 台積電,2020/6/29,282.2134,283.1121,278.6183,280.4158,"56,672"
2330 台積電,2020/6/24,286.7072,287.606,284.0109,285.3591,"55,464"
2330 台積電,2020/6/23,284.0109,284.4603,280.8652,283.1121,"41,300"
2330 台積電,2020/6/22,282.6628,284.4603,280.4158,280.4158,"37,374"
2330 台積電,2020/6/19,282.2134,282.6628,280.4158,282.6628,"48,130"
2330 台積電,2020/6/18,282.6628,283.1121,281.3146,282.6628,"35,443"
2330 台積電,2020/6/17,282.2026,282.6484,279.5277,280.8652,"34,692"
2330 台積電,2020/6/16,282.6484,282.6484,279.9735,280.8652,"40,725"
2330 台積電,2020/6/15,281.7568,283.0943,275.0695,275.9612,"51,032"
2330 台積電,2020/6/12,279.0819,283.0943,278.6361,281.7568,"46,970"
2330 台積電,2020/6/11,290.2273,291.5648,283.9859,285.7692,"50,612"
2330 台積電,2020/6/10,284.4317,288.8899,283.5401,287.5524,"42,207"
2330 台積電,2020/6/9,282.2026,284.4317,279.9735,284.4317,"37,068"
2330 台積電,2020/6/8,281.7568,284.4317,280.8652,283.5401,"52,042"
2330 台積電,2020/6/5,275.0695,278.1903,274.6237,277.7444,"44,077"
2330 台積電,2020/6/4,271.9488,272.8405,271.0572,272.8405,"47,225"
2330 台積電,2020/6/3,267.4906,268.3823,265.7074,268.3823,"67,894"
2330 台積電,2020/6/2,263.9241,265.2616,263.9241,264.3699,"26,663"
2330 台積電,2020/6/1,262.1408,264.3699,261.695,263.4783,"37,936"
2330 台積電,2020/5/29,260.3576,260.8034,258.5743,260.3576,"96,611"
2330 台積電,2020/5/28,266.1532,266.1532,261.2492,262.1408,"32,395"
2330 台積電,2020/5/27,264.8157,265.7074,263.4783,264.3699,"23,375"
2330 台積電,2020/5/26,263.0325,265.2616,261.695,263.4783,"35,817"
2330 台積電,2020/5/25,259.0201,261.2492,257.2368,260.3576,"32,942"
2330 台積電,2020/5/22,262.5866,263.0325,259.4659,260.3576,"41,138"
2330 台積電,2020/5/21,263.9241,265.7074,263.0325,265.2616,"36,299"
2330 台積電,2020/5/20,261.2492,262.1408,259.4659,262.1408,"36,789"
2330 台積電,2020/5/19,262.1408,262.1408,259.9117,259.9117,"53,083"
2330 台積電,2020/5/18,259.4659,261.695,258.5743,258.5743,"96,872"
2330 台積電,2020/5/15,265.2616,266.1532,262.5866,265.7074,"44,304"
2330 台積電,2020/5/14,261.2492,263.0325,260.8034,261.2492,"34,480"
2330 台積電,2020/5/13,261.2492,264.8157,260.8034,264.8157,"46,158"
2330 台積電,2020/5/12,265.2616,266.1532,263.0325,263.0325,"52,494"
2330 台積電,2020/5/11,267.4906,268.8281,266.1532,268.3823,"32,379"
2330 台積電,2020/5/8,267.4906,267.4906,263.9241,265.2616,"35,613"
2330 台積電,2020/5/7,262.5866,266.599,262.5866,265.2616,"28,017"
2330 台積電,2020/5/6,262.5866,263.9241,260.8034,263.9241,"35,704"
2330 台積電,2020/5/5,264.3699,265.7074,263.0325,263.4783,"23,988"
2330 台積電,2020/5/4,262.5866,264.3699,262.1408,263.0325,"72,252"
2330 台積電,2020/4/30,269.2739,271.9488,268.8281,271.503,"58,439"
2330 台積電,2020/4/29,266.599,268.8281,265.7074,266.599,"46,253"
2330 台積電,2020/4/28,266.1532,266.1532,262.5866,264.3699,"37,621"
2330 台積電,2020/4/27,265.7074,266.1532,263.9241,265.7074,"38,493"
2330 台積電,2020/4/24,263.4783,264.8157,262.1408,262.1408,"26,465"
2330 台積電,2020/4/23,267.4906,267.4906,262.1408,263.4783,"39,977"
2330 台積電,2020/4/22,262.5866,263.0325,259.0201,262.1408,"43,568"
2330 台積電,2020/4/21,267.9365,268.8281,261.695,263.0325,"61,949"
2330 台積電,2020/4/20,274.6237,275.5154,269.7197,271.0572,"44,586"
2330 台積電,2020/4/17,270.6114,275.0695,267.9365,273.2863,"117,447"
2330 台積電,2020/4/16,252.3328,257.2368,252.3328,255.4536,"48,257"
2330 台積電,2020/4/15,255.8994,257.2368,255.0077,256.3452,"58,561"
2330 台積電,2020/4/14,250.5496,254.5619,249.6579,254.1161,"50,196"
2330 台積電,2020/4/13,248.3205,250.9954,248.3205,248.3205,"22,196"
2330 台積電,2020/4/10,249.6579,251.4412,248.7663,249.2121,"28,206"
2330 台積電,2020/4/9,256.3452,256.791,251.887,252.3328,"29,276"
2330 台積電,2020/4/8,254.1161,254.5619,252.3328,254.1161,"38,698"
2330 台積電,2020/4/7,252.7787,253.2245,250.1037,252.3328,"48,887"
2330 台積電,2020/4/6,243.4165,245.6456,240.7416,245.6456,"59,712"
2330 台積電,2020/4/1,246.5372,246.5372,242.079,242.079,"47,572"
2330 台積電,2020/3/31,243.4165,244.3081,240.2958,244.3081,"53,901"
2330 台積電,2020/3/30,234.9459,239.8499,234.0543,238.5125,"53,403"
2330 台積電,2020/3/27,253.2245,255.0077,243.4165,243.4165,"69,320"
2330 台積電,2020/3/26,249.2121,249.6579,245.6456,249.6579,"54,189"
2330 台積電,2020/3/25,246.5372,249.6579,244.3081,246.983,"80,514"
2330 台積電,2020/3/24,238.9583,244.3081,237.175,238.5125,"82,377"
2330 台積電,2020/3/23,229.1503,234.0543,224.6921,227.367,"76,963"
2330 台積電,2020/3/20,230.4878,240.7416,228.2587,240.7416,"159,179"
2330 台積電,2020/3/19,224.6921,225.5838,209.9802,221.1256,"160,811"
2330 台積電,2020/3/18,237.9855,240.6346,229.5964,229.5964,"118,620"
2330 台積電,2020/3/17,234.0117,244.1669,234.0117,236.6609,"122,409"
2330 台積電,2020/3/16,251.6729,256.9713,243.2838,244.1669,"103,933"
2330 台積電,2020/3/13,242.8423,259.6205,240.6346,256.0882,"151,268"
2330 台積電,2020/3/12,264.0358,264.0358,253.4391,259.6205,"114,173"
2330 台積電,2020/3/11,272.8664,274.191,266.685,266.685,"64,923"
2330 台積電,2020/3/10,266.2435,272.8664,265.8019,271.1003,"74,869"
2330 台積電,2020/3/9,271.5418,273.7495,269.7757,269.7757,"88,633"
2330 台積電,2020/3/6,282.5801,283.0217,278.1648,278.1648,"52,807"
2330 台積電,2020/3/5,286.9954,287.8785,285.2293,285.2293,"38,223"
2330 台積電,2020/3/4,284.3463,284.3463,279.9309,283.0217,"44,745"
2330 台積電,2020/3/3,281.2555,282.5801,279.0479,280.3725,"55,169"
2330 台積電,2020/3/2,271.9834,279.9309,271.9834,274.6326,"86,372"
2330 台積電,2020/2/27,281.6971,282.5801,278.1648,279.0479,"62,401"
2330 台積電,2020/2/26,279.9309,283.0217,279.4894,281.2555,"60,768"
2330 台積電,2020/2/25,282.5801,285.6709,280.3725,284.3463,"38,674"
2330 台積電,2020/2/24,282.1386,283.9047,282.1386,282.5801,"42,946"
2330 台積電,2020/2/21,287.437,288.32,285.2293,286.9954,"22,974"
2330 台積電,2020/2/20,289.6446,290.5277,286.9954,287.437,"27,061"
2330 台積電,2020/2/19,284.7878,288.7616,284.3463,288.32,"48,856"
2330 台積電,2020/2/18,286.5539,288.32,284.3463,284.3463,"64,662"
2330 台積電,2020/2/17,292.7354,294.06,291.8523,292.7354,"16,145"
2330 台積電,2020/2/14,297.5922,297.5922,295.3845,295.8261,"18,326"
2330 台積電,2020/2/13,298.4753,298.4753,295.8261,295.8261,"23,217"
2330 台積電,2020/2/12,294.5015,296.7091,294.06,295.8261,"37,612"
2330 台積電,2020/2/11,291.8523,293.6184,291.4108,292.7354,"29,062"
2330 台積電,2020/2/10,283.9047,289.6446,283.4632,289.2031,"30,814"
2330 台積電,2020/2/7,291.4108,291.8523,287.8785,289.6446,"30,055"
2330 台積電,2020/2/6,290.9692,293.6184,290.5277,293.6184,"29,659"
2330 台積電,2020/2/5,290.5277,290.9692,286.5539,289.2031,"36,601"
2330 台積電,2020/2/4,281.6971,287.8785,280.814,286.9954,"52,208"
2330 台積電,2020/2/3,278.1648,279.4894,275.5156,278.1648,"59,711"
2330 台積電,2020/1/31,285.2293,285.6709,281.6971,282.5801,"62,912"
2330 台積電,2020/1/30,287.8785,287.8785,279.4894,279.4894,"126,820"
2330 台積電,2020/1/20,294.943,296.2676,294.06,294.06,"35,551"
2330 台積電,2020/1/17,294.943,296.2676,293.1769,294.06,"53,908"
2330 台積電,2020/1/16,291.4108,297.1507,291.4108,295.3845,"58,217"
2330 台積電,2020/1/15,304.6567,304.6567,298.0337,300.2414,"54,575"
2330 台積電,2020/1/14,305.0982,305.5398,304.2152,305.5398,"30,368"
2330 台積電,2020/1/13,302.0075,302.0075,299.3583,301.566,"30,663"
2330 台積電,2020/1/10,300.6829,301.1245,296.7091,299.7999,"27,880"
2330 台積電,2020/1/9,295.8261,298.0337,294.5015,298.0337,"32,397"
2330 台積電,2020/1/8,286.9954,294.06,286.9954,290.9692,"37,913"
2330 台積電,2020/1/7,293.6184,294.06,288.32,290.9692,"51,746"
2330 台積電,2020/1/6,294.06,295.3845,293.1769,293.1769,"45,677"
2330 台積電,2020/1/3,303.7736,304.6567,296.2676,299.7999,"42,023"
2330 台積電,2020/1/2,293.6184,299.3583,293.6184,299.3583,"33,282"
2330 台積電,2019/12/31,292.2938,294.5015,292.2938,292.2938,"22,950"
2330 台積電,2019/12/30,298.4753,299.3583,294.943,295.3845,"21,591"
2330 台積電,2019/12/27,295.8261,298.4753,295.8261,298.4753,"16,677"
2330 台積電,2019/12/26,294.06,294.943,292.7354,294.06,"11,427"
2330 台積電,2019/12/25,293.1769,295.3845,292.2938,294.06,"12,262"
2330 台積電,2019/12/24,294.943,295.3845,293.1769,293.1769,"13,783"
2330 台積電,2019/12/23,290.9692,294.943,290.9692,294.943,"26,911"
2330 台積電,2019/12/20,293.1769,294.06,290.0862,290.5277,"86,280"
2330 台積電,2019/12/19,300.2414,302.0075,295.8261,295.8261,"55,667"
2330 台積電,2019/12/18,299.3775,302.4458,299.3775,302.0075,"42,486"
2330 台積電,2019/12/17,293.6793,302.4458,293.6793,302.4458,"41,428"
2330 台積電,2019/12/16,294.9943,296.7476,294.5559,294.5559,"48,340"
2330 台積電,2019/12/13,298.0626,300.6925,296.3093,297.1859,"60,843"
2330 台積電,2019/12/12,284.9127,293.241,284.0361,290.611,"52,801"
2330 台積電,2019/12/11,275.2695,279.6528,274.3929,279.6528,"34,329"
2330 台積電,2019/12/10,276.1462,276.5845,273.9546,274.8312,"20,847"
2330 台積電,2019/12/9,275.2695,277.4612,275.2695,277.0229,"23,556"
2330 台積電,2019/12/6,276.1462,277.0229,272.6396,274.3929,"18,402"
2330 台積電,2019/12/5,270.8863,273.5162,270.8863,273.5162,"39,349"
2330 台積電,2019/12/4,267.3797,268.2563,266.503,268.2563,"34,911"
2330 台積電,2019/12/3,267.3797,269.133,267.3797,269.133,"27,686"
2330 台積電,2019/12/2,269.133,270.0096,268.6946,269.5713,"25,516"
2330 台積電,2019/11/29,270.8863,271.3246,267.3797,267.3797,"32,423"
2330 台積電,2019/11/28,271.7629,273.5162,270.4479,271.3246,"19,718"
2330 台積電,2019/11/27,269.5713,273.0779,269.5713,272.6396,"18,527"
2330 台積電,2019/11/26,271.7629,272.2013,269.133,269.133,"101,916"
2330 台積電,2019/11/25,272.2013,272.2013,269.133,269.133,"19,855"
2330 台積電,2019/11/22,271.7629,272.2013,270.0096,270.8863,"26,492"
2330 台積電,2019/11/21,271.3246,272.6396,269.133,272.6396,"30,163"
2330 台積電,2019/11/20,275.2695,275.2695,273.5162,274.8312,"24,538"
2330 台積電,2019/11/19,273.9546,276.1462,272.6396,276.1462,"33,096"
2330 台積電,2019/11/18,270.4479,272.6396,269.133,272.6396,"18,741"
2330 台積電,2019/11/15,267.818,269.5713,266.9413,269.133,"29,038"
2330 台積電,2019/11/14,266.9413,267.3797,264.7497,266.0647,"15,734"
2330 台積電,2019/11/13,265.6263,266.503,264.3114,266.503,"18,422"
2330 台積電,2019/11/12,265.188,267.3797,264.7497,267.3797,"19,016"
2330 台積電,2019/11/11,267.3797,267.3797,262.9964,263.873,"35,285"
2330 台積電,2019/11/8,270.4479,270.8863,267.818,267.818,"26,230"
2330 台積電,2019/11/7,271.7629,271.7629,268.6946,270.8863,"28,453"
2330 台積電,2019/11/6,270.8863,273.0779,270.0096,272.6396,"22,149"
2330 台積電,2019/11/5,269.5713,272.2013,269.133,272.2013,"32,253"
2330 台積電,2019/11/4,265.188,270.0096,263.873,269.133,"45,155"
2330 台積電,2019/11/1,262.5581,262.5581,259.9281,262.1197,"30,216"
2330 台積電,2019/10/31,262.9964,264.3114,261.6814,261.6814,"43,123"
2330 台積電,2019/10/30,261.6814,262.5581,259.9281,262.5581,"32,370"
2330 台積電,2019/10/29,260.3664,261.6814,259.9281,261.6814,"37,130"
2330 台積電,2019/10/28,258.6131,259.0514,257.7365,258.1748,"20,216"
2330 台積電,2019/10/25,258.1748,258.1748,256.4215,257.2981,"25,082"
2330 台積電,2019/10/24,258.1748,258.1748,255.1065,256.8598,"29,040"
2330 台積電,2019/10/23,257.2981,257.2981,254.6682,256.8598,"30,382"
2330 台積電,2019/10/22,256.4215,257.7365,255.5448,257.7365,"26,525"
2330 台積電,2019/10/21,255.1065,255.1065,252.9149,254.2298,"35,860"
2330 台積電,2019/10/18,256.8598,259.0514,255.1065,256.8598,"45,460"
2330 台積電,2019/10/17,258.6131,259.0514,255.9831,257.2981,"41,920"
2330 台積電,2019/10/16,261.2431,261.2431,257.2981,259.9281,"42,917"
2330 台積電,2019/10/15,257.2981,259.4898,255.9831,257.2981,"54,754"
2330 台積電,2019/10/14,255.5448,255.5448,252.9149,254.2298,"53,403"
2330 台積電,2019/10/9,248.5316,250.7232,247.2166,247.2166,"34,895"
2330 台積電,2019/10/8,248.5316,251.1615,247.6549,251.1615,"39,868"
2330 台積電,2019/10/7,244.5866,245.025,243.2717,243.71,"17,750"
2330 台積電,2019/10/4,245.025,245.4633,241.08,242.395,"35,814"
2330 台積電,2019/10/3,240.2034,243.2717,240.2034,242.395,"35,874"
2330 台積電,2019/10/2,245.4633,246.3399,244.5866,245.025,"30,572"
2330 台積電,2019/10/1,239.3267,245.9016,239.3267,245.4633,"75,248"
2330 台積電,2019/9/27,238.0117,238.8884,237.5734,238.4501,"44,242"
2330 台積電,2019/9/26,235.8201,236.2584,233.6285,234.9434,"34,128"
2330 台積電,2019/9/25,230.1218,233.1901,229.6835,233.1901,"23,244"
2330 台積電,2019/9/24,230.9985,232.7518,229.6835,232.3135,"24,304"
2330 台積電,2019/9/23,231.4368,231.4368,230.5602,231.4368,"14,220"
2330 台積電,2019/9/20,233.1901,233.6285,231.4368,231.4368,"44,555"
2330 台積電,2019/9/19,234.9434,234.9434,231.4368,232.3135,"27,165"
2330 台積電,2019/9/18,232.3135,234.4887,231.8784,232.3135,"51,360"
2330 台積電,2019/9/17,231.8784,231.8784,230.1383,230.5733,"30,069"
2330 台積電,2019/9/16,227.9631,231.0084,227.528,231.0084,"38,913"
2330 台積電,2019/9/12,230.5733,230.5733,227.528,228.3981,"38,792"
2330 台積電,2019/9/11,229.7032,230.1383,226.6579,228.8331,"36,266"
2330 台積電,2019/9/10,229.2682,229.7032,226.6579,227.528,"30,019"
2330 台積電,2019/9/9,231.0084,231.4434,229.2682,230.5733,"17,317"
2330 台積電,2019/9/6,230.5733,230.5733,228.8331,229.2682,"26,609"
2330 台積電,2019/9/5,228.8331,228.8331,226.6579,228.8331,"49,041"
2330 台積電,2019/9/4,221.0023,224.4827,221.0023,224.0477,"23,697"
2330 台積電,2019/9/3,223.1776,224.4827,220.1323,221.0023,"26,086"
2330 台積電,2019/9/2,224.4827,224.4827,222.7425,224.0477,"14,776"
2330 台積電,2019/8/30,223.1776,225.3528,222.7425,225.3528,"35,299"
2330 台積電,2019/8/29,220.1323,221.0023,218.3921,221.0023,"20,085"
2330 台積電,2019/8/28,217.957,220.1323,217.957,219.2622,"15,280"
2330 台積電,2019/8/27,217.957,218.3921,216.2169,217.522,"53,664"
2330 台積電,2019/8/26,216.6519,217.957,216.2169,216.2169,"31,740"
2330 台積電,2019/8/23,220.5673,221.4374,220.1323,221.0023,"14,772"
2330 台積電,2019/8/22,223.6126,224.0477,221.0023,221.0023,"22,136"
2330 台積電,2019/8/21,221.4374,221.8724,220.1323,221.4374,"20,269"
2330 台積電,2019/8/20,221.0023,221.4374,219.6972,221.4374,"20,620"
2330 台積電,2019/8/19,218.8271,220.1323,217.957,219.2622,"25,098"
2330 台積電,2019/8/16,217.087,219.2622,215.7818,217.522,"25,696"
2330 台積電,2019/8/15,214.9117,216.2169,214.0416,215.7818,"28,277"
2330 台積電,2019/8/14,219.6972,221.0023,217.087,217.087,"36,336"
2330 台積電,2019/8/13,216.6519,217.087,214.4767,214.4767,"25,045"
2330 台積電,2019/8/12,221.4374,221.4374,218.3921,218.3921,"24,732"
2330 台積電,2019/8/8,215.7818,221.0023,215.7818,220.5673,"30,140"
2330 台積電,2019/8/7,217.522,217.957,214.4767,215.7818,"29,435"
2330 台積電,2019/8/6,208.8211,217.522,208.8211,216.2169,"58,916"
2330 台積電,2019/8/5,218.3921,219.2622,213.6066,214.4767,"52,835"
2330 台積電,2019/8/2,219.2622,220.5673,217.957,218.8271,"54,165"
2330 台積電,2019/8/1,224.0477,224.0477,222.3075,223.1776,"30,107"
2330 台積電,2019/7/31,226.2229,226.2229,223.6126,225.7878,"36,365"
2330 台積電,2019/7/30,228.3981,228.8331,226.2229,226.2229,"22,895"
2330 台積電,2019/7/29,226.2229,227.9631,225.7878,227.093,"18,473"
2330 台積電,2019/7/26,227.093,228.3981,227.093,227.093,"20,768"
2330 台積電,2019/7/25,229.7032,230.5733,227.528,230.5733,"30,698"
2330 台積電,2019/7/24,231.8784,231.8784,228.8331,230.5733,"24,511"
2330 台積電,2019/7/23,231.0084,231.8784,228.3981,229.7032,"29,273"
2330 台積電,2019/7/22,228.8331,229.7032,227.9631,229.7032,"31,863"
2330 台積電,2019/7/19,225.7878,227.093,225.3528,225.3528,"59,879"
2330 台積電,2019/7/18,219.2622,221.4374,218.8271,221.0023,"20,908"
2330 台積電,2019/7/17,221.0023,221.0023,218.3921,219.2622,"34,346"
2330 台積電,2019/7/16,221.0023,223.1776,220.5673,222.7425,"26,141"
2330 台積電,2019/7/15,218.3921,221.4374,217.087,221.4374,"34,264"
2330 台積電,2019/7/12,219.2622,219.2622,217.087,217.957,"23,868"
2330 台積電,2019/7/11,217.522,217.522,215.3468,217.522,"31,296"
2330 台積電,2019/7/10,211.4314,214.9117,211.4314,214.9117,"23,812"
2330 台積電,2019/7/9,210.1262,211.4314,209.2562,210.5613,"16,538"
2330 台積電,2019/7/8,208.8211,212.7365,208.8211,210.9963,"29,190"
2330 台積電,2019/7/5,212.7365,213.1716,210.1262,211.4314,"27,317"
2330 台積電,2019/7/4,212.7365,213.1716,210.9963,212.3015,"18,691"
2330 台積電,2019/7/3,212.3015,213.1716,210.5613,210.9963,"29,549"
2330 台積電,2019/7/2,217.087,217.522,215.3468,216.6519,"26,832"
2330 台積電,2019/7/1,213.6066,217.522,213.1716,216.2169,"66,370"
2330 台積電,2019/6/28,210.1262,210.1262,207.0809,207.951,"28,085"
2330 台積電,2019/6/27,205.3408,210.1262,205.3408,209.2562,"42,007"
2330 台積電,2019/6/26,204.4707,205.7758,203.6006,204.0356,"28,770"
2330 台積電,2019/6/25,209.6912,210.1262,206.2109,207.516,"29,735"
2330 台積電,2019/6/24,209.6912,210.5613,208.8211,209.6912,"43,460"
2330 台積電,2019/6/21,208.8352,209.2562,207.151,209.2562,"62,136"
2330 台積電,2019/6/20,203.7827,206.73,202.9406,206.3089,"39,717"
2330 台積電,2019/6/19,204.2037,205.4669,202.5196,205.4669,"50,234"
2330 台積電,2019/6/18,197.0461,198.3092,196.204,198.3092,"28,798"
2330 台積電,2019/6/17,194.9409,197.8882,194.0988,196.204,"51,692"
2330 台積電,2019/6/14,200.8354,201.6775,198.7302,198.7302,"35,403"
2330 台積電,2019/6/13,204.2037,205.4669,202.0985,202.0985,"33,731"
2330 台積電,2019/6/12,205.8879,208.4141,204.6248,207.151,"30,409"
2330 台積電,2019/6/11,202.0985,207.151,201.2565,205.8879,"34,691"
2330 台積電,2019/6/10,199.9933,202.0985,197.4671,202.0985,"35,521"
2330 台積電,2019/6/6,194.9409,195.3619,193.2567,195.3619,"34,651"
2330 台積電,2019/6/5,200.4144,200.4144,197.0461,197.8882,"35,901"
2330 台積電,2019/6/4,199.9933,200.4144,196.204,196.204,"24,443"
2330 台積電,2019/6/3,198.3092,200.8354,195.3619,200.4144,"36,687"
2330 台積電,2019/5/31,195.3619,199.9933,194.5198,198.3092,"49,163"
2330 台積電,2019/5/30,193.6778,194.9409,192.8357,194.5198,"40,375"
2330 台積電,2019/5/29,191.9936,194.0988,191.1515,193.2567,"32,260"
2330 台積電,2019/5/28,195.3619,195.3619,194.0988,194.0988,"99,322"
2330 台積電,2019/5/27,197.0461,197.8882,194.5198,194.5198,"37,447"
2330 台積電,2019/5/24,193.6778,197.0461,193.6778,196.204,"38,226"
2330 台積電,2019/5/23,196.625,196.625,193.6778,193.6778,"62,258"
2330 台積電,2019/5/22,199.1513,202.5196,198.3092,200.4144,"36,289"
2330 台積電,2019/5/21,196.625,198.7302,195.783,197.0461,"82,872"
2330 台積電,2019/5/20,204.2037,204.6248,200.4144,200.4144,"47,097"
2330 台積電,2019/5/17,209.6772,209.6772,203.3617,203.3617,"40,006"
2330 台積電,2019/5/16,209.2562,210.0983,207.151,207.9931,"30,331"
2330 台積電,2019/5/15,211.3614,212.2035,209.6772,209.6772,"37,223"
2330 台積電,2019/5/14,208.4141,211.3614,206.3089,209.2562,"45,620"
2330 台積電,2019/5/13,213.0455,213.8876,210.0983,210.9404,"29,317"
2330 台積電,2019/5/10,216.4139,218.098,214.7297,215.5718,"18,868"
2330 台積電,2019/5/9,218.519,218.519,215.5718,215.9928,"34,166"
2330 台積電,2019/5/8,218.9401,220.2032,218.519,218.9401,"25,902"
2330 台積電,2019/5/7,218.519,221.4663,218.098,221.0453,"25,686"
2330 台積電,2019/5/6,218.9401,218.9401,217.2559,218.098,"33,688"
2330 台積電,2019/5/3,220.6242,223.1505,219.3611,223.1505,"30,200"
2330 台積電,2019/5/2,220.2032,221.0453,217.677,218.098,"27,376"
2330 台積電,2019/4/30,218.9401,219.3611,217.2559,218.098,"40,446"
2330 台積電,2019/4/29,218.9401,220.6242,217.677,218.519,"32,651"
2330 台積電,2019/4/26,220.6242,221.4663,216.8349,218.9401,"51,743"
2330 台積電,2019/4/25,226.0977,226.5188,224.8346,225.2557,"36,572"
2330 台積電,2019/4/24,227.3609,227.3609,225.2557,226.5188,"37,386"
2330 台積電,2019/4/23,224.4136,225.6767,223.9926,225.6767,"26,251"
2330 台積電,2019/4/22,224.4136,225.2557,223.1505,223.9926,"24,967"
2330 台積電,2019/4/19,226.5188,226.9398,221.8874,222.7294,"47,698"
2330 台積電,2019/4/18,222.3084,223.9926,221.8874,222.7294,"48,525"
2330 台積電,2019/4/17,218.9401,221.4663,218.519,220.2032,"39,037"
2330 台積電,2019/4/16,216.4139,216.4139,215.1507,216.4139,"20,231"
2330 台積電,2019/4/15,214.7297,215.5718,213.8876,215.1507,"17,257"
2330 台積電,2019/4/12,211.7824,213.0455,211.3614,212.2035,"13,888"
2330 台積電,2019/4/11,213.0455,213.8876,211.7824,212.2035,"25,146"
2330 台積電,2019/4/10,213.0455,214.3087,212.2035,213.8876,"33,174"
2330 台積電,2019/4/9,213.0455,213.8876,212.2035,213.8876,"22,745"
2330 台積電,2019/4/8,211.3614,213.0455,210.9404,213.0455,"46,426"
2330 台積電,2019/4/3,209.6772,209.6772,207.572,207.572,"28,581"
2330 台積電,2019/4/2,210.0983,210.0983,207.151,207.151,"25,189"
2330 台積電,2019/4/1,211.3614,211.3614,206.3089,206.73,"35,330"
2330 台積電,2019/3/29,204.6248,206.73,202.5196,206.73,"31,024"
2330 台積電,2019/3/28,202.5196,204.2037,202.0985,203.7827,"13,998"
2330 台積電,2019/3/27,203.7827,204.2037,202.5196,203.3617,"23,622"
2330 台積電,2019/3/26,204.6248,205.4669,202.9406,205.4669,"21,053"
2330 台積電,2019/3/25,202.5196,205.0458,202.5196,203.3617,"19,273"
2330 台積電,2019/3/22,208.8352,209.2562,205.8879,209.2562,"22,996"
2330 台積電,2019/3/21,204.2037,206.73,202.9406,206.73,"27,514"
2330 台積電,2019/3/20,203.7827,203.7827,201.6775,203.7827,"23,055"
2330 台積電,2019/3/19,201.2565,202.5196,200.4144,202.5196,"14,620"
2330 台積電,2019/3/18,201.6775,202.9406,201.2565,202.9406,"27,040"
2330 台積電,2019/3/15,199.5723,201.6775,198.3092,201.2565,"34,542"
2330 台積電,2019/3/14,201.2565,201.2565,197.0461,197.4671,"17,281"
2330 台積電,2019/3/13,197.0461,199.5723,197.0461,199.5723,"22,493"
2330 台積電,2019/3/12,196.204,199.5723,195.783,198.3092,"23,839"
2330 台積電,2019/3/11,191.9936,194.0988,191.5726,194.0988,"34,282"
2330 台積電,2019/3/8,194.5198,194.9409,192.8357,193.6778,"22,535"
2330 台積電,2019/3/7,197.8882,197.8882,196.204,197.0461,"17,226"
2330 台積電,2019/3/6,197.8882,198.3092,196.625,197.0461,"20,811"
2330 台積電,2019/3/5,197.0461,197.4671,195.783,196.204,"23,708"
2330 台積電,2019/3/4,201.6775,201.6775,197.4671,198.3092,"45,164"
2330 台積電,2019/2/27,200.8354,201.6775,199.5723,201.2565,"37,947"
2330 台積電,2019/2/26,201.2565,202.0985,199.1513,201.6775,"24,586"
2330 台積電,2019/2/25,199.9933,201.2565,198.7302,200.4144,"25,227"
2330 台積電,2019/2/22,198.3092,199.1513,197.0461,199.1513,"22,032"
2330 台積電,2019/2/21,198.3092,199.1513,197.4671,199.1513,"34,013"
2330 台積電,2019/2/20,194.9409,197.4671,194.5198,197.4671,"31,887"
2330 台積電,2019/2/19,193.6778,194.0988,192.8357,192.8357,"18,423"
2330 台積電,2019/2/18,192.8357,194.0988,192.4147,193.6778,"18,163"
2330 台積電,2019/2/15,192.8357,192.8357,190.7305,191.1515,"22,369"
2330 台積電,2019/2/14,193.2567,193.6778,190.3095,191.1515,"23,647"
2330 台積電,2019/2/13,195.3619,195.3619,192.4147,192.8357,"28,634"
2330 台積電,2019/2/12,193.6778,193.6778,192.8357,193.6778,"30,125"
2330 台積電,2019/2/11,191.9936,192.8357,190.7305,191.9936,"81,360"
2330 台積電,2019/1/30,185.678,186.5201,185.257,186.0991,"51,889"
2330 台積電,2019/1/29,187.3622,189.4674,186.9412,187.3622,"42,566"
2330 台積電,2019/1/28,193.2567,193.2567,191.9936,192.8357,"29,134"
2330 台積電,2019/1/25,190.7305,191.1515,189.4674,190.3095,"48,039"
2330 台積電,2019/1/24,187.3622,187.3622,185.678,187.3622,"31,348"
2330 台積電,2019/1/23,186.5201,186.9412,185.257,185.678,"18,671"
2330 台積電,2019/1/22,185.257,187.7832,184.4149,187.7832,"30,958"
2330 台積電,2019/1/21,185.257,187.7832,185.257,186.0991,"32,515"
2330 台積電,2019/1/18,184.4149,185.257,183.1518,183.9939,"52,677"
2330 台積電,2019/1/17,183.5728,186.0991,183.5728,185.678,"21,163"
2330 台積電,2019/1/16,183.9939,185.257,183.1518,183.1518,"30,038"
2330 台積電,2019/1/15,182.3097,186.0991,181.4676,186.0991,"42,990"
2330 台積電,2019/1/14,183.9939,185.257,182.7308,183.9939,"17,612"
2330 台積電,2019/1/11,184.4149,185.678,183.5728,185.678,"28,658"
2330 台積電,2019/1/10,181.8887,182.3097,180.6256,181.8887,"20,832"
2330 台積電,2019/1/9,178.5204,182.3097,177.6783,181.4676,"51,255"
2330 台積電,2019/1/8,178.5204,178.9414,176.8362,177.6783,"23,794"
2330 台積電,2019/1/7,178.5204,180.2045,177.6783,179.3625,"35,695"
2330 台積電,2019/1/4,178.0993,178.0993,173.889,175.1521,"67,043"
2330 台積電,2019/1/3,180.2045,183.5728,180.2045,181.4676,"34,615"
2330 台積電,2019/1/2,190.7305,190.7305,184.4149,184.836,"32,900"
2330 台積電,2018/12/28,188.2043,189.8884,187.3622,189.8884,"30,156"
2330 台積電,2018/12/27,186.9412,188.6253,185.678,187.7832,"21,915"
2330 台積電,2018/12/26,183.9939,184.836,181.8887,182.3097,"16,893"
2330 台積電,2018/12/25,181.4676,183.5728,181.0466,183.1518,"19,402"
2330 台積電,2018/12/24,186.5201,186.5201,184.836,185.257,"23,376"
2330 台積電,2018/12/22,185.257,186.5201,185.257,186.5201,"5,185"
2330 台積電,2018/12/21,184.4149,188.6253,184.4149,188.2043,"46,947"
2330 台積電,2018/12/20,186.0991,187.3622,186.0991,186.0991,"38,697"
2330 台積電,2018/12/19,186.9412,189.8884,186.9412,189.8884,"23,415"
2330 台積電,2018/12/18,186.0991,187.7832,185.678,187.3622,"30,270"
2330 台積電,2018/12/17,186.0991,189.4674,185.257,188.2043,"18,964"
2330 台積電,2018/12/14,187.7832,188.2043,185.678,187.3622,"43,226"
2330 台積電,2018/12/13,191.1515,191.5726,189.4674,190.3095,"32,433"
2330 台積電,2018/12/12,188.2043,191.1515,187.3622,190.7305,"32,926"
2330 台積電,2018/12/11,185.257,187.7832,184.4149,187.3622,"27,395"
2330 台積電,2018/12/10,184.836,185.257,183.9939,184.4149,"26,229"
2330 台積電,2018/12/7,187.3622,188.2043,185.678,186.0991,"31,997"
2330 台積電,2018/12/6,185.257,186.9412,184.836,185.257,"40,181"
2330 台積電,2018/12/5,190.7305,191.5726,189.4674,190.3095,"45,634"
2330 台積電,2018/12/4,196.204,197.4671,194.5198,197.0461,"41,947"
2330 台積電,2018/12/3,194.5198,197.8882,194.5198,197.8882,"49,612"
2330 台積電,2018/11/30,193.2567,194.5198,189.8884,189.8884,"57,352"
2330 台積電,2018/11/29,194.9409,194.9409,192.8357,192.8357,"46,206"
2330 台積電,2018/11/28,187.3622,191.1515,186.9412,190.7305,"24,759"
2330 台積電,2018/11/27,185.257,189.0463,184.4149,188.6253,"32,676"
2330 台積電,2018/11/26,184.4149,188.6253,183.9939,187.7832,"35,267"
2330 台積電,2018/11/23,185.678,185.678,182.7308,183.9939,"15,553"
2330 台積電,2018/11/22,186.5201,186.9412,184.4149,184.4149,"22,060"
2330 台積電,2018/11/21,180.6256,185.257,180.2045,184.4149,"38,478"
2330 台積電,2018/11/20,184.4149,185.678,183.5728,183.5728,"45,686"
2330 台積電,2018/11/19,189.4674,189.4674,186.0991,186.9412,"51,034"
2330 台積電,2018/11/16,192.8357,192.8357,189.4674,190.3095,"47,138"
2330 台積電,2018/11/15,193.2567,195.3619,192.4147,194.5198,"22,230"
2330 台積電,2018/11/14,193.6778,194.5198,192.4147,192.4147,"24,565"
2330 台積電,2018/11/13,189.0463,191.9936,189.0463,191.5726,"37,565"
2330 台積電,2018/11/12,193.6778,197.4671,193.6778,194.9409,"26,202"
2330 台積電,2018/11/9,197.4671,197.4671,194.5198,194.5198,"23,792"
2330 台積電,2018/11/8,199.9933,199.9933,198.7302,199.1513,"28,086"
2330 台積電,2018/11/7,196.204,198.7302,195.783,197.0461,"39,842"
2330 台積電,2018/11/6,197.0461,198.3092,195.783,197.4671,"35,501"
2330 台積電,2018/11/5,196.204,198.3092,195.3619,197.8882,"28,157"
2330 台積電,2018/11/2,199.1513,199.1513,196.625,199.1513,"30,785"
2330 台積電,2018/11/1,198.7302,199.5723,196.204,198.3092,"44,514"
2330 台積電,2018/10/31,191.9936,197.0461,191.9936,197.0461,"59,933"
2330 台積電,2018/10/30,186.0991,189.4674,185.678,187.7832,"29,085"
2330 台積電,2018/10/29,187.7832,188.6253,186.0991,187.3622,"18,463"
2330 台積電,2018/10/26,187.7832,188.6253,182.7308,186.0991,"54,073"
2330 台積電,2018/10/25,185.678,186.9412,184.836,184.836,"75,524"
2330 台積電,2018/10/24,193.6778,194.5198,191.1515,193.2567,"45,480"
2330 台積電,2018/10/23,195.3619,197.0461,193.6778,193.6778,"36,757"
2330 台積電,2018/10/22,195.783,200.4144,194.9409,199.5723,"29,275"
2330 台積電,2018/10/19,194.5198,199.1513,193.6778,198.7302,"29,648"
2330 台積電,2018/10/18,200.4144,201.2565,198.3092,199.1513,"27,793"
2330 台積電,2018/10/17,203.3617,204.6248,200.4144,200.8354,"42,887"
2330 台積電,2018/10/16,193.2567,199.5723,192.8357,199.5723,"39,129"
2330 台積電,2018/10/15,197.0461,197.0461,194.0988,194.0988,"46,471"
2330 台積電,2018/10/12,194.5198,199.5723,192.8357,199.5723,"54,439"
2330 台積電,2018/10/11,196.625,196.625,191.1515,191.5726,"96,033"
2330 台積電,2018/10/9,205.0458,206.3089,203.7827,205.4669,"28,933"
2330 台積電,2018/10/8,206.73,207.572,202.9406,205.0458,"51,083"
2330 台積電,2018/10/5,210.5193,213.0455,209.2562,210.5193,"40,396"
2330 台積電,2018/10/4,216.4139,216.8349,213.8876,213.8876,"38,009"
2330 台積電,2018/10/3,216.8349,218.9401,216.4139,218.9401,"25,228"
2330 台積電,2018/10/2,220.6242,221.4663,216.4139,216.8349,"38,391"
2330 台積電,2018/10/1,220.6242,222.3084,219.7822,221.4663,"22,409"
2330 台積電,2018/9/28,223.9926,223.9926,218.9401,221.0453,"39,645"
2330 台積電,2018/9/27,222.3084,223.9926,220.6242,223.1505,"38,495"
2330 台積電,2018/9/26,221.4663,221.8874,219.7822,221.8874,"25,061"
2330 台積電,2018/9/25,220.2032,222.3084,219.3611,221.8874,"24,978"
2330 台積電,2018/9/21,220.2032,220.2032,217.2559,220.2032,"36,500"
2330 台積電,2018/9/20,220.2032,220.2032,216.8349,218.9401,"35,577"
2330 台積電,2018/9/19,217.2559,218.9401,216.4139,217.2559,"69,978"
2330 台積電,2018/9/18,215.9928,216.4139,213.8876,214.3087,"34,381"
2330 台積電,2018/9/17,221.0453,221.0453,216.4139,217.2559,"25,041"
2330 台積電,2018/9/14,216.4139,220.2032,216.4139,219.7822,"40,034"
2330 台積電,2018/9/13,218.9401,218.9401,213.4666,214.7297,"37,959"
2330 台積電,2018/9/12,219.7822,220.6242,217.2559,219.3611,"38,415"
2330 台積電,2018/9/11,221.4663,221.8874,217.2559,218.9401,"44,981"
2330 台積電,2018/9/10,224.4136,224.4136,221.0453,222.7294,"62,851"
2330 台積電,2018/9/7,221.4663,222.3084,219.3611,222.3084,"44,746"
2330 台積電,2018/9/6,225.6767,225.6767,219.7822,219.7822,"39,779"
2330 台積電,2018/9/5,218.9401,222.7294,218.098,222.3084,"52,706"
2330 台積電,2018/9/4,217.677,218.519,215.1507,216.8349,"41,455"
2330 台積電,2018/9/3,218.098,218.9401,215.9928,216.4139,"34,510"
2330 台積電,2018/8/31,216.8349,218.098,213.8876,215.5718,"70,000"
2330 台積電,2018/8/30,222.7294,225.6767,221.0453,221.8874,"52,622"
2330 台積電,2018/8/29,213.4666,218.098,213.4666,218.098,"57,633"
2330 台積電,2018/8/28,209.2562,210.5193,208.8352,210.0983,"40,410"
2330 台積電,2018/8/27,207.151,207.572,205.8879,206.3089,"15,579"
2330 台積電,2018/8/24,206.73,207.151,204.6248,205.0458,"15,446"
2330 台積電,2018/8/23,204.6248,205.8879,204.6248,205.8879,"17,216"
2330 台積電,2018/8/22,203.3617,204.2037,202.5196,203.7827,"12,679"
2330 台積電,2018/8/21,201.2565,202.9406,200.8354,202.9406,"13,871"
2330 台積電,2018/8/20,201.6775,202.0985,200.4144,201.6775,"17,014"
2330 台積電,2018/8/17,201.6775,202.9406,201.2565,201.6775,"19,634"
2330 台積電,2018/8/16,200.4144,203.3617,200.4144,201.2565,"19,155"
2330 台積電,2018/8/15,205.8879,205.8879,201.6775,203.3617,"19,236"
2330 台積電,2018/8/14,206.3089,206.3089,204.2037,205.0458,"17,488"
2330 台積電,2018/8/13,203.3617,204.6248,201.2565,202.5196,"17,881"
2330 台積電,2018/8/10,207.572,207.9931,205.8879,206.3089,"16,125"
2330 台積電,2018/8/9,207.9931,208.8352,207.151,207.9931,"15,128"
2330 台積電,2018/8/8,206.3089,208.4141,205.8879,208.4141,"24,382"
2330 台積電,2018/8/7,206.3089,206.73,203.3617,203.3617,"24,352"
2330 台積電,2018/8/6,206.3089,207.9931,205.4669,206.73,"22,364"
2330 台積電,2018/8/3,207.151,208.8352,206.3089,207.9931,"25,165"
2330 台積電,2018/8/2,209.6772,210.0983,205.0458,205.8879,"22,775"
2330 台積電,2018/8/1,207.9931,208.8352,207.572,208.8352,"29,777"
2330 台積電,2018/7/31,205.0458,207.151,203.7827,207.151,"28,202"
2330 台積電,2018/7/30,205.8879,206.73,205.4669,206.73,"22,803"
2330 台積電,2018/7/27,203.7827,205.8879,202.9406,205.8879,"27,129"
2330 台積電,2018/7/26,202.9406,204.2037,201.6775,202.9406,"30,856"
2330 台積電,2018/7/25,201.2565,202.9406,201.2565,202.5196,"21,530"
2330 台積電,2018/7/24,202.0985,203.3617,200.8354,202.9406,"27,468"
2330 台積電,2018/7/23,201.2565,206.3089,200.8354,202.9406,"52,269"
2330 台積電,2018/7/20,197.8882,199.9933,196.204,199.9933,"103,652"
2330 台積電,2018/7/19,189.8884,191.1515,189.0463,189.0463,"43,976"
2330 台積電,2018/7/18,187.7832,188.6253,186.9412,187.7832,"45,802"
2330 台積電,2018/7/17,187.3622,188.2043,186.0991,186.5201,"22,554"
2330 台積電,2018/7/16,189.0463,189.4674,188.2043,188.2043,"16,107"
2330 台積電,2018/7/13,187.3622,189.0463,187.3622,189.0463,"30,419"
2330 台積電,2018/7/12,183.5728,186.9412,183.5728,185.678,"23,806"
2330 台積電,2018/7/11,185.257,185.257,183.5728,185.257,"19,854"
2330 台積電,2018/7/10,187.7832,188.6253,186.9412,186.9412,"20,196"
2330 台積電,2018/7/9,184.836,187.7832,183.9939,186.5201,"41,165"
2330 台積電,2018/7/6,183.1518,183.1518,181.0466,182.7308,"31,344"
2330 台積電,2018/7/5,180.2045,181.0466,179.3625,180.6256,"18,225"
2330 台積電,2018/7/4,182.7308,183.1518,181.4676,181.8887,"15,359"
2330 台積電,2018/7/3,181.4676,183.5728,179.7835,180.6256,"28,663"
2330 台積電,2018/7/2,183.9939,184.4149,180.2045,180.2045,"33,496"
2330 台積電,2018/6/29,178.5204,182.7308,178.5204,182.3097,"36,848"
2330 台積電,2018/6/28,177.6783,180.6256,176.8362,178.5204,"38,816"
2330 台積電,2018/6/27,181.8887,181.8887,178.9414,179.3625,"40,863"
2330 台積電,2018/6/26,181.4676,181.8887,178.9414,180.6256,"43,080"
2330 台積電,2018/6/25,185.257,185.678,183.5728,183.5728,"49,058"
2330 台積電,2018/6/22,182.3985,184.8359,181.9922,184.8359,"44,211"
2330 台積電,2018/6/21,184.8359,185.2421,183.6172,184.0234,"32,572"
2330 台積電,2018/6/20,182.3985,184.8359,181.586,183.6172,"40,708"
2330 台積電,2018/6/19,183.2109,183.6172,181.9922,182.8047,"61,142"
2330 台積電,2018/6/15,182.8047,187.6795,181.9922,187.6795,"49,506"
2330 台積電,2018/6/14,186.867,186.867,184.0234,184.0234,"36,932"
2330 台積電,2018/6/13,186.0546,188.492,185.2421,188.492,"36,081"
2330 台積電,2018/6/12,182.8047,186.0546,181.9922,186.0546,"30,189"
2330 台積電,2018/6/11,184.0234,184.4296,182.8047,183.6172,"22,028"
2330 台積電,2018/6/8,186.0546,186.0546,183.6172,184.4296,"24,192"
2330 台積電,2018/6/7,187.6795,188.0857,185.2421,186.867,"25,277"
2330 台積電,2018/6/6,186.0546,186.867,184.4296,186.867,"30,375"
2330 台積電,2018/6/5,186.867,186.867,184.0234,186.0546,"27,714"
2330 台積電,2018/6/4,184.8359,186.0546,184.4296,186.0546,"31,257"
2330 台積電,2018/6/1,182.3985,184.0234,181.9922,181.9922,"36,652"
2330 台積電,2018/5/31,179.9611,181.9922,179.1486,181.9922,"96,587"
2330 台積電,2018/5/30,181.9922,181.9922,179.1486,179.5548,"49,667"
2330 台積電,2018/5/29,184.0234,184.0234,181.586,182.8047,"25,770"
2330 台積電,2018/5/28,186.4608,186.867,184.0234,184.4296,"17,673"
2330 台積電,2018/5/25,185.6483,186.4608,185.2421,185.6483,"16,486"
2330 台積電,2018/5/24,186.4608,186.867,185.6483,186.0546,"13,450"
2330 台積電,2018/5/23,188.0857,188.0857,185.6483,185.6483,"26,737"
2330 台積電,2018/5/22,186.867,189.7107,186.0546,186.0546,"22,422"
2330 台積電,2018/5/21,182.8047,186.867,182.8047,186.0546,"16,417"
2330 台積電,2018/5/18,183.2109,184.8359,181.586,181.586,"28,187"
2330 台積電,2018/5/17,187.6795,188.0857,184.0234,184.0234,"27,702"
2330 台積電,2018/5/16,186.4608,187.2733,185.6483,187.2733,"14,834"
2330 台積電,2018/5/15,189.7107,190.1169,186.4608,187.2733,"23,771"
2330 台積電,2018/5/14,190.5231,190.5231,188.8982,189.3044,"23,577"
2330 台積電,2018/5/11,188.492,190.1169,187.2733,189.3044,"30,693"
2330 台積電,2018/5/10,187.6795,188.0857,186.0546,186.4608,"27,530"
2330 台積電,2018/5/9,185.6483,188.492,185.6483,186.4608,"35,597"
2330 台積電,2018/5/8,181.9922,185.6483,181.586,185.2421,"40,324"
2330 台積電,2018/5/7,182.8047,183.2109,179.9611,181.586,"23,751"
2330 台積電,2018/5/4,179.5548,181.9922,179.1486,181.1798,"28,477"
2330 台積電,2018/5/3,179.5548,180.7735,178.7424,179.1486,"33,507"
2330 台積電,2018/5/2,184.4296,184.8359,180.7735,181.1798,"38,436"
2330 台積電,2018/4/30,182.3985,185.2421,180.7735,184.4296,"28,500"
2330 台積電,2018/4/27,182.8047,183.2109,179.5548,181.586,"34,443"
2330 台積電,2018/4/26,182.8047,183.2109,179.5548,180.3673,"48,176"
2330 台積電,2018/4/25,183.2109,183.6172,181.9922,182.8047,"48,975"
2330 台積電,2018/4/24,182.8047,184.8359,182.8047,184.4296,"45,206"
2330 台積電,2018/4/23,184.0234,184.8359,182.8047,184.0234,"71,901"
2330 台積電,2018/4/20,185.2421,188.0857,185.2421,186.0546,"129,890"
2330 台積電,2018/4/19,196.6166,198.6478,195.8042,198.6478,"33,230"
2330 台積電,2018/4/18,194.5855,196.2104,192.1481,193.3668,"44,768"
2330 台積電,2018/4/17,197.4291,197.8353,192.9605,193.3668,"42,756"
2330 台積電,2018/4/16,197.4291,198.2415,196.6166,197.8353,"21,608"
2330 台積電,2018/4/13,199.8665,199.8665,198.2415,198.6478,"19,946"
2330 台積電,2018/4/12,201.8976,201.8976,198.2415,199.054,"20,476"
2330 台積電,2018/4/11,200.2727,201.8976,200.2727,201.4914,"21,777"
2330 台積電,2018/4/10,198.6478,202.3039,197.8353,199.4602,"25,268"
2330 台積電,2018/4/9,201.4914,201.4914,197.8353,199.054,"35,465"
2330 台積電,2018/4/3,197.4291,198.6478,196.6166,198.2415,"35,813"
2330 台積電,2018/4/2,201.8976,202.3039,199.054,200.2727,"19,029"
2330 台積電,2018/3/31,201.0852,202.3039,200.2727,201.0852,"3,603"
2330 台積電,2018/3/30,201.0852,202.7101,199.8665,199.8665,"16,996"
2330 台積電,2018/3/29,197.4291,200.6789,197.0229,198.2415,"36,427"
2330 台積電,2018/3/28,201.0852,201.4914,198.2415,199.054,"29,924"
2330 台積電,2018/3/27,201.4914,203.9288,200.6789,203.9288,"31,100"
2330 台積電,2018/3/26,196.2104,198.6478,196.2104,197.8353,"39,487"
2330 台積電,2018/3/23,199.054,200.6789,198.2415,199.054,"52,974"
2330 台積電,2018/3/22,206.7724,206.7724,202.7101,204.335,"27,000"
2330 台積電,2018/3/21,207.1787,207.1787,203.9288,205.1475,"32,977"
2330 台積電,2018/3/20,205.5537,206.3662,204.335,205.5537,"22,335"
2330 台積電,2018/3/19,205.1475,207.5849,203.9288,207.1787,"22,440"
2330 台積電,2018/3/16,205.5537,207.9911,202.7101,207.1787,"62,989"
2330 台積電,2018/3/15,209.6161,209.6161,207.1787,207.1787,"19,396"
2330 台積電,2018/3/14,208.3974,209.2098,207.5849,208.8036,"24,254"
2330 台積電,2018/3/13,207.5849,210.4285,207.1787,210.4285,"34,264"
2330 台積電,2018/3/12,204.7413,207.1787,204.335,206.3662,"25,100"
2330 台積電,2018/3/9,203.1163,203.9288,201.8976,203.5226,"22,887"
2330 台積電,2018/3/8,202.7101,204.335,202.3039,202.7101,"20,645"
2330 台積電,2018/3/7,201.4914,201.8976,199.8665,200.6789,"30,391"
2330 台積電,2018/3/6,199.4602,203.1163,199.4602,203.1163,"36,945"
2330 台積電,2018/3/5,197.0229,197.4291,195.3979,196.2104,"27,337"
2330 台積電,2018/3/2,194.9917,195.8042,193.773,194.9917,"35,289"
2330 台積電,2018/3/1,198.2415,199.054,196.6166,197.4291,"43,847"
2330 台積電,2018/2/27,203.5226,203.5226,199.8665,199.8665,"44,699"
2330 台積電,2018/2/26,200.6789,201.0852,199.054,200.2727,"36,165"
2330 台積電,2018/2/23,195.8042,199.054,195.8042,199.054,"26,985"
2330 台積電,2018/2/22,198.2415,198.2415,194.1792,194.5855,"45,492"
2330 台積電,2018/2/21,198.6478,198.6478,196.6166,197.0229,"76,396"
2330 台積電,2018/2/12,191.3356,192.9605,190.9294,192.1481,"42,917"
2330 台積電,2018/2/9,186.867,189.3044,185.6483,188.8982,"65,939"
2330 台積電,2018/2/8,194.5855,196.6166,193.3668,193.773,"31,192"
2330 台積電,2018/2/7,199.054,199.4602,194.5855,194.9917,"82,299"
2330 台積電,2018/2/6,197.0229,197.8353,190.1169,194.1792,"104,448"
2330 台積電,2018/2/5,203.9288,206.7724,203.5226,205.5537,"46,554"
2330 台積電,2018/2/2,210.4285,211.241,207.1787,210.8348,"25,707"
2330 台積電,2018/2/1,209.2098,212.0535,208.8036,210.8348,"30,900"
2330 台積電,2018/1/31,205.5537,209.2098,204.7413,207.1787,"45,807"
2330 台積電,2018/1/30,207.9911,209.2098,205.1475,205.5537,"37,410"
2330 台積電,2018/1/29,210.4285,212.4597,207.1787,210.0223,"31,306"
2330 台積電,2018/1/26,208.3974,209.2098,205.96,207.1787,"43,514"
2330 台積電,2018/1/25,209.6161,214.4909,208.3974,209.6161,"46,214"
2330 台積電,2018/1/24,213.6784,213.6784,208.3974,209.6161,"42,600"
2330 台積電,2018/1/23,213.2722,216.1158,213.2722,216.1158,"34,606"
2330 台積電,2018/1/22,209.2098,212.8659,208.8036,212.4597,"45,907"
2330 台積電,2018/1/19,205.96,207.5849,204.335,207.5849,"55,061"
2330 台積電,2018/1/18,199.054,203.1163,199.054,201.8976,"50,119"
2330 台積電,2018/1/17,195.3979,197.4291,194.1792,196.6166,"38,118"
2330 台積電,2018/1/16,194.9917,195.3979,193.3668,195.3979,"23,407"
2330 台積電,2018/1/15,194.9917,194.9917,193.3668,194.9917,"28,576"
2330 台積電,2018/1/12,190.5231,193.3668,189.7107,192.5543,"23,141"
2330 台積電,2018/1/11,190.9294,191.7418,188.8982,190.9294,"32,070"
2330 台積電,2018/1/10,196.2104,196.6166,191.7418,192.1481,"25,716"
2330 台積電,2018/1/9,196.6166,196.6166,194.5855,196.6166,"19,043"
2330 台積電,2018/1/8,196.6166,197.0229,195.3979,196.6166,"21,846"
2330 台積電,2018/1/5,194.9917,194.9917,193.3668,194.9917,"23,721"
2330 台積電,2018/1/4,194.9917,194.9917,192.1481,194.5855,"29,179"
2330 台積電,2018/1/3,191.7418,193.3668,191.3356,192.5543,"31,706"
2330 台積電,2018/1/2,188.0857,188.8982,187.6795,188.8982,"18,055"
2330 台積電,2017/12/29,184.8359,186.867,184.0234,186.4608,"25,610"
2330 台積電,2017/12/28,184.0234,185.2421,182.8047,183.6172,"24,370"
2330 台積電,2017/12/27,182.8047,183.6172,182.8047,182.8047,"12,515"
2330 台積電,2017/12/26,186.0546,186.0546,182.8047,183.6172,"13,755"
2330 台積電,2017/12/25,185.2421,186.4608,184.0234,185.6483,"4,579"
2330 台積電,2017/12/22,182.8047,184.8359,181.9922,184.8359,"19,106"
2330 台積電,2017/12/21,184.0234,184.4296,182.3985,182.8047,"20,826"
2330 台積電,2017/12/20,182.8047,183.2109,181.586,182.3985,"34,514"
2330 台積電,2017/12/19,184.0234,185.6483,181.9922,182.8047,"25,899"
2330 台積電,2017/12/18,184.4296,185.2421,184.0234,184.4296,"15,702"
2330 台積電,2017/12/15,185.6483,186.867,184.0234,186.867,"42,725"
2330 台積電,2017/12/14,185.2421,187.2733,184.8359,187.2733,"17,263"
2330 台積電,2017/12/13,184.8359,185.2421,184.0234,184.4296,"19,619"
2330 台積電,2017/12/12,186.4608,186.4608,182.8047,184.8359,"28,188"
2330 台積電,2017/12/11,185.6483,186.0546,184.4296,184.8359,"20,649"
2330 台積電,2017/12/8,187.6795,187.6795,182.3985,184.4296,"38,183"
2330 台積電,2017/12/7,184.0234,184.0234,180.7735,184.0234,"41,619"
2330 台積電,2017/12/6,185.2421,186.4608,184.0234,184.4296,"34,031"
2330 台積電,2017/12/5,187.6795,187.6795,185.6483,186.4608,"30,189"
2330 台積電,2017/12/4,188.8982,190.5231,187.6795,190.1169,"22,939"
2330 台積電,2017/12/1,185.6483,189.7107,184.8359,187.6795,"38,356"
2330 台積電,2017/11/30,184.0234,187.2733,183.6172,183.6172,"112,262"
2330 台積電,2017/11/29,190.9294,191.7418,190.5231,190.5231,"26,535"
2330 台積電,2017/11/28,190.5231,190.9294,189.3044,190.1169,"47,834"
2330 台積電,2017/11/27,194.9917,194.9917,192.5543,192.5543,"32,247"
2330 台積電,2017/11/24,196.6166,198.6478,196.2104,198.2415,"11,404"
2330 台積電,2017/11/23,196.6166,197.8353,196.2104,197.0229,"9,562"
2330 台積電,2017/11/22,198.6478,198.6478,196.6166,196.6166,"27,251"
2330 台積電,2017/11/21,194.9917,197.4291,194.5855,197.4291,"22,878"
2330 台積電,2017/11/20,195.8042,196.2104,193.3668,193.773,"19,811"
2330 台積電,2017/11/17,195.3979,197.0229,195.3979,196.2104,"18,741"
2330 台積電,2017/11/16,193.3668,194.9917,192.9605,193.3668,"17,274"
2330 台積電,2017/11/15,194.1792,194.5855,191.7418,192.9605,"29,720"
2330 台積電,2017/11/14,195.8042,195.8042,194.1792,194.9917,"17,229"
2330 台積電,2017/11/13,194.9917,196.2104,194.5855,194.5855,"12,087"
2330 台積電,2017/11/10,194.9917,196.6166,194.5855,195.3979,"15,061"
2330 台積電,2017/11/9,195.3979,197.4291,194.9917,195.8042,"21,366"
2330 台積電,2017/11/8,197.4291,197.8353,196.6166,197.0229,"14,579"
2330 台積電,2017/11/7,196.6166,198.2415,196.2104,198.2415,"21,689"
2330 台積電,2017/11/6,197.8353,198.2415,194.1792,194.5855,"21,029"
2330 台積電,2017/11/3,195.3979,195.8042,193.773,194.1792,"18,327"
2330 台積電,2017/11/2,196.6166,197.0229,195.3979,195.8042,"16,309"
2330 台積電,2017/11/1,197.8353,199.054,196.2104,197.0229,"20,465"
2330 台積電,2017/10/31,197.8353,199.054,196.2104,197.4291,"22,582"
2330 台積電,2017/10/30,196.6166,199.054,196.2104,197.4291,"30,241"
2330 台積電,2017/10/27,192.9605,194.9917,192.9605,194.1792,"18,040"
2330 台積電,2017/10/26,192.5543,193.3668,191.7418,191.7418,"12,959"
2330 台積電,2017/10/25,193.773,194.1792,192.9605,193.3668,"17,205"
2330 台積電,2017/10/24,194.9917,194.9917,193.3668,193.3668,"16,100"
2330 台積電,2017/10/23,194.1792,194.9917,193.773,194.1792,"15,959"
2330 台積電,2017/10/20,193.3668,194.5855,192.9605,192.9605,"27,056"
2330 台積電,2017/10/19,194.5855,196.2104,194.1792,194.1792,"23,481"
2330 台積電,2017/10/18,194.5855,194.5855,192.5543,192.9605,"28,970"
2330 台積電,2017/10/17,193.3668,193.3668,190.9294,191.3356,"17,652"
2330 台積電,2017/10/16,192.9605,193.3668,191.7418,193.3668,"20,673"
2330 台積電,2017/10/13,192.9605,192.9605,190.5231,192.9605,"23,145"
2330 台積電,2017/10/12,190.9294,192.9605,190.5231,192.9605,"44,176"
2330 台積電,2017/10/11,184.0234,189.7107,184.0234,189.3044,"67,649"
2330 台積電,2017/10/6,182.8047,183.2109,181.586,182.3985,"16,040"
2330 台積電,2017/10/5,180.3673,183.2109,180.3673,182.3985,"25,397"
2330 台積電,2017/10/3,177.9299,181.1798,177.9299,180.7735,"38,330"
2330 台積電,2017/10/2,178.3361,179.1486,177.5237,179.1486,"28,360"
2330 台積電,2017/9/30,177.1174,177.5237,175.8988,175.8988,"4,254"
2330 台積電,2017/9/29,175.4925,176.7112,175.0863,175.8988,"23,954"
2330 台積電,2017/9/28,174.6801,175.4925,173.4614,173.8676,"31,616"
2330 台積電,2017/9/27,176.7112,176.7112,174.6801,174.6801,"24,794"
2330 台積電,2017/9/26,176.7112,177.1174,173.8676,173.8676,"25,003"
2330 台積電,2017/9/25,176.7112,177.5237,176.305,176.305,"17,458"
2330 台積電,2017/9/22,179.9611,180.3673,177.5237,177.5237,"22,456"
2330 台積電,2017/9/21,179.5548,181.1798,178.7424,179.5548,"18,645"
2330 台積電,2017/9/20,179.5548,180.3673,178.7424,179.9611,"23,434"
2330 台積電,2017/9/19,179.9611,179.9611,178.7424,179.9611,"26,255"
2330 台積電,2017/9/18,177.9299,178.7424,177.1174,178.3361,"17,812"
2330 台積電,2017/9/15,177.5237,177.9299,176.305,177.5237,"48,901"
2330 台積電,2017/9/14,177.5237,177.9299,176.7112,177.5237,"21,508"
2330 台積電,2017/9/13,176.7112,177.9299,176.7112,177.1174,"18,336"
2330 台積電,2017/9/12,177.9299,178.3361,176.7112,177.9299,"24,862"
2330 台積電,2017/9/11,177.9299,178.3361,175.8988,176.305,"19,387"
2330 台積電,2017/9/8,176.305,177.1174,175.8988,177.1174,"25,512"
2330 台積電,2017/9/7,177.1174,177.5237,175.4925,176.305,"19,198"
2330 台積電,2017/9/6,175.8988,177.1174,175.4925,176.305,"28,148"
2330 台積電,2017/9/5,177.1174,177.1174,175.8988,177.1174,"34,514"
2330 台積電,2017/9/4,175.8988,177.1174,175.0863,176.7112,"15,053"
2330 台積電,2017/9/1,174.6801,176.7112,174.6801,175.8988,"17,805"
2330 台積電,2017/8/31,176.7112,177.1174,175.0863,175.8988,"26,945"
2330 台積電,2017/8/30,175.4925,177.1174,175.4925,176.7112,"19,674"
2330 台積電,2017/8/29,175.4925,175.4925,174.6801,175.4925,"16,561"
2330 台積電,2017/8/28,174.6801,175.8988,174.6801,175.4925,"16,512"
2330 台積電,2017/8/25,176.7112,176.7112,175.4925,176.7112,"10,975"
2330 台積電,2017/8/24,175.4925,176.305,175.0863,176.305,"15,426"
2330 台積電,2017/8/23,175.0863,175.4925,173.8676,175.0863,"11,757"
2330 台積電,2017/8/22,173.4614,174.2738,173.0551,174.2738,"17,330"
2330 台積電,2017/8/21,172.6489,173.0551,171.8364,171.8364,"13,847"
2330 台積電,2017/8/18,172.2427,173.0551,171.4302,172.6489,"14,363"
2330 台積電,2017/8/17,173.4614,173.8676,173.0551,173.8676,"8,353"
2330 台積電,2017/8/16,174.2738,174.2738,171.4302,173.0551,"25,206"
2330 台積電,2017/8/15,173.0551,174.2738,173.0551,173.8676,"14,385"
2330 台積電,2017/8/14,173.4614,173.8676,170.6177,171.4302,"29,414"
2330 台積電,2017/8/11,171.4302,173.4614,171.024,172.6489,"41,592"
2330 台積電,2017/8/10,175.0863,175.0863,172.6489,173.8676,"27,440"
2330 台積電,2017/8/9,174.6801,175.0863,173.4614,174.2738,"28,129"
2330 台積電,2017/8/8,176.7112,177.9299,175.4925,176.7112,"25,223"
2330 台積電,2017/8/7,173.4614,175.8988,173.4614,175.4925,"21,594"
2330 台積電,2017/8/4,173.4614,173.8676,172.6489,173.0551,"22,187"
2330 台積電,2017/8/3,173.0551,173.8676,172.6489,173.4614,"27,097"
2330 台積電,2017/8/2,173.8676,175.4925,173.8676,175.4925,"30,528"
2330 台積電,2017/8/1,172.6489,173.8676,172.2427,172.2427,"20,314"
2330 台積電,2017/7/31,171.8364,174.2738,171.8364,174.2738,"20,363"
2330 台積電,2017/7/28,173.0551,173.8676,172.6489,173.0551,"21,121"
2330 台積電,2017/7/27,173.4614,175.4925,173.4614,175.0863,"23,045"
2330 台積電,2017/7/26,174.6801,174.6801,172.6489,173.0551,"15,900"
2330 台積電,2017/7/25,173.8676,174.2738,173.4614,173.8676,"13,853"
2330 台積電,2017/7/24,173.4614,174.2738,173.0551,174.2738,"20,002"
2330 台積電,2017/7/21,173.8676,174.6801,173.4614,173.8676,"15,422"
2330 台積電,2017/7/20,174.6801,175.0863,173.8676,175.0863,"20,795"
2330 台積電,2017/7/19,172.6489,174.6801,172.6489,174.2738,"20,661"
2330 台積電,2017/7/18,173.0551,173.8676,172.2427,173.8676,"18,756"
2330 台積電,2017/7/17,174.6801,175.0863,171.8364,173.0551,"21,400"
2330 台積電,2017/7/14,173.0551,174.2738,172.2427,173.0551,"22,364"
2330 台積電,2017/7/13,172.2427,175.4925,171.8364,174.2738,"50,136"
2330 台積電,2017/7/12,171.4302,172.6489,171.024,171.024,"26,887"
2330 台積電,2017/7/11,168.9928,172.2427,168.5866,172.2427,"34,593"
2330 台積電,2017/7/10,167.7741,168.1803,167.3679,167.3679,"13,326"
2330 台積電,2017/7/7,168.1803,168.5866,166.9616,167.3679,"21,567"
2330 台積電,2017/7/6,168.9928,169.399,168.1803,168.5866,"15,260"
2330 台積電,2017/7/5,168.1803,169.399,167.7741,169.399,"23,463"
2330 台積電,2017/7/4,168.9928,169.399,168.1803,168.1803,"21,592"
2330 台積電,2017/7/3,168.5866,169.8053,168.1803,169.8053,"21,066"
2330 台積電,2017/6/30,167.7741,169.399,167.7741,169.399,"31,709"
2330 台積電,2017/6/29,171.024,171.024,169.399,170.6177,"27,049"
2330 台積電,2017/6/28,170.2115,170.6177,168.9928,169.399,"52,273"
2330 台積電,2017/6/27,173.8676,173.8676,171.4302,171.8364,"44,504"
2330 台積電,2017/6/26,172.2427,174.6801,172.2427,174.6801,"60,140"
2330 台積電,2017/6/23,171.4039,171.797,170.6177,170.6177,"39,686"
2330 台積電,2017/6/22,170.6177,171.4039,170.2245,171.4039,"26,094"
2330 台積電,2017/6/21,169.8314,170.6177,168.652,169.4383,"45,384"
2330 台積電,2017/6/20,169.0451,171.4039,168.652,170.2245,"28,784"
2330 台積電,2017/6/19,165.9001,167.4726,165.507,167.4726,"17,489"
2330 台積電,2017/6/16,163.1482,166.6864,162.7551,166.2933,"32,856"
2330 台積電,2017/6/15,163.1482,163.5414,162.7551,163.5414,"19,486"
2330 台積電,2017/6/14,163.9345,164.7207,161.9688,162.7551,"39,083"
2330 台積電,2017/6/13,162.7551,163.9345,162.362,163.5414,"49,983"
2330 台積電,2017/6/12,162.7551,165.1139,162.7551,163.1482,"63,111"
2330 台積電,2017/6/9,168.652,169.0451,166.6864,166.6864,"35,190"
2330 台積電,2017/6/8,166.6864,167.4726,166.2933,167.4726,"21,654"
2330 台積電,2017/6/7,166.6864,167.0795,165.1139,166.2933,"34,729"
2330 台積電,2017/6/6,165.507,166.2933,165.507,165.507,"15,382"
2330 台積電,2017/6/5,164.7207,166.6864,164.3276,166.6864,"22,545"
2330 台積電,2017/6/3,164.3276,164.3276,163.5414,164.3276,"1,535"
2330 台積電,2017/6/2,163.9345,164.3276,163.1482,164.3276,"23,265"
2330 台積電,2017/6/1,161.1826,162.7551,160.7895,162.7551,"29,623"
2330 台積電,2017/5/31,162.362,162.7551,159.6101,159.6101,"67,935"
2330 台積電,2017/5/26,161.1826,162.7551,161.1826,162.7551,"32,976"
2330 台積電,2017/5/25,161.9688,162.7551,161.5757,162.7551,"26,088"
2330 台積電,2017/5/24,161.1826,161.9688,161.1826,161.5757,"18,307"
2330 台積電,2017/5/23,161.1826,162.7551,160.7895,161.1826,"23,028"
2330 台積電,2017/5/22,160.0032,161.1826,159.6101,161.1826,"17,419"
2330 台積電,2017/5/19,160.0032,160.7895,159.2169,159.6101,"17,163"
2330 台積電,2017/5/18,159.2169,160.3963,158.4307,160.0032,"22,490"
2330 台積電,2017/5/17,159.6101,160.3963,159.6101,160.3963,"22,606"
2330 台積電,2017/5/16,161.1826,161.1826,160.0032,160.7895,"36,604"
2330 台積電,2017/5/15,160.3963,161.9688,160.3963,161.9688,"25,922"
2330 台積電,2017/5/12,161.1826,162.7551,161.1826,161.9688,"25,507"
2330 台積電,2017/5/11,160.7895,163.9345,160.3963,163.1482,"44,286"
2330 台積電,2017/5/10,160.3963,161.9688,160.3963,161.5757,"31,075"
2330 台積電,2017/5/9,161.5757,162.7551,160.0032,160.0032,"48,285"
2330 台積電,2017/5/8,156.465,159.2169,156.465,159.2169,"39,591"
2330 台積電,2017/5/5,154.8925,156.0719,154.8925,155.2857,"17,618"
2330 台積電,2017/5/4,156.0719,156.465,154.8925,155.6788,"22,194"
2330 台積電,2017/5/3,155.6788,156.0719,154.8925,155.6788,"27,240"
2330 台積電,2017/5/2,156.0719,156.465,153.7131,154.4994,"45,851"
2330 台積電,2017/4/28,152.1406,152.9269,151.7475,152.9269,"38,381"
2330 台積電,2017/4/27,150.9612,151.7475,149.7819,151.7475,"35,812"
2330 台積電,2017/4/26,150.9612,150.9612,149.7819,150.175,"31,119"
2330 台積電,2017/4/25,149.7819,150.9612,148.9956,150.9612,"31,952"
2330 台積電,2017/4/24,150.175,150.5681,148.2094,149.3887,"29,572"
2330 台積電,2017/4/21,147.4231,149.3887,147.4231,149.3887,"19,034"
2330 台積電,2017/4/20,146.6368,147.8162,146.6368,147.03,"32,697"
2330 台積電,2017/4/19,147.4231,147.4231,146.6368,146.6368,"31,171"
2330 台積電,2017/4/18,147.8162,148.9956,147.4231,147.8162,"28,732"
2330 台積電,2017/4/17,148.6025,148.6025,147.4231,147.4231,"17,111"
2330 台積電,2017/4/14,148.9956,148.9956,147.8162,148.6025,"31,317"
2330 台積電,2017/4/13,148.9956,150.9612,148.9956,150.5681,"14,796"
2330 台積電,2017/4/12,149.7819,150.5681,149.3887,150.175,"17,418"
2330 台積電,2017/4/11,149.3887,150.175,148.6025,150.175,"9,788"
2330 台積電,2017/4/10,150.175,150.5681,148.9956,149.3887,"17,388"
2330 台積電,2017/4/7,150.9612,150.9612,148.2094,150.175,"19,066"
2330 台積電,2017/4/6,151.7475,151.7475,150.175,150.5681,"17,417"
2330 台積電,2017/4/5,148.9956,151.7475,148.9956,151.7475,"45,116"
2330 台積電,2017/3/31,150.175,150.9612,148.6025,148.6025,"33,996"
2330 台積電,2017/3/30,151.3544,151.7475,149.7819,150.5681,"30,716"
2330 台積電,2017/3/29,152.9269,152.9269,150.175,150.5681,"33,839"
2330 台積電,2017/3/28,153.32,153.32,151.3544,152.9269,"39,522"
2330 台積電,2017/3/27,152.9269,152.9269,150.9612,151.7475,"29,867"
2330 台積電,2017/3/24,150.9612,151.7475,150.9612,151.3544,"17,722"
2330 台積電,2017/3/23,150.9612,152.1406,150.9612,152.1406,"18,831"
2330 台積電,2017/3/22,151.3544,152.1406,150.5681,152.1406,"27,766"
2330 台積電,2017/3/21,150.9612,153.32,150.5681,153.32,"33,662"
2330 台積電,2017/3/20,150.5681,150.5681,148.9956,150.5681,"16,531"
2330 台積電,2017/3/17,148.9956,150.5681,148.6025,150.5681,"38,698"
2330 台積電,2017/3/16,147.8162,149.3887,147.8162,149.3887,"32,452"
2330 台積電,2017/3/15,145.8506,147.03,145.8506,146.6368,"14,147"
2330 台積電,2017/3/14,147.8162,147.8162,146.2437,146.2437,"24,373"
2330 台積電,2017/3/13,145.4575,146.6368,145.4575,146.6368,"11,025"
2330 台積電,2017/3/10,144.6712,145.0643,143.8849,144.2781,"24,886"
2330 台積電,2017/3/9,145.8506,146.2437,144.6712,145.0643,"31,119"
2330 台積電,2017/3/8,146.2437,147.8162,145.8506,147.03,"38,657"
2330 台積電,2017/3/7,144.6712,145.8506,144.6712,145.8506,"22,816"
2330 台積電,2017/3/6,144.6712,145.0643,144.2781,144.2781,"12,633"
2330 台積電,2017/3/3,145.0643,145.4575,144.6712,144.6712,"28,213"
2330 台積電,2017/3/2,147.8162,148.2094,145.4575,146.2437,"40,879"
2330 台積電,2017/3/1,148.2094,148.2094,146.2437,146.2437,"48,263"
2330 台積電,2017/2/24,147.4231,149.7819,147.4231,148.6025,"26,177"
2330 台積電,2017/2/23,147.8162,148.9956,147.03,148.2094,"36,095"
2330 台積電,2017/2/22,149.7819,150.175,148.2094,148.2094,"26,144"
2330 台積電,2017/2/21,149.3887,149.3887,148.2094,149.3887,"31,987"
2330 台積電,2017/2/20,149.3887,149.7819,148.9956,149.3887,"13,280"
2330 台積電,2017/2/18,149.3887,149.7819,148.9956,148.9956,"3,517"
2330 台積電,2017/2/17,149.3887,149.7819,148.6025,148.9956,"20,407"
2330 台積電,2017/2/16,149.3887,149.7819,147.8162,148.6025,"28,371"
2330 台積電,2017/2/15,147.03,148.9956,146.6368,148.6025,"39,928"
2330 台積電,2017/2/14,148.6025,149.3887,147.4231,147.4231,"46,716"
2330 台積電,2017/2/13,146.6368,147.8162,146.6368,147.4231,"26,155"
2330 台積電,2017/2/10,145.0643,145.8506,144.6712,145.8506,"49,257"
2330 台積電,2017/2/9,144.6712,145.8506,144.2781,144.6712,"23,419"
2330 台積電,2017/2/8,144.2781,145.0643,143.8849,144.2781,"45,607"
2330 台積電,2017/2/7,144.2781,145.4575,143.8849,145.0643,"23,981"
2330 台積電,2017/2/6,145.0643,145.8506,144.6712,145.0643,"29,702"
2330 台積電,2017/2/3,146.2437,146.2437,144.2781,145.0643,"30,387"
2330 台積電,2017/2/2,147.8162,148.2094,144.6712,145.0643,"153,703"
2330 台積電,2017/1/24,145.4575,146.6368,145.0643,145.8506,"72,014"
2330 台積電,2017/1/23,143.4918,145.4575,143.4918,145.4575,"58,299"
2330 台積電,2017/1/20,142.3124,142.7056,141.9193,142.3124,"42,317"
2330 台積電,2017/1/19,141.133,142.3124,141.133,141.9193,"25,935"
2330 台積電,2017/1/18,141.9193,142.3124,141.133,142.3124,"23,810"
2330 台積電,2017/1/17,141.9193,142.3124,141.133,142.3124,"13,207"
2330 台積電,2017/1/16,141.5262,141.9193,140.7399,141.133,"30,878"
2330 台積電,2017/1/13,141.9193,143.4918,141.9193,142.7056,"53,089"
2330 台積電,2017/1/12,143.4918,145.8506,143.4918,145.0643,"48,599"
2330 台積電,2017/1/11,145.4575,145.4575,142.7056,143.0987,"29,747"
2330 台積電,2017/1/10,145.0643,145.8506,144.2781,144.6712,"20,691"
2330 台積電,2017/1/9,144.6712,145.4575,143.8849,144.6712,"18,583"
2330 台積電,2017/1/6,144.6712,145.0643,144.2781,144.6712,"23,120"
2330 台積電,2017/1/5,143.0987,144.2781,142.7056,144.2781,"21,373"
2330 台積電,2017/1/4,143.8849,144.6712,142.7056,143.8849,"24,482"
2330 台積電,2017/1/3,142.7056,144.2781,142.3124,143.8849,"23,550"
2330 台積電,2016/12/30,142.3124,143.4918,141.5262,142.7056,"36,748"
2330 台積電,2016/12/29,141.5262,142.7056,141.5262,141.5262,"30,211"
2330 台積電,2016/12/28,142.3124,143.0987,141.9193,143.0987,"21,441"
2330 台積電,2016/12/27,141.5262,141.9193,141.133,141.5262,"8,276"
2330 台積電,2016/12/26,140.7399,141.5262,140.7399,141.133,"5,694"
2330 台積電,2016/12/23,140.7399,141.5262,140.3468,140.3468,"24,376"
2330 台積電,2016/12/22,141.5262,141.9193,140.7399,140.7399,"26,509"
2330 台積電,2016/12/21,142.3124,143.0987,141.5262,141.5262,"32,234"
2330 台積電,2016/12/20,142.3124,143.4918,141.5262,143.4918,"24,243"
2330 台積電,2016/12/19,144.6712,145.0643,143.4918,143.4918,"20,553"
2330 台積電,2016/12/16,145.8506,147.03,145.4575,145.4575,"36,266"
2330 台積電,2016/12/15,145.4575,147.4231,145.0643,147.03,"24,244"
2330 台積電,2016/12/14,146.6368,147.4231,145.8506,147.4231,"16,768"
2330 台積電,2016/12/13,146.6368,146.6368,145.0643,146.2437,"23,692"
2330 台積電,2016/12/12,146.2437,147.03,144.6712,145.4575,"18,817"
2330 台積電,2016/12/9,146.2437,146.2437,145.0643,146.2437,"24,890"
2330 台積電,2016/12/8,144.6712,145.8506,143.8849,145.8506,"27,276"
2330 台積電,2016/12/7,143.8849,144.2781,142.7056,142.7056,"14,529"
2330 台積電,2016/12/6,142.3124,143.8849,141.9193,143.0987,"27,728"
2330 台積電,2016/12/5,139.9537,141.5262,139.9537,140.7399,"32,249"
2330 台積電,2016/12/2,140.7399,141.133,139.9537,139.9537,"53,946"
2330 台積電,2016/12/1,143.0987,143.8849,142.7056,143.8849,"13,923"
2330 台積電,2016/11/30,142.7056,143.8849,142.7056,143.8849,"54,053"
2330 台積電,2016/11/29,144.2781,145.4575,143.0987,143.0987,"26,894"
2330 台積電,2016/11/28,142.7056,144.6712,142.7056,144.6712,"22,360"
2330 台積電,2016/11/25,143.4918,144.2781,143.0987,143.0987,"10,226"
2330 台積電,2016/11/24,144.6712,145.4575,143.8849,143.8849,"19,098"
2330 台積電,2016/11/23,145.0643,146.6368,144.6712,145.8506,"23,068"
2330 台積電,2016/11/22,143.0987,145.4575,142.7056,144.6712,"31,348"
2330 台積電,2016/11/21,141.9193,142.7056,141.5262,142.3124,"15,622"
2330 台積電,2016/11/18,142.7056,142.7056,141.5262,142.3124,"23,731"
2330 台積電,2016/11/17,143.0987,143.4918,141.9193,142.7056,"23,256"
2330 台積電,2016/11/16,141.9193,143.8849,141.5262,141.5262,"35,293"
2330 台積電,2016/11/15,141.133,143.0987,140.7399,141.5262,"33,528"
2330 台積電,2016/11/14,142.3124,143.0987,141.5262,141.9193,"48,032"
2330 台積電,2016/11/11,142.7056,143.8849,142.3124,142.7056,"67,636"
2330 台積電,2016/11/10,147.03,147.8162,145.8506,145.8506,"38,869"
2330 台積電,2016/11/9,149.3887,149.7819,143.0987,143.0987,"55,579"
2330 台積電,2016/11/8,149.3887,149.3887,147.8162,148.2094,"15,954"
2330 台積電,2016/11/7,146.6368,148.6025,146.2437,148.6025,"21,430"
2330 台積電,2016/11/4,145.0643,146.2437,144.6712,145.0643,"15,107"
2330 台積電,2016/11/3,145.8506,146.6368,145.0643,145.0643,"25,531"
2330 台積電,2016/11/2,147.4231,147.8162,146.2437,146.2437,"16,529"
2330 台積電,2016/11/1,148.2094,148.9956,147.4231,148.9956,"15,128"
2330 台積電,2016/10/31,148.6025,149.7819,146.6368,148.2094,"25,830"
2330 台積電,2016/10/28,148.9956,149.3887,148.2094,148.9956,"33,106"
2330 台積電,2016/10/27,150.5681,150.5681,148.2094,148.2094,"26,883"
2330 台積電,2016/10/26,149.7819,151.3544,149.7819,150.5681,"24,885"
2330 台積電,2016/10/25,150.9612,151.7475,150.175,151.7475,"19,145"
2330 台積電,2016/10/24,150.175,150.175,148.9956,150.175,"14,381"
2330 台積電,2016/10/21,150.175,150.9612,148.2094,148.2094,"22,316"
2330 台積電,2016/10/20,148.9956,149.7819,148.6025,149.7819,"15,736"
2330 台積電,2016/10/19,147.4231,148.9956,147.4231,148.9956,"38,143"
2330 台積電,2016/10/18,146.6368,147.03,145.8506,147.03,"40,651"
2330 台積電,2016/10/17,146.6368,147.4231,145.4575,146.6368,"37,878"
2330 台積電,2016/10/14,147.03,148.6025,146.6368,147.8162,"34,340"
2330 台積電,2016/10/13,149.7819,150.175,147.03,148.2094,"40,728"
2330 台積電,2016/10/12,146.6368,149.3887,146.2437,148.9956,"24,592"
2330 台積電,2016/10/11,150.175,150.175,146.2437,147.4231,"31,107"
2330 台積電,2016/10/7,147.8162,147.8162,146.2437,147.8162,"15,870"
2330 台積電,2016/10/6,145.4575,147.4231,145.4575,147.4231,"15,715"
2330 台積電,2016/10/5,146.2437,146.2437,145.0643,146.2437,"19,144"
2330 台積電,2016/10/4,145.4575,147.03,145.4575,147.03,"17,139"
2330 台積電,2016/10/3,146.2437,146.6368,145.0643,146.2437,"18,987"
2330 台積電,2016/9/30,145.8506,146.6368,143.4918,143.4918,"45,163"
2330 台積電,2016/9/29,145.8506,147.4231,145.8506,145.8506,"57,778"
2330 台積電,2016/9/26,144.2781,145.4575,143.8849,143.8849,"25,218"
2330 台積電,2016/9/23,145.4575,147.4231,145.0643,147.4231,"23,141"
2330 台積電,2016/9/22,145.4575,145.8506,144.2781,145.8506,"21,213"
2330 台積電,2016/9/21,142.3124,144.6712,141.9193,144.6712,"26,261"
2330 台積電,2016/9/20,143.0987,144.2781,142.7056,143.8849,"23,647"
2330 台積電,2016/9/19,141.133,143.8849,140.3468,143.4918,"57,296"
2330 台積電,2016/9/14,136.8086,138.3811,136.4155,136.4155,"52,966"
2330 台積電,2016/9/13,138.7743,138.7743,136.4155,137.5949,"38,438"
2330 台積電,2016/9/12,139.5605,139.5605,136.8086,137.5949,"42,751"
2330 台積電,2016/9/10,139.1674,140.7399,138.3811,139.9537,"15,470"
2330 台積電,2016/9/9,142.3124,142.3124,141.133,141.133,"30,635"
2330 台積電,2016/9/8,143.4918,145.0643,143.4918,143.8849,"30,307"
2330 台積電,2016/9/7,141.9193,145.4575,141.5262,144.6712,"50,851"
2330 台積電,2016/9/6,139.1674,140.7399,138.7743,140.7399,"29,646"
2330 台積電,2016/9/5,138.7743,139.5605,138.7743,138.7743,"27,982"
2330 台積電,2016/9/2,138.7743,138.7743,136.8086,137.2018,"19,489"
2330 台積電,2016/9/1,138.3811,138.3811,136.0224,136.4155,"26,101"
2330 台積電,2016/8/31,138.7743,139.1674,137.2018,138.3811,"42,461"
2330 台積電,2016/8/30,138.3811,138.7743,136.8086,137.2018,"19,752"
2330 台積電,2016/8/29,137.5949,139.1674,136.8086,138.7743,"16,967"
2330 台積電,2016/8/26,137.5949,139.1674,137.5949,139.1674,"15,804"
2330 台積電,2016/8/25,137.5949,139.1674,137.2018,139.1674,"23,973"
2330 台積電,2016/8/24,137.5949,137.988,136.4155,136.4155,"12,532"
2330 台積電,2016/8/23,136.8086,137.5949,136.4155,136.8086,"21,467"
2330 台積電,2016/8/22,136.0224,136.8086,134.843,136.0224,"21,822"
2330 台積電,2016/8/19,139.1674,139.5605,136.8086,137.2018,"23,496"
2330 台積電,2016/8/18,138.3811,138.7743,137.5949,138.3811,"27,899"
2330 台積電,2016/8/17,139.1674,139.5605,138.3811,139.1674,"24,169"
2330 台積電,2016/8/16,139.9537,140.7399,137.5949,137.988,"34,284"
2330 台積電,2016/8/15,140.3468,140.7399,139.5605,140.7399,"13,660"
2330 台積電,2016/8/12,140.3468,140.3468,139.1674,139.5605,"23,986"
2330 台積電,2016/8/11,139.5605,139.9537,137.988,138.7743,"28,216"
2330 台積電,2016/8/10,140.7399,141.133,139.9537,141.133,"19,307"
2330 台積電,2016/8/9,140.3468,141.133,139.1674,140.3468,"16,443"
2330 台積電,2016/8/8,139.9537,139.9537,138.7743,139.9537,"16,241"
2330 台積電,2016/8/5,137.5949,139.5605,136.8086,139.1674,"25,803"
2330 台積電,2016/8/4,136.0224,137.2018,135.6292,137.2018,"14,292"
2330 台積電,2016/8/3,135.6292,136.8086,135.2361,135.6292,"21,652"
2330 台積電,2016/8/2,139.5605,139.5605,137.988,138.3811,"15,366"
2330 台積電,2016/8/1,137.5949,139.1674,137.2018,139.1674,"34,703"
2330 台積電,2016/7/29,139.1674,139.1674,135.6292,135.6292,"30,008"
2330 台積電,2016/7/28,137.5949,138.7743,136.0224,138.7743,"31,138"
2330 台積電,2016/7/27,137.5949,138.3811,137.2018,137.5949,"36,108"
2330 台積電,2016/7/26,135.2361,136.0224,134.843,136.0224,"32,736"
2330 台積電,2016/7/25,135.2361,136.0224,132.8773,134.843,"27,180"
2330 台積電,2016/7/22,135.2361,135.2361,134.0567,134.4499,"29,804"
2330 台積電,2016/7/21,134.4499,135.2361,133.6636,135.2361,"35,220"
2330 台積電,2016/7/20,133.6636,134.0567,132.8773,133.6636,"39,076"
2330 台積電,2016/7/19,134.0567,134.0567,132.8773,134.0567,"43,707"
2330 台積電,2016/7/18,132.0911,133.6636,132.0911,133.2705,"24,774"
2330 台積電,2016/7/15,132.0911,133.2705,130.9117,133.2705,"41,822"
2330 台積電,2016/7/14,131.3048,133.6636,131.3048,132.8773,"36,131"
2330 台積電,2016/7/13,133.2705,133.6636,131.3048,132.4842,"51,719"
2330 台積電,2016/7/12,134.4499,134.843,133.2705,134.4499,"42,128"
2330 台積電,2016/7/11,133.6636,134.0567,132.4842,133.6636,"53,434"
2330 台積電,2016/7/7,128.5529,129.7323,128.1598,129.3392,"24,442"
2330 台積電,2016/7/6,128.1598,128.1598,126.1942,126.9804,"35,100"
2330 台積電,2016/7/5,129.7323,130.1255,128.9461,128.9461,"16,422"
2330 台積電,2016/7/4,130.1255,130.9117,129.3392,130.5186,"25,968"
2330 台積電,2016/7/1,129.3392,130.5186,128.5529,130.5186,"36,577"
2330 台積電,2016/6/30,126.5873,128.1598,125.4079,127.7667,"42,854"
2330 台積電,2016/6/29,124.6217,125.801,124.2285,125.0148,"32,131"
2330 台積電,2016/6/28,122.2629,123.8354,121.8698,123.4423,"39,095"
2330 台積電,2016/6/27,121.4766,122.656,121.0835,122.2629,"43,401"
2330 台積電,2016/6/24,124.0802,124.0802,116.8927,120.2973,"86,994"
2330 台積電,2016/6/23,125.2151,125.5934,124.0802,124.0802,"22,592"
2330 台積電,2016/6/22,124.4585,125.5934,123.7019,125.5934,"30,409"
2330 台積電,2016/6/21,124.0802,125.2151,123.7019,125.2151,"28,042"
2330 台積電,2016/6/20,124.4585,124.8368,123.3236,123.3236,"24,949"
2330 台積電,2016/6/17,122.9454,124.4585,122.5671,123.3236,"31,326"
2330 台積電,2016/6/16,122.1888,122.9454,120.6756,121.4322,"36,957"
2330 台積電,2016/6/15,122.5671,123.3236,121.8105,123.3236,"29,328"
2330 台積電,2016/6/14,121.8105,123.3236,121.8105,122.5671,"27,823"
2330 台積電,2016/6/13,121.8105,122.9454,121.8105,122.5671,"54,689"
2330 台積電,2016/6/8,124.0802,125.5934,123.7019,125.2151,"45,587"
2330 台積電,2016/6/7,122.1888,123.7019,121.8105,122.5671,"47,573"
2330 台積電,2016/6/6,121.8105,122.5671,121.0539,121.8105,"28,898"
2330 台積電,2016/6/4,121.0539,121.0539,120.6756,121.0539,"2,631"
2330 台積電,2016/6/3,120.2973,121.4322,120.2973,121.4322,"32,020"
2330 台積電,2016/6/2,120.2973,121.0539,119.5407,120.2973,"21,999"
2330 台積電,2016/6/1,118.0275,120.2973,118.0275,120.2973,"27,743"
2330 台積電,2016/5/31,118.4058,119.1624,117.271,118.4058,"70,177"
2330 台積電,2016/5/30,118.7841,119.5407,117.271,118.7841,"38,311"
2330 台積電,2016/5/27,118.0275,118.4058,116.8927,118.4058,"26,617"
2330 台積電,2016/5/26,116.8927,117.271,116.1361,117.271,"18,822"
2330 台積電,2016/5/25,116.1361,117.271,115.3795,116.8927,"35,410"
2330 台積電,2016/5/24,115.3795,116.1361,114.2446,114.2446,"25,677"
2330 台積電,2016/5/23,113.8663,116.8927,113.1097,116.5144,"50,174"
2330 台積電,2016/5/20,111.5966,113.1097,111.2183,112.3531,"38,046"
2330 台積電,2016/5/19,111.9748,112.3531,110.0834,111.2183,"35,192"
2330 台積電,2016/5/18,110.4617,111.2183,109.7051,111.2183,"31,106"
2330 台積電,2016/5/17,110.0834,111.2183,109.7051,111.2183,"32,716"
2330 台積電,2016/5/16,108.1919,110.0834,108.1919,109.3268,"32,239"
2330 台積電,2016/5/13,109.7051,110.0834,108.1919,108.9485,"60,713"
2330 台積電,2016/5/12,111.2183,111.9748,110.4617,110.4617,"24,008"
2330 台積電,2016/5/11,112.3531,112.7314,110.84,111.2183,"45,610"
2330 台積電,2016/5/10,111.2183,111.9748,110.84,111.2183,"39,210"
2330 台積電,2016/5/9,112.3531,112.7314,110.84,111.5966,"39,783"
2330 台積電,2016/5/6,112.3531,112.3531,111.2183,111.9748,"39,401"
2330 台積電,2016/5/5,111.5966,112.3531,110.4617,111.5966,"40,687"
2330 台積電,2016/5/4,111.2183,112.7314,110.84,111.2183,"55,586"
2330 台積電,2016/5/3,111.9748,112.3531,110.84,111.5966,"68,909"
2330 台積電,2016/4/29,114.2446,114.2446,112.7314,113.488,"75,959"
2330 台積電,2016/4/28,119.1624,119.5407,115.7578,115.7578,"49,282"
2330 台積電,2016/4/27,118.0275,119.1624,117.6492,118.4058,"36,967"
2330 台積電,2016/4/26,118.4058,119.919,118.4058,119.5407,"18,539"
2330 台積電,2016/4/25,118.4058,119.1624,118.0275,119.1624,"14,669"
2330 台積電,2016/4/22,117.6492,119.5407,117.271,118.4058,"29,237"
2330 台積電,2016/4/21,118.0275,118.7841,116.5144,118.7841,"30,419"
2330 台積電,2016/4/20,119.1624,119.5407,116.5144,116.5144,"43,418"
2330 台積電,2016/4/19,121.0539,121.8105,118.7841,119.1624,"27,622"
2330 台積電,2016/4/18,119.5407,119.919,119.1624,119.5407,"20,876"
2330 台積電,2016/4/15,118.7841,121.0539,118.0275,120.6756,"50,339"
2330 台積電,2016/4/14,122.5671,122.9454,121.0539,122.1888,"31,377"
2330 台積電,2016/4/13,121.0539,122.5671,120.6756,122.1888,"40,333"
2330 台積電,2016/4/12,119.1624,120.6756,119.1624,119.919,"14,877"
2330 台積電,2016/4/11,118.0275,120.2973,117.6492,119.919,"23,189"
2330 台積電,2016/4/8,116.5144,119.5407,116.5144,119.1624,"42,324"
2330 台積電,2016/4/7,117.271,117.271,115.3795,116.8927,"35,933"
2330 台積電,2016/4/6,117.6492,118.0275,116.1361,116.1361,"63,133"
2330 台積電,2016/4/1,121.8105,121.8105,119.1624,119.919,"34,544"
2330 台積電,2016/3/31,122.5671,123.3236,120.2973,122.5671,"54,094"
2330 台積電,2016/3/30,119.919,122.5671,119.919,122.1888,"46,113"
2330 台積電,2016/3/29,119.919,120.6756,119.5407,120.2973,"19,152"
2330 台積電,2016/3/28,119.5407,120.2973,118.7841,120.2973,"15,857"
2330 台積電,2016/3/25,119.919,120.2973,118.7841,119.5407,"10,970"
2330 台積電,2016/3/24,119.5407,120.2973,118.7841,119.919,"25,198"
2330 台積電,2016/3/23,119.919,120.6756,119.5407,120.6756,"29,439"
2330 台積電,2016/3/22,120.6756,120.6756,118.7841,119.919,"29,303"
2330 台積電,2016/3/21,121.0539,121.0539,119.5407,121.0539,"27,687"
2330 台積電,2016/3/18,119.919,120.6756,119.919,120.6756,"57,866"
2330 台積電,2016/3/17,120.6756,121.0539,119.1624,119.919,"52,228"
2330 台積電,2016/3/16,117.6492,118.0275,116.5144,118.0275,"31,126"
2330 台積電,2016/3/15,117.271,118.4058,115.7578,116.8927,"29,437"
2330 台積電,2016/3/14,118.4058,119.1624,117.6492,118.0275,"32,987"
2330 台積電,2016/3/11,116.8927,117.271,115.7578,117.271,"31,297"
2330 台積電,2016/3/10,115.7578,116.8927,114.6229,116.8927,"31,343"
2330 台積電,2016/3/9,115.0012,115.7578,113.8663,115.7578,"24,634"
2330 台積電,2016/3/8,114.2446,115.0012,113.1097,115.0012,"40,643"
2330 台積電,2016/3/7,115.3795,116.1361,114.2446,115.0012,"24,052"
2330 台積電,2016/3/4,115.7578,116.1361,114.6229,115.3795,"37,794"
2330 台積電,2016/3/3,116.5144,116.8927,115.7578,116.5144,"28,867"
2330 台積電,2016/3/2,116.5144,116.8927,115.7578,115.7578,"36,101"
2330 台積電,2016/3/1,112.3531,115.0012,112.3531,115.0012,"44,046"
2330 台積電,2016/2/26,114.2446,114.6229,111.9748,112.7314,"46,425"
2330 台積電,2016/2/25,112.7314,114.2446,112.3531,113.8663,"25,233"
2330 台積電,2016/2/24,113.1097,113.8663,111.2183,111.9748,"22,082"
2330 台積電,2016/2/23,113.8663,114.2446,112.7314,113.1097,"22,500"
2330 台積電,2016/2/22,113.1097,115.3795,113.1097,114.2446,"29,751"
2330 台積電,2016/2/19,112.7314,114.2446,112.7314,114.2446,"37,444"
2330 台積電,2016/2/18,113.488,114.2446,113.1097,114.2446,"61,877"
2330 台積電,2016/2/17,112.7314,112.7314,111.2183,111.9748,"38,486"
2330 台積電,2016/2/16,110.4617,111.9748,110.0834,111.5966,"56,361"
2330 台積電,2016/2/15,107.4353,110.84,107.4353,109.7051,"77,064"
2330 台積電,2016/2/3,109.7051,110.4617,109.3268,110.4617,"71,652"
2330 台積電,2016/2/2,108.9485,109.3268,107.057,107.8136,"25,400"
2330 台積電,2016/2/1,108.9485,108.9485,107.057,108.9485,"43,828"
2330 台積電,2016/1/30,107.8136,108.1919,106.6787,107.4353,"11,865"
2330 台積電,2016/1/29,104.7873,108.1919,104.409,108.1919,"57,557"
2330 台積電,2016/1/28,104.409,106.3004,104.409,105.9222,"37,913"
2330 台積電,2016/1/27,105.1656,105.5439,104.7873,105.5439,"24,547"
2330 台積電,2016/1/26,104.0307,105.1656,103.6524,104.0307,"24,102"
2330 台積電,2016/1/25,105.9222,105.9222,105.1656,105.5439,"27,213"
2330 台積電,2016/1/22,103.2741,104.7873,102.8958,104.7873,"33,926"
2330 台積電,2016/1/21,101.3826,103.2741,101.3826,102.1392,"31,957"
2330 台積電,2016/1/20,104.0307,104.0307,101.0043,101.7609,"44,423"
2330 台積電,2016/1/19,104.0307,104.409,102.8958,104.409,"24,995"
2330 台積電,2016/1/18,102.1392,104.409,101.7609,103.6524,"37,008"
2330 台積電,2016/1/15,104.0307,104.409,102.5175,103.6524,"79,648"
2330 台積電,2016/1/14,98.7346,99.8695,98.7346,99.4912,"39,498"
2330 台積電,2016/1/13,101.0043,102.5175,100.626,101.0043,"50,237"
2330 台積電,2016/1/12,100.626,101.3826,99.4912,100.626,"35,133"
2330 台積電,2016/1/11,100.626,101.7609,98.7346,100.626,"48,536"
2330 台積電,2016/1/8,99.8695,102.1392,99.8695,101.3826,"52,641"
2330 台積電,2016/1/7,101.7609,102.1392,98.7346,100.626,"63,475"
2330 台積電,2016/1/6,104.409,104.409,102.1392,102.5175,"53,873"
2330 台積電,2016/1/5,105.1656,105.9222,103.6524,104.409,"46,502"
2330 台積電,2016/1/4,107.8136,108.5702,105.1656,105.5439,"43,800"
