證券代碼,年月日,開盤價(元),最高價(元),最低價(元),收盤價(元),成交量(千股)
2383 台光電,2025/12/31,"1,680","1,680","1,615","1,645","2,439"
2383 台光電,2025/12/30,"1,665","1,665","1,630","1,645","1,393"
2383 台光電,2025/12/29,"1,650","1,680","1,645","1,675","2,017"
2383 台光電,2025/12/26,"1,685","1,695","1,640","1,640","1,801"
2383 台光電,2025/12/24,"1,650","1,695","1,630","1,690","3,715"
2383 台光電,2025/12/23,"1,615","1,630","1,590","1,615","1,428"
2383 台光電,2025/12/22,"1,575","1,610","1,560","1,600","2,386"
2383 台光電,2025/12/19,"1,535","1,565","1,530","1,550","2,430"
2383 台光電,2025/12/18,"1,470","1,515","1,470","1,500","1,749"
2383 台光電,2025/12/17,"1,505","1,550","1,495","1,495","3,562"
2383 台光電,2025/12/16,"1,580","1,590","1,465","1,495","4,621"
2383 台光電,2025/12/15,"1,575","1,625","1,555","1,605","2,641"
2383 台光電,2025/12/12,"1,605","1,635","1,575","1,605","2,675"
2383 台光電,2025/12/11,"1,585","1,630","1,560","1,595","4,675"
2383 台光電,2025/12/10,"1,505","1,605","1,485","1,600","4,569"
2383 台光電,2025/12/9,"1,485","1,515","1,480","1,500","1,963"
2383 台光電,2025/12/8,"1,500","1,500","1,475","1,485","2,234"
2383 台光電,2025/12/5,"1,430","1,505","1,405","1,495","4,304"
2383 台光電,2025/12/4,"1,425","1,450","1,405","1,425","2,385"
2383 台光電,2025/12/3,"1,465","1,470","1,415","1,430","3,440"
2383 台光電,2025/12/2,"1,495","1,540","1,440","1,440","3,779"
2383 台光電,2025/12/1,"1,515","1,515","1,460","1,475","2,990"
2383 台光電,2025/11/28,"1,535","1,560","1,505","1,525","4,316"
2383 台光電,2025/11/27,"1,500","1,515","1,470","1,495","3,120"
2383 台光電,2025/11/26,"1,500","1,535","1,445","1,470","7,359"
2383 台光電,2025/11/25,"1,380","1,450","1,380","1,450","5,394"
2383 台光電,2025/11/24,"1,330","1,345","1,305","1,320","3,784"
2383 台光電,2025/11/21,"1,365","1,390","1,295","1,310","5,419"
2383 台光電,2025/11/20,"1,420","1,445","1,385","1,430","5,096"
2383 台光電,2025/11/19,"1,350","1,360","1,320","1,330","3,601"
2383 台光電,2025/11/18,"1,430","1,445","1,340","1,350","4,537"
2383 台光電,2025/11/17,"1,465","1,510","1,425","1,450","5,649"
2383 台光電,2025/11/14,"1,340","1,425","1,335","1,380","4,781"
2383 台光電,2025/11/13,"1,335","1,395","1,320","1,375","3,322"
2383 台光電,2025/11/12,"1,355","1,415","1,340","1,345","6,163"
2383 台光電,2025/11/11,"1,375","1,380","1,320","1,320","4,163"
2383 台光電,2025/11/10,"1,365","1,385","1,345","1,360","2,695"
2383 台光電,2025/11/7,"1,420","1,435","1,370","1,370","4,626"
2383 台光電,2025/11/6,"1,450","1,460","1,430","1,450","3,601"
2383 台光電,2025/11/5,"1,405","1,465","1,390","1,440","6,133"
2383 台光電,2025/11/4,"1,440","1,525","1,435","1,470","8,531"
2383 台光電,2025/11/3,"1,385","1,435","1,360","1,410","5,890"
2383 台光電,2025/10/31,"1,300","1,400","1,300","1,360","8,702"
2383 台光電,2025/10/30,"1,265","1,295","1,250","1,275","3,703"
2383 台光電,2025/10/29,"1,285","1,290","1,240","1,250","5,016"
2383 台光電,2025/10/28,"1,175","1,260","1,165","1,255","6,728"
2383 台光電,2025/10/27,"1,150","1,185","1,140","1,165","5,411"
2383 台光電,2025/10/23,"1,110","1,135","1,105","1,115","2,426"
2383 台光電,2025/10/22,"1,130","1,130","1,105","1,120","1,784"
2383 台光電,2025/10/21,"1,150","1,155","1,120","1,130","1,555"
2383 台光電,2025/10/20,"1,115","1,155","1,095","1,125","3,897"
2383 台光電,2025/10/17,"1,120","1,140","1,085","1,105","4,231"
2383 台光電,2025/10/16,"1,140","1,175","1,135","1,140","3,627"
2383 台光電,2025/10/15,"1,150","1,165","1,120","1,140","5,401"
2383 台光電,2025/10/14,"1,220","1,230","1,165","1,170","2,742"
2383 台光電,2025/10/13,"1,180","1,200","1,170","1,200","3,712"
2383 台光電,2025/10/9,"1,225","1,235","1,195","1,235","3,233"
2383 台光電,2025/10/8,"1,210","1,220","1,180","1,195","4,854"
2383 台光電,2025/10/7,"1,375","1,375","1,230","1,235","6,265"
2383 台光電,2025/10/3,"1,300","1,310","1,285","1,305","2,266"
2383 台光電,2025/10/2,"1,250","1,320","1,235","1,295","4,348"
2383 台光電,2025/10/1,"1,255","1,265","1,225","1,230","2,375"
2383 台光電,2025/9/30,"1,260","1,265","1,220","1,225","2,779"
2383 台光電,2025/9/26,"1,255","1,265","1,215","1,225","2,104"
2383 台光電,2025/9/25,"1,285","1,305","1,255","1,255","2,226"
2383 台光電,2025/9/24,"1,345","1,350","1,280","1,295","3,479"
2383 台光電,2025/9/23,"1,305","1,390","1,295","1,345","4,099"
2383 台光電,2025/9/22,"1,305","1,325","1,280","1,300","1,647"
2383 台光電,2025/9/19,"1,345","1,350","1,290","1,290","4,139"
2383 台光電,2025/9/18,"1,305","1,340","1,295","1,335","2,944"
2383 台光電,2025/9/17,"1,295","1,325","1,285","1,315","3,917"
2383 台光電,2025/9/16,"1,320","1,330","1,280","1,285","3,637"
2383 台光電,2025/9/15,"1,345","1,345","1,295","1,315","3,697"
2383 台光電,2025/9/12,"1,350","1,360","1,310","1,345","5,641"
2383 台光電,2025/9/11,"1,265","1,380","1,265","1,325","8,816"
2383 台光電,2025/9/10,"1,250","1,270","1,230","1,255","5,598"
2383 台光電,2025/9/9,"1,155","1,255","1,155","1,225","7,887"
2383 台光電,2025/9/8,"1,190","1,190","1,145","1,145","3,623"
2383 台光電,2025/9/5,"1,155","1,165","1,130","1,165","6,042"
2383 台光電,2025/9/4,"1,115","1,155","1,075","1,115","8,270"
2383 台光電,2025/9/3,"1,150","1,170","1,140","1,165","2,628"
2383 台光電,2025/9/2,"1,175","1,180","1,125","1,150","3,843"
2383 台光電,2025/9/1,"1,210","1,225","1,125","1,155","6,612"
2383 台光電,2025/8/29,"1,275","1,285","1,220","1,220","3,200"
2383 台光電,2025/8/28,"1,270","1,275","1,220","1,250","3,032"
2383 台光電,2025/8/27,"1,243.68","1,278.23","1,228.87","1,263.42","3,832"
2383 台光電,2025/8/26,"1,233.81","1,233.81","1,189.39","1,233.81","3,723"
2383 台光電,2025/8/25,"1,233.81","1,238.74","1,209.13","1,233.81","3,174"
2383 台光電,2025/8/22,"1,228.87","1,243.68","1,184.46","1,189.39","4,083"
2383 台光電,2025/8/21,"1,164.72","1,243.68","1,144.97","1,219.00","6,859"
2383 台光電,2025/8/20,"1,164.72","1,189.39","1,135.10","1,135.10","6,288"
2383 台光電,2025/8/19,"1,288.10","1,327.58","1,209.13","1,214.07","5,501"
2383 台光電,2025/8/18,"1,283.16","1,293.03","1,263.42","1,288.10","3,826"
2383 台光電,2025/8/15,"1,174.59","1,263.42","1,164.72","1,263.42","4,727"
2383 台光電,2025/8/14,"1,194.33","1,209.13","1,174.59","1,194.33","2,889"
2383 台光電,2025/8/13,"1,169.65","1,199.26","1,144.97","1,184.46","4,078"
2383 台光電,2025/8/12,"1,149.91","1,179.52","1,135.10","1,159.78","2,118"
2383 台光電,2025/8/11,"1,140.04","1,159.78","1,115.36","1,140.04","2,701"
2383 台光電,2025/8/8,"1,125.23","1,135.10","1,110.43","1,135.10","1,867"
2383 台光電,2025/8/7,"1,110.43","1,140.04","1,095.62","1,130.17","3,029"
2383 台光電,2025/8/6,"1,100.56","1,110.43","1,085.75","1,095.62","2,513"
2383 台光電,2025/8/5,"1,125.23","1,149.91","1,105.49","1,110.43","5,335"
2383 台光電,2025/8/4,"1,100.56","1,130.17","1,075.88","1,095.62","4,908"
2383 台光電,2025/8/1,"1,090.69","1,149.91","1,080.82","1,105.49","8,467"
2383 台光電,2025/7/31,"1,026.53","1,090.69","1,016.66","1,090.69","5,852"
2383 台光電,2025/7/30,"1,006.79","1,021.59",975.2024,991.9822,"4,004"
2383 台光電,2025/7/29,"1,011.72","1,011.72",987.047,"1,001.85","2,298"
2383 台光電,2025/7/28,984.0859,"1,026.53",982.1118,"1,011.72","4,034"
2383 台光電,2025/7/25,981.1247,986.06,968.2931,981.1247,"2,259"
2383 台光電,2025/7/24,979.1506,991.9822,968.2931,976.1895,"3,783"
2383 台光電,2025/7/23,982.1118,996.9175,966.319,975.2024,"3,117"
2383 台光電,2025/7/22,"1,011.72","1,011.72",976.1895,977.1765,"3,560"
2383 台光電,2025/7/21,"1,011.72","1,011.72",986.06,"1,001.85","2,506"
2383 台光電,2025/7/18,975.2024,"1,021.59",972.2413,"1,011.72","7,214"
2383 台光電,2025/7/17,973.2283,982.1118,949.5392,960.3967,"4,922"
2383 台光電,2025/7/16,963.3579,991.9822,960.3967,970.2672,"7,254"
2383 台光電,2025/7/15,920.9149,957.4356,919.9278,957.4356,"5,478"
2383 台光電,2025/7/14,922.8889,928.8112,910.0573,915.9796,"3,000"
2383 台光電,2025/7/11,947.5651,948.5522,914.9926,928.8112,"5,473"
2383 台光電,2025/7/10,951.5133,977.1765,944.604,944.604,"7,298"
2383 台光電,2025/7/9,931.7724,952.5004,931.7724,944.604,"4,835"
2383 台光電,2025/7/8,898.2128,943.6169,896.2387,940.6558,"6,809"
2383 台光電,2025/7/7,905.1221,912.0314,882.42,889.3293,"3,323"
2383 台光電,2025/7/4,922.8889,950.5263,909.0703,911.0444,"5,620"
2383 台光電,2025/7/3,899.1998,929.7983,887.3553,915.9796,"5,379"
2383 台光電,2025/7/2,882.42,897.2257,880.4459,891.3034,"3,922"
2383 台光電,2025/7/1,882.42,889.3293,872.5495,888.3423,"5,440"
2383 台光電,2025/6/30,857.7438,891.3034,857.7438,870.5755,"8,094"
2383 台光電,2025/6/27,846.8863,865.6402,844.9122,854.7827,"4,825"
2383 台光電,2025/6/26,857.7438,864.6532,837.0159,843.9252,"7,228"
2383 台光電,2025/6/25,865.6402,878.4718,846.8863,846.8863,"7,344"
2383 台光電,2025/6/24,834.0547,858.7309,832.0806,848.8604,"8,497"
2383 台光電,2025/6/23,814.3138,842.9381,814.3138,823.1972,"6,743"
2383 台光電,2025/6/20,837.0159,837.0159,811.3526,827.1454,"11,781"
2383 台光電,2025/6/19,835.0418,840.964,827.1454,834.0547,"3,877"
2383 台光電,2025/6/18,843.9252,854.7827,823.1972,834.0547,"9,277"
2383 台光電,2025/6/17,878.4718,890.3164,845.8993,855.7697,"8,819"
2383 台光電,2025/6/16,840.964,867.6143,839.977,867.6143,"3,976"
2383 台光電,2025/6/13,837.0159,857.7438,837.0159,848.8604,"5,862"
2383 台光電,2025/6/12,856.7568,869.5884,839.977,846.8863,"5,822"
2383 台光電,2025/6/11,863.6661,875.5107,851.8216,861.692,"7,619"
2383 台光電,2025/6/10,821.2231,888.3423,814.3138,878.4718,"10,964"
2383 台光電,2025/6/9,780.7542,811.3526,753.1169,809.3785,"7,333"
2383 台光電,2025/6/6,778.7801,788.6506,772.8578,777.793,"3,933"
2383 台光電,2025/6/5,770.8837,778.7801,760.0262,778.7801,"3,119"
2383 台光電,2025/6/4,781.7412,784.7024,764.9614,769.8967,"4,922"
2383 台光電,2025/6/3,752.1298,777.793,750.1557,773.8448,"8,890"
2383 台光電,2025/6/2,734.363,752.1298,731.4018,748.1816,"7,093"
2383 台光電,2025/5/29,732.3889,756.078,732.3889,739.2982,"10,167"
2383 台光電,2025/5/28,708.6997,718.5702,700.8034,711.6609,"5,294"
2383 台光電,2025/5/27,700.8034,704.7516,688.9588,696.8552,"3,706"
2383 台光電,2025/5/26,700.8034,710.6738,697.8422,697.8422,"3,466"
2383 台光電,2025/5/23,711.6609,718.5702,686.9847,700.8034,"5,734"
2383 台光電,2025/5/22,702.7775,713.635,701.7904,704.7516,"4,144"
2383 台光電,2025/5/21,675.1401,715.6091,671.192,710.6738,"9,676"
2383 台光電,2025/5/20,668.2308,675.1401,663.2956,667.2438,"2,610"
2383 台光電,2025/5/19,675.1401,679.0883,657.3733,658.3603,"3,419"
2383 台光電,2025/5/16,677.1142,684.0236,670.2049,675.1401,"3,473"
2383 台光電,2025/5/15,674.1531,681.0624,669.2179,676.1272,"3,301"
2383 台光電,2025/5/14,679.0883,686.9847,668.2308,678.1013,"5,961"
2383 台光電,2025/5/13,680.0754,681.0624,656.3863,665.2697,"5,695"
2383 台光電,2025/5/12,672.179,677.1142,650.464,666.2567,"5,579"
2383 台光電,2025/5/9,658.3603,681.0624,650.464,670.2049,"9,145"
2383 台光電,2025/5/8,638.6194,656.3863,616.9044,653.4251,"13,932"
2383 台光電,2025/5/7,616.9044,623.8137,603.0857,604.0728,"4,277"
2383 台光電,2025/5/6,604.0728,626.7748,603.0857,615.9173,"7,327"
2383 台光電,2025/5/5,603.0857,619.8655,596.1764,614.9303,"9,422"
2383 台光電,2025/5/2,582.3577,603.0857,578.4095,603.0857,"9,240"
2383 台光電,2025/4/30,551.7593,555.7075,541.8888,548.7981,"3,924"
2383 台光電,2025/4/29,552.7463,558.6686,540.9018,557.6816,"4,650"
2383 台光電,2025/4/28,555.7075,556.6945,543.8629,549.7852,"4,677"
2383 台光電,2025/4/25,520.1738,558.6686,520.1738,558.6686,"8,109"
2383 台光電,2025/4/24,518.1997,523.1349,508.3292,508.3292,"2,602"
2383 台光電,2025/4/23,513.2644,520.1738,505.3681,515.2385,"3,585"
2383 台光電,2025/4/22,493.5235,514.2515,490.5624,492.5365,"3,766"
2383 台光電,2025/4/21,515.2385,525.109,509.3163,509.3163,"3,306"
2383 台光電,2025/4/18,501.4199,524.122,501.4199,515.2385,"3,413"
2383 台光電,2025/4/17,506.3551,519.1867,500.4328,508.3292,"4,645"
2383 台光電,2025/4/16,524.122,533.0054,510.3033,510.3033,"4,016"
2383 台光電,2025/4/15,520.1738,537.9406,512.2774,536.9536,"5,950"
2383 台光電,2025/4/14,513.2644,531.0313,504.381,509.3163,"9,544"
2383 台光電,2025/4/11,447.1323,485.6271,441.7035,485.6271,"9,198"
2383 台光電,2025/4/10,441.7035,441.7035,441.7035,441.7035,473
2383 台光電,2025/4/9,437.2618,446.1452,401.7281,401.7281,"8,867"
2383 台光電,2025/4/8,429.3654,449.1064,423.4432,446.1452,"11,511"
2383 台光電,2025/4/7,468.3538,468.3538,468.3538,468.3538,690
2383 台光電,2025/4/2,538.9277,546.824,516.2256,520.1738,"5,210"
2383 台光電,2025/4/1,541.8888,547.8111,531.0313,537.9406,"4,270"
2383 台光電,2025/3/31,548.7981,557.6816,533.0054,537.9406,"4,959"
2383 台光電,2025/3/28,581.3707,590.2541,571.5002,577.4225,"3,176"
2383 台光電,2025/3/27,586.3059,590.2541,577.4225,587.293,"3,395"
2383 台光電,2025/3/26,598.1505,602.0987,592.2282,599.1375,"2,121"
2383 台光電,2025/3/25,606.0469,609.008,595.1893,603.0857,"4,231"
2383 台光電,2025/3/24,590.2541,609.008,589.2671,596.1764,"5,483"
2383 台光電,2025/3/21,577.4225,593.2152,577.4225,587.293,"3,788"
2383 台光電,2025/3/20,582.3577,586.3059,575.4484,575.4484,"3,163"
2383 台光電,2025/3/19,595.1893,595.1893,573.4743,577.4225,"4,649"
2383 台光電,2025/3/18,581.3707,600.1246,581.3707,598.1505,"4,236"
2383 台光電,2025/3/17,579.3966,582.3577,573.4743,578.4095,"1,921"
2383 台光電,2025/3/14,577.4225,582.3577,572.4873,572.4873,"2,243"
2383 台光電,2025/3/13,582.3577,585.3189,571.5002,572.4873,"3,207"
2383 台光電,2025/3/12,565.5779,586.3059,564.5909,565.5779,"5,505"
2383 台光電,2025/3/11,549.7852,558.6686,539.9147,555.7075,"4,711"
2383 台光電,2025/3/10,578.4095,581.3707,559.6556,563.6038,"3,803"
2383 台光電,2025/3/7,593.2152,600.1246,572.4873,572.4873,"8,120"
2383 台光電,2025/3/6,609.008,610.9821,593.2152,595.1893,"4,558"
2383 台光電,2025/3/5,603.0857,611.9691,598.1505,598.1505,"3,392"
2383 台光電,2025/3/4,603.0857,610.9821,596.1764,596.1764,"6,684"
2383 台光電,2025/3/3,615.9173,628.7489,605.0598,617.8914,"7,401"
2383 台光電,2025/2/27,630.723,632.6971,614.9303,623.8137,"34,937"
2383 台光電,2025/2/26,586.3059,624.8008,584.3318,624.8008,"14,735"
2383 台光電,2025/2/25,579.3966,586.3059,565.5779,568.5391,"5,585"
2383 台光電,2025/2/24,586.3059,593.2152,570.5132,588.28,"6,197"
2383 台光電,2025/2/21,598.1505,601.1116,592.2282,593.2152,"1,865"
2383 台光電,2025/2/20,608.021,611.9691,595.1893,595.1893,"3,620"
2383 台光電,2025/2/19,601.1116,608.021,599.1375,603.0857,"2,967"
2383 台光電,2025/2/18,590.2541,605.0598,589.2671,604.0728,"4,199"
2383 台光電,2025/2/17,594.2023,601.1116,584.3318,586.3059,"3,174"
2383 台光電,2025/2/14,594.2023,599.1375,586.3059,587.293,"2,206"
2383 台光電,2025/2/13,602.0987,603.0857,593.2152,595.1893,"2,155"
2383 台光電,2025/2/12,617.8914,618.8785,595.1893,596.1764,"4,751"
2383 台光電,2025/2/11,604.0728,618.8785,602.0987,611.9691,"3,676"
2383 台光電,2025/2/10,604.0728,608.021,597.1634,604.0728,"3,054"
2383 台光電,2025/2/7,592.2282,607.0339,588.28,607.0339,"5,256"
2383 台光電,2025/2/6,590.2541,605.0598,579.3966,592.2282,"7,996"
2383 台光電,2025/2/5,545.837,578.4095,544.8499,568.5391,"6,015"
2383 台光電,2025/2/4,555.7075,555.7075,533.0054,538.9277,"7,610"
2383 台光電,2025/2/3,550.7722,564.5909,545.837,545.837,"6,423"
2383 台光電,2025/1/22,604.0728,609.008,594.2023,606.0469,"5,569"
2383 台光電,2025/1/21,599.1375,608.021,589.2671,596.1764,"5,685"
2383 台光電,2025/1/20,596.1764,597.1634,587.293,595.1893,"2,974"
2383 台光電,2025/1/17,583.3448,592.2282,572.4873,590.2541,"4,943"
2383 台光電,2025/1/16,588.28,597.1634,576.4354,581.3707,"7,914"
2383 台光電,2025/1/15,581.3707,590.2541,564.5909,569.5261,"6,785"
2383 台光電,2025/1/14,561.6297,576.4354,544.8499,570.5132,"5,008"
2383 台光電,2025/1/13,580.3836,581.3707,550.7722,555.7075,"5,923"
2383 台光電,2025/1/10,579.3966,586.3059,573.4743,582.3577,"4,178"
2383 台光電,2025/1/9,592.2282,598.1505,575.4484,577.4225,"4,770"
2383 台光電,2025/1/8,592.2282,606.0469,582.3577,591.2412,"6,373"
2383 台光電,2025/1/7,621.8396,624.8008,590.2541,595.1893,"7,377"
2383 台光電,2025/1/6,598.1505,611.9691,592.2282,611.9691,"4,446"
2383 台光電,2025/1/3,593.2152,603.0857,590.2541,596.1764,"5,069"
2383 台光電,2025/1/2,607.0339,609.995,585.3189,588.28,"6,875"
2383 台光電,2024/12/31,606.0469,619.8655,606.0469,609.995,"3,214"
2383 台光電,2024/12/30,621.8396,625.7878,602.0987,610.9821,"3,984"
2383 台光電,2024/12/27,597.1634,621.8396,594.2023,621.8396,"6,536"
2383 台光電,2024/12/26,586.3059,604.0728,585.3189,597.1634,"5,704"
2383 台光電,2024/12/25,590.2541,597.1634,580.3836,583.3448,"5,773"
2383 台光電,2024/12/24,602.0987,606.0469,587.293,587.293,"4,340"
2383 台光電,2024/12/23,598.1505,606.0469,584.3318,600.1246,"5,867"
2383 台光電,2024/12/20,608.021,612.9562,583.3448,588.28,"8,561"
2383 台光電,2024/12/19,595.1893,611.9691,588.28,609.008,"6,330"
2383 台光電,2024/12/18,589.2671,607.0339,578.4095,607.0339,"7,227"
2383 台光電,2024/12/17,599.1375,599.1375,573.4743,591.2412,"9,160"
2383 台光電,2024/12/16,597.1634,603.0857,588.28,602.0987,"8,020"
2383 台光電,2024/12/13,565.5779,592.2282,563.6038,591.2412,"10,333"
2383 台光電,2024/12/12,567.552,574.4614,557.6816,565.5779,"6,684"
2383 台光電,2024/12/11,541.8888,575.4484,539.9147,564.5909,"10,347"
2383 台光電,2024/12/10,537.9406,548.7981,532.0183,546.824,"5,962"
2383 台光電,2024/12/9,533.0054,544.8499,529.0572,542.8759,"8,718"
2383 台光電,2024/12/6,527.0831,533.0054,514.2515,526.0961,"9,209"
2383 台光電,2024/12/5,526.0961,528.0701,513.2644,520.1738,"7,091"
2383 台光電,2024/12/4,503.394,527.0831,499.4458,527.0831,"11,496"
2383 台光電,2024/12/3,499.4458,506.3551,491.0559,503.394,"7,951"
2383 台光電,2024/12/2,468.3538,497.4717,466.8732,497.4717,"13,949"
2383 台光電,2024/11/29,453.0546,465.3927,450.587,462.4315,"3,650"
2383 台光電,2024/11/28,459.4704,470.3279,448.1193,457.0028,"5,875"
2383 台光電,2024/11/27,462.925,468.8473,458.4833,461.4445,"5,331"
2383 台光電,2024/11/26,469.3408,473.289,460.9509,461.938,"6,120"
2383 台光電,2024/11/25,483.653,484.6401,466.3797,471.8085,"8,306"
2383 台光電,2024/11/22,470.8214,486.6142,468.3538,475.7567,"12,668"
2383 台光電,2024/11/21,439.7294,476.7437,439.2359,466.8732,"13,888"
2383 台光電,2024/11/20,428.3784,447.1323,428.3784,441.7035,"6,565"
2383 台光電,2024/11/19,420.9755,430.3525,420.9755,428.3784,"3,534"
2383 台光電,2024/11/18,438.2489,439.7294,418.5079,419.0015,"5,403"
2383 台光電,2024/11/15,437.2618,442.1971,429.859,440.7165,"5,348"
2383 台光電,2024/11/14,433.3136,439.2359,430.3525,435.7813,"4,295"
2383 台光電,2024/11/13,421.9626,434.7942,421.4691,432.8201,"3,184"
2383 台光電,2024/11/12,427.3914,433.3136,423.4432,423.4432,"4,139"
2383 台光電,2024/11/11,426.8978,431.3395,422.4561,429.3654,"2,611"
2383 台光電,2024/11/8,431.3395,434.3007,425.9108,425.9108,"3,823"
2383 台光電,2024/11/7,429.3654,434.7942,428.8719,429.3654,"3,738"
2383 台光電,2024/11/6,423.9367,431.3395,419.495,425.9108,"4,537"
2383 台光電,2024/11/5,419.495,425.9108,419.495,421.4691,"3,063"
2383 台光電,2024/11/4,417.5209,423.9367,417.0274,421.4691,"2,889"
2383 台光電,2024/11/1,393.3382,421.9626,393.3382,421.4691,"6,660"
2383 台光電,2024/10/30,414.5597,418.0144,412.0921,414.0662,"2,878"
2383 台光電,2024/10/29,421.9626,422.9496,410.6116,414.5597,"3,994"
2383 台光電,2024/10/28,424.4302,428.3784,419.0015,423.4432,"3,632"
2383 台光電,2024/10/25,425.4173,426.8978,421.4691,422.9496,"2,601"
2383 台光電,2024/10/24,440.223,441.21,420.482,422.9496,"10,092"
2383 台光電,2024/10/23,430.3525,443.6776,428.8719,438.2489,"8,618"
2383 台光電,2024/10/22,420.9755,432.8201,420.9755,430.3525,"5,674"
2383 台光電,2024/10/21,416.5338,426.4043,415.5468,422.9496,"5,402"
2383 台光電,2024/10/18,428.8719,428.8719,414.0662,414.5597,"7,115"
2383 台光電,2024/10/17,413.0792,425.9108,411.5986,425.9108,"6,474"
2383 台光電,2024/10/16,410.6116,413.5727,406.6634,410.6116,"4,682"
2383 台光電,2024/10/15,416.5338,418.5079,409.131,412.5856,"5,292"
2383 台光電,2024/10/14,413.0792,416.0403,408.6375,412.0921,"4,237"
2383 台光電,2024/10/11,415.0533,415.5468,406.1698,410.6116,"5,516"
2383 台光電,2024/10/9,429.3654,430.3525,411.5986,413.5727,"7,203"
2383 台光電,2024/10/8,427.3914,429.859,416.5338,427.3914,"4,989"
2383 台光電,2024/10/7,413.0792,427.3914,411.1051,425.9108,"5,625"
2383 台光電,2024/10/4,436.2748,436.2748,407.6504,409.131,"12,527"
2383 台光電,2024/10/1,445.6517,450.587,431.8331,436.2748,"7,315"
2383 台光電,2024/9/30,460.4574,460.4574,439.2359,441.21,"5,384"
2383 台光電,2024/9/27,465.3927,468.3538,457.9898,461.938,"3,429"
2383 台光電,2024/9/26,468.8473,471.8085,459.4704,459.9639,"5,372"
2383 台光電,2024/9/25,460.9509,468.8473,457.4963,466.8732,"4,528"
2383 台光電,2024/9/24,463.9121,465.3927,451.0805,455.5222,"4,378"
2383 台光電,2024/9/23,468.3538,473.7826,462.4315,462.4315,"2,017"
2383 台光電,2024/9/20,474.2761,476.2502,464.8991,465.8862,"4,381"
2383 台光電,2024/9/19,458.9769,470.8214,456.0157,468.8473,"4,049"
2383 台光電,2024/9/18,461.938,467.8603,452.0675,452.0675,"3,527"
2383 台光電,2024/9/16,460.4574,467.8603,458.9769,465.8862,"3,215"
2383 台光電,2024/9/13,478.7178,478.7178,456.0157,457.4963,"6,175"
2383 台光電,2024/9/12,468.3538,476.7437,461.4445,473.289,"5,390"
2383 台光電,2024/9/11,457.4963,457.4963,449.1064,450.0934,"3,562"
2383 台光電,2024/9/10,477.7307,479.2113,448.1193,452.0675,"8,473"
2383 台光電,2024/9/9,472.7955,482.666,465.8862,473.289,"6,653"
2383 台光電,2024/9/6,477.7307,486.6142,469.8344,484.1466,"10,388"
2383 台光電,2024/9/5,473.289,490.5624,466.8732,484.6401,"11,306"
2383 台光電,2024/9/4,468.8473,486.1206,458.9769,461.938,"13,119"
2383 台光電,2024/9/3,478.7178,500.4328,475.2631,493.5235,"17,626"
2383 台光電,2024/9/2,466.3797,476.7437,461.938,464.4056,"8,875"
2383 台光電,2024/8/30,436.2748,459.9639,436.2748,458.9769,"9,836"
2383 台光電,2024/8/29,435.7813,443.1841,429.859,434.3007,"4,626"
2383 台光電,2024/8/28,428.5618,441.1098,425.6661,435.801,"4,654"
2383 台光電,2024/8/27,423.7357,428.5618,422.7704,428.0792,"2,505"
2383 台光電,2024/8/26,435.3184,437.7315,423.7357,423.7357,"4,505"
2383 台光電,2024/8/23,416.0138,430.9749,412.1529,430.4923,"4,852"
2383 台光電,2024/8/22,415.0486,419.8748,415.0486,417.9443,"1,872"
2383 台光電,2024/8/21,415.0486,421.8052,414.566,415.0486,"2,549"
2383 台光電,2024/8/20,424.7009,428.5618,415.0486,416.0138,"4,837"
2383 台光電,2024/8/19,425.6661,426.6314,419.8748,422.2878,"3,508"
2383 台光電,2024/8/16,428.0792,429.527,421.3226,422.2878,"4,018"
2383 台光電,2024/8/15,417.4617,424.7009,414.0834,420.84,"2,947"
2383 台光電,2024/8/14,420.3574,423.2531,414.566,417.9443,"4,223"
2383 台光電,2024/8/13,431.4575,432.9053,413.1181,413.1181,"7,620"
2383 台光電,2024/8/12,429.527,435.3184,423.7357,430.9749,"4,042"
2383 台光電,2024/8/9,435.801,439.1793,423.7357,424.2183,"6,345"
2383 台光電,2024/8/8,423.7357,430.4923,417.9443,426.6314,"5,023"
2383 台光電,2024/8/7,415.5312,432.4227,413.6008,428.5618,"12,405"
2383 台光電,2024/8/6,410.2225,411.6703,380.783,411.6703,"12,460"
2383 台光電,2024/8/5,381.2656,389.9526,360.5131,374.509,"11,136"
2383 台光電,2024/8/2,390.9179,411.1877,388.5048,399.1223,"7,126"
2383 台光電,2024/8/1,432.9053,436.2836,405.3963,405.8789,"12,146"
2383 台光電,2024/7/31,410.2225,428.5618,410.2225,422.7704,"5,168"
2383 台光電,2024/7/30,393.8134,416.4963,389.4699,416.0137,"6,251"
2383 台光電,2024/7/29,408.7745,410.2223,394.7787,396.7091,"3,963"
2383 台光電,2024/7/26,402.5005,409.7397,396.2265,402.0179,"4,395"
2383 台光電,2024/7/23,409.2571,424.7008,405.3962,424.7008,"5,096"
2383 台光電,2024/7/22,418.4268,419.8746,398.6396,402.0179,"4,369"
2383 台光電,2024/7/19,430.0095,431.4574,417.4615,418.4268,"5,526"
2383 台光電,2024/7/18,434.3531,435.3183,425.666,431.94,"4,973"
2383 台光電,2024/7/17,457.5185,458.4838,445.4532,445.9358,"5,034"
2383 台光電,2024/7/16,458.4838,463.3099,454.6229,458.0012,"2,575"
2383 台光電,2024/7/15,458.9664,462.3447,443.5227,453.6576,"4,998"
2383 台光電,2024/7/12,474.8927,475.8579,453.6576,453.6576,"7,815"
2383 台光電,2024/7/11,496.1277,499.0234,482.6145,482.6145,"3,128"
2383 台光電,2024/7/10,491.3016,494.1972,480.684,491.3016,"3,435"
2383 台光電,2024/7/9,483.5797,490.3363,471.997,488.4059,"3,803"
2383 台光電,2024/7/8,492.2668,493.232,481.1667,483.5797,"4,203"
2383 台光電,2024/7/5,480.684,497.0929,478.271,490.3363,"7,255"
2383 台光電,2024/7/4,482.6145,484.545,474.4101,476.8231,"3,694"
2383 台光電,2024/7/3,473.9274,488.4059,471.0318,475.3753,"10,321"
2383 台光電,2024/7/2,454.6229,470.5491,447.8663,467.6535,"8,192"
2383 台光電,2024/7/1,458.4838,460.8968,447.3836,449.7967,"4,174"
2383 台光電,2024/6/28,460.8968,466.6882,457.5185,458.4838,"4,358"
2383 台光電,2024/6/27,454.6229,465.2404,450.2793,462.8273,"7,964"
2383 台光電,2024/6/26,456.0707,462.3447,451.2446,456.0707,"8,708"
2383 台光電,2024/6/25,442.5575,447.8663,429.5269,447.8663,"5,597"
2383 台光電,2024/6/24,437.2487,450.7619,432.4226,441.5923,"6,199"
2383 台光電,2024/6/21,441.1097,442.0749,432.4226,437.2487,"5,715"
2383 台光電,2024/6/20,429.5269,448.8315,429.5269,446.4184,"5,232"
2383 台光電,2024/6/19,441.1097,441.5923,428.5617,429.0443,"4,131"
2383 台光電,2024/6/18,440.1444,442.0749,432.4226,435.3183,"2,393"
2383 台光電,2024/6/17,456.5533,457.5185,434.3531,434.3531,"5,498"
2383 台光電,2024/6/14,444.0053,446.901,431.94,445.9358,"6,280"
2383 台光電,2024/6/13,447.3836,450.2793,432.4226,435.8009,"8,050"
2383 台光電,2024/6/12,416.4963,445.9358,415.5311,436.7661,"13,263"
2383 台光電,2024/6/11,417.9442,418.9094,402.5005,407.8093,"7,854"
2383 台光電,2024/6/7,427.5964,433.3878,419.8746,422.7703,"5,080"
2383 台光電,2024/6/6,426.6312,429.0443,415.0485,426.6312,"7,336"
2383 台光電,2024/6/5,420.8398,420.8398,408.7745,419.392,"3,200"
2383 台光電,2024/6/4,419.392,424.2181,414.5659,415.5311,"4,477"
2383 台光電,2024/6/3,404.431,425.1834,401.0526,419.8746,"9,003"
2383 台光電,2024/5/31,402.5005,404.9136,394.296,394.296,"4,853"
2383 台光電,2024/5/30,412.1528,412.1528,400.57,401.0526,"4,897"
2383 台光電,2024/5/29,408.7745,416.4963,408.2919,412.1528,"3,199"
2383 台光電,2024/5/28,419.392,422.2877,407.8093,407.8093,"5,629"
2383 台光電,2024/5/27,422.2877,426.6312,414.0832,419.392,"5,121"
2383 台光電,2024/5/24,410.7049,418.4268,409.2571,415.5311,"2,189"
2383 台光電,2024/5/23,420.3572,422.2877,406.3614,415.5311,"4,107"
2383 台光電,2024/5/22,414.5659,419.392,410.2223,416.0137,"2,932"
2383 台光電,2024/5/21,416.9789,418.9094,409.7397,409.7397,"3,497"
2383 台光電,2024/5/20,434.8357,434.8357,416.9789,416.9789,"5,410"
2383 台光電,2024/5/17,421.8051,435.8009,417.4615,432.4226,"9,906"
2383 台光電,2024/5/16,413.118,424.2181,412.6354,418.4268,"10,767"
2383 台光電,2024/5/15,400.0874,411.1876,396.7091,405.8788,"6,789"
2383 台光電,2024/5/14,397.6743,402.0179,390.4351,394.296,"4,413"
2383 台光電,2024/5/13,400.57,401.0526,389.4699,397.6743,"3,939"
2383 台光電,2024/5/10,412.6354,412.6354,398.6396,401.5353,"3,406"
2383 台光電,2024/5/9,413.118,414.0832,404.431,407.8093,"3,631"
2383 台光電,2024/5/8,405.3962,413.118,402.9831,410.7049,"3,967"
2383 台光電,2024/5/7,414.0832,414.0832,394.7787,405.3962,"6,796"
2383 台光電,2024/5/6,413.6006,419.392,407.8093,411.1876,"6,969"
2383 台光電,2024/5/3,416.9789,419.8746,402.0179,402.0179,"8,572"
2383 台光電,2024/5/2,411.1876,418.9094,402.9831,406.844,"12,772"
2383 台光電,2024/4/30,397.6743,402.9831,387.5394,397.6743,"6,922"
2383 台光電,2024/4/29,393.3308,397.6743,388.9873,392.3656,"6,071"
2383 台光電,2024/4/26,379.335,388.0221,376.4393,383.1959,"6,005"
2383 台光電,2024/4/25,371.6132,388.0221,369.2001,369.2001,"7,212"
2383 台光電,2024/4/24,374.5089,383.6785,372.5784,377.8872,"9,610"
2383 台光電,2024/4/23,350.3781,368.2349,343.6215,362.9261,"8,213"
2383 台光電,2024/4/22,358.1,359.5478,338.3128,338.3128,"8,216"
2383 台光電,2024/4/19,365.3392,374.9915,347.4824,362.4435,"8,350"
2383 台光電,2024/4/18,359.5478,377.4045,357.1347,371.6132,"5,716"
2383 台光電,2024/4/17,361.4783,364.8566,358.1,359.5478,"6,661"
2383 台光電,2024/4/16,361.9609,366.787,355.6869,361.4783,"8,823"
2383 台光電,2024/4/15,386.0916,389.4699,369.6827,369.6827,"8,830"
2383 台光電,2024/4/12,389.4699,393.8134,387.0568,388.0221,"3,658"
2383 台光電,2024/4/11,388.5047,393.3308,385.609,386.5742,"7,761"
2383 台光電,2024/4/10,422.7703,422.7703,386.0916,391.4004,"15,604"
2383 台光電,2024/4/9,429.5269,434.3531,418.4268,419.392,"10,477"
2383 台光電,2024/4/8,414.0832,433.8704,411.6702,429.5269,"19,222"
2383 台光電,2024/4/3,388.0221,404.9136,386.5742,396.2265,"7,370"
2383 台光電,2024/4/2,386.0916,390.9177,383.6785,386.5742,"4,776"
2383 台光電,2024/4/1,393.3308,394.296,383.6785,384.6438,"6,118"
2383 台光電,2024/3/29,388.9873,393.3308,386.0916,389.4699,"4,330"
2383 台光電,2024/3/28,404.431,409.7397,388.5047,388.9873,"7,072"
2383 台光電,2024/3/27,400.57,403.4657,394.7787,400.57,"2,893"
2383 台光電,2024/3/26,408.2919,414.0832,392.8482,394.7787,"4,462"
2383 台光電,2024/3/25,412.6354,415.5311,405.8788,405.8788,"3,547"
2383 台光電,2024/3/22,424.7008,424.7008,411.6702,412.6354,"9,095"
2383 台光電,2024/3/21,398.157,419.8746,393.3308,405.8788,"10,793"
2383 台光電,2024/3/20,408.7745,408.7745,391.883,391.883,"8,834"
2383 台光電,2024/3/19,399.1222,409.7397,392.8482,403.4657,"12,151"
2383 台光電,2024/3/18,401.5353,403.4657,388.0221,397.6743,"9,080"
2383 台光電,2024/3/15,385.1264,402.0179,382.2307,399.6048,"17,228"
2383 台光電,2024/3/14,389.9525,395.7439,376.4393,380.3002,"19,691"
2383 台光電,2024/3/13,428.5617,433.3878,390.9177,390.9177,"21,546"
2383 台光電,2024/3/12,472.9622,480.684,434.3531,434.3531,"16,682"
2383 台光電,2024/3/11,471.0318,483.5797,469.5839,478.7536,"5,410"
2383 台光電,2024/3/8,517.3627,517.3627,472.9622,472.9622,"9,651"
2383 台光電,2024/3/7,505.78,519.2932,496.1277,503.8495,"11,102"
2383 台光電,2024/3/6,477.7884,506.7452,476.8231,496.1277,"6,269"
2383 台光電,2024/3/5,476.8231,491.3016,471.997,481.1667,"7,638"
2383 台光電,2024/3/4,482.6145,484.545,465.2404,470.0665,"7,611"
2383 台光電,2024/3/1,480.684,492.2668,471.0318,476.8231,"8,694"
2383 台光電,2024/2/29,484.545,487.4406,475.8579,477.7884,"6,242"
2383 台光電,2024/2/27,506.7452,506.7452,474.8927,486.4754,"6,051"
2383 台光電,2024/2/26,492.2668,510.6061,486.4754,505.78,"4,895"
2383 台光電,2024/2/23,489.3711,501.9191,482.6145,492.2668,"8,380"
2383 台光電,2024/2/22,495.1625,500.9539,473.4448,473.4448,"6,621"
2383 台光電,2024/2/21,482.1319,487.4406,473.4448,475.3753,"4,970"
2383 台光電,2024/2/20,493.232,495.1625,473.9274,491.3016,"6,662"
2383 台光電,2024/2/19,510.6061,522.1889,493.232,497.0929,"5,893"
2383 台光電,2024/2/16,527.015,530.876,496.1277,515.4323,"8,554"
2383 台光電,2024/2/15,516.3975,527.9803,511.5714,526.0498,"10,073"
2383 台光電,2024/2/5,463.7925,482.6145,463.3099,480.2014,"9,473"
2383 台光電,2024/2/2,448.8315,467.1708,446.901,458.4838,"10,318"
2383 台光電,2024/2/1,438.214,440.1444,430.0095,434.3531,"7,690"
2383 台光電,2024/1/31,452.2098,461.3795,444.0053,444.9706,"8,109"
2383 台光電,2024/1/30,422.2877,458.0012,414.0832,454.1402,"12,845"
2383 台光電,2024/1/29,403.9483,418.9094,403.9483,416.4963,"4,513"
2383 台光電,2024/1/26,402.0179,404.9136,394.296,400.0874,"3,788"
2383 台光電,2024/1/25,415.0485,416.0137,397.6743,400.0874,"5,554"
2383 台光電,2024/1/24,423.7355,425.666,409.7397,409.7397,"4,152"
2383 台光電,2024/1/23,414.5659,423.7355,411.6702,423.7355,"6,968"
2383 台光電,2024/1/22,400.57,420.3572,398.157,420.3572,"15,049"
2383 台光電,2024/1/19,374.5089,384.1611,368.7175,382.2307,"6,899"
2383 台光電,2024/1/18,371.6132,379.8176,366.3044,368.7175,"2,880"
2383 台光電,2024/1/17,379.8176,381.7481,370.6479,371.6132,"4,165"
2383 台光電,2024/1/16,371.6132,380.3002,370.1653,378.3698,"4,325"
2383 台光電,2024/1/15,370.1653,379.335,368.2349,371.6132,"5,955"
2383 台光電,2024/1/12,360.9956,369.6827,360.9956,368.2349,"4,808"
2383 台光電,2024/1/11,343.1389,365.3392,342.6563,362.9261,"5,614"
2383 台光電,2024/1/10,350.3781,351.826,346.0346,346.0346,"2,793"
2383 台光電,2024/1/9,355.2043,358.5826,348.9303,353.2738,"2,531"
2383 台光電,2024/1/8,358.1,361.4783,349.4129,350.3781,"1,932"
2383 台光電,2024/1/5,348.9303,352.7912,345.552,352.7912,"2,622"
2383 台光電,2024/1/4,350.3781,353.2738,340.7258,348.9303,"4,014"
2383 台光電,2024/1/3,350.3781,355.6869,347.9651,349.8955,"3,747"
2383 台光電,2024/1/2,368.7175,368.7175,350.3781,353.2738,"5,112"
2383 台光電,2023/12/29,363.8913,369.6827,362.9261,368.7175,"1,817"
2383 台光電,2023/12/28,365.8218,373.061,363.8913,363.8913,"3,620"
2383 台光電,2023/12/27,363.8913,366.3044,359.5478,364.3739,"1,764"
2383 台光電,2023/12/26,360.9956,363.4087,358.5826,361.4783,"1,136"
2383 台光電,2023/12/25,364.8566,366.787,359.0652,359.0652,"1,922"
2383 台光電,2023/12/22,360.9956,364.3739,358.1,362.4435,"2,841"
2383 台光電,2023/12/21,351.826,360.0304,346.5172,358.1,"6,066"
2383 台光電,2023/12/20,353.7564,359.5478,352.3086,353.7564,"5,545"
2383 台光電,2023/12/19,358.1,358.1,349.4129,352.7912,"6,181"
2383 台光電,2023/12/18,362.9261,364.3739,355.6869,355.6869,"5,568"
2383 台光電,2023/12/15,362.4435,365.3392,359.0652,362.9261,"8,276"
2383 台光電,2023/12/14,373.5436,374.0262,362.4435,364.8566,"6,628"
2383 台光電,2023/12/13,370.1653,376.4393,367.7522,369.6827,"3,525"
2383 台光電,2023/12/12,379.335,382.7133,367.2696,367.7522,"3,844"
2383 台光電,2023/12/11,381.2655,381.7481,377.8872,377.8872,"1,978"
2383 台光電,2023/12/8,375.9567,384.6438,372.5784,379.8176,"4,118"
2383 台光電,2023/12/7,372.0958,375.9567,369.6827,370.6479,"2,197"
2383 台光電,2023/12/6,375.4741,379.335,372.5784,373.061,"2,799"
2383 台光電,2023/12/5,373.061,374.0262,364.3739,371.6132,"4,294"
2383 台光電,2023/12/4,380.3002,388.9873,375.9567,377.8872,"7,491"
2383 台光電,2023/12/1,367.7522,381.7481,363.8913,375.4741,"8,863"
2383 台光電,2023/11/30,364.8566,372.5784,358.1,366.787,"11,882"
2383 台光電,2023/11/29,366.787,372.5784,356.1695,359.0652,"10,751"
2383 台光電,2023/11/28,376.4393,376.4393,360.513,365.3392,"16,053"
2383 台光電,2023/11/27,407.3266,408.2919,384.1611,384.1611,"6,469"
2383 台光電,2023/11/24,410.2223,415.5311,404.9136,407.3266,"3,559"
2383 台光電,2023/11/23,411.1876,418.9094,407.3266,407.8093,"4,270"
2383 台光電,2023/11/22,415.0485,416.4963,407.3266,409.7397,"4,380"
2383 台光電,2023/11/21,424.7008,426.1486,410.7049,420.8398,"7,428"
2383 台光電,2023/11/20,404.9136,430.4921,401.5353,424.7008,"7,833"
2383 台光電,2023/11/17,399.6048,406.3614,396.7091,402.9831,"3,577"
2383 台光電,2023/11/16,398.6396,400.0874,390.4351,400.0874,"4,636"
2383 台光電,2023/11/15,411.1876,411.6702,395.2613,396.7091,"6,609"
2383 台光電,2023/11/14,407.8093,414.0832,402.5005,404.431,"4,376"
2383 台光電,2023/11/13,406.844,410.2223,400.57,407.3266,"3,985"
2383 台光電,2023/11/10,395.7439,403.4657,394.7787,402.5005,"3,788"
2383 台光電,2023/11/9,392.8482,399.1222,389.9525,399.1222,"3,919"
2383 台光電,2023/11/8,387.0568,400.0874,387.0568,389.9525,"4,306"
2383 台光電,2023/11/7,388.5047,390.4351,381.2655,385.609,"3,628"
2383 台光電,2023/11/6,381.7481,387.0568,379.335,386.5742,"4,721"
2383 台光電,2023/11/3,369.2001,379.335,367.7522,374.5089,"4,209"
2383 台光電,2023/11/2,358.5826,376.4393,358.5826,369.6827,"7,254"
2383 台光電,2023/11/1,348.4477,350.3781,339.7606,350.3781,"5,667"
2383 台光電,2023/10/31,375.9567,378.8524,340.7258,346.5172,"7,636"
2383 台光電,2023/10/30,371.1306,378.8524,369.2001,373.5436,"3,145"
2383 台光電,2023/10/27,379.335,382.2307,368.2349,369.6827,"6,507"
2383 台光電,2023/10/26,395.7439,399.1222,374.9915,374.9915,"8,745"
2383 台光電,2023/10/25,398.157,404.9136,395.7439,401.0526,"3,519"
2383 台光電,2023/10/24,386.0916,399.1222,382.2307,399.1222,"3,908"
2383 台光電,2023/10/23,385.1264,393.8134,383.6785,386.0916,"3,584"
2383 台光電,2023/10/20,384.6438,391.4004,372.5784,388.9873,"5,390"
2383 台光電,2023/10/19,379.335,392.8482,378.8524,386.0916,"5,279"
2383 台光電,2023/10/18,391.4004,397.6743,383.1959,388.0221,"9,348"
2383 台光電,2023/10/17,402.5005,406.3614,389.9525,403.4657,"5,484"
2383 台光電,2023/10/16,406.3614,407.3266,396.2265,396.7091,"4,944"
2383 台光電,2023/10/13,420.3572,428.0791,408.2919,410.7049,"7,512"
2383 台光電,2023/10/12,420.3572,428.5617,411.1876,413.6006,"4,434"
2383 台光電,2023/10/11,429.5269,433.3878,415.0485,416.0137,"8,466"
2383 台光電,2023/10/6,433.8704,434.3531,418.4268,424.2181,"5,393"
2383 台光電,2023/10/5,425.1834,434.3531,414.0832,429.5269,"5,144"
2383 台光電,2023/10/4,413.118,425.666,412.1528,425.666,"3,126"
2383 台光電,2023/10/3,431.94,435.8009,419.8746,420.3572,"3,745"
2383 台光電,2023/10/2,422.7703,438.6966,422.7703,433.3878,"7,657"
2383 台光電,2023/9/28,406.844,417.9442,406.3614,413.118,"4,797"
2383 台光電,2023/9/27,397.6743,403.4657,392.3656,403.4657,"2,913"
2383 台光電,2023/9/26,395.7439,402.5005,394.7787,400.57,"4,038"
2383 台光電,2023/9/25,388.0221,397.6743,386.0916,394.296,"3,447"
2383 台光電,2023/9/22,375.4741,391.883,368.7175,388.0221,"6,408"
2383 台光電,2023/9/21,384.1611,388.0221,372.5784,378.8524,"7,882"
2383 台光電,2023/9/20,385.609,402.5005,384.1611,392.3656,"6,288"
2383 台光電,2023/9/19,390.4351,397.1917,380.3002,384.1611,"5,788"
2383 台光電,2023/9/18,402.5005,402.5005,390.4351,392.3656,"5,337"
2383 台光電,2023/9/15,408.2919,411.1876,397.1917,408.2919,"7,495"
2383 台光電,2023/9/14,408.2919,416.9789,406.3614,409.2571,"5,522"
2383 台光電,2023/9/13,416.0137,416.0137,391.883,406.844,"9,579"
2383 台光電,2023/9/12,419.8746,426.6312,410.2223,416.0137,"4,757"
2383 台光電,2023/9/11,432.4226,433.3878,406.3614,421.8051,"6,818"
2383 台光電,2023/9/8,431.94,438.214,418.9094,430.9747,"6,361"
2383 台光電,2023/9/7,431.4574,433.8704,426.6312,430.9747,"2,900"
2383 台光電,2023/9/6,444.0053,444.0053,426.1486,434.3531,"10,133"
2383 台光電,2023/9/5,423.7355,441.5923,422.7703,439.1792,"12,262"
2383 台光電,2023/9/4,427.1138,430.9747,416.0137,423.7355,"8,053"
2383 台光電,2023/9/1,429.5269,433.8704,412.1528,423.2529,"9,261"
2383 台光電,2023/8/31,405.3962,431.4574,405.3962,422.2877,"14,593"
2383 台光電,2023/8/30,405.3962,412.1528,398.6396,401.0526,"8,188"
2383 台光電,2023/8/29,394.296,397.1917,383.1959,389.4699,"4,830"
2383 台光電,2023/8/28,408.2919,410.7049,389.4699,389.9525,"6,965"
2383 台光電,2023/8/25,415.0485,426.6312,401.0526,405.3962,"9,562"
2383 台光電,2023/8/24,434.3531,445.9358,425.666,429.5269,"11,764"
2383 台光電,2023/8/23,410.4654,430.3495,408.0982,418.5137,"9,555"
2383 台光電,2023/8/22,409.9919,416.1465,403.8373,410.4654,"5,847"
2383 台光電,2023/8/21,411.8857,416.1465,398.6296,399.5764,"4,142"
2383 台光電,2023/8/18,409.5185,419.934,394.3687,404.3108,"11,626"
2383 台光電,2023/8/17,414.2528,418.0403,401.4702,412.3591,"10,920"
2383 台光電,2023/8/16,396.7358,418.9871,395.3155,415.1997,"9,254"
2383 台光電,2023/8/15,401.4702,412.3591,395.789,402.417,"10,570"
2383 台光電,2023/8/14,373.0643,391.5281,372.1174,384.4266,"8,367"
2383 台光電,2023/8/11,380.6392,391.5281,370.6971,383.4798,"14,415"
2383 台光電,2023/8/10,411.4122,414.2528,378.272,384.9,"17,355"
2383 台光電,2023/8/9,408.5716,422.7746,400.0499,419.934,"10,984"
2383 台光電,2023/8/8,417.0934,427.9823,407.6248,417.0934,"14,912"
2383 台光電,2023/8/7,392.9484,416.62,392.0015,416.62,"17,145"
2383 台光電,2023/8/4,374.958,384.4266,367.3831,378.7454,"14,920"
2383 台光電,2023/8/2,383.9532,404.3108,372.1174,379.2189,"19,329"
2383 台光電,2023/8/1,386.7938,397.2093,375.9048,382.0595,"11,234"
2383 台光電,2023/7/31,405.731,410.4654,370.6971,392.0015,"15,147"
2383 台光電,2023/7/28,387.2674,404.7844,381.5862,395.7892,"23,189"
2383 台光電,2023/7/27,368.3301,368.3301,368.3301,368.3301,"3,309"
2383 台光電,2023/7/26,339.4507,342.7648,331.8758,335.1899,"8,196"
2383 台光電,2023/7/25,337.0836,344.1851,328.5618,335.6633,"15,702"
2383 台光電,2023/7/24,307.7308,337.557,307.7308,337.557,"11,238"
2383 台光電,2023/7/21,283.5858,316.726,283.5858,307.2574,"15,059"
2383 台光電,2023/7/20,309.6245,321.9338,306.7839,312.9386,"13,801"
2383 台光電,2023/7/19,308.2042,310.098,295.895,301.1028,"8,246"
2383 台光電,2023/7/18,302.523,315.3057,294.4747,308.6777,"14,896"
2383 台光電,2023/7/17,285.0061,296.3684,285.0061,288.7935,"5,780"
2383 台光電,2023/7/14,293.5278,297.3153,282.1655,290.2138,"7,555"
2383 台光電,2023/7/13,284.0592,302.0496,281.692,288.3201,"14,660"
2383 台光電,2023/7/12,276.0109,288.7935,276.0109,281.692,"8,398"
2383 台光電,2023/7/11,264.1751,287.8467,264.1751,279.3249,"12,148"
2383 台光電,2023/7/10,247.1315,268.4359,246.6581,262.7548,"9,467"
2383 台光電,2023/7/7,250.4455,253.7596,244.2909,246.6581,"5,418"
2383 台光電,2023/7/6,249.0252,259.4407,249.0252,252.3393,"9,860"
2383 台光電,2023/7/5,251.3924,260.861,245.2378,254.7064,"10,747"
2383 台光電,2023/7/4,234.8223,255.1798,232.9285,249.0252,"10,168"
2383 台光電,2023/7/3,225.8271,235.2957,222.513,234.3488,"4,839"
2383 台光電,2023/6/30,222.513,231.9817,221.0927,230.5614,"3,457"
2383 台光電,2023/6/29,216.8319,224.4068,215.4116,223.4599,"3,581"
2383 台光電,2023/6/28,218.7256,219.6724,213.9913,213.9913,"3,274"
2383 台光電,2023/6/27,215.4116,220.6193,213.0444,214.4647,"4,632"
2383 台光電,2023/6/26,222.513,223.4599,217.7787,219.6724,"4,234"
2383 台光電,2023/6/21,231.5082,231.5082,225.8271,227.7208,"2,947"
2383 台光電,2023/6/20,231.0348,234.3488,228.1942,230.088,"3,672"
2383 台光電,2023/6/19,230.5614,233.402,225.3536,228.6677,"3,925"
2383 台光電,2023/6/16,235.7691,235.7691,229.1411,231.0348,"4,181"
2383 台光電,2023/6/15,231.0348,236.716,228.1942,235.7691,"5,096"
2383 台光電,2023/6/14,226.3005,232.9285,224.8802,229.6145,"6,148"
2383 台光電,2023/6/13,224.8802,228.1942,219.6724,226.3005,"5,246"
2383 台光電,2023/6/12,222.513,223.9333,216.3584,222.9865,"5,105"
2383 台光電,2023/6/9,223.4599,227.2474,219.199,222.0396,"7,881"
2383 台光電,2023/6/8,217.7787,230.5614,215.885,218.2522,"13,640"
2383 台光電,2023/6/7,204.0492,217.7787,201.682,217.7787,"7,780"
2383 台光電,2023/6/6,202.1555,203.1023,196.0008,198.368,"5,580"
2383 台光電,2023/6/5,200.2617,200.7352,194.1071,197.8946,"2,838"
2383 台光電,2023/6/2,201.2086,201.2086,195.5274,198.8414,"3,620"
2383 台光電,2023/6/1,198.8414,199.7883,195.5274,198.8414,"3,588"
2383 台光電,2023/5/31,201.2086,203.5758,196.0008,199.7883,"8,210"
2383 台光電,2023/5/30,193.6337,200.2617,190.7931,200.2617,"5,825"
2383 台光電,2023/5/29,197.8946,199.3149,189.3728,193.6337,"7,426"
2383 台光電,2023/5/26,196.9477,199.7883,189.8462,191.74,"12,235"
2383 台光電,2023/5/25,187.4791,195.5274,180.3776,193.1603,"13,972"
2383 台光電,2023/5/24,179.4307,184.165,177.537,180.3776,"6,821"
2383 台光電,2023/5/23,181.3245,181.3245,175.1698,177.537,"5,381"
2383 台光電,2023/5/22,175.6433,191.2665,175.6433,180.851,"13,386"
2383 台光電,2023/5/19,172.3292,176.5901,168.5418,174.6964,"5,519"
2383 台光電,2023/5/18,163.334,170.909,162.8606,169.4887,"4,830"
2383 台光電,2023/5/17,161.4403,162.3872,160.02,160.4934,"2,190"
2383 台光電,2023/5/16,160.02,162.3872,158.5997,161.4403,"2,460"
2383 台光電,2023/5/15,151.9717,156.706,151.9717,155.2857,"2,083"
2383 台光電,2023/5/12,156.2326,157.1794,152.9185,152.9185,"1,825"
2383 台光電,2023/5/11,159.5466,160.02,155.7591,156.706,"1,069"
2383 台光電,2023/5/10,161.9137,161.9137,158.1263,159.0732,"1,548"
2383 台光電,2023/5/9,162.3872,163.334,159.0732,161.9137,"1,670"
2383 台光電,2023/5/8,162.8606,164.2809,160.02,162.8606,"2,244"
2383 台光電,2023/5/5,154.8123,161.4403,154.3388,160.9669,"3,538"
2383 台光電,2023/5/4,154.8123,158.5997,154.3388,155.2857,"2,426"
2383 台光電,2023/5/3,150.5514,156.706,150.5514,155.7591,"2,292"
2383 台光電,2023/5/2,155.2857,155.7591,151.0248,151.4982,"2,114"
2383 台光電,2023/4/28,155.7591,160.02,154.3388,154.8123,"3,885"
2383 台光電,2023/4/27,146.7639,159.0732,144.8702,153.392,"6,513"
2383 台光電,2023/4/26,148.6576,150.5514,142.0296,145.3436,"4,915"
2383 台光電,2023/4/25,159.0732,159.0732,150.5514,151.4982,"2,715"
2383 台光電,2023/4/24,160.02,161.9137,157.6529,158.1263,"1,522"
2383 台光電,2023/4/21,163.8075,164.7543,160.02,160.02,"2,015"
2383 台光電,2023/4/20,167.1215,167.5949,163.8075,163.8075,"1,163"
2383 台光電,2023/4/19,172.3292,172.8027,165.7012,167.1215,"2,060"
2383 台光電,2023/4/18,174.223,174.223,171.8558,172.3292,495
2383 台光電,2023/4/17,174.6964,174.6964,170.909,173.7495,"1,423"
2383 台光電,2023/4/14,175.1698,176.5901,173.7495,175.1698,"1,744"
2383 台光電,2023/4/13,174.223,176.5901,170.909,173.2761,"1,926"
2383 台光電,2023/4/12,175.6433,178.0104,174.223,175.6433,"1,475"
2383 台光電,2023/4/11,172.3292,176.5901,171.8558,175.1698,"2,030"
2383 台光電,2023/4/10,170.4355,172.8027,169.0152,172.3292,539
2383 台光電,2023/4/7,170.909,172.3292,169.9621,169.9621,592
2383 台光電,2023/4/6,171.3824,172.8027,168.5418,169.0152,"1,071"
2383 台光電,2023/3/31,174.6964,174.6964,171.3824,172.3292,879
2383 台光電,2023/3/30,171.3824,173.2761,170.909,173.2761,"1,231"
2383 台光電,2023/3/29,168.0684,170.909,167.1215,169.9621,"1,646"
2383 台光電,2023/3/28,170.4355,171.8558,165.2278,166.6481,"2,085"
2383 台光電,2023/3/27,169.0152,171.3824,167.1215,170.4355,"1,737"
2383 台光電,2023/3/24,168.5418,169.9621,167.5949,167.5949,"1,956"
2383 台光電,2023/3/23,168.5418,169.4887,166.6481,168.5418,"2,529"
2383 台光電,2023/3/22,165.2278,170.4355,164.7543,169.0152,"2,669"
2383 台光電,2023/3/21,162.8606,165.2278,161.4403,163.8075,"2,027"
2383 台光電,2023/3/20,161.9137,161.9137,159.5466,161.4403,"1,548"
2383 台光電,2023/3/17,162.3872,163.334,159.0732,161.4403,"2,102"
2383 台光電,2023/3/16,162.3872,164.2809,159.0732,160.4934,"2,729"
2383 台光電,2023/3/15,164.7543,165.7012,161.4403,161.9137,"2,623"
2383 台光電,2023/3/14,167.5949,169.0152,161.9137,163.334,"3,515"
2383 台光電,2023/3/13,173.2761,173.2761,167.5949,170.4355,"2,658"
2383 台光電,2023/3/10,179.9042,180.851,172.8027,173.7495,"1,990"
2383 台光電,2023/3/9,185.5853,185.5853,179.9042,179.9042,"2,122"
2383 台光電,2023/3/8,182.7448,185.5853,181.3245,184.6385,844
2383 台光電,2023/3/7,183.2182,185.1119,180.851,184.165,"1,302"
2383 台光電,2023/3/6,181.3245,184.6385,181.3245,182.2713,"1,624"
2383 台光電,2023/3/3,179.9042,183.6916,178.9573,179.4307,"1,898"
2383 台光電,2023/3/2,178.0104,179.4307,176.5901,178.9573,736
2383 台光電,2023/3/1,179.9042,180.3776,175.1698,178.0104,"1,676"
2383 台光電,2023/2/24,178.4839,184.6385,178.0104,180.3776,"4,137"
2383 台光電,2023/2/23,177.0636,178.0104,174.6964,175.1698,"1,324"
2383 台光電,2023/2/22,179.9042,179.9042,175.1698,175.6433,"1,667"
2383 台光電,2023/2/21,180.3776,183.2182,179.4307,181.7979,"1,886"
2383 台光電,2023/2/20,177.537,180.3776,174.6964,180.3776,"1,782"
2383 台光電,2023/2/17,178.4839,179.4307,176.1167,177.537,818
2383 台光電,2023/2/16,179.4307,180.851,178.4839,180.3776,632
2383 台光電,2023/2/15,178.4839,180.3776,176.1167,177.0636,"1,417"
2383 台光電,2023/2/14,182.7448,183.2182,178.0104,179.4307,"1,495"
2383 台光電,2023/2/13,180.3776,183.2182,179.4307,181.3245,"2,117"
2383 台光電,2023/2/10,181.3245,182.2713,178.0104,179.9042,"2,298"
2383 台光電,2023/2/9,175.1698,180.851,173.7495,179.9042,"1,993"
2383 台光電,2023/2/8,175.1698,176.1167,172.8027,174.6964,"1,658"
2383 台光電,2023/2/7,172.8027,174.6964,171.3824,174.223,"1,977"
2383 台光電,2023/2/6,178.0104,178.0104,172.8027,172.8027,"1,954"
2383 台光電,2023/2/3,178.9573,181.7979,176.5901,179.9042,"2,367"
2383 台光電,2023/2/2,179.4307,181.3245,176.5901,177.0636,"2,557"
2383 台光電,2023/2/1,174.223,183.6916,172.3292,178.9573,"5,251"
2383 台光電,2023/1/31,173.2761,177.0636,169.4887,170.909,"4,262"
2383 台光電,2023/1/30,174.223,174.6964,169.9621,170.909,"1,863"
2383 台光電,2023/1/17,165.7012,169.0152,165.7012,169.0152,"2,013"
2383 台光電,2023/1/16,167.1215,169.9621,160.4934,167.1215,"5,361"
2383 台光電,2023/1/13,176.5901,176.5901,169.9621,170.4355,"1,599"
2383 台光電,2023/1/12,173.2761,177.0636,172.3292,174.223,"1,769"
2383 台光電,2023/1/11,177.0636,177.537,171.3824,171.3824,"1,059"
2383 台光電,2023/1/10,175.1698,178.0104,173.2761,176.1167,"1,140"
2383 台光電,2023/1/9,169.9621,175.1698,169.9621,175.1698,"2,070"
2383 台光電,2023/1/6,164.7543,168.0684,163.334,167.1215,"1,724"
2383 台光電,2023/1/5,170.4355,171.8558,162.3872,165.2278,"2,811"
2383 台光電,2023/1/4,165.7012,171.3824,165.2278,170.4355,"1,495"
2383 台光電,2023/1/3,160.02,168.0684,160.02,167.1215,"1,490"
2383 台光電,2022/12/30,166.6481,167.5949,161.9137,161.9137,"1,200"
2383 台光電,2022/12/29,162.3872,165.2278,160.02,164.7543,"1,179"
2383 台光電,2022/12/28,165.2278,166.1746,162.8606,163.8075,600
2383 台光電,2022/12/27,166.1746,167.1215,165.2278,166.6481,583
2383 台光電,2022/12/26,167.5949,169.4887,164.2809,165.2278,662
2383 台光電,2022/12/23,163.8075,168.5418,162.3872,167.1215,"2,034"
2383 台光電,2022/12/22,165.7012,168.5418,161.9137,168.5418,"4,978"
2383 台光電,2022/12/21,164.2809,165.7012,160.4934,163.334,"5,851"
2383 台光電,2022/12/20,170.4355,172.3292,163.334,163.8075,"6,573"
2383 台光電,2022/12/19,172.3292,173.7495,168.0684,171.8558,"6,506"
2383 台光電,2022/12/16,175.6433,178.0104,172.3292,172.3292,"6,029"
2383 台光電,2022/12/15,177.537,181.7979,176.5901,178.9573,"1,771"
2383 台光電,2022/12/14,178.9573,183.2182,173.7495,178.9573,"3,442"
2383 台光電,2022/12/13,181.7979,182.2713,176.1167,177.0636,"1,797"
2383 台光電,2022/12/12,184.6385,185.5853,178.0104,179.4307,"4,257"
2383 台光電,2022/12/9,183.2182,187.0056,179.4307,187.0056,"3,160"
2383 台光電,2022/12/8,175.1698,183.6916,173.7495,183.2182,"3,129"
2383 台光電,2022/12/7,178.0104,178.9573,171.3824,176.5901,"3,922"
2383 台光電,2022/12/6,179.9042,182.7448,178.9573,179.4307,"3,379"
2383 台光電,2022/12/5,180.851,184.6385,180.3776,181.3245,"2,112"
2383 台光電,2022/12/2,186.0588,186.0588,179.9042,180.3776,"2,058"
2383 台光電,2022/12/1,183.2182,190.3197,181.3245,186.0588,"5,784"
2383 台光電,2022/11/30,174.223,183.6916,172.3292,180.3776,"5,789"
2383 台光電,2022/11/29,170.4355,176.1167,169.9621,172.8027,"2,784"
2383 台光電,2022/11/28,170.4355,172.8027,167.5949,170.909,"2,932"
2383 台光電,2022/11/25,177.0636,178.0104,170.4355,170.4355,"2,762"
2383 台光電,2022/11/24,177.0636,178.4839,170.4355,176.5901,"6,115"
2383 台光電,2022/11/23,169.0152,178.0104,166.6481,176.1167,"6,345"
2383 台光電,2022/11/22,164.2809,168.0684,163.334,167.5949,"2,482"
2383 台光電,2022/11/21,168.0684,168.0684,163.334,163.334,"1,244"
2383 台光電,2022/11/18,168.0684,169.4887,165.2278,166.1746,"2,268"
2383 台光電,2022/11/17,164.7543,168.5418,163.8075,166.1746,"2,320"
2383 台光電,2022/11/16,166.1746,167.1215,161.9137,164.7543,"2,687"
2383 台光電,2022/11/15,162.8606,165.2278,160.4934,164.2809,"1,878"
2383 台光電,2022/11/14,167.1215,168.5418,161.4403,162.8606,"3,550"
2383 台光電,2022/11/11,166.6481,168.5418,160.4934,165.2278,"4,338"
2383 台光電,2022/11/10,159.0732,161.9137,157.6529,161.4403,"1,611"
2383 台光電,2022/11/9,155.7591,160.9669,155.2857,160.02,"3,079"
2383 台光電,2022/11/8,156.706,160.9669,153.392,154.8123,"3,749"
2383 台光電,2022/11/7,157.1794,157.6529,150.0779,155.7591,"4,512"
2383 台光電,2022/11/4,151.0248,155.7591,149.1311,155.7591,"3,879"
2383 台光電,2022/11/3,146.2905,152.9185,145.3436,151.9717,"4,949"
2383 台光電,2022/11/2,141.5562,153.8654,140.6093,149.1311,"9,635"
2383 台光電,2022/11/1,140.1359,145.8171,138.2421,140.1359,"7,076"
2383 台光電,2022/10/31,133.9813,138.7156,133.0344,138.7156,"5,746"
2383 台光電,2022/10/28,128.3001,132.561,127.8266,129.7204,"2,433"
2383 台光電,2022/10/27,124.5126,132.0875,123.5658,131.6141,"4,397"
2383 台光電,2022/10/26,126.4063,127.3532,121.1986,123.0923,"5,383"
2383 台光電,2022/10/25,129.7204,131.6141,123.5658,128.7735,"5,548"
2383 台光電,2022/10/24,130.6672,134.9281,130.1938,132.0875,"2,918"
2383 台光電,2022/10/21,132.561,133.5078,127.8266,127.8266,"2,706"
2383 台光電,2022/10/20,133.0344,136.3484,125.9329,136.3484,"3,712"
2383 台光電,2022/10/19,135.875,138.7156,134.4547,134.4547,"1,432"
2383 台光電,2022/10/18,133.9813,136.8218,133.5078,135.875,"1,115"
2383 台光電,2022/10/17,130.6672,134.4547,127.8266,131.6141,"1,678"
2383 台光電,2022/10/14,134.9281,136.8218,132.561,133.9813,"1,933"
2383 台光電,2022/10/13,129.2469,131.6141,127.3532,129.2469,"2,128"
2383 台光電,2022/10/12,132.0875,133.9813,126.8798,130.6672,"3,474"
2383 台光電,2022/10/11,141.0827,142.503,132.0875,132.0875,"4,001"
2383 台光電,2022/10/7,149.6045,151.0248,146.2905,146.7639,"1,378"
2383 台光電,2022/10/6,153.392,154.3388,150.0779,151.0248,"1,437"
2383 台光電,2022/10/5,155.7591,158.1263,150.5514,151.0248,"2,809"
2383 台光電,2022/10/4,154.3388,156.2326,148.6576,152.9185,"2,954"
2383 台光電,2022/10/3,148.1842,155.2857,146.2905,151.4982,"2,862"
2383 台光電,2022/9/30,145.3436,151.4982,141.0827,151.4982,"5,476"
2383 台光電,2022/9/29,161.4403,163.334,147.2374,150.0779,"6,867"
2383 台光電,2022/9/28,166.6481,168.5418,157.6529,159.0732,"6,039"
2383 台光電,2022/9/27,159.0732,166.6481,159.0732,166.6481,"5,536"
2383 台光電,2022/9/26,157.6529,158.5997,152.4451,158.5997,"2,657"
2383 台光電,2022/9/23,159.5466,161.4403,156.706,157.6529,"1,416"
2383 台光電,2022/9/22,159.0732,160.4934,156.2326,159.5466,"2,655"
2383 台光電,2022/9/21,161.4403,163.334,159.5466,161.4403,"2,155"
2383 台光電,2022/9/20,160.02,162.8606,159.0732,162.8606,"2,645"
2383 台光電,2022/9/19,162.3872,162.8606,157.6529,158.1263,"1,554"
2383 台光電,2022/9/16,164.7543,168.5418,160.02,162.3872,"4,861"
2383 台光電,2022/9/15,158.5997,166.6481,157.1794,164.7543,"4,079"
2383 台光電,2022/9/14,157.1794,160.9669,156.2326,157.6529,"1,545"
2383 台光電,2022/9/13,163.8075,164.2809,160.9669,161.9137,"1,944"
2383 台光電,2022/9/12,164.2809,165.2278,159.0732,161.9137,"2,632"
2383 台光電,2022/9/8,162.3872,166.1746,160.02,160.9669,"4,953"
2383 台光電,2022/9/7,154.3388,162.3872,151.0248,161.4403,"4,129"
2383 台光電,2022/9/6,162.8606,169.9621,154.8123,155.7591,"8,637"
2383 台光電,2022/9/5,161.9137,166.6481,159.0732,162.3872,"8,287"
2383 台光電,2022/9/2,150.0779,163.8075,149.1311,160.9669,"5,851"
2383 台光電,2022/9/1,152.4451,152.4451,148.1842,149.1311,"1,492"
2383 台光電,2022/8/31,151.0248,153.8654,150.5514,153.392,577
2383 台光電,2022/8/30,149.1311,152.9185,148.6576,151.4982,"1,175"
2383 台光電,2022/8/29,151.9717,152.4451,148.1842,149.1311,"1,861"
2383 台光電,2022/8/26,157.6529,158.1263,155.7591,156.706,"1,075"
2383 台光電,2022/8/25,156.706,158.1263,154.3388,155.7591,"4,769"
2383 台光電,2022/8/24,156.1232,157.0153,153.4468,154.3389,"2,956"
2383 台光電,2022/8/23,153.4468,157.0153,153.4468,155.231,"2,332"
2383 台光電,2022/8/22,152.5546,158.7996,151.6625,155.231,"4,074"
2383 台光電,2022/8/19,157.0153,161.476,155.6771,157.4614,"2,629"
2383 台光電,2022/8/18,156.1232,157.0153,153.0007,155.6771,"2,322"
2383 台光電,2022/8/17,157.0153,158.7996,155.231,157.0153,"2,211"
2383 台光電,2022/8/16,158.3535,158.7996,156.1232,156.1232,"2,641"
2383 台光電,2022/8/15,156.1232,160.5838,153.0007,157.4614,"5,233"
2383 台光電,2022/8/12,148.54,153.8928,147.6479,152.5546,"3,350"
2383 台光電,2022/8/11,146.7558,148.9861,144.5255,148.54,"2,948"
2383 台光電,2022/8/10,143.6333,145.8637,143.1873,144.0794,"1,148"
2383 台光電,2022/8/9,141.8491,146.3097,141.403,145.4176,"1,213"
2383 台光電,2022/8/8,143.1873,143.6333,140.9569,142.7412,"1,337"
2383 台光電,2022/8/5,144.5255,146.7558,143.6333,145.8637,"1,416"
2383 台光電,2022/8/4,143.1873,144.9715,140.0648,144.5255,"2,724"
2383 台光電,2022/8/3,144.5255,146.3097,142.7412,144.0794,"2,136"
2383 台光電,2022/8/2,148.094,148.9861,143.6333,145.4176,"3,203"
2383 台光電,2022/8/1,149.4322,153.0007,145.8637,149.8782,"3,482"
2383 台光電,2022/7/29,143.6333,148.9861,141.8491,148.094,"2,838"
2383 台光電,2022/7/28,148.54,148.54,138.7266,141.403,"4,115"
2383 台光電,2022/7/27,143.6333,146.3097,140.9569,146.3097,"1,059"
2383 台光電,2022/7/26,144.5255,145.4176,141.403,143.6333,"2,117"
2383 台光電,2022/7/25,148.094,148.54,143.1873,144.0794,"2,836"
2383 台光電,2022/7/22,153.0007,155.6771,147.6479,148.54,"4,884"
2383 台光電,2022/7/21,148.094,151.6625,145.8637,151.6625,"3,396"
2383 台光電,2022/7/20,145.4176,149.8782,144.5255,145.8637,"5,917"
2383 台光電,2022/7/19,136.4963,146.3097,136.4963,142.7412,"4,040"
2383 台光電,2022/7/18,136.4963,139.1727,132.4817,139.1727,"4,256"
2383 台光電,2022/7/15,137.8345,139.6187,130.6974,137.8345,"5,523"
2383 台光電,2022/7/14,132.4817,140.9569,131.1435,140.0648,"5,301"
2383 台光電,2022/7/13,138.7266,139.1727,129.3592,132.9277,"8,388"
2383 台光電,2022/7/12,144.9715,145.8637,135.1581,135.1581,"3,595"
2383 台光電,2022/7/11,150.7704,152.1086,148.094,149.8782,"1,170"
2383 台光電,2022/7/8,149.4322,152.1086,146.7558,148.54,"2,373"
2383 台光電,2022/7/7,148.094,148.54,140.9569,147.2018,"3,972"
2383 台光電,2022/7/6,154.3389,155.231,144.5255,145.8637,"3,304"
2383 台光電,2022/7/5,157.0153,157.9074,147.6479,152.1086,"1,621"
2383 台光電,2022/7/4,158.3535,158.3535,149.8782,153.8928,"1,291"
2383 台光電,2022/7/1,160.5838,163.7063,154.3389,154.785,"1,815"
2383 台光電,2022/6/30,168.613,169.5052,157.9074,159.2456,"2,891"
2383 台光電,2022/6/29,166.3827,169.9512,166.3827,168.613,502
2383 台光電,2022/6/28,173.9658,174.4119,165.0445,170.8434,"1,502"
2383 台光電,2022/6/27,169.5052,178.4265,169.5052,173.5198,"1,773"
2383 台光電,2022/6/24,166.8288,171.7355,164.1524,166.8288,"1,920"
2383 台光電,2022/6/23,167.7209,169.0591,162.8142,165.4906,"2,067"
2383 台光電,2022/6/22,176.6422,177.0883,161.0299,164.1524,"3,883"
2383 台光電,2022/6/21,176.6422,177.5344,172.1816,175.7501,"1,953"
2383 台光電,2022/6/20,184.2253,185.5635,174.4119,174.4119,"2,019"
2383 台光電,2022/6/17,185.5635,188.2399,180.6568,183.7793,"2,126"
2383 台光電,2022/6/16,204.2983,204.2983,188.686,189.5781,"2,242"
2383 台光電,2022/6/15,205.1905,206.0826,198.9455,199.8377,"1,506"
2383 台光電,2022/6/14,206.0826,207.8669,201.1759,203.4062,"1,762"
2383 台光電,2022/6/13,208.759,209.6511,207.8669,207.8669,610
2383 台光電,2022/6/10,211.4354,214.5578,210.9893,213.2196,921
2383 台光電,2022/6/9,214.5578,215.896,212.3275,214.5578,882
2383 台光電,2022/6/8,207.4208,217.2342,207.4208,213.6657,"2,577"
2383 台光電,2022/6/7,205.1905,208.3129,205.1905,207.4208,539
2383 台光電,2022/6/6,201.1759,206.5287,200.2837,205.1905,660
2383 台光電,2022/6/2,204.7444,205.1905,200.2837,200.7298,643
2383 台光電,2022/6/1,207.8669,208.759,203.8523,205.1905,791
2383 台光電,2022/5/31,207.8669,209.6511,206.0826,207.4208,617
2383 台光電,2022/5/30,210.0972,210.0972,203.4062,207.8669,"1,643"
2383 台光電,2022/5/27,210.5433,215.896,205.6365,207.4208,"3,336"
2383 台光電,2022/5/26,203.4062,212.3275,203.4062,207.8669,"3,260"
2383 台光電,2022/5/25,200.7298,203.4062,199.3916,201.6219,948
2383 台光電,2022/5/24,202.9601,205.1905,198.9455,200.7298,"1,981"
2383 台光電,2022/5/23,206.5287,206.5287,200.7298,201.6219,"1,760"
2383 台光電,2022/5/20,201.6219,204.2983,200.2837,203.4062,"1,122"
2383 台光電,2022/5/19,198.4995,202.5141,196.7152,201.6219,"2,248"
2383 台光電,2022/5/18,197.6073,205.1905,197.6073,202.9601,"3,255"
2383 台光電,2022/5/17,196.2691,198.9455,194.9309,197.1613,"1,095"
2383 台光電,2022/5/16,203.8523,205.6365,193.1467,195.8231,"3,275"
2383 台光電,2022/5/13,193.1467,202.5141,191.8085,199.8377,"3,441"
2383 台光電,2022/5/12,189.5781,194.0388,188.2399,190.0242,"1,917"
2383 台光電,2022/5/11,187.7939,192.7006,187.3478,187.7939,"1,717"
2383 台光電,2022/5/10,183.3332,191.8085,182.8871,190.9163,"2,313"
2383 台光電,2022/5/9,190.4703,190.4703,186.0096,187.7939,"2,270"
2383 台光電,2022/5/6,191.8085,194.0388,190.4703,191.8085,"1,651"
2383 台光電,2022/5/5,199.8377,202.9601,197.1613,198.0534,"2,241"
2383 台光電,2022/5/4,191.3624,200.2837,190.9163,198.0534,"2,752"
2383 台光電,2022/5/3,195.377,198.0534,190.9163,191.8085,"1,496"
2383 台光電,2022/4/29,195.377,199.8377,194.9309,198.0534,"2,095"
2383 台光電,2022/4/28,212.3275,212.7736,190.9163,192.7006,"4,507"
2383 台光電,2022/4/27,206.0826,209.6511,199.8377,207.8669,"1,378"
2383 台光電,2022/4/26,210.9893,213.2196,207.8669,210.0972,973
2383 台光電,2022/4/25,212.3275,214.5578,209.6511,210.0972,"1,002"
2383 台光電,2022/4/22,214.5578,218.5724,214.5578,217.2342,677
2383 台光電,2022/4/21,215.45,219.4646,214.5578,218.5724,958
2383 台光電,2022/4/20,212.3275,216.3421,212.3275,216.3421,735
2383 台光電,2022/4/19,213.6657,214.5578,208.759,210.5433,"1,251"
2383 台光電,2022/4/18,206.9747,210.9893,205.1905,209.2051,"1,014"
2383 台光電,2022/4/15,211.4354,211.4354,208.759,210.0972,966
2383 台光電,2022/4/14,212.7736,215.896,212.3275,214.5578,687
2383 台光電,2022/4/13,206.9747,213.6657,206.9747,212.7736,"1,175"
2383 台光電,2022/4/12,208.3129,218.1264,207.8669,211.4354,"2,507"
2383 台光電,2022/4/11,227.9398,228.3859,209.2051,214.1118,"2,803"
2383 台光電,2022/4/8,231.9544,235.0769,227.9398,229.278,982
2383 台光電,2022/4/7,227.9398,230.1702,223.9252,227.4938,"1,220"
2383 台光電,2022/4/6,229.278,231.5084,227.4938,229.278,647
2383 台光電,2022/4/1,230.1702,232.8466,227.4938,232.8466,713
2383 台光電,2022/3/31,232.8466,233.7387,228.832,230.1702,"1,171"
2383 台光電,2022/3/30,233.2926,236.8612,232.8466,232.8466,"1,590"
2383 台光電,2022/3/29,233.2926,234.6308,230.6162,231.0623,773
2383 台光電,2022/3/28,229.278,233.2926,227.4938,232.8466,739
2383 台光電,2022/3/25,231.5084,231.9544,229.278,229.278,520
2383 台光電,2022/3/24,230.6162,230.6162,226.6016,229.278,730
2383 台光電,2022/3/23,232.4005,233.7387,229.7241,230.6162,522
2383 台光電,2022/3/22,234.6308,234.6308,229.278,229.7241,263
2383 台光電,2022/3/21,230.6162,231.0623,227.4938,228.3859,194
2383 台光電,2022/3/18,227.4938,230.1702,227.0477,227.4938,"1,136"
2383 台光電,2022/3/17,224.3713,230.6162,221.6949,230.6162,"2,127"
2383 台光電,2022/3/16,224.8174,225.2634,215.0039,218.1264,"1,893"
2383 台光電,2022/3/15,226.1556,227.0477,221.6949,222.141,"1,267"
2383 台光電,2022/3/14,225.7095,228.832,221.2488,225.2634,"1,663"
2383 台光電,2022/3/11,231.9544,232.8466,223.9252,225.7095,"1,480"
2383 台光電,2022/3/10,233.7387,233.7387,230.1702,231.9544,988
2383 台光電,2022/3/9,229.278,230.1702,224.8174,226.6016,"1,333"
2383 台光電,2022/3/8,223.0331,235.0769,222.587,226.6016,"1,826"
2383 台光電,2022/3/7,238.1994,238.6454,229.7241,233.7387,"2,239"
2383 台光電,2022/3/4,242.66,245.3364,240.8758,243.5522,823
2383 台光電,2022/3/3,248.0128,248.9049,242.66,244.4443,"1,203"
2383 台光電,2022/3/2,241.7679,245.7825,239.9836,245.7825,"1,303"
2383 台光電,2022/3/1,242.66,244.8903,236.4151,243.5522,"2,812"
2383 台光電,2022/2/25,252.9195,255.5959,238.1994,240.8758,"3,637"
2383 台光電,2022/2/24,254.2577,256.042,248.0128,248.9049,"2,773"
2383 台光電,2022/2/23,245.7825,256.9341,245.7825,256.9341,"2,606"
2383 台光電,2022/2/22,245.7825,248.9049,243.1061,248.9049,"1,196"
2383 台光電,2022/2/21,245.7825,248.0128,244.4443,248.0128,717
2383 台光電,2022/2/18,246.2285,248.0128,243.5522,248.0128,"1,488"
2383 台光電,2022/2/17,246.6746,249.7971,246.2285,249.7971,"1,055"
2383 台光電,2022/2/16,245.3364,247.1207,242.214,245.7825,"1,507"
2383 台光電,2022/2/15,241.7679,244.4443,241.3218,241.7679,625
2383 台光電,2022/2/14,247.1207,247.1207,240.4297,242.214,961
2383 台光電,2022/2/11,254.2577,254.2577,248.9049,248.9049,"2,451"
2383 台光電,2022/2/10,247.5667,255.1499,246.2285,254.7038,"3,119"
2383 台光電,2022/2/9,246.6746,249.351,244.4443,245.7825,"1,922"
2383 台光電,2022/2/8,247.1207,253.3656,241.7679,245.3364,"3,947"
2383 台光電,2022/2/7,245.3364,245.3364,239.9836,242.214,"1,778"
2383 台光電,2022/1/26,237.7533,238.6454,228.832,235.969,"2,285"
2383 台光電,2022/1/25,244.4443,244.8903,235.523,236.4151,"2,089"
2383 台光電,2022/1/24,238.1994,245.3364,237.7533,245.3364,"1,004"
2383 台光電,2022/1/21,245.7825,248.0128,240.8758,243.5522,"2,275"
2383 台光電,2022/1/20,248.0128,250.6892,245.7825,248.9049,"2,103"
2383 台光電,2022/1/19,240.8758,251.5813,240.8758,251.1353,"1,673"
2383 台光電,2022/1/18,239.0915,252.0274,239.0915,246.2285,"2,820"
2383 台光電,2022/1/17,238.1994,244.4443,233.2926,244.4443,"2,921"
2383 台光電,2022/1/14,233.7387,239.0915,230.6162,238.1994,"1,449"
2383 台光電,2022/1/13,234.1848,237.7533,231.0623,233.7387,"2,352"
2383 台光電,2022/1/12,240.8758,240.8758,228.832,233.7387,"1,904"
2383 台光電,2022/1/11,243.1061,244.8903,232.8466,234.1848,"2,992"
2383 台光電,2022/1/10,244.4443,246.6746,243.1061,245.3364,"2,271"
2383 台光電,2022/1/7,254.7038,255.1499,242.66,243.5522,"3,024"
2383 台光電,2022/1/6,248.9049,257.3802,248.9049,254.2577,"4,177"
2383 台光電,2022/1/5,247.5667,251.1353,246.2285,250.2431,"2,508"
2383 台光電,2022/1/4,247.5667,249.7971,244.4443,247.1207,"3,274"
2383 台光電,2022/1/3,249.7971,265.8555,245.3364,247.5667,"4,494"
2383 台光電,2021/12/30,250.6892,251.1353,247.5667,248.0128,752
2383 台光電,2021/12/29,248.9049,250.6892,247.5667,249.351,729
2383 台光電,2021/12/28,247.5667,248.9049,245.7825,247.5667,950
2383 台光電,2021/12/27,247.1207,249.7971,243.9982,247.5667,"1,039"
2383 台光電,2021/12/24,251.5813,252.4735,245.3364,246.6746,"1,753"
2383 台光電,2021/12/23,248.4589,252.0274,246.2285,250.6892,"2,346"
2383 台光電,2021/12/22,248.9049,248.9049,241.3218,245.7825,"1,805"
2383 台光電,2021/12/21,248.0128,248.9049,243.5522,245.7825,"1,259"
2383 台光電,2021/12/20,246.6746,250.6892,245.7825,245.7825,970
2383 台光電,2021/12/17,249.7971,251.1353,244.8903,246.6746,"2,642"
2383 台光電,2021/12/16,248.9049,254.2577,247.1207,252.0274,"2,833"
2383 台光電,2021/12/15,244.4443,247.5667,242.66,245.3364,"1,730"
2383 台光電,2021/12/14,248.0128,248.4589,241.7679,244.4443,"2,102"
2383 台光電,2021/12/13,248.0128,251.1353,245.3364,248.9049,"1,531"
2383 台光電,2021/12/10,246.6746,253.3656,242.66,249.7971,"2,262"
2383 台光電,2021/12/9,256.042,261.3948,243.9982,246.6746,"3,861"
2383 台光電,2021/12/8,249.7971,252.4735,246.2285,249.7971,"2,656"
2383 台光電,2021/12/7,255.5959,258.7184,247.5667,248.0128,"5,018"
2383 台光電,2021/12/6,244.4443,246.6746,239.0915,245.7825,"2,830"
2383 台光電,2021/12/3,242.66,246.2285,237.3072,244.8903,"3,318"
2383 台光電,2021/12/2,246.2285,248.0128,238.1994,239.9836,"5,100"
2383 台光電,2021/12/1,245.7825,250.6892,241.7679,249.351,"5,405"
2383 台光電,2021/11/30,259.1645,261.8409,246.2285,249.7971,"6,583"
2383 台光電,2021/11/29,238.1994,250.2431,237.7533,249.7971,"7,369"
2383 台光電,2021/11/26,233.2926,243.1061,232.8466,243.1061,"10,346"
2383 台光電,2021/11/25,224.8174,240.4297,224.3713,240.4297,"13,354"
2383 台光電,2021/11/24,209.6511,221.2488,209.6511,218.5724,"7,645"
2383 台光電,2021/11/23,207.4208,207.4208,203.4062,203.8523,"1,188"
2383 台光電,2021/11/22,203.8523,208.759,203.4062,207.8669,"1,422"
2383 台光電,2021/11/19,208.3129,208.3129,202.068,202.9601,"2,299"
2383 台光電,2021/11/18,209.2051,210.0972,203.4062,206.9747,"2,822"
2383 台光電,2021/11/17,209.6511,214.1118,204.2983,207.8669,"3,274"
2383 台光電,2021/11/16,209.6511,210.0972,205.1905,207.8669,"1,808"
2383 台光電,2021/11/15,208.759,212.3275,207.8669,208.759,"1,554"
2383 台光電,2021/11/12,207.8669,210.5433,205.6365,206.9747,928
2383 台光電,2021/11/11,203.4062,209.6511,203.4062,204.7444,"1,120"
2383 台光電,2021/11/10,208.3129,208.3129,205.1905,206.0826,662
2383 台光電,2021/11/9,208.3129,210.5433,206.5287,206.9747,"1,275"
2383 台光電,2021/11/8,206.0826,206.9747,202.9601,205.1905,"1,001"
2383 台光電,2021/11/5,207.8669,208.3129,202.068,205.6365,"1,613"
2383 台光電,2021/11/4,205.1905,209.2051,204.7444,206.5287,"1,817"
2383 台光電,2021/11/3,206.0826,208.759,202.068,206.9747,"2,680"
2383 台光電,2021/11/2,210.5433,210.5433,202.068,203.8523,"3,154"
2383 台光電,2021/11/1,212.3275,215.45,205.6365,208.759,"4,680"
2383 台光電,2021/10/29,216.7882,224.3713,208.759,214.5578,"7,666"
2383 台光電,2021/10/28,210.0972,221.2488,210.0972,214.5578,"11,433"
2383 台光電,2021/10/27,195.377,203.8523,195.377,202.9601,"3,137"
2383 台光電,2021/10/26,196.2691,197.1613,194.4849,194.4849,870
2383 台光電,2021/10/25,194.0388,195.377,192.2545,194.4849,841
2383 台光電,2021/10/22,191.3624,195.377,190.9163,194.0388,"1,090"
2383 台光電,2021/10/21,195.377,196.2691,189.5781,189.5781,"1,099"
2383 台光電,2021/10/20,194.4849,199.3916,193.5927,193.5927,"2,536"
2383 台光電,2021/10/19,185.5635,198.4995,185.5635,191.8085,"3,677"
2383 台光電,2021/10/18,188.2399,190.0242,184.2253,184.6714,"1,136"
2383 台光電,2021/10/15,186.0096,189.1321,183.7793,188.686,"1,764"
2383 台光電,2021/10/14,181.5489,185.5635,179.3186,184.2253,"2,323"
2383 台光電,2021/10/13,185.5635,187.3478,178.4265,178.4265,"2,029"
2383 台光電,2021/10/12,188.2399,191.3624,184.2253,184.6714,"1,615"
2383 台光電,2021/10/8,188.2399,194.4849,188.2399,191.3624,"1,663"
2383 台光電,2021/10/7,181.5489,192.2545,181.5489,188.686,"3,886"
2383 台光電,2021/10/6,194.4849,196.2691,180.6568,181.1029,"5,403"
2383 台光電,2021/10/5,185.5635,195.377,180.2107,194.4849,"3,002"
2383 台光電,2021/10/4,187.3478,191.3624,186.4557,186.9017,"1,760"
2383 台光電,2021/10/1,192.2545,192.2545,186.4557,187.3478,"2,896"
2383 台光電,2021/9/30,194.4849,197.1613,189.5781,194.0388,"3,816"
2383 台光電,2021/9/29,198.4995,198.9455,187.3478,191.3624,"8,022"
2383 台光電,2021/9/28,198.9455,204.2983,198.4995,203.4062,"3,860"
2383 台光電,2021/9/27,202.068,207.8669,198.0534,201.6219,"7,503"
2383 台光電,2021/9/24,220.3567,224.3713,210.9893,212.3275,"12,195"
2383 台光電,2021/9/23,213.2196,224.3713,208.759,222.141,"12,178"
2383 台光電,2021/9/22,200.2837,210.0972,198.0534,207.4208,"3,188"
2383 台光電,2021/9/17,204.7444,207.4208,202.9601,202.9601,"3,523"
2383 台光電,2021/9/16,197.6073,207.8669,196.2691,206.0826,"4,256"
2383 台光電,2021/9/15,198.4995,198.4995,192.2545,195.8231,"2,422"
2383 台光電,2021/9/14,195.8231,199.8377,195.8231,198.4995,"1,318"
2383 台光電,2021/9/13,200.7298,201.1759,195.377,195.8231,"1,780"
2383 台光電,2021/9/10,201.6219,202.068,197.6073,200.7298,"1,782"
2383 台光電,2021/9/9,196.2691,204.2983,196.2691,202.068,"2,424"
2383 台光電,2021/9/8,202.068,203.4062,190.4703,197.6073,"4,895"
2383 台光電,2021/9/7,209.2051,209.2051,202.068,203.4062,"2,829"
2383 台光電,2021/9/6,210.9893,214.1118,205.6365,206.0826,"4,327"
2383 台光電,2021/9/3,208.759,209.2051,201.6219,206.9747,"3,012"
2383 台光電,2021/9/2,211.4354,213.6657,205.6365,206.9747,"2,860"
2383 台光電,2021/9/1,209.2051,211.8814,205.6365,211.4354,"3,538"
2383 台光電,2021/8/31,203.8523,208.759,200.7298,208.759,"2,355"
2383 台光電,2021/8/30,206.0826,206.9747,203.4062,205.1905,"1,325"
2383 台光電,2021/8/27,207.4208,208.759,202.068,203.8523,"2,439"
2383 台光電,2021/8/26,204.7444,207.8669,199.3916,206.9747,"2,761"
2383 台光電,2021/8/25,204.6775,207.2738,199.9175,202.5139,"3,891"
2383 台光電,2021/8/24,202.9466,209.4374,201.6484,204.6775,"5,533"
2383 台光電,2021/8/23,204.6775,205.1102,197.7539,200.3503,"5,241"
2383 台光電,2021/8/20,197.3212,204.6775,194.2921,203.812,"7,939"
2383 台光電,2021/8/19,190.8304,203.3793,189.9649,197.3212,"9,510"
2383 台光電,2021/8/18,178.7142,193.8594,177.8487,192.5613,"5,386"
2383 台光電,2021/8/17,180.0123,187.3686,180.0123,180.0123,"3,563"
2383 台光電,2021/8/16,178.7142,180.0123,173.0888,177.416,"2,303"
2383 台光電,2021/8/13,189.5322,189.5322,179.5796,180.0123,"3,109"
2383 台光電,2021/8/12,183.0414,191.2631,183.0414,190.8304,"2,528"
2383 台光電,2021/8/11,185.205,189.5322,181.7432,183.9068,"3,762"
2383 台光電,2021/8/10,186.5032,190.3977,180.8778,186.5032,"3,651"
2383 台光電,2021/8/9,190.3977,193.4267,185.205,186.5032,"1,516"
2383 台光電,2021/8/6,191.6958,192.1285,189.5322,191.6958,"1,111"
2383 台光電,2021/8/5,189.0995,193.4267,188.234,192.5613,"2,981"
2383 台光電,2021/8/4,193.8594,194.2921,187.8013,189.0995,"3,479"
2383 台光電,2021/8/3,191.2631,193.8594,187.3686,192.994,"3,344"
2383 台光電,2021/8/2,194.7249,198.6194,189.0995,190.8304,"3,165"
2383 台光電,2021/7/30,199.0521,202.0811,192.994,194.7249,"2,861"
2383 台光電,2021/7/29,202.5139,203.3793,196.4558,198.1866,"3,122"
2383 台光電,2021/7/28,197.3212,202.5139,187.8013,199.0521,"4,951"
2383 台光電,2021/7/27,205.9756,206.4084,196.4558,199.9175,"2,233"
2383 台光電,2021/7/26,199.9175,204.6775,198.1866,204.2448,"2,198"
2383 台光電,2021/7/23,205.5429,205.9756,196.4558,199.4848,"3,364"
2383 台光電,2021/7/22,205.9756,208.1393,201.2157,203.3793,"2,536"
2383 台光電,2021/7/21,204.2448,209.4374,200.783,204.2448,"5,365"
2383 台光電,2021/7/20,205.9756,212.0337,198.6194,199.9175,"7,100"
2383 台光電,2021/7/19,206.4084,215.0628,204.2448,209.8701,"10,195"
2383 台光電,2021/7/16,195.5903,206.4084,194.7249,206.4084,"6,278"
2383 台光電,2021/7/15,201.2157,201.6484,194.2921,198.1866,"5,245"
2383 台光電,2021/7/14,196.4558,202.9466,190.3977,199.9175,"12,040"
2383 台光電,2021/7/13,188.6668,197.7539,187.8013,193.4267,"15,267"
2383 台光電,2021/7/12,192.994,193.4267,185.205,186.9359,"7,238"
2383 台光電,2021/7/9,190.8304,197.7539,188.234,189.0995,"12,597"
2383 台光電,2021/7/8,188.6668,192.1285,184.3395,189.5322,"7,384"
2383 台光電,2021/7/7,189.5322,192.1285,186.0704,187.8013,"5,231"
2383 台光電,2021/7/6,193.8594,194.2921,187.8013,188.6668,"4,964"
2383 台光電,2021/7/5,189.5322,195.5903,186.9359,192.994,"7,626"
2383 台光電,2021/7/2,184.7723,188.6668,182.1759,187.3686,"5,759"
2383 台光電,2021/7/1,189.5322,190.8304,178.2814,181.7432,"8,011"
2383 台光電,2021/6/30,202.9466,202.9466,183.4741,188.6668,"18,671"
2383 台光電,2021/6/29,187.8013,203.3793,184.7723,203.3793,"10,641"
2383 台光電,2021/6/28,185.6377,191.6958,183.4741,185.205,"4,975"
2383 台光電,2021/6/25,187.8013,190.8304,181.7432,184.7723,"5,021"
2383 台光電,2021/6/24,184.3395,187.8013,181.7432,186.5032,"5,096"
2383 台光電,2021/6/23,179.5796,187.3686,177.416,184.7723,"8,655"
2383 台光電,2021/6/22,187.8013,193.8594,174.3869,176.9833,"12,493"
2383 台光電,2021/6/21,182.1759,184.7723,179.1469,184.7723,"4,445"
2383 台光電,2021/6/18,183.9068,184.7723,179.5796,183.4741,"6,417"
2383 台光電,2021/6/17,182.1759,186.9359,180.445,185.205,"9,326"
2383 台光電,2021/6/16,179.1469,184.7723,176.1178,181.7432,"10,022"
2383 台光電,2021/6/15,179.5796,187.3686,177.8487,179.5796,"18,446"
2383 台光電,2021/6/11,169.627,180.8778,166.5979,174.8197,"34,600"
2383 台光電,2021/6/10,158.809,170.0597,157.5108,170.0597,"29,374"
2383 台光電,2021/6/9,145.8273,157.5108,145.3946,154.9145,"10,952"
2383 台光電,2021/6/8,140.6346,147.9909,140.2019,145.8273,"5,938"
2383 台光電,2021/6/7,141.0674,141.5001,135.8747,140.6346,"4,155"
2383 台光電,2021/6/4,137.1729,139.3365,136.7401,138.0383,"1,289"
2383 台光電,2021/6/3,138.9037,139.3365,137.1729,138.0383,"1,301"
2383 台光電,2021/6/2,140.2019,141.9328,136.7401,138.471,"1,851"
2383 台光電,2021/6/1,141.9328,142.7982,140.2019,140.6346,"3,000"
2383 台光電,2021/5/31,138.471,141.9328,138.0383,141.9328,"2,772"
2383 台光電,2021/5/28,138.0383,138.9037,136.7401,137.1729,842
2383 台光電,2021/5/27,136.3074,137.6056,135.442,135.8747,"1,070"
2383 台光電,2021/5/26,139.3365,140.6346,137.6056,138.0383,840
2383 台光電,2021/5/25,137.6056,140.2019,137.1729,139.3365,"1,186"
2383 台光電,2021/5/24,134.1438,137.6056,132.8456,137.1729,982
2383 台光電,2021/5/21,138.0383,138.0383,134.1438,135.442,"1,366"
2383 台光電,2021/5/20,137.1729,137.6056,135.0092,135.442,721
2383 台光電,2021/5/19,137.6056,138.0383,135.8747,137.1729,"1,153"
2383 台光電,2021/5/18,135.8747,138.9037,134.1438,137.6056,"1,978"
2383 台光電,2021/5/17,126.3548,135.8747,126.3548,134.1438,"3,143"
2383 台光電,2021/5/14,131.9802,138.471,130.682,135.8747,"4,037"
2383 台光電,2021/5/13,125.4894,132.4129,122.4603,131.1147,"3,627"
2383 台光電,2021/5/12,136.3074,138.0383,125.4894,129.8166,"6,215"
2383 台光電,2021/5/11,141.9328,143.6637,136.7401,139.3365,"4,449"
2383 台光電,2021/5/10,149.2891,151.8854,144.5291,145.3946,"2,428"
2383 台光電,2021/5/7,146.26,149.2891,144.5291,149.2891,"2,897"
2383 台光電,2021/5/6,145.3946,147.9909,141.0674,144.0964,"3,669"
2383 台光電,2021/5/5,150.1545,151.4527,142.7982,142.7982,"3,725"
2383 台光電,2021/5/4,157.0781,158.3762,144.0964,149.7218,"4,827"
2383 台光電,2021/5/3,155.7799,159.6744,154.049,155.3472,"5,715"
2383 台光電,2021/4/29,156.2126,156.2126,151.8854,154.049,"2,709"
2383 台光電,2021/4/28,157.5108,157.5108,152.7508,154.4817,"3,306"
2383 台光電,2021/4/27,159.2417,159.6744,154.9145,157.5108,"1,987"
2383 台光電,2021/4/26,157.9435,158.3762,154.049,157.5108,"2,783"
2383 台光電,2021/4/23,153.1836,155.7799,151.4527,155.3472,"2,306"
2383 台光電,2021/4/22,158.3762,162.7034,151.4527,151.4527,"7,704"
2383 台光電,2021/4/21,151.4527,156.6453,150.5872,156.6453,"5,786"
2383 台光電,2021/4/20,147.1255,153.1836,146.6927,151.8854,"7,767"
2383 台光電,2021/4/19,146.6927,148.4236,144.5291,146.6927,"3,363"
2383 台光電,2021/4/16,147.1255,147.1255,145.3946,146.6927,"1,629"
2383 台光電,2021/4/15,147.1255,147.5582,144.5291,145.8273,"1,777"
2383 台光電,2021/4/14,147.9909,151.4527,143.6637,146.26,"6,842"
2383 台光電,2021/4/13,147.9909,147.9909,143.6637,144.5291,"1,504"
2383 台光電,2021/4/12,147.5582,147.9909,146.26,147.1255,"1,336"
2383 台光電,2021/4/9,149.7218,149.7218,145.8273,146.26,"2,897"
2383 台光電,2021/4/8,147.1255,148.8563,145.8273,148.4236,"2,425"
2383 台光電,2021/4/7,146.26,146.6927,144.9618,146.26,"1,299"
2383 台光電,2021/4/6,146.6927,146.6927,144.5291,144.9618,"1,580"
2383 台光電,2021/4/1,147.1255,147.1255,144.9618,145.8273,915
2383 台光電,2021/3/31,147.1255,147.1255,145.3946,146.26,877
2383 台光電,2021/3/30,147.9909,147.9909,146.26,147.1255,784
2383 台光電,2021/3/29,145.3946,148.4236,144.9618,147.9909,"2,693"
2383 台光電,2021/3/26,144.0964,144.9618,142.7982,144.0964,"1,353"
2383 台光電,2021/3/25,145.3946,145.3946,142.7982,142.7982,"2,151"
2383 台光電,2021/3/24,146.26,147.1255,144.5291,145.3946,"1,152"
2383 台光電,2021/3/23,148.4236,148.4236,146.26,146.26,"3,095"
2383 台光電,2021/3/22,145.8273,147.1255,144.9618,147.1255,"1,212"
2383 台光電,2021/3/19,145.3946,146.6927,143.6637,145.8273,"1,215"
2383 台光電,2021/3/18,145.8273,146.6927,145.8273,146.26,916
2383 台光電,2021/3/17,146.6927,147.1255,145.3946,145.3946,"1,260"
2383 台光電,2021/3/16,146.26,147.1255,144.9618,147.1255,"1,611"
2383 台光電,2021/3/15,146.6927,147.1255,145.3946,145.8273,978
2383 台光電,2021/3/12,145.8273,148.8563,145.8273,146.6927,"2,460"
2383 台光電,2021/3/11,143.6637,145.8273,143.231,144.9618,"2,955"
2383 台光電,2021/3/10,144.5291,146.26,143.6637,143.6637,"1,252"
2383 台光電,2021/3/9,143.6637,145.3946,139.3365,143.231,"2,634"
2383 台光電,2021/3/8,146.6927,147.1255,143.6637,143.6637,"1,928"
2383 台光電,2021/3/5,145.3946,148.4236,144.0964,144.9618,"3,457"
2383 台光電,2021/3/4,149.7218,151.8854,146.6927,147.1255,"3,546"
2383 台光電,2021/3/3,147.5582,149.2891,144.0964,148.8563,"2,754"
2383 台光電,2021/3/2,149.7218,153.6163,146.26,146.26,"7,591"
2383 台光電,2021/2/26,138.9037,147.5582,138.9037,146.26,"8,107"
2383 台光電,2021/2/25,145.8273,146.26,140.6346,141.0674,"5,282"
2383 台光電,2021/2/24,147.1255,150.5872,143.6637,144.0964,"4,950"
2383 台光電,2021/2/23,144.9618,146.26,143.6637,146.26,"1,748"
2383 台光電,2021/2/22,146.6927,147.5582,144.9618,145.8273,"2,987"
2383 台光電,2021/2/19,142.3655,148.4236,141.5001,146.26,"6,927"
2383 台光電,2021/2/18,142.7982,143.6637,141.0674,142.3655,"2,852"
2383 台光電,2021/2/17,142.3655,144.0964,140.2019,141.9328,"3,546"
2383 台光電,2021/2/5,137.6056,141.9328,136.7401,139.7692,"6,147"
2383 台光電,2021/2/4,133.7111,136.3074,133.2784,135.8747,"1,516"
2383 台光電,2021/2/3,134.5765,135.442,133.2784,134.1438,"1,536"
2383 台光電,2021/2/2,133.2784,135.8747,132.8456,134.1438,"2,130"
2383 台光電,2021/2/1,130.682,132.8456,129.8166,131.9802,"1,955"
2383 台光電,2021/1/29,135.8747,136.7401,129.8166,130.2493,"3,570"
2383 台光電,2021/1/28,137.6056,138.9037,135.0092,135.442,"3,590"
2383 台光電,2021/1/27,139.7692,141.0674,138.471,140.6346,"2,485"
2383 台光電,2021/1/26,139.7692,141.5001,137.6056,139.3365,"2,777"
2383 台光電,2021/1/25,138.9037,140.2019,137.1729,139.3365,"2,293"
2383 台光電,2021/1/22,136.3074,139.7692,135.0092,139.7692,"3,817"
2383 台光電,2021/1/21,134.5765,137.6056,134.1438,135.0092,"2,380"
2383 台光電,2021/1/20,136.7401,136.7401,134.1438,134.1438,"2,619"
2383 台光電,2021/1/19,138.471,138.9037,136.3074,137.1729,"2,186"
2383 台光電,2021/1/18,138.471,139.3365,135.0092,138.0383,"2,598"
2383 台光電,2021/1/15,144.5291,144.9618,138.471,139.3365,"5,151"
2383 台光電,2021/1/14,138.0383,143.6637,137.6056,143.231,"6,503"
2383 台光電,2021/1/13,135.8747,138.471,135.0092,138.0383,"2,904"
2383 台光電,2021/1/12,140.6346,140.6346,135.0092,135.8747,"2,831"
2383 台光電,2021/1/11,138.471,139.3365,137.1729,139.3365,"2,186"
2383 台光電,2021/1/8,136.7401,138.471,135.8747,137.6056,"2,573"
2383 台光電,2021/1/7,135.8747,136.7401,134.1438,136.3074,"2,149"
2383 台光電,2021/1/6,139.3365,140.6346,134.1438,134.5765,"6,219"
2383 台光電,2021/1/5,135.8747,138.9037,135.442,137.6056,"4,151"
2383 台光電,2021/1/4,135.8747,136.3074,134.1438,135.442,"2,993"
2383 台光電,2020/12/31,134.5765,136.7401,134.1438,135.8747,"2,486"
2383 台光電,2020/12/30,135.8747,135.8747,134.1438,134.5765,"1,087"
2383 台光電,2020/12/29,136.3074,136.7401,134.1438,135.0092,"2,113"
2383 台光電,2020/12/28,137.1729,137.6056,135.0092,135.8747,"1,396"
2383 台光電,2020/12/25,137.6056,137.6056,135.442,136.3074,"1,360"
2383 台光電,2020/12/24,138.0383,138.471,135.8747,136.3074,"2,479"
2383 台光電,2020/12/23,133.7111,139.3365,133.2784,135.8747,"7,743"
2383 台光電,2020/12/22,134.1438,135.442,132.4129,132.4129,"1,683"
2383 台光電,2020/12/21,134.1438,135.442,131.5475,135.0092,"1,619"
2383 台光電,2020/12/18,134.1438,136.7401,134.1438,134.1438,"2,251"
2383 台光電,2020/12/17,133.7111,135.0092,132.8456,133.7111,"1,815"
2383 台光電,2020/12/16,132.4129,134.1438,131.1147,133.7111,"2,209"
2383 台光電,2020/12/15,133.2784,134.5765,130.2493,130.2493,"2,310"
2383 台光電,2020/12/14,132.4129,135.0092,131.1147,134.5765,"1,547"
2383 台光電,2020/12/11,135.0092,135.442,129.8166,132.4129,"3,712"
2383 台光電,2020/12/10,139.3365,139.7692,133.7111,134.1438,"6,637"
2383 台光電,2020/12/9,135.8747,139.3365,135.0092,139.3365,"3,927"
2383 台光電,2020/12/8,134.1438,136.7401,133.7111,135.0092,"1,768"
2383 台光電,2020/12/7,137.1729,137.1729,132.8456,133.2784,"2,891"
2383 台光電,2020/12/4,137.6056,138.471,135.0092,135.8747,"2,177"
2383 台光電,2020/12/3,137.6056,139.7692,136.3074,137.6056,"2,602"
2383 台光電,2020/12/2,136.7401,137.6056,135.8747,136.7401,"2,398"
2383 台光電,2020/12/1,135.8747,136.3074,134.1438,135.8747,"1,587"
2383 台光電,2020/11/30,136.7401,138.471,135.0092,135.0092,"2,514"
2383 台光電,2020/11/27,134.1438,136.3074,133.2784,135.8747,"2,096"
2383 台光電,2020/11/26,131.9802,135.0092,131.9802,134.1438,"1,839"
2383 台光電,2020/11/25,135.442,136.3074,131.5475,131.9802,"4,132"
2383 台光電,2020/11/24,135.442,136.3074,134.5765,135.0092,"2,562"
2383 台光電,2020/11/23,135.8747,136.3074,134.5765,135.0092,"1,946"
2383 台光電,2020/11/20,134.1438,135.8747,132.8456,135.442,"3,636"
2383 台光電,2020/11/19,138.471,138.471,133.2784,134.5765,"7,716"
2383 台光電,2020/11/18,139.7692,140.6346,137.6056,138.471,"4,093"
2383 台光電,2020/11/17,145.3946,147.1255,139.7692,140.2019,"5,953"
2383 台光電,2020/11/16,135.0092,142.3655,134.5765,141.0674,"8,863"
2383 台光電,2020/11/13,131.9802,133.2784,129.8166,132.8456,"2,085"
2383 台光電,2020/11/12,131.9802,133.7111,131.1147,132.4129,"2,425"
2383 台光電,2020/11/11,128.0857,132.4129,127.653,131.9802,"2,880"
2383 台光電,2020/11/10,128.0857,128.9511,127.2202,127.653,"1,873"
2383 台光電,2020/11/9,128.5184,129.3839,126.3548,127.653,"2,129"
2383 台光電,2020/11/6,128.0857,128.5184,126.3548,126.7875,"2,393"
2383 台光電,2020/11/5,128.5184,128.9511,126.3548,127.653,"1,721"
2383 台光電,2020/11/4,126.7875,128.9511,125.4894,128.0857,"2,011"
2383 台光電,2020/11/3,127.2202,128.0857,125.0566,125.9221,"4,187"
2383 台光電,2020/11/2,131.1147,131.5475,124.1912,126.7875,"3,708"
2383 台光電,2020/10/30,130.682,130.682,128.9511,129.8166,"1,198"
2383 台光電,2020/10/29,125.9221,131.1147,125.9221,130.682,"1,157"
2383 台光電,2020/10/28,132.4129,132.8456,129.3839,130.2493,"1,629"
2383 台光電,2020/10/27,133.7111,133.7111,131.9802,132.8456,721
2383 台光電,2020/10/26,133.7111,135.0092,132.4129,133.2784,"1,082"
2383 台光電,2020/10/23,133.2784,134.5765,133.2784,133.7111,829
2383 台光電,2020/10/22,135.0092,135.442,131.5475,133.7111,"2,037"
2383 台光電,2020/10/21,136.3074,136.7401,134.1438,135.0092,"1,694"
2383 台光電,2020/10/20,134.5765,136.3074,134.1438,135.442,"3,183"
2383 台光電,2020/10/19,130.682,136.3074,130.2493,135.0092,"6,501"
2383 台光電,2020/10/16,130.2493,131.1147,128.9511,129.8166,"1,460"
2383 台光電,2020/10/15,127.653,130.682,127.2202,129.8166,"1,391"
2383 台光電,2020/10/14,128.0857,129.3839,127.2202,128.0857,"1,643"
2383 台光電,2020/10/13,129.3839,129.8166,127.653,128.0857,"1,911"
2383 台光電,2020/10/12,133.2784,134.1438,128.5184,129.3839,"2,452"
2383 台光電,2020/10/8,133.7111,134.1438,131.1147,131.9802,"1,603"
2383 台光電,2020/10/7,132.4129,132.8456,131.1147,132.8456,"1,425"
2383 台光電,2020/10/6,132.8456,135.0092,131.5475,132.4129,"4,016"
2383 台光電,2020/10/5,126.3548,129.3839,125.9221,128.9511,"1,624"
2383 台光電,2020/9/30,124.6239,127.653,122.893,126.3548,"1,899"
2383 台光電,2020/9/29,125.0566,126.3548,123.3258,123.7585,"2,165"
2383 台光電,2020/9/28,126.3548,126.7875,122.893,123.7585,"2,108"
2383 台光電,2020/9/25,130.682,131.1147,122.0276,125.0566,"5,700"
2383 台光電,2020/9/24,129.8166,132.4129,129.3839,129.8166,"2,097"
2383 台光電,2020/9/23,135.0092,136.3074,131.5475,131.9802,"1,907"
2383 台光電,2020/9/22,133.2784,135.0092,131.5475,133.2784,"1,864"
2383 台光電,2020/9/21,137.6056,138.0383,134.1438,134.1438,"1,685"
2383 台光電,2020/9/18,137.6056,138.9037,136.7401,137.6056,"2,324"
2383 台光電,2020/9/17,135.0092,136.7401,135.0092,136.7401,"2,181"
2383 台光電,2020/9/16,135.8747,137.1729,134.5765,135.442,"3,372"
2383 台光電,2020/9/15,135.0092,136.7401,134.1438,135.0092,"2,777"
2383 台光電,2020/9/14,129.8166,135.0092,129.3839,135.0092,"4,401"
2383 台光電,2020/9/11,133.2784,133.2784,128.9511,129.3839,"4,845"
2383 台光電,2020/9/10,135.8747,137.6056,132.4129,133.2784,"3,799"
2383 台光電,2020/9/9,133.2784,135.0092,131.5475,134.5765,"4,037"
2383 台光電,2020/9/8,138.471,138.9037,134.1438,135.442,"4,282"
2383 台光電,2020/9/7,142.7982,145.3946,135.8747,137.1729,"7,101"
2383 台光電,2020/9/4,135.8331,141.6844,135.4152,141.2664,"3,801"
2383 台光電,2020/9/3,145.4459,146.6997,139.5946,139.5946,"4,794"
2383 台光電,2020/9/2,144.61,145.8639,142.9382,144.1921,"2,188"
2383 台光電,2020/9/1,142.1023,144.1921,141.2664,143.3562,"1,979"
2383 台光電,2020/8/31,144.61,144.61,141.2664,142.1023,"2,401"
2383 台光電,2020/8/28,145.4459,146.2818,142.5203,142.9382,"3,498"
2383 台光電,2020/8/27,150.8792,153.3869,145.4459,146.2818,"6,001"
2383 台光電,2020/8/26,147.1177,148.7895,146.2818,147.1177,"2,362"
2383 台光電,2020/8/25,146.2818,150.0433,145.4459,146.2818,"5,377"
2383 台光電,2020/8/24,142.9382,145.028,141.2664,143.7741,"3,274"
2383 台光電,2020/8/21,136.669,143.7741,135.4152,143.3562,"5,729"
2383 台光電,2020/8/20,142.5203,145.8639,128.728,133.7434,"10,426"
2383 台光電,2020/8/19,140.8485,142.9382,139.5946,140.0126,"2,970"
2383 台光電,2020/8/18,142.1023,142.9382,140.4305,140.4305,"1,816"
2383 台光電,2020/8/17,142.9382,142.9382,140.4305,142.1023,"2,408"
2383 台光電,2020/8/14,140.8485,143.3562,140.4305,142.5203,"1,207"
2383 台光電,2020/8/13,145.028,145.028,140.8485,141.2664,"1,815"
2383 台光電,2020/8/12,141.6844,142.9382,139.5946,142.5203,"2,492"
2383 台光電,2020/8/11,142.1023,143.7741,140.4305,142.5203,"3,018"
2383 台光電,2020/8/10,145.4459,145.4459,140.8485,141.2664,"4,347"
2383 台光電,2020/8/7,145.8639,145.8639,142.9382,145.4459,"3,519"
2383 台光電,2020/8/6,150.0433,150.4613,144.61,146.2818,"5,519"
2383 台光電,2020/8/5,149.6254,152.1331,148.7895,150.0433,"3,616"
2383 台光電,2020/8/4,147.9536,152.969,147.5356,147.9536,"6,658"
2383 台光電,2020/8/3,148.3715,151.7151,144.61,145.4459,"8,710"
2383 台光電,2020/7/31,143.3562,149.6254,142.5203,147.9536,"6,926"
2383 台光電,2020/7/30,142.9382,145.4459,141.2664,143.3562,"2,975"
2383 台光電,2020/7/29,139.5946,142.5203,138.7587,141.6844,"2,406"
2383 台光電,2020/7/28,142.9382,146.2818,138.3408,139.5946,"4,985"
2383 台光電,2020/7/27,142.9382,144.1921,140.0126,141.6844,"3,156"
2383 台光電,2020/7/24,144.61,144.61,138.3408,140.4305,"6,256"
2383 台光電,2020/7/23,138.3408,147.1177,137.0869,144.61,"13,449"
2383 台光電,2020/7/22,137.5049,138.7587,137.0869,137.0869,"3,549"
2383 台光電,2020/7/21,134.1613,138.3408,133.7434,137.0869,"5,237"
2383 台光電,2020/7/20,130.8177,134.9972,130.3998,133.7434,"3,829"
2383 台光電,2020/7/17,134.1613,134.5793,130.3998,130.3998,"2,885"
2383 台光電,2020/7/16,133.7434,134.1613,132.0716,133.3254,"2,929"
2383 台光電,2020/7/15,137.0869,137.5049,132.4895,132.4895,"5,644"
2383 台光電,2020/7/14,132.4895,140.8485,132.4895,133.7434,"14,519"
2383 台光電,2020/7/13,131.6536,132.9075,130.8177,131.2357,"2,758"
2383 台光電,2020/7/10,134.9972,134.9972,129.9818,130.3998,"4,407"
2383 台光電,2020/7/9,138.3408,138.3408,134.9972,134.9972,"4,127"
2383 台光電,2020/7/8,135.4152,136.669,133.7434,136.251,"4,045"
2383 台光電,2020/7/7,140.8485,141.2664,134.5793,135.4152,"6,008"
2383 台光電,2020/7/6,140.4305,141.6844,138.3408,139.5946,"5,786"
2383 台光電,2020/7/3,137.0869,139.5946,135.4152,139.1767,"6,652"
2383 台光電,2020/7/2,134.5793,137.0869,134.1613,135.8331,"5,219"
2383 台光電,2020/7/1,134.1613,134.5793,132.4895,133.3254,"5,311"
2383 台光電,2020/6/30,134.1613,134.5793,132.0716,133.3254,"3,993"
2383 台光電,2020/6/29,127.8921,134.9972,127.8921,132.4895,"7,537"
2383 台光電,2020/6/24,131.2357,132.0716,128.728,129.1459,"4,485"
2383 台光電,2020/6/23,134.5793,134.9972,129.5639,130.3998,"3,618"
2383 台光電,2020/6/22,133.7434,134.9972,132.9075,132.9075,"3,131"
2383 台光電,2020/6/19,136.669,137.0869,132.9075,134.5793,"5,472"
2383 台光電,2020/6/18,133.3254,137.9228,132.4895,135.8331,"8,377"
2383 台光電,2020/6/17,132.4895,133.7434,129.5639,132.0716,"7,584"
2383 台光電,2020/6/16,128.728,132.9075,127.4741,132.9075,"9,658"
2383 台光電,2020/6/15,125.3844,128.31,124.5485,124.9665,"2,757"
2383 台光電,2020/6/12,120.369,125.8023,119.5331,124.5485,"4,150"
2383 台光電,2020/6/11,131.2357,132.9075,124.5485,124.5485,"6,892"
2383 台光電,2020/6/10,127.4741,129.5639,126.6382,129.5639,"3,978"
2383 台光電,2020/6/9,124.9665,128.31,124.5485,126.6382,"4,171"
2383 台光電,2020/6/8,124.9665,125.8023,123.2947,124.1306,"3,192"
2383 台光電,2020/6/5,125.3844,125.8023,122.4588,123.7126,"3,810"
2383 台光電,2020/6/4,127.4741,127.8921,124.1306,127.0562,"3,500"
2383 台光電,2020/6/3,126.2203,127.0562,125.3844,126.2203,"2,923"
2383 台光電,2020/6/2,126.2203,127.0562,123.7126,124.5485,"3,250"
2383 台光電,2020/6/1,124.9665,126.2203,123.7126,125.3844,"2,921"
2383 台光電,2020/5/29,122.8767,126.2203,122.8767,123.2947,"2,274"
2383 台光電,2020/5/28,128.728,129.1459,123.2947,123.7126,"5,183"
2383 台光電,2020/5/27,128.31,129.9818,126.6382,127.0562,"6,487"
2383 台光電,2020/5/26,124.1306,129.5639,123.7126,127.8921,"11,649"
2383 台光電,2020/5/25,121.2049,125.3844,119.1152,123.7126,"8,615"
2383 台光電,2020/5/22,123.2947,123.7126,118.6972,119.5331,"6,572"
2383 台光電,2020/5/21,115.7716,124.1306,115.3536,122.8767,"14,607"
2383 台光電,2020/5/20,113.2639,114.0998,111.5921,113.2639,"2,797"
2383 台光電,2020/5/19,114.5178,115.3536,110.7562,112.846,"5,090"
2383 台光電,2020/5/18,117.8613,119.1152,111.1742,112.0101,"12,883"
2383 台光電,2020/5/15,120.369,120.787,116.1895,120.369,"4,779"
2383 台光電,2020/5/14,120.787,121.6229,117.4434,117.8613,"4,886"
2383 台光電,2020/5/13,120.369,123.7126,118.2793,121.6229,"7,089"
2383 台光電,2020/5/12,122.0408,123.2947,119.5331,120.369,"6,053"
2383 台光電,2020/5/11,123.2947,124.5485,120.369,122.0408,"8,987"
2383 台光電,2020/5/8,117.0254,123.2947,115.3536,120.369,"13,970"
2383 台光電,2020/5/7,113.2639,116.1895,113.2639,114.9357,"6,903"
2383 台光電,2020/5/6,112.0101,112.846,110.3383,112.0101,"6,178"
2383 台光電,2020/5/5,112.0101,115.3536,108.6665,110.3383,"14,539"
2383 台光電,2020/5/4,108.2485,111.5921,106.9947,109.0844,"9,642"
2383 台光電,2020/4/30,104.9049,108.6665,104.0691,108.6665,"6,807"
2383 台光電,2020/4/29,104.0691,104.487,103.2332,104.0691,"3,223"
2383 台光電,2020/4/28,101.9793,103.6511,101.1434,103.2332,"3,005"
2383 台光電,2020/4/27,101.1434,102.3973,100.7255,101.9793,"2,862"
2383 台光電,2020/4/24,102.8152,102.8152,100.7255,100.7255,"2,426"
2383 台光電,2020/4/23,102.3973,103.2332,100.7255,102.8152,"2,436"
2383 台光電,2020/4/22,99.8896,101.9793,99.0537,101.5614,"2,804"
2383 台光電,2020/4/21,103.2332,104.9049,101.1434,101.1434,"3,278"
2383 台光電,2020/4/20,102.8152,104.487,101.1434,104.0691,"2,576"
2383 台光電,2020/4/17,104.9049,105.7408,101.9793,102.8152,"4,716"
2383 台光電,2020/4/16,101.5614,104.487,101.1434,103.2332,"4,667"
2383 台光電,2020/4/15,102.3973,104.0691,101.1434,102.8152,"4,864"
2383 台光電,2020/4/14,99.0537,100.7255,98.6357,100.3075,"2,777"
2383 台光電,2020/4/13,98.2178,99.4716,96.9639,97.7998,"2,455"
2383 台光電,2020/4/10,96.546,97.7998,96.128,97.7998,"2,271"
2383 台光電,2020/4/9,98.6357,99.0537,96.128,96.128,"2,892"
2383 台光電,2020/4/8,97.3819,99.0537,96.546,97.7998,"4,690"
2383 台光電,2020/4/7,96.9639,98.6357,95.7101,96.9639,"5,735"
2383 台光電,2020/4/6,91.9486,95.7101,91.1127,95.2921,"8,531"
2383 台光電,2020/4/1,88.187,89.8588,87.7691,89.4409,"2,431"
2383 台光電,2020/3/31,91.5306,92.7845,88.605,88.605,"3,610"
2383 台光電,2020/3/30,86.5152,90.2768,85.6793,90.2768,"2,513"
2383 台光電,2020/3/27,91.1127,92.3665,87.7691,88.187,"4,163"
2383 台光電,2020/3/26,88.187,89.4409,86.0973,89.0229,"4,038"
2383 台光電,2020/3/25,87.7691,89.8588,86.9332,88.187,"6,758"
2383 台光電,2020/3/24,80.5804,84.4255,80.5804,83.2552,"4,123"
2383 台光電,2020/3/23,78.6578,80.9147,76.986,77.404,"4,607"
2383 台光電,2020/3/20,78.7414,82.7537,78.7414,81.4999,"6,004"
2383 台光電,2020/3/19,82.3358,83.3388,75.2306,75.2306,"6,533"
2383 台光電,2020/3/18,84.8434,88.187,83.5896,83.5896,"5,210"
2383 台光電,2020/3/17,81.2491,88.605,81.2491,84.4255,"5,420"
2383 台光電,2020/3/16,90.6947,92.3665,87.3511,87.3511,"4,064"
2383 台光電,2020/3/13,88.605,91.1127,86.9332,91.1127,"8,928"
2383 台光電,2020/3/12,102.8152,103.2332,94.8742,96.546,"9,787"
2383 台光電,2020/3/11,105.3229,105.7408,104.0691,104.9049,"4,266"
2383 台光電,2020/3/10,99.0537,105.3229,98.6357,104.9049,"5,838"
2383 台光電,2020/3/9,104.0691,104.487,99.4716,99.4716,"5,429"
2383 台光電,2020/3/6,103.2332,106.1588,102.8152,104.9049,"4,627"
2383 台光電,2020/3/5,103.6511,104.487,102.3973,103.2332,"3,943"
2383 台光電,2020/3/4,102.3973,103.6511,101.1434,102.3973,"2,436"
2383 台光電,2020/3/3,102.3973,105.7408,101.9793,103.2332,"4,175"
2383 台光電,2020/3/2,96.9639,101.1434,95.7101,99.4716,"4,517"
2383 台光電,2020/2/27,107.4126,108.2485,99.4716,100.3075,"4,999"
2383 台光電,2020/2/26,105.3229,108.2485,105.3229,106.9947,"3,348"
2383 台光電,2020/2/25,104.487,106.9947,103.6511,106.1588,"2,196"
2383 台光電,2020/2/24,103.6511,106.1588,103.2332,105.7408,"2,963"
2383 台光電,2020/2/21,106.5767,107.8306,104.487,104.9049,"3,930"
2383 台光電,2020/2/20,107.4126,109.5024,106.5767,106.5767,"3,609"
2383 台光電,2020/2/19,106.9947,107.8306,105.7408,106.5767,"3,748"
2383 台光電,2020/2/18,107.4126,108.2485,106.1588,107.4126,"3,250"
2383 台光電,2020/2/17,106.5767,109.5024,105.7408,107.4126,"5,834"
2383 台光電,2020/2/14,106.1588,108.2485,106.1588,107.4126,"2,714"
2383 台光電,2020/2/13,106.5767,108.6665,105.7408,106.5767,"5,074"
2383 台光電,2020/2/12,101.5614,107.4126,101.1434,106.5767,"9,581"
2383 台光電,2020/2/11,99.4716,101.5614,99.4716,100.7255,"3,580"
2383 台光電,2020/2/10,95.7101,100.7255,94.0383,98.2178,"5,942"
2383 台光電,2020/2/7,99.4716,100.3075,98.2178,98.2178,"3,789"
2383 台光電,2020/2/6,99.8896,101.5614,99.4716,101.1434,"4,681"
2383 台光電,2020/2/5,99.4716,100.7255,96.9639,99.0537,"6,531"
2383 台光電,2020/2/4,95.7101,100.3075,95.2921,99.8896,"9,057"
2383 台光電,2020/2/3,91.9486,95.2921,88.187,93.6204,"11,557"
2383 台光電,2020/1/31,102.3973,102.3973,94.8742,96.546,"12,939"
2383 台光電,2020/1/30,102.8152,103.6511,102.3973,102.3973,"6,277"
2383 台光電,2020/1/20,113.2639,114.0998,112.428,113.6819,"3,721"
2383 台光電,2020/1/17,112.846,113.6819,111.1742,113.2639,"4,396"
2383 台光電,2020/1/16,110.3383,112.846,110.3383,112.428,"2,774"
2383 台光電,2020/1/15,113.6819,114.0998,110.3383,110.3383,"5,096"
2383 台光電,2020/1/14,112.846,114.0998,111.1742,113.6819,"7,607"
2383 台光電,2020/1/13,109.0844,112.428,108.2485,112.428,"6,990"
2383 台光電,2020/1/10,109.5024,109.9203,107.4126,107.8306,"3,293"
2383 台光電,2020/1/9,107.8306,111.1742,107.8306,109.5024,"6,373"
2383 台光電,2020/1/8,106.9947,108.6665,106.1588,106.1588,"4,217"
2383 台光電,2020/1/7,111.5921,112.428,106.9947,108.2485,"6,375"
2383 台光電,2020/1/6,110.7562,112.0101,108.6665,110.3383,"4,783"
2383 台光電,2020/1/3,115.7716,116.1895,109.5024,111.1742,"8,104"
2383 台光電,2020/1/2,115.7716,117.0254,112.428,114.9357,"8,367"
2383 台光電,2019/12/31,114.0998,115.7716,113.2639,114.5178,"5,416"
2383 台光電,2019/12/30,114.0998,115.7716,112.846,114.0998,"8,047"
2383 台光電,2019/12/27,114.9357,115.3536,112.428,112.846,"9,336"
2383 台光電,2019/12/26,110.7562,114.9357,110.7562,113.2639,"20,317"
2383 台光電,2019/12/25,105.3229,110.3383,105.3229,109.9203,"17,149"
2383 台光電,2019/12/24,104.9049,105.3229,104.0691,104.487,"1,707"
2383 台光電,2019/12/23,104.487,104.9049,104.0691,104.487,"2,065"
2383 台光電,2019/12/20,104.487,104.487,103.6511,104.487,"1,712"
2383 台光電,2019/12/19,104.487,105.3229,103.2332,104.0691,"3,194"
2383 台光電,2019/12/18,104.487,106.1588,103.6511,103.6511,"4,711"
2383 台光電,2019/12/17,104.9049,104.9049,103.6511,104.0691,"3,627"
2383 台光電,2019/12/16,103.6511,104.487,102.3973,104.487,"4,554"
2383 台光電,2019/12/13,101.9793,103.6511,99.4716,103.2332,"7,668"
2383 台光電,2019/12/12,102.8152,103.2332,100.3075,101.1434,"3,771"
2383 台光電,2019/12/11,101.9793,102.8152,101.5614,101.9793,"1,413"
2383 台光電,2019/12/10,102.8152,103.2332,101.1434,101.5614,"3,626"
2383 台光電,2019/12/9,103.6511,105.3229,102.8152,102.8152,"3,390"
2383 台光電,2019/12/6,103.2332,103.6511,101.9793,102.8152,"2,908"
2383 台光電,2019/12/5,102.8152,104.9049,102.8152,102.8152,"3,280"
2383 台光電,2019/12/4,101.5614,102.8152,100.7255,101.9793,"1,913"
2383 台光電,2019/12/3,99.8896,102.8152,99.4716,102.3973,"2,602"
2383 台光電,2019/12/2,101.9793,102.8152,98.2178,100.3075,"5,227"
2383 台光電,2019/11/29,105.3229,105.7408,101.5614,101.9793,"4,297"
2383 台光電,2019/11/28,106.9947,106.9947,104.0691,104.9049,"3,498"
2383 台光電,2019/11/27,105.3229,106.9947,104.487,106.1588,"4,290"
2383 台光電,2019/11/26,102.8152,106.1588,102.8152,105.3229,"7,854"
2383 台光電,2019/11/25,101.9793,102.3973,101.5614,101.9793,"1,306"
2383 台光電,2019/11/22,101.5614,102.8152,101.1434,101.1434,"2,696"
2383 台光電,2019/11/21,99.8896,101.5614,98.6357,101.1434,"5,069"
2383 台光電,2019/11/20,104.0691,104.487,100.7255,101.5614,"4,838"
2383 台光電,2019/11/19,104.9049,105.7408,103.6511,104.487,"3,488"
2383 台光電,2019/11/18,106.5767,107.4126,104.0691,104.0691,"3,829"
2383 台光電,2019/11/15,105.7408,106.9947,104.487,105.7408,"4,955"
2383 台光電,2019/11/14,104.487,105.7408,103.2332,105.3229,"6,536"
2383 台光電,2019/11/13,103.2332,105.3229,102.8152,104.9049,"7,106"
2383 台光電,2019/11/12,99.4716,104.0691,99.0537,103.6511,"11,516"
2383 台光電,2019/11/11,99.4716,100.7255,97.3819,98.2178,"8,776"
2383 台光電,2019/11/8,101.9793,102.8152,99.0537,99.4716,"7,837"
2383 台光電,2019/11/7,104.0691,104.0691,97.7998,101.1434,"15,058"
2383 台光電,2019/11/6,109.9203,110.7562,103.2332,104.487,"16,165"
2383 台光電,2019/11/5,111.1742,112.428,108.6665,109.0844,"10,210"
2383 台光電,2019/11/4,114.5178,114.5178,108.2485,109.5024,"16,063"
2383 台光電,2019/11/1,107.8306,111.1742,106.9947,111.1742,"12,219"
2383 台光電,2019/10/31,106.9947,111.5921,106.1588,106.5767,"20,925"
2383 台光電,2019/10/30,104.9049,106.5767,103.6511,104.9049,"4,015"
2383 台光電,2019/10/29,108.6665,109.5024,104.487,105.3229,"6,537"
2383 台光電,2019/10/28,108.2485,108.6665,106.1588,108.2485,"3,015"
2383 台光電,2019/10/25,107.8306,109.5024,106.5767,106.9947,"4,271"
2383 台光電,2019/10/24,107.4126,107.8306,105.7408,107.8306,"4,047"
2383 台光電,2019/10/23,108.6665,109.9203,106.1588,106.9947,"4,791"
2383 台光電,2019/10/22,109.0844,111.5921,108.6665,109.0844,"8,573"
2383 台光電,2019/10/21,107.8306,108.6665,105.7408,107.4126,"5,250"
2383 台光電,2019/10/18,104.9049,107.4126,104.487,106.5767,"9,203"
2383 台光電,2019/10/17,102.8152,105.3229,102.3973,104.0691,"6,226"
2383 台光電,2019/10/16,103.6511,105.3229,99.8896,102.3973,"8,272"
2383 台光電,2019/10/15,105.3229,106.9947,103.2332,103.2332,"4,840"
2383 台光電,2019/10/14,105.3229,107.4126,105.3229,105.7408,"5,344"
2383 台光電,2019/10/9,102.8152,104.9049,99.8896,103.6511,"8,344"
2383 台光電,2019/10/8,110.3383,110.3383,104.487,104.487,"10,945"
2383 台光電,2019/10/7,106.9947,110.3383,106.1588,109.9203,"7,611"
2383 台光電,2019/10/4,106.1588,108.2485,105.7408,106.5767,"4,199"
2383 台光電,2019/10/3,106.5767,106.5767,103.2332,105.7408,"7,822"
2383 台光電,2019/10/2,106.9947,109.5024,106.1588,107.8306,"3,348"
2383 台光電,2019/10/1,105.3229,109.5024,105.3229,108.2485,"5,139"
2383 台光電,2019/9/27,108.6665,109.5024,103.6511,104.9049,"5,886"
2383 台光電,2019/9/26,108.2485,110.7562,107.8306,108.6665,"3,457"
2383 台光電,2019/9/25,107.4126,109.0844,106.5767,107.4126,"3,088"
2383 台光電,2019/9/24,109.0844,110.7562,107.4126,107.4126,"5,123"
2383 台光電,2019/9/23,111.1742,111.1742,108.2485,109.0844,"4,491"
2383 台光電,2019/9/20,110.7562,111.5921,109.5024,111.1742,"3,588"
2383 台光電,2019/9/19,111.5921,111.5921,109.5024,110.3383,"6,064"
2383 台光電,2019/9/18,115.7716,116.1895,111.5921,112.428,"11,128"
2383 台光電,2019/9/17,115.3536,118.6972,115.3536,117.0254,"7,461"
2383 台光電,2019/9/16,115.7716,117.0254,112.428,116.1895,"11,888"
2383 台光電,2019/9/12,108.6665,115.3536,107.8306,113.6819,"18,414"
2383 台光電,2019/9/11,107.4126,110.7562,106.9947,108.6665,"5,902"
2383 台光電,2019/9/10,107.4126,108.2485,106.1588,106.5767,"4,257"
2383 台光電,2019/9/9,113.2639,114.0998,105.7408,106.9947,"12,784"
2383 台光電,2019/9/6,114.5178,116.1895,112.428,113.2639,"6,789"
2383 台光電,2019/9/5,114.9357,117.0254,113.2639,116.6075,"11,101"
2383 台光電,2019/9/4,111.5921,112.846,109.0844,112.0101,"4,991"
2383 台光電,2019/9/3,112.428,113.2639,110.3383,111.5921,"2,692"
2383 台光電,2019/9/2,108.6665,113.2639,107.4126,111.5921,"5,456"
2383 台光電,2019/8/30,115.7716,116.6075,109.9203,110.3383,"8,020"
2383 台光電,2019/8/29,111.5921,114.0998,109.5024,114.0998,"5,577"
2383 台光電,2019/8/28,108.4626,110.4938,108.4626,110.0875,"4,105"
2383 台光電,2019/8/27,108.8689,110.9,108.0564,108.4626,"6,079"
2383 台光電,2019/8/26,109.2751,111.3062,106.8377,106.8377,"6,729"
2383 台光電,2019/8/23,113.7436,113.7436,109.2751,112.9311,"6,329"
2383 台光電,2019/8/22,112.5249,114.9623,111.7124,113.3374,"7,725"
2383 台光電,2019/8/21,110.9,111.7124,108.8689,111.3062,"3,730"
2383 台光電,2019/8/20,110.0875,114.1498,110.0875,110.0875,"7,763"
2383 台光電,2019/8/19,109.2751,110.4938,107.6502,108.8689,"5,411"
2383 台光電,2019/8/16,109.6813,110.4938,106.4315,106.8377,"5,988"
2383 台光電,2019/8/15,106.0253,108.4626,105.619,107.6502,"7,205"
2383 台光電,2019/8/14,108.4626,109.6813,106.8377,109.2751,"15,159"
2383 台光電,2019/8/13,100.3381,105.2128,99.9319,103.1817,"8,459"
2383 台光電,2019/8/12,103.5879,106.8377,101.1505,101.5568,"11,304"
2383 台光電,2019/8/8,98.7132,103.5879,98.7132,102.3692,"10,620"
2383 台光電,2019/8/7,97.9007,101.1505,97.9007,98.7132,"10,641"
2383 台光電,2019/8/6,90.9949,97.0883,90.1824,96.682,"7,583"
2383 台光電,2019/8/5,95.4634,96.682,93.4322,93.8385,"5,644"
2383 台光電,2019/8/2,97.4945,98.7132,95.4634,95.8696,"13,765"
2383 台光電,2019/8/1,100.3381,104.8066,99.5256,102.3692,"22,277"
2383 台光電,2019/7/31,97.0883,100.3381,96.2758,97.4945,"9,210"
2383 台光電,2019/7/30,99.1194,99.9319,93.4322,97.0883,"10,149"
2383 台光電,2019/7/29,100.7443,101.1505,98.7132,98.7132,"3,218"
2383 台光電,2019/7/26,98.7132,103.1817,98.7132,100.7443,"6,911"
2383 台光電,2019/7/25,97.9007,101.1505,96.682,99.9319,"7,972"
2383 台光電,2019/7/24,97.0883,98.307,95.8696,97.9007,"5,446"
2383 台光電,2019/7/23,97.4945,99.9319,95.4634,97.0883,"11,790"
2383 台光電,2019/7/22,94.2447,100.7443,93.4322,98.7132,"20,134"
2383 台光電,2019/7/19,91.4011,93.8385,90.5886,93.4322,"10,304"
2383 台光電,2019/7/18,89.7762,90.9949,88.1513,88.5575,"5,220"
2383 台光電,2019/7/17,90.9949,92.6198,88.9637,89.37,"7,603"
2383 台光電,2019/7/16,91.8073,93.4322,90.1824,90.1824,"7,819"
2383 台光電,2019/7/15,89.37,92.2135,89.37,91.8073,"7,610"
2383 台光電,2019/7/12,89.7762,90.1824,87.3388,89.37,"8,005"
2383 台光電,2019/7/11,86.9326,89.37,86.5264,88.1513,"13,061"
2383 台光電,2019/7/10,82.8703,86.1201,81.6516,83.2765,"11,463"
2383 台光電,2019/7/9,80.8392,82.0579,80.433,82.0579,"3,992"
2383 台光電,2019/7/8,82.0579,83.2765,80.2705,80.5142,"6,493"
2383 台光電,2019/7/5,82.0579,82.4641,80.9204,81.6516,"2,693"
2383 台光電,2019/7/4,81.6516,82.8703,80.9204,82.0579,"5,607"
2383 台光電,2019/7/3,83.2765,84.4952,80.9204,81.0829,"7,483"
2383 台光電,2019/7/2,82.4641,84.9015,82.0579,83.2765,"7,774"
2383 台光電,2019/7/1,79.6205,83.6828,79.0518,83.6828,"21,148"
2383 台光電,2019/6/28,77.5081,77.7519,75.477,76.127,"6,485"
2383 台光電,2019/6/27,77.3456,79.6205,77.3456,77.6706,"11,145"
2383 台光電,2019/6/26,77.4269,77.9144,76.2082,77.0207,"4,111"
2383 台光電,2019/6/25,77.5894,78.0768,76.4519,77.0207,"3,769"
2383 台光電,2019/6/24,77.5081,78.3206,76.5332,76.9394,"3,398"
2383 台光電,2019/6/21,80.8392,81.1642,76.7769,77.2644,"10,521"
2383 台光電,2019/6/20,78.4018,80.0267,77.9956,80.0267,"11,587"
2383 台光電,2019/6/19,75.6395,78.4018,75.152,77.7519,"9,937"
2383 台光電,2019/6/18,73.6896,74.5833,72.7146,74.2583,"3,471"
2383 台光電,2019/6/17,72.3897,74.502,72.2272,73.2021,"3,383"
2383 台光電,2019/6/14,73.4459,74.4208,71.7397,71.9022,"4,204"
2383 台光電,2019/6/13,74.0146,75.9645,72.7959,73.2021,"5,639"
2383 台光電,2019/6/12,71.7397,75.152,71.7397,74.502,"6,860"
2383 台光電,2019/6/11,70.521,74.7458,70.521,71.7397,"11,603"
2383 台光電,2019/6/10,67.5962,71.0085,67.19,70.6835,"6,317"
2383 台光電,2019/6/6,68.4086,68.9774,66.3775,66.6212,"4,362"
2383 台光電,2019/6/5,68.9774,69.4648,68.4086,68.4086,"4,767"
2383 台光電,2019/6/4,70.1148,70.521,67.5149,67.7587,"6,114"
2383 台光電,2019/6/3,69.3023,70.6023,67.8399,69.7898,"4,112"
2383 台光電,2019/5/31,66.7025,69.7898,66.7025,69.7898,"4,099"
2383 台光電,2019/5/30,65.4838,67.6774,65.4838,67.3524,"3,991"
2383 台光電,2019/5/29,64.5901,65.6463,63.2089,64.9963,"5,049"
2383 台光電,2019/5/28,66.865,67.7587,64.9963,64.9963,"5,523"
2383 台光電,2019/5/27,68.8961,69.0586,64.5901,66.3775,"8,271"
2383 台光電,2019/5/24,69.9523,71.0085,68.8149,68.8149,"5,202"
2383 台光電,2019/5/23,70.3585,72.2272,69.6273,69.8711,"3,963"
2383 台光電,2019/5/22,73.9333,75.477,71.7397,71.7397,"4,599"
2383 台光電,2019/5/21,70.7648,73.7708,69.9523,73.6083,"4,878"
2383 台光電,2019/5/20,72.8771,73.5271,69.2211,71.171,"5,716"
2383 台光電,2019/5/17,76.127,76.9394,70.7648,73.0396,"7,241"
2383 台光電,2019/5/16,78.9705,79.2143,75.3145,75.3145,"5,334"
2383 台光電,2019/5/15,76.9394,79.8642,76.9394,79.5393,"4,610"
2383 台光電,2019/5/14,73.8521,76.8582,71.9834,76.5332,"3,769"
2383 台光電,2019/5/13,79.2143,79.7018,74.827,75.3957,"5,622"
2383 台光電,2019/5/10,80.9204,82.0579,78.5643,79.2143,"5,510"
2383 台光電,2019/5/9,80.433,82.0579,78.9705,80.108,"8,304"
2383 台光電,2019/5/8,75.6395,79.5393,75.0708,79.5393,"5,175"
2383 台光電,2019/5/7,76.8582,77.8331,76.7769,76.8582,"4,581"
2383 台光電,2019/5/6,78.4018,79.133,74.9083,75.8832,"9,403"
2383 台光電,2019/5/3,80.0267,82.8703,79.6205,81.6516,"5,752"
2383 台光電,2019/5/2,80.5142,80.7579,79.6205,80.2705,"2,109"
2383 台光電,2019/4/30,80.0267,80.9204,79.3768,80.5954,"3,817"
2383 台光電,2019/4/29,82.0579,83.6828,77.3456,79.2143,"7,492"
2383 台光電,2019/4/26,81.6516,82.0579,80.6767,81.2454,"3,877"
2383 台光電,2019/4/25,84.089,84.9015,82.0579,82.8703,"3,113"
2383 台光電,2019/4/24,84.9015,84.9015,82.4641,84.089,"4,756"
2383 台光電,2019/4/23,88.5575,88.9637,83.6828,84.089,"6,386"
2383 台光電,2019/4/22,90.1824,90.1824,86.5264,87.3388,"5,791"
2383 台光電,2019/4/19,89.37,90.1824,86.1201,86.9326,"5,311"
2383 台光電,2019/4/18,90.9949,92.2135,86.1201,87.3388,"7,011"
2383 台光電,2019/4/17,89.37,91.8073,87.745,90.5886,"8,394"
2383 台光電,2019/4/16,84.9015,88.9637,83.6828,88.5575,"14,942"
2383 台光電,2019/4/15,85.3077,86.5264,82.0579,82.8703,"6,538"
2383 台光電,2019/4/12,82.8703,84.089,81.2454,81.6516,"2,984"
2383 台光電,2019/4/11,85.3077,87.3388,81.2454,82.4641,"6,316"
2383 台光電,2019/4/10,81.0017,84.9015,80.8392,84.089,"6,542"
2383 台光電,2019/4/9,82.4641,84.089,80.9204,81.0017,"8,639"
2383 台光電,2019/4/8,82.4641,82.8703,80.433,80.7579,"6,131"
2383 台光電,2019/4/3,84.9015,84.9015,81.1642,81.6516,"5,722"
2383 台光電,2019/4/2,84.4952,85.7139,84.089,84.9015,"4,374"
2383 台光電,2019/4/1,87.3388,87.745,82.4641,83.2765,"12,647"
2383 台光電,2019/3/29,80.8392,86.5264,80.433,86.5264,"15,703"
2383 台光電,2019/3/28,81.6516,82.4641,78.8081,78.8081,"3,161"
2383 台光電,2019/3/27,80.6767,83.6828,80.6767,80.9204,"8,892"
2383 台光電,2019/3/26,77.1831,81.6516,77.1831,79.9455,"8,933"
2383 台光電,2019/3/25,76.127,76.6144,74.9895,75.9645,"2,087"
2383 台光電,2019/3/22,80.433,81.2454,77.1831,78.0768,"3,428"
2383 台光電,2019/3/21,78.8893,80.9204,78.8893,79.6205,"3,330"
2383 台光電,2019/3/20,79.2143,80.108,78.4831,78.4831,"2,093"
2383 台光電,2019/3/19,79.6205,80.5142,78.8081,78.8081,"2,295"
2383 台光電,2019/3/18,80.0267,80.8392,78.7268,79.0518,"3,912"
2383 台光電,2019/3/15,78.8081,81.6516,78.6456,79.6205,"10,600"
2383 台光電,2019/3/14,75.3957,79.133,75.3957,78.2393,"6,616"
2383 台光電,2019/3/13,75.3145,75.9645,74.6645,74.7458,"3,112"
2383 台光電,2019/3/12,75.5582,76.5332,75.3145,75.9645,"4,018"
2383 台光電,2019/3/11,76.2082,76.6957,74.4208,74.4208,"2,225"
2383 台光電,2019/3/8,75.802,76.3707,74.2583,76.2082,"3,177"
2383 台光電,2019/3/7,74.7458,76.0457,74.3396,75.802,"4,130"
2383 台光電,2019/3/6,75.5582,76.127,73.6896,75.5582,"8,959"
2383 台光電,2019/3/5,73.8521,77.6706,73.6896,77.1019,"5,422"
2383 台光電,2019/3/4,75.3957,76.5332,73.5271,75.5582,"8,701"
2383 台光電,2019/2/27,76.6957,78.2393,76.6957,77.3456,"6,460"
2383 台光電,2019/2/26,78.4018,78.4018,76.4519,76.4519,"5,757"
2383 台光電,2019/2/25,77.7519,78.4018,76.5332,78.4018,"7,370"
2383 台光電,2019/2/22,75.7207,77.5081,75.152,75.9645,"7,273"
2383 台光電,2019/2/21,74.7458,76.5332,74.6645,74.9895,"9,275"
2383 台光電,2019/2/20,74.502,75.9645,73.2834,73.2834,"5,608"
2383 台光電,2019/2/19,71.496,73.6083,71.3335,73.1209,"5,892"
2383 台光電,2019/2/18,71.6585,72.7146,70.6835,71.2522,"3,141"
2383 台光電,2019/2/15,70.6835,73.2834,69.7898,71.6585,"8,834"
2383 台光電,2019/2/14,68.8961,72.7146,68.5711,70.6835,"11,106"
2383 台光電,2019/2/13,67.5149,70.2773,67.4337,68.6524,"8,302"
2383 台光電,2019/2/12,66.215,69.3836,65.7275,66.6212,"8,540"
2383 台光電,2019/2/11,65.8088,65.89,64.5089,65.3213,"2,925"
2383 台光電,2019/1/30,65.0776,65.6463,64.7526,64.9963,"8,664"
2383 台光電,2019/1/29,62.7215,64.1839,62.3152,62.8839,"3,165"
2383 台光電,2019/1/28,64.1839,64.9151,62.9652,62.9652,"3,512"
2383 台光電,2019/1/25,64.4276,64.9963,63.6152,63.9401,"5,984"
2383 台光電,2019/1/24,65.8088,66.215,64.7526,65.0776,"5,276"
2383 台光電,2019/1/23,64.5901,67.8399,64.5089,66.215,"15,605"
2383 台光電,2019/1/22,63.4527,65.565,63.2902,64.5901,"12,064"
2383 台光電,2019/1/21,63.3714,65.565,62.3965,65.3213,"10,309"
2383 台光電,2019/1/18,61.6653,64.6713,61.1778,62.234,"11,474"
2383 台光電,2019/1/17,63.3714,63.3714,60.3653,60.3653,"13,085"
2383 台光電,2019/1/16,56.3031,61.5028,56.3031,61.5028,"14,658"
2383 台光電,2019/1/15,55.2469,56.0593,54.8407,55.9781,"1,294"
2383 台光電,2019/1/14,55.8968,56.3031,55.0031,55.2469,740
2383 台光電,2019/1/11,56.0593,56.7093,55.7344,55.8156,"1,468"
2383 台光電,2019/1/10,55.6531,55.8968,55.1656,55.5719,"1,430"
2383 台光電,2019/1/9,56.0593,56.3843,55.4906,55.6531,"1,823"
2383 台光電,2019/1/8,55.4906,56.6281,54.7594,56.0593,"2,006"
2383 台光電,2019/1/7,54.7594,57.1968,54.2719,55.7344,"3,884"
2383 台光電,2019/1/4,53.3782,53.3782,51.4283,53.0533,"1,974"
2383 台光電,2019/1/3,54.1094,54.6782,53.622,54.1094,"1,181"
2383 台光電,2019/1/2,53.947,55.0031,53.8657,54.0282,"1,680"
2383 台光電,2018/12/28,53.2157,54.3532,53.2157,53.3782,"2,155"
2383 台光電,2018/12/27,54.1907,54.4344,53.1345,53.1345,"1,658"
2383 台光電,2018/12/26,54.0282,54.5969,52.4033,52.4033,"1,663"
2383 台光電,2018/12/25,53.622,54.0282,52.8095,53.947,"1,519"
2383 台光電,2018/12/24,54.5969,55.2469,53.7032,54.8407,"2,490"
2383 台光電,2018/12/22,54.2719,55.0031,53.7032,54.2719,"1,477"
2383 台光電,2018/12/21,52.4845,55.0844,52.4033,54.8407,"5,135"
2383 台光電,2018/12/20,54.3532,55.3281,51.9971,52.1596,"4,853"
2383 台光電,2018/12/19,56.7905,57.8467,53.3782,54.7594,"7,556"
2383 台光電,2018/12/18,60.6903,60.9341,55.6531,55.9781,"7,591"
2383 台光電,2018/12/17,62.559,63.6152,60.9341,61.5028,"2,414"
2383 台光電,2018/12/14,63.4527,64.6713,62.559,62.8027,"2,033"
2383 台光電,2018/12/13,66.1338,66.7837,63.5339,63.6964,"2,661"
2383 台光電,2018/12/12,65.6463,66.2963,65.2401,65.9713,"1,934"
2383 台光電,2018/12/11,63.7776,66.9462,63.6964,65.8088,"3,534"
2383 台光電,2018/12/10,60.9341,64.5089,60.2029,62.9652,"3,134"
2383 台光電,2018/12/7,64.9963,65.2401,61.3403,61.909,"5,724"
2383 台光電,2018/12/6,65.7275,66.9462,61.259,61.9903,"5,856"
2383 台光電,2018/12/5,71.5772,71.5772,66.7025,67.3524,"9,257"
2383 台光電,2018/12/4,67.2712,71.5772,65.0776,71.5772,"9,484"
2383 台光電,2018/12/3,60.7716,65.0776,60.3653,65.0776,"6,413"
2383 台光電,2018/11/30,61.1778,61.7465,58.9842,59.2279,"3,015"
2383 台光電,2018/11/29,60.7716,63.3714,60.6091,60.9341,"3,034"
2383 台光電,2018/11/28,59.3092,60.7716,58.8217,59.9591,"2,175"
2383 台光電,2018/11/27,56.4656,60.2841,56.4656,58.9842,"2,422"
2383 台光電,2018/11/26,55.9781,57.5218,55.9781,56.0593,794
2383 台光電,2018/11/23,56.953,57.5218,56.0593,56.0593,663
2383 台光電,2018/11/22,58.1717,58.8217,57.0343,57.0343,677
2383 台光電,2018/11/21,57.3593,58.4967,57.0343,58.0905,853
2383 台光電,2018/11/20,58.4155,58.9029,58.0092,58.4155,608
2383 台光電,2018/11/19,57.6842,58.9842,57.6842,58.7404,925
2383 台光電,2018/11/16,57.3593,58.0905,57.278,57.3593,692
2383 台光電,2018/11/15,56.8718,57.1155,55.8156,56.953,683
2383 台光電,2018/11/14,55.6531,56.8718,55.5719,56.8718,"1,138"
2383 台光電,2018/11/13,54.4344,56.0593,54.4344,56.0593,"1,802"
2383 台光電,2018/11/12,55.7344,57.1968,55.7344,57.1968,"1,367"
2383 台光電,2018/11/9,57.4405,58.4155,56.2218,56.6281,"1,177"
2383 台光電,2018/11/8,60.4466,60.7716,57.7655,58.1717,"1,745"
2383 台光電,2018/11/7,56.8718,58.8217,56.4656,58.8217,"1,590"
2383 台光電,2018/11/6,58.5779,60.4466,56.3031,56.8718,"3,562"
2383 台光電,2018/11/5,55.6531,58.4967,54.3532,58.4967,"3,426"
2383 台光電,2018/11/2,55.0844,57.6842,54.6782,55.9781,"4,731"
2383 台光電,2018/11/1,50.3722,55.1656,49.6409,53.622,"4,209"
2383 台光電,2018/10/31,48.1785,50.7784,47.9348,50.2909,"4,016"
2383 台光電,2018/10/30,46.4724,47.2036,46.2286,47.0411,"1,655"
2383 台光電,2018/10/29,46.3099,47.9348,45.9037,46.3911,"3,200"
2383 台光電,2018/10/26,49.0722,49.3972,43.9538,45.6599,"6,023"
2383 台光電,2018/10/25,49.5597,51.1846,48.0973,48.0973,"6,346"
2383 台光電,2018/10/24,54.5969,56.0593,52.8095,53.3782,"4,585"
2383 台光電,2018/10/23,58.7404,58.7404,54.8407,54.8407,"3,474"
2383 台光電,2018/10/22,59.7154,59.8779,58.4155,58.9029,"1,641"
2383 台光電,2018/10/19,60.6903,60.7716,57.0343,60.6091,"3,268"
2383 台光電,2018/10/18,60.0404,61.3403,59.1467,61.3403,"1,390"
2383 台光電,2018/10/17,61.7465,62.7215,59.4716,59.4716,"1,199"
2383 台光電,2018/10/16,57.5218,60.3653,57.5218,60.1216,"2,211"
2383 台光電,2018/10/15,56.3843,58.0905,55.8968,57.1968,"2,038"
2383 台光電,2018/10/12,52.1596,57.1155,52.1596,56.4656,"5,575"
2383 台光電,2018/10/11,59.3092,59.3092,57.0343,57.0343,"4,177"
2383 台光電,2018/10/9,67.0275,67.0275,60.4466,63.3714,"4,577"
2383 台光電,2018/10/8,64.8338,68.1649,64.8338,67.1087,"1,041"
2383 台光電,2018/10/5,69.4648,69.4648,66.2963,66.2963,"1,888"
2383 台光電,2018/10/4,69.3023,70.846,68.8961,70.4398,817
2383 台光電,2018/10/3,68.8149,69.7086,68.7336,69.3023,869
2383 台光電,2018/10/2,71.4147,71.4147,68.8149,69.3836,"2,199"
2383 台光電,2018/10/1,69.8711,72.3084,69.0586,71.5772,"2,057"
2383 台光電,2018/9/28,67.8399,70.6023,67.8399,69.8711,"2,382"
2383 台光電,2018/9/27,67.4337,68.2461,67.0275,67.4337,"1,498"
2383 台光電,2018/9/26,68.4086,68.6524,66.7025,67.7587,"1,385"
2383 台光電,2018/9/25,66.1338,68.3274,66.1338,68.0024,919
2383 台光電,2018/9/21,64.9963,67.19,64.1839,66.9462,"1,468"
2383 台光電,2018/9/20,65.89,66.1338,63.3714,64.1839,"2,406"
2383 台光電,2018/9/19,66.9462,67.4337,65.3213,65.565,964
2383 台光電,2018/9/18,66.6212,67.2712,65.89,66.215,874
2383 台光電,2018/9/17,67.4337,68.2461,66.4587,66.6212,"1,756"
2383 台光電,2018/9/14,66.6212,68.8149,65.9713,68.5711,"1,838"
2383 台光電,2018/9/13,63.9401,66.4587,63.6152,65.8088,"1,791"
2383 台光電,2018/9/12,63.3714,63.9401,62.559,63.7776,"1,670"
2383 台光電,2018/9/11,63.6964,64.8338,60.3653,62.8839,"4,457"
2383 台光電,2018/9/10,68.2461,68.8961,61.7465,63.3714,"3,969"
2383 台光電,2018/9/7,71.8209,72.6334,68.2461,68.5711,"1,954"
2383 台光電,2018/9/6,73.2834,73.6896,71.9834,71.9834,"1,562"
2383 台光電,2018/9/5,73.6083,73.9333,72.5522,73.3646,"2,859"
2383 台光電,2018/9/4,70.4398,73.9333,70.4398,73.6083,"4,000"
2383 台光電,2018/9/3,72.1459,72.4709,69.8711,70.3585,"1,564"
2383 台光電,2018/8/31,72.1459,72.7959,71.5772,72.1459,"2,076"
2383 台光電,2018/8/30,73.1209,73.8521,71.0897,71.8209,"6,664"
2383 台光電,2018/8/29,71.3307,72.873,71.2536,72.7959,"4,127"
2383 台光電,2018/8/28,72.1019,72.873,70.6367,71.3307,"3,760"
2383 台光電,2018/8/27,69.6342,72.1019,69.5571,71.7163,"3,841"
2383 台光電,2018/8/24,70.7138,70.7909,67.475,69.0173,"2,419"
2383 台光電,2018/8/23,69.3258,71.2536,69.3258,70.7909,"2,070"
2383 台光電,2018/8/22,69.7885,71.2536,69.2487,69.3258,"2,187"
2383 台光電,2018/8/21,68.6317,71.3307,68.5546,70.3283,"2,783"
2383 台光電,2018/8/20,70.2511,70.9452,66.9352,68.2462,"3,714"
2383 台光電,2018/8/17,71.0223,72.3332,70.2511,70.2511,"2,084"
2383 台光電,2018/8/16,70.174,73.5671,69.3258,70.7138,"2,275"
2383 台光電,2018/8/15,73.2586,73.4899,71.2536,71.6392,"1,524"
2383 台光電,2018/8/14,72.4875,74.5695,72.4875,73.6442,"2,803"
2383 台光電,2018/8/13,75.572,75.572,69.6342,72.179,"3,765"
2383 台光電,2018/8/10,76.4974,77.8855,75.6491,76.3432,"4,323"
2383 台光電,2018/8/9,74.878,76.8059,74.1069,76.4974,"3,633"
2383 台光電,2018/8/8,72.7959,75.8034,72.7959,75.572,"4,853"
2383 台光電,2018/8/7,73.5671,75.4949,72.6417,72.7188,"4,176"
2383 台光電,2018/8/6,72.7959,74.5695,72.5646,73.1815,"3,071"
2383 台光電,2018/8/3,74.878,75.8034,72.5646,72.5646,"6,603"
2383 台光電,2018/8/2,73.3357,76.883,71.485,75.9576,"8,833"
2383 台光電,2018/8/1,67.8606,74.6467,67.8606,74.0297,"8,925"
2383 台光電,2018/7/31,65.5472,69.0173,65.5472,67.8606,"4,193"
2383 台光電,2018/7/30,66.3954,67.475,65.1616,66.0099,"1,882"
2383 台光電,2018/7/27,64.6218,66.9352,64.6218,66.3183,"2,077"
2383 台光電,2018/7/26,64.6218,65.3158,64.1591,64.9303,"1,252"
2383 台光電,2018/7/25,63.8507,64.776,63.0795,64.6989,"2,118"
2383 台光電,2018/7/24,63.4651,64.4676,62.6168,64.4676,"3,021"
2383 台光電,2018/7/23,65.1616,66.2412,64.2362,65.4701,"2,586"
2383 台光電,2018/7/20,61.6915,65.8556,61.6915,65.3929,"3,273"
2383 台光電,2018/7/19,60.9203,62.4626,60.9203,61.6915,857
2383 台光電,2018/7/18,60.3034,61.9228,60.1492,60.9203,"1,584"
2383 台光電,2018/7/17,60.6119,60.7661,58.2213,60.3034,"1,443"
2383 台光電,2018/7/16,59.378,61.2288,59.378,60.6119,"2,060"
2383 台光電,2018/7/13,58.6069,59.9949,57.8357,59.378,"2,639"
2383 台光電,2018/7/12,57.0646,58.0671,56.9875,57.99,738
2383 台光電,2018/7/11,58.4527,58.4527,56.679,57.0646,"1,455"
2383 台光電,2018/7/10,57.5273,59.0696,57.5273,58.4527,"1,108"
2383 台光電,2018/7/9,56.8333,58.8382,56.7561,58.2213,"1,958"
2383 台光電,2018/7/6,60.5347,60.7661,55.985,56.2935,"3,581"
2383 台光電,2018/7/5,61.5372,62.4626,59.7636,60.8432,"1,875"
2383 台光電,2018/7/4,59.8407,60.5347,59.6094,60.5347,567
2383 台光電,2018/7/3,61.2288,61.383,59.8407,59.8407,752
2383 台光電,2018/7/2,61.9228,61.9999,60.6119,61.0745,732
2383 台光電,2018/6/29,60.3034,61.8457,60.3034,61.5372,"1,526"
2383 台光電,2018/6/28,60.3034,61.1517,59.6094,59.9949,892
2383 台光電,2018/6/27,61.3059,61.6915,60.2263,60.2263,889
2383 台光電,2018/6/26,60.3034,62.3855,60.1492,61.2288,903
2383 台光電,2018/6/25,61.3059,61.9228,60.3034,60.3805,986
2383 台光電,2018/6/22,62.6168,63.0795,60.6119,60.7661,"1,307"
2383 台光電,2018/6/21,63.4651,63.6964,62.8482,62.8482,711
2383 台光電,2018/6/20,65.1616,65.2387,62.4626,62.4626,"1,605"
2383 台光電,2018/6/19,64.776,66.3183,64.6218,64.8531,"1,851"
2383 台光電,2018/6/15,67.475,67.7064,65.1616,65.1616,"5,219"
2383 台光電,2018/6/14,67.7064,68.9402,67.3979,67.475,"1,397"
2383 台光電,2018/6/13,67.5521,69.1715,67.3208,68.2462,"1,179"
2383 台光電,2018/6/12,68.4775,69.5571,67.5521,67.5521,"1,261"
2383 台光電,2018/6/11,68.7089,69.8656,67.3208,68.786,"1,433"
2383 台光電,2018/6/8,67.7064,70.3283,67.7064,68.3233,"4,152"
2383 台光電,2018/6/7,68.0919,68.3233,66.7039,67.0895,"1,243"
2383 台光電,2018/6/6,67.1666,69.0173,67.1666,67.7835,"3,274"
2383 台光電,2018/6/5,66.2412,68.4775,65.7785,67.1666,"3,973"
2383 台光電,2018/6/4,65.6243,66.0099,65.1616,65.3929,"2,783"
2383 台光電,2018/6/1,61.8457,65.3929,61.7686,65.0845,"5,268"
2383 台光電,2018/5/31,62.6168,63.0795,61.8457,61.8457,"1,350"
2383 台光電,2018/5/30,63.2337,63.5422,61.9228,62.2313,"1,666"
2383 台光電,2018/5/29,65.7014,65.9327,63.8507,63.8507,"1,381"
2383 台光電,2018/5/28,64.3905,66.5497,63.6964,65.6243,"2,020"
2383 台光電,2018/5/25,63.388,64.6218,62.3084,64.3133,"1,418"
2383 台光電,2018/5/24,64.6989,65.3929,63.388,63.6193,"1,601"
2383 台光電,2018/5/23,66.2412,66.3954,64.1591,64.6989,"1,795"
2383 台光電,2018/5/22,64.6989,67.0123,64.6989,66.1641,"2,813"
2383 台光電,2018/5/21,66.0099,66.1641,64.8531,64.8531,"1,779"
2383 台光電,2018/5/18,66.087,66.4725,65.1616,65.6243,"3,112"
2383 台光電,2018/5/17,64.6218,65.7785,64.3133,65.3158,"1,795"
2383 台光電,2018/5/16,64.3905,65.5472,63.7735,64.3905,"2,261"
2383 台光電,2018/5/15,64.6218,66.1641,64.3133,64.3905,"2,849"
2383 台光電,2018/5/14,65.0845,65.8556,63.5422,64.4676,"5,337"
2383 台光電,2018/5/11,62.8482,65.3929,61.6143,64.4676,"14,554"
2383 台光電,2018/5/10,57.8357,61.2288,57.4502,61.2288,"6,624"
2383 台光電,2018/5/9,55.6765,55.985,54.9825,55.6765,"4,292"
2383 台光電,2018/5/8,53.98,55.0596,53.8258,54.8283,"4,722"
2383 台光電,2018/5/7,54.1342,54.7512,52.592,53.5944,"5,602"
2383 台光電,2018/5/4,56.2163,56.2163,54.3656,54.3656,"3,445"
2383 台光電,2018/5/3,56.9104,58.1442,55.985,56.5248,"3,709"
2383 台光電,2018/5/2,56.4477,56.9875,55.7536,56.2935,"2,028"
2383 台光電,2018/4/30,56.0621,57.1417,55.5994,56.2935,"4,497"
2383 台光電,2018/4/27,55.5223,58.0671,55.291,55.5223,"9,406"
2383 台光電,2018/4/26,58.6069,59.6094,56.9875,57.6044,"4,021"
2383 台光電,2018/4/25,57.99,59.2238,56.679,58.2213,"5,291"
2383 台光電,2018/4/24,59.8407,60.689,56.679,59.2238,"6,471"
2383 台光電,2018/4/23,64.4676,65.0845,60.0721,60.1492,"6,779"
2383 台光電,2018/4/20,64.6989,66.2412,64.5447,64.8531,"3,158"
2383 台光電,2018/4/19,67.3208,67.8606,64.5447,65.1616,"7,493"
2383 台光電,2018/4/18,68.5546,68.9402,67.475,67.5521,"1,870"
2383 台光電,2018/4/17,68.2462,69.2487,67.5521,68.5546,"1,873"
2383 台光電,2018/4/16,69.7113,69.7113,67.3979,68.2462,"2,969"
2383 台光電,2018/4/13,69.48,70.2511,69.0173,69.7885,972
2383 台光電,2018/4/12,68.9402,70.0198,68.7089,69.2487,"3,095"
2383 台光電,2018/4/11,70.4054,70.9452,69.0173,69.0173,972
2383 台光電,2018/4/10,67.475,71.1765,67.3208,70.174,"3,366"
2383 台光電,2018/4/9,70.174,70.7909,67.3979,67.475,"4,141"
2383 台光電,2018/4/3,71.7163,71.7163,69.7885,70.7138,"2,543"
2383 台光電,2018/4/2,72.3332,73.1044,71.8705,71.8705,"1,191"
2383 台光電,2018/3/31,73.1044,73.1044,72.179,72.3332,"1,154"
2383 台光電,2018/3/30,74.0297,75.1865,72.7959,72.7959,"1,968"
2383 台光電,2018/3/29,72.4875,74.0297,72.4875,73.7984,"2,590"
2383 台光電,2018/3/28,73.8755,73.9526,72.5646,72.5646,"2,356"
2383 台光電,2018/3/27,74.1069,76.4203,74.1069,74.4924,"2,277"
2383 台光電,2018/3/26,72.4875,74.4924,72.3332,73.7213,"2,550"
2383 台光電,2018/3/23,73.8755,74.2611,72.3332,73.3357,"3,368"
2383 台光電,2018/3/22,78.271,79.0422,75.6491,75.6491,"5,181"
2383 台光電,2018/3/21,79.8133,80.1989,77.1143,78.271,"5,667"
2383 台光電,2018/3/20,80.97,82.5123,80.1989,80.97,"1,738"
2383 台光電,2018/3/19,83.2835,84.4402,81.7412,81.7412,"2,087"
2383 台光電,2018/3/16,83.2835,84.8257,80.97,84.8257,"4,055"
2383 台光電,2018/3/15,79.4277,83.669,77.8855,83.2835,"5,179"
2383 台光電,2018/3/14,80.97,80.97,79.4277,79.4277,"1,055"
2383 台光電,2018/3/13,79.0422,80.97,78.6566,80.97,"1,613"
2383 台光電,2018/3/12,79.8133,80.1989,78.271,78.6566,"1,843"
2383 台光電,2018/3/9,79.4277,79.8133,78.6566,79.4277,842
2383 台光電,2018/3/8,78.6566,80.1989,78.6566,79.0422,"1,236"
2383 台光電,2018/3/7,79.8133,80.5845,78.6566,78.6566,"1,723"
2383 台光電,2018/3/6,81.7412,82.1267,79.4277,80.1989,"4,045"
2383 台光電,2018/3/5,80.97,82.1267,80.5845,81.3556,"2,167"
2383 台光電,2018/3/2,83.2835,84.0546,79.8133,80.1989,"3,791"
2383 台光電,2018/3/1,83.2835,85.5969,82.8979,84.4402,"2,028"
2383 台光電,2018/2/27,84.8257,85.5969,83.669,84.4402,"1,936"
2383 台光電,2018/2/26,86.368,86.7536,83.669,84.4402,"2,864"
2383 台光電,2018/2/23,82.8979,86.7536,82.5123,85.5969,"4,843"
2383 台光電,2018/2/22,81.7412,83.2835,80.5845,82.5123,"1,925"
2383 台光電,2018/2/21,80.1989,83.2835,79.0422,82.1267,"3,331"
2383 台光電,2018/2/12,78.271,79.8133,77.1143,78.6566,"3,159"
2383 台光電,2018/2/9,74.4153,78.271,73.1044,77.8855,"2,438"
2383 台光電,2018/2/8,75.572,78.271,75.572,76.5745,"2,751"
2383 台光電,2018/2/7,75.8805,77.4999,75.6491,75.6491,"2,663"
2383 台光電,2018/2/6,75.572,77.1143,72.0248,73.5671,"4,869"
2383 台光電,2018/2/5,77.8855,78.271,76.8059,77.4999,"2,284"
2383 台光電,2018/2/2,81.7412,82.5123,80.5845,80.97,"2,017"
2383 台光電,2018/2/1,79.4277,83.2835,79.0422,82.8979,"3,280"
2383 台光電,2018/1/31,78.6566,79.0422,77.8855,79.0422,"1,165"
2383 台光電,2018/1/30,82.1267,82.1267,79.4277,79.4277,"3,097"
2383 台光電,2018/1/29,77.4999,83.669,77.4999,82.1267,"4,254"
2383 台光電,2018/1/26,77.1143,77.4999,76.7287,76.883,"1,487"
2383 台光電,2018/1/25,78.271,78.6566,76.7287,76.7287,"1,904"
2383 台光電,2018/1/24,77.8855,78.271,76.9601,78.271,"1,319"
2383 台光電,2018/1/23,78.6566,78.6566,76.8059,77.4999,"2,113"
2383 台光電,2018/1/22,76.7287,78.271,76.5745,78.271,"2,811"
2383 台光電,2018/1/19,79.8133,79.8133,75.7263,76.4203,"6,043"
2383 台光電,2018/1/18,80.5845,81.7412,79.4277,79.8133,"4,420"
2383 台光電,2018/1/17,84.0546,84.0546,78.271,79.4277,"6,269"
2383 台光電,2018/1/16,86.368,87.1392,84.4402,84.8257,"3,418"
2383 台光電,2018/1/15,84.4402,89.067,84.4402,87.1392,"5,674"
2383 台光電,2018/1/12,80.1989,85.2113,80.1989,84.0546,"4,850"
2383 台光電,2018/1/11,78.6566,79.8133,78.271,79.8133,827
2383 台光電,2018/1/10,80.1989,80.5845,77.4999,78.6566,"1,323"
2383 台光電,2018/1/9,78.6566,79.8133,77.4999,79.8133,"1,525"
2383 台光電,2018/1/8,79.4277,80.5845,79.4277,79.4277,"1,887"
2383 台光電,2018/1/5,81.3556,81.3556,78.6566,79.0422,"2,914"
2383 台光電,2018/1/4,80.97,81.7412,79.0422,81.3556,"2,528"
2383 台光電,2018/1/3,80.97,82.5123,80.1989,80.5845,"3,790"
2383 台光電,2018/1/2,79.0422,80.1989,77.4999,80.1989,"2,321"
2383 台光電,2017/12/29,75.0322,78.271,75.0322,78.271,"4,001"
2383 台光電,2017/12/28,74.8009,78.271,74.3382,74.8009,"3,777"
2383 台光電,2017/12/27,71.485,73.5671,71.485,73.1815,"2,063"
2383 台光電,2017/12/26,74.4924,74.7238,71.2536,71.2536,"2,862"
2383 台光電,2017/12/25,75.0322,76.5745,74.1069,74.4924,"1,909"
2383 台光電,2017/12/22,77.4999,77.4999,75.572,75.6491,"3,429"
2383 台光電,2017/12/21,79.8133,79.8133,76.7287,77.4999,"7,991"
2383 台光電,2017/12/20,73.4899,79.8133,73.4128,79.8133,"9,467"
2383 台光電,2017/12/19,73.2586,73.4899,72.6417,72.873,"2,877"
2383 台光電,2017/12/18,72.7959,74.0297,72.7188,72.873,"3,476"
2383 台光電,2017/12/15,73.0273,73.4899,71.7163,72.7188,"3,817"
2383 台光電,2017/12/14,71.9477,73.1815,70.9452,72.4875,"5,465"
2383 台光電,2017/12/13,70.5596,73.4128,70.5596,71.485,"4,671"
2383 台光電,2017/12/12,72.0248,73.7984,70.5596,70.5596,"6,334"
2383 台光電,2017/12/11,74.184,74.2611,72.4875,72.4875,"6,525"
2383 台光電,2017/12/8,75.9576,75.9576,72.873,74.184,"6,711"
2383 台光電,2017/12/7,74.4153,76.1889,73.2586,75.8034,"6,962"
2383 台光電,2017/12/6,81.7412,81.7412,75.3407,75.3407,"7,344"
2383 台光電,2017/12/5,85.5969,86.7536,83.2835,83.669,"2,315"
2383 台光電,2017/12/4,84.4402,85.9825,83.2835,85.5969,"3,644"
2383 台光電,2017/12/1,88.6815,89.067,84.0546,84.0546,"4,824"
2383 台光電,2017/11/30,90.6093,90.9949,87.5247,87.9103,"3,017"
2383 台光電,2017/11/29,89.8382,90.9949,89.067,90.6093,"2,995"
2383 台光電,2017/11/28,88.2959,89.8382,87.5247,89.067,"1,843"
2383 台光電,2017/11/27,87.5247,88.6815,86.7536,88.2959,"1,267"
2383 台光電,2017/11/24,90.9949,91.3805,86.7536,87.5247,"3,971"
2383 台光電,2017/11/23,89.8382,92.1516,89.8382,91.766,"1,326"
2383 台光電,2017/11/22,90.2237,91.766,89.4526,89.8382,"1,410"
2383 台光電,2017/11/21,92.5372,92.5372,89.4526,89.8382,"2,412"
2383 台光電,2017/11/20,90.9949,92.9227,90.9949,92.1516,"2,154"
2383 台光電,2017/11/17,87.5247,90.9949,87.5247,90.6093,"3,242"
2383 台光電,2017/11/16,86.7536,88.2959,86.7536,87.1392,"1,142"
2383 台光電,2017/11/15,87.9103,88.2959,86.368,87.5247,"1,705"
2383 台光電,2017/11/14,84.4402,89.4526,84.4402,88.6815,"3,392"
2383 台光電,2017/11/13,87.5247,87.9103,84.0546,84.8257,"3,267"
2383 台光電,2017/11/10,88.2959,88.6815,87.1392,87.5247,"1,053"
2383 台光電,2017/11/9,87.1392,89.067,87.1392,88.6815,"2,424"
2383 台光電,2017/11/8,90.2237,90.6093,87.1392,87.1392,"3,597"
2383 台光電,2017/11/7,91.766,91.766,89.8382,90.2237,"2,163"
2383 台光電,2017/11/6,88.6815,90.9949,88.6815,90.2237,"2,704"
2383 台光電,2017/11/3,88.2959,90.2237,87.1392,88.6815,"3,554"
2383 台光電,2017/11/2,91.766,91.766,87.1392,87.9103,"4,590"
2383 台光電,2017/11/1,92.1516,94.0795,89.8382,92.5372,"3,337"
2383 台光電,2017/10/31,92.1516,94.8506,91.766,92.5372,"2,968"
2383 台光電,2017/10/30,96.3929,97.5496,86.7536,90.6093,"7,617"
2383 台光電,2017/10/27,97.9352,98.7063,96.3929,96.3929,"1,706"
2383 台光電,2017/10/26,96.3929,99.0919,96.0073,98.7063,"1,546"
2383 台光電,2017/10/25,97.9352,99.4775,96.3929,96.3929,"1,880"
2383 台光電,2017/10/24,96.3929,99.4775,96.3929,98.7063,"2,515"
2383 台光電,2017/10/23,97.164,99.4775,95.6218,96.0073,"3,399"
2383 台光電,2017/10/20,99.0919,99.863,96.0073,96.3929,"5,247"
2383 台光電,2017/10/19,101.7909,101.7909,97.9352,100.2486,"3,230"
2383 台光電,2017/10/18,102.562,103.7188,101.7909,102.1765,"1,605"
2383 台光電,2017/10/17,106.0322,106.8033,102.1765,102.562,"2,162"
2383 台光電,2017/10/16,105.6466,107.5745,102.9476,106.0322,"4,384"
2383 台光電,2017/10/13,103.7188,106.0322,103.3332,106.0322,"1,978"
2383 台光電,2017/10/12,102.9476,104.4899,102.1765,104.1043,"2,321"
2383 台光電,2017/10/11,103.7188,105.261,101.7909,102.562,"3,617"
2383 台光電,2017/10/6,106.8033,106.8033,102.1765,103.7188,"7,460"
2383 台光電,2017/10/5,112.5869,112.5869,109.1168,109.1168,"3,514"
2383 台光電,2017/10/3,115.6715,116.057,113.358,113.358,"1,300"
2383 台光電,2017/10/2,111.4302,116.4426,111.0446,114.9003,"4,179"
2383 台光電,2017/9/30,112.5869,112.5869,110.659,111.0446,582
2383 台光電,2017/9/29,109.5023,112.5869,109.5023,111.0446,"2,214"
2383 台光電,2017/9/28,107.96,110.2734,107.96,109.1167,"1,778"
2383 台光電,2017/9/27,106.4177,108.7312,105.6466,107.5744,"1,236"
2383 台光電,2017/9/26,107.1889,108.7312,105.261,105.261,"1,814"
2383 台光電,2017/9/25,109.5023,109.5023,106.0322,106.0322,"2,203"
2383 台光電,2017/9/22,112.2013,112.2013,109.1167,109.1167,"2,204"
2383 台光電,2017/9/21,108.3456,112.2013,108.3456,112.2013,"3,965"
2383 台光電,2017/9/20,107.1889,109.1167,106.0322,107.5744,"2,323"
2383 台光電,2017/9/19,108.7312,109.5023,106.8033,106.8033,"1,855"
2383 台光電,2017/9/18,109.8879,110.659,108.3456,108.3456,"1,973"
2383 台光電,2017/9/15,107.96,109.5023,107.1889,109.5023,"2,504"
2383 台光電,2017/9/14,108.3456,108.7312,106.8033,107.1889,"1,476"
2383 台光電,2017/9/13,108.7312,109.8879,107.1889,107.5744,"2,104"
2383 台光電,2017/9/12,106.4177,108.3456,105.6466,107.5744,"3,074"
2383 台光電,2017/9/11,106.0322,107.1889,104.4899,104.4899,"3,024"
2383 台光電,2017/9/8,103.7187,106.4177,103.3332,104.1043,"2,848"
2383 台光電,2017/9/7,108.7312,108.7312,104.8754,105.261,"3,213"
2383 台光電,2017/9/6,108.7312,109.1167,106.8033,109.1167,"3,088"
2383 台光電,2017/9/5,105.261,109.5023,102.562,109.5023,"5,739"
2383 台光電,2017/9/4,112.9724,113.358,104.8754,106.0322,"10,200"
2383 台光電,2017/9/1,114.1292,116.057,112.9724,114.9003,"4,525"
2383 台光電,2017/8/31,118.756,119.1416,116.8282,117.2137,"1,930"
2383 台光電,2017/8/30,119.5272,119.9127,117.5993,117.9849,"1,896"
2383 台光電,2017/8/29,120.6839,120.6839,118.3705,119.1416,"1,834"
2383 台光電,2017/8/28,120.6839,123.7685,119.9127,119.9127,"1,821"
2383 台光電,2017/8/25,121.455,121.8406,118.3705,120.6839,"4,127"
2383 台光電,2017/8/24,122.6117,124.154,121.455,123.3829,"1,861"
2383 台光電,2017/8/23,122.9973,126.0819,121.8406,122.6117,"2,710"
2383 台光電,2017/8/22,126.0819,127.2386,122.2262,122.2262,"3,898"
2383 台光電,2017/8/21,119.1416,129.1665,117.5993,126.853,"6,361"
2383 台光電,2017/8/18,113.358,118.756,110.659,117.9849,"5,409"
2383 台光電,2017/8/17,109.1167,114.5147,109.1167,114.5147,"4,829"
2383 台光電,2017/8/16,108.3456,109.5023,106.4177,107.5744,"1,345"
2383 台光電,2017/8/15,109.1167,109.8879,106.8033,107.96,"1,580"
2383 台光電,2017/8/14,107.1889,109.5023,106.8033,107.96,"3,015"
2383 台光電,2017/8/11,102.562,108.7312,101.4053,106.8033,"3,348"
2383 台光電,2017/8/10,107.96,108.3456,102.562,102.562,"4,487"
2383 台光電,2017/8/9,111.8829,111.8829,105.9158,107.0346,"4,594"
2383 台光電,2017/8/8,115.6123,116.3582,113.3746,113.3746,"2,062"
2383 台光電,2017/8/7,114.8664,117.477,114.1205,115.2393,"2,512"
2383 台光電,2017/8/4,115.6123,115.6123,113.3746,114.1205,"1,912"
2383 台光電,2017/8/3,113.3746,115.6123,112.2558,114.4935,"2,534"
2383 台光電,2017/8/2,112.6287,113.3746,111.5099,113.3746,"2,015"
2383 台光電,2017/8/1,111.8829,113.7476,111.5099,111.8829,"2,314"
2383 台光電,2017/7/31,112.6287,113.0017,110.3911,111.5099,"1,733"
2383 台光電,2017/7/28,110.0181,113.0017,109.6452,111.8829,"5,538"
2383 台光電,2017/7/27,108.8993,109.2723,107.4075,109.2723,"2,878"
2383 台光電,2017/7/26,110.3911,110.3911,108.5264,108.5264,"2,496"
2383 台光電,2017/7/25,110.0181,112.2558,108.8993,110.0181,"2,540"
2383 台光電,2017/7/24,109.2723,110.3911,108.5264,109.2723,"1,189"
2383 台光電,2017/7/21,110.3911,110.764,108.8993,109.2723,"2,895"
2383 台光電,2017/7/20,114.1205,114.1205,111.137,111.137,"1,906"
2383 台光電,2017/7/19,112.2558,114.8664,111.137,113.3746,"3,329"
2383 台光電,2017/7/18,110.3911,112.6287,110.0181,111.8829,"2,496"
2383 台光電,2017/7/17,111.8829,111.8829,108.8993,109.6452,"2,785"
2383 台光電,2017/7/14,111.8829,113.3746,110.0181,110.764,"2,446"
2383 台光電,2017/7/13,107.7805,114.8664,107.7805,111.137,"4,984"
2383 台光電,2017/7/12,104.7969,107.0346,104.7969,107.0346,"1,896"
2383 台光電,2017/7/11,106.2887,107.0346,104.424,104.424,"1,885"
2383 台光電,2017/7/10,105.1699,106.2887,104.424,106.2887,"1,171"
2383 台光電,2017/7/7,105.9158,107.4075,105.1699,105.1699,"1,946"
2383 台光電,2017/7/6,106.6617,107.0346,104.424,106.2887,"2,136"
2383 台光電,2017/7/5,104.7969,106.6617,102.9322,106.6617,"2,074"
2383 台光電,2017/7/4,106.2887,107.0346,104.7969,105.1699,"2,091"
2383 台光電,2017/7/3,109.2723,109.2723,107.0346,107.0346,"2,192"
2383 台光電,2017/6/30,104.7969,110.0181,104.0511,110.0181,"5,737"
2383 台光電,2017/6/29,102.5593,107.7805,102.1864,105.5429,"6,578"
2383 台光電,2017/6/28,102.5593,102.5593,98.8299,100.3217,"2,750"
2383 台光電,2017/6/27,103.3052,103.6782,101.4405,102.1864,"1,384"
2383 台光電,2017/6/26,101.4405,104.0511,101.4405,102.9323,"2,172"
2383 台光電,2017/6/23,102.5593,103.6782,101.0676,101.4405,"1,505"
2383 台光電,2017/6/22,100.3217,102.5593,99.9487,101.8134,"3,042"
2383 台光電,2017/6/21,99.2028,99.9487,98.084,99.9487,"1,157"
2383 台光電,2017/6/20,98.8299,101.4405,98.457,99.2028,"3,247"
2383 台光電,2017/6/19,97.3381,98.457,96.5922,97.7111,"1,216"
2383 台光電,2017/6/16,96.2193,97.3381,95.4734,97.3381,"1,497"
2383 台光電,2017/6/15,96.9652,99.5758,94.7275,95.8464,"4,106"
2383 台光電,2017/6/14,97.7111,99.2028,94.3546,96.9652,"4,201"
2383 台光電,2017/6/13,95.8464,98.084,95.4734,96.2193,"1,739"
2383 台光電,2017/6/12,95.8464,96.2193,94.7275,95.4734,"1,152"
2383 台光電,2017/6/9,97.3381,100.3217,96.9652,96.9652,"3,261"
2383 台光電,2017/6/8,94.3546,98.8299,93.9816,97.7111,"3,441"
2383 台光電,2017/6/7,98.457,98.8299,93.9816,93.9816,"2,181"
2383 台光電,2017/6/6,95.1005,98.084,93.6087,98.084,"3,596"
2383 台光電,2017/6/5,91.371,94.3546,91.371,93.9816,"3,253"
2383 台光電,2017/6/3,92.8628,92.8628,90.6251,91.371,"1,202"
2383 台光電,2017/6/2,92.4899,93.2358,91.744,92.4899,"1,795"
2383 台光電,2017/6/1,93.6087,93.6087,91.744,92.1169,"1,687"
2383 台光電,2017/5/31,92.4899,93.9816,92.1169,93.2358,"2,274"
2383 台光電,2017/5/26,92.4899,92.4899,90.6251,92.4899,"2,348"
2383 台光電,2017/5/25,93.2358,93.6087,91.744,92.4899,"1,287"
2383 台光電,2017/5/24,91.371,93.2358,91.371,92.4899,"1,866"
2383 台光電,2017/5/23,93.6087,93.9816,91.371,91.371,"2,713"
2383 台光電,2017/5/22,93.6087,93.9816,91.744,93.2358,"2,070"
2383 台光電,2017/5/19,98.8299,99.9487,93.2358,93.2358,"4,261"
2383 台光電,2017/5/18,96.2193,99.2028,96.2193,98.457,"4,008"
2383 台光電,2017/5/17,94.3546,98.8299,94.3546,98.457,"6,976"
2383 台光電,2017/5/16,93.6087,96.9652,92.8628,94.3546,"9,034"
2383 台光電,2017/5/15,90.6251,93.9816,90.6251,92.4899,"2,907"
2383 台光電,2017/5/12,91.371,91.744,90.2522,90.6251,"1,766"
2383 台光電,2017/5/11,92.4899,93.9816,91.371,91.744,"3,394"
2383 台光電,2017/5/10,92.4899,93.2358,90.9981,91.371,"2,685"
2383 台光電,2017/5/9,93.6087,94.3546,90.9981,92.4899,"4,378"
2383 台光電,2017/5/8,91.371,94.3546,90.6251,92.8628,"4,192"
2383 台光電,2017/5/5,90.9981,91.371,89.5063,90.2522,"1,864"
2383 台光電,2017/5/4,89.5063,91.371,88.3875,90.2522,"2,793"
2383 台光電,2017/5/3,88.0145,90.6251,88.0145,88.7604,"2,975"
2383 台光電,2017/5/2,89.8793,92.8628,87.6416,87.6416,"4,091"
2383 台光電,2017/4/28,85.4039,90.6251,85.031,89.8793,"9,332"
2383 台光電,2017/4/27,83.9122,84.2851,82.7933,83.1663,"2,781"
2383 台光電,2017/4/26,86.5228,86.5228,83.1663,84.2851,"5,197"
2383 台光電,2017/4/25,86.8957,87.2687,84.2851,86.5228,"3,521"
2383 台光電,2017/4/24,90.2522,90.6251,86.5228,86.5228,"2,147"
2383 台光電,2017/4/21,86.8957,90.9981,86.8957,90.9981,"3,813"
2383 台光電,2017/4/20,86.1498,87.2687,85.031,86.5228,"2,084"
2383 台光電,2017/4/19,87.6416,87.6416,85.7769,86.1498,"1,614"
2383 台光電,2017/4/18,88.0145,88.7604,86.8957,88.0145,"1,421"
2383 台光電,2017/4/17,85.4039,89.1334,84.2851,88.0145,"2,417"
2383 台光電,2017/4/14,87.2687,87.2687,84.2851,85.031,"1,932"
2383 台光電,2017/4/13,86.8957,89.1334,86.8957,87.6416,"1,152"
2383 台光電,2017/4/12,87.2687,88.0145,86.1498,87.2687,"1,292"
2383 台光電,2017/4/11,88.7604,90.6251,87.2687,87.2687,"2,589"
2383 台光電,2017/4/10,91.371,92.4899,89.1334,89.5063,"3,250"
2383 台光電,2017/4/7,93.2358,93.2358,90.6251,92.4899,"4,059"
2383 台光電,2017/4/6,89.5063,93.2358,89.5063,93.2358,"4,438"
2383 台光電,2017/4/5,88.3875,89.5063,87.2687,89.5063,"2,089"
2383 台光電,2017/3/31,89.5063,89.8793,88.0145,88.0145,"3,487"
2383 台光電,2017/3/30,91.744,91.744,88.7604,89.5063,"3,143"
2383 台光電,2017/3/29,90.2522,90.6251,88.7604,90.6251,"2,294"
2383 台光電,2017/3/28,91.371,91.371,87.6416,89.5063,"3,250"
2383 台光電,2017/3/27,89.1334,92.4899,88.3875,88.7604,"5,981"
2383 台光電,2017/3/24,88.0145,90.6251,87.6416,88.0145,"4,233"
2383 台光電,2017/3/23,87.6416,88.3875,86.8957,87.2687,"2,461"
2383 台光電,2017/3/22,86.8957,87.6416,85.7769,87.2687,"3,282"
2383 台光電,2017/3/21,89.1334,89.8793,88.0145,88.7604,"2,633"
2383 台光電,2017/3/20,88.7604,89.5063,88.0145,89.1334,"3,922"
2383 台光電,2017/3/17,92.1169,92.1169,87.6416,89.8793,"10,654"
2383 台光電,2017/3/16,95.8464,95.8464,90.9981,93.2358,"4,125"
2383 台光電,2017/3/15,94.7275,96.9652,92.8628,93.9816,"4,331"
2383 台光電,2017/3/14,95.4734,95.4734,92.8628,94.7275,"3,941"
2383 台光電,2017/3/13,90.9981,96.2193,90.6251,95.4734,"10,979"
2383 台光電,2017/3/10,86.5228,88.3875,85.4039,87.6416,"3,783"
2383 台光電,2017/3/9,88.3875,89.8793,86.5228,86.8957,"3,584"
2383 台光電,2017/3/8,87.2687,89.8793,86.1498,88.3875,"5,943"
2383 台光電,2017/3/7,84.6581,87.6416,84.6581,87.6416,"6,811"
2383 台光電,2017/3/6,81.6745,82.7933,81.3016,82.0475,968
2383 台光電,2017/3/3,80.9286,83.5392,80.9286,82.4204,"2,527"
2383 台光電,2017/3/2,82.7933,83.1663,80.5557,82.0475,"2,043"
2383 台光電,2017/3/1,84.2851,84.2851,81.6745,81.6745,"1,319"
2383 台光電,2017/2/24,83.9122,84.6581,83.1663,83.9122,"1,216"
2383 台光電,2017/2/23,83.5392,86.1498,82.4204,83.9122,"2,465"
2383 台光電,2017/2/22,83.1663,85.031,83.1663,83.5392,"2,863"
2383 台光電,2017/2/21,82.7933,83.5392,80.1827,81.6745,"5,137"
2383 台光電,2017/2/20,86.5228,87.2687,82.0475,82.4204,"6,137"
2383 台光電,2017/2/18,84.2851,92.1169,83.9122,86.1498,"11,423"
2383 台光電,2017/2/17,85.031,85.4039,82.7933,83.9122,"2,789"
2383 台光電,2017/2/16,84.6581,87.2687,83.5392,84.6581,"4,233"
2383 台光電,2017/2/15,84.2851,85.031,82.7933,84.6581,"3,329"
2383 台光電,2017/2/14,86.5228,86.8957,84.2851,84.2851,"2,473"
2383 台光電,2017/2/13,86.1498,86.8957,85.031,85.7769,"2,958"
2383 台光電,2017/2/10,86.1498,89.1334,85.031,86.1498,"6,349"
2383 台光電,2017/2/9,86.1498,87.2687,84.6581,84.6581,"3,192"
2383 台光電,2017/2/8,87.6416,88.0145,84.2851,85.4039,"4,344"
2383 台光電,2017/2/7,86.1498,89.1334,84.6581,88.3875,"3,242"
2383 台光電,2017/2/6,89.1334,89.1334,84.2851,86.5228,"4,400"
2383 台光電,2017/2/3,89.5063,91.744,86.1498,88.7604,"5,759"
2383 台光電,2017/2/2,83.5392,89.5063,82.7933,89.5063,"8,915"
2383 台光電,2017/1/24,84.6581,85.4039,81.3016,81.6745,"6,647"
2383 台光電,2017/1/23,77.1992,83.1663,77.1992,83.1663,"10,262"
2383 台光電,2017/1/20,74.4394,76.0804,74.3648,75.7074,"4,168"
2383 台光電,2017/1/19,75.3345,76.0804,73.8427,74.0665,"2,655"
2383 台光電,2017/1/18,74.5886,76.4533,73.9173,75.3345,"3,697"
2383 台光電,2017/1/17,73.8427,76.0804,73.8427,74.514,"3,860"
2383 台光電,2017/1/16,73.9919,73.9919,72.4255,73.7681,"2,210"
2383 台光電,2017/1/13,75.3345,76.8263,73.9173,74.1411,"3,953"
2383 台光電,2017/1/12,71.978,77.1992,71.978,75.7074,"9,471"
2383 台光電,2017/1/11,72.2018,72.5747,71.3813,71.3813,"1,952"
2383 台光電,2017/1/10,70.9338,72.2018,70.9338,71.978,"2,661"
2383 台光電,2017/1/9,71.3067,72.5747,69.9641,70.8592,"3,323"
2383 台光電,2017/1/6,72.7239,73.1714,70.5608,71.1575,"4,016"
2383 台光電,2017/1/5,71.6051,74.4394,70.4862,73.4698,"6,134"
2383 台光電,2017/1/4,66.906,71.978,66.533,71.3067,"7,485"
2383 台光電,2017/1/3,67.2789,67.2789,66.4584,66.533,691
2383 台光電,2016/12/30,67.2043,67.5027,66.4584,67.1297,"1,396"
2383 台光電,2016/12/29,66.3839,67.1297,65.7871,67.0552,"2,203"
2383 台光電,2016/12/28,65.638,66.906,65.265,66.533,"3,117"
2383 台光電,2016/12/27,64.5937,65.638,64.5191,65.0413,"1,496"
2383 台光電,2016/12/26,63.6241,64.4446,63.5495,64.4446,621
2383 台光電,2016/12/23,63.997,64.37,63.5495,63.6241,"1,136"
2383 台光電,2016/12/22,64.4446,65.0413,64.1462,64.2208,"1,386"
2383 台光電,2016/12/21,65.8617,65.8617,64.4446,64.4446,"3,024"
2383 台光電,2016/12/20,62.9528,66.2347,62.9528,65.7126,"5,604"
2383 台光電,2016/12/19,64.1462,64.6683,62.8036,62.8782,"1,228"
2383 台光電,2016/12/16,62.8036,64.5191,62.4307,64.1462,"3,698"
2383 台光電,2016/12/15,61.9085,63.4003,61.9085,62.729,"1,346"
2383 台光電,2016/12/14,62.5798,62.729,62.2815,62.2815,"1,032"
2383 台光電,2016/12/13,62.4307,63.0274,62.1323,62.4307,831
2383 台光電,2016/12/12,63.1765,63.4003,62.4307,62.4307,"1,100"
2383 台光電,2016/12/9,63.8478,63.9224,62.729,63.102,"2,186"
2383 台光電,2016/12/8,63.5495,64.37,63.102,63.8478,"2,865"
2383 台光電,2016/12/7,62.2069,63.1765,62.1323,63.0274,"2,241"
2383 台光電,2016/12/6,62.8036,63.1765,61.1627,62.2815,"3,402"
2383 台光電,2016/12/5,60.7897,62.2815,60.7151,62.2069,"2,005"
2383 台光電,2016/12/2,61.7594,61.7594,60.7897,60.8643,"1,758"
2383 台光電,2016/12/1,62.0577,62.2069,61.6848,61.9085,964
2383 台光電,2016/11/30,62.4307,62.5052,61.6102,62.5052,"1,304"
2383 台光電,2016/11/29,61.5356,62.8036,61.3864,62.5052,"1,351"
2383 台光電,2016/11/28,61.7594,62.1323,61.5356,61.5356,"1,307"
2383 台光電,2016/11/25,62.8036,63.5495,61.1627,61.9085,"1,738"
2383 台光電,2016/11/24,64.37,64.37,62.729,62.8036,"1,582"
2383 台光電,2016/11/23,62.3561,65.1158,62.3561,63.9224,"3,700"
2383 台光電,2016/11/22,61.9831,62.3561,61.5356,62.3561,"1,594"
2383 台光電,2016/11/21,61.5356,62.1323,61.3118,61.8339,"1,207"
2383 台光電,2016/11/18,61.7594,62.4307,61.3864,61.5356,"1,310"
2383 台光電,2016/11/17,62.729,62.8036,61.6102,61.7594,"2,341"
2383 台光電,2016/11/16,62.0577,62.8036,61.9831,62.6544,"3,386"
2383 台光電,2016/11/15,60.4914,61.3118,59.8201,61.3118,"2,047"
2383 台光電,2016/11/14,59.3725,61.0881,58.5521,60.4914,"3,469"
2383 台光電,2016/11/11,60.9389,61.5356,59.0742,59.3725,"3,687"
2383 台光電,2016/11/10,63.102,63.8478,62.0577,62.4307,"1,705"
2383 台光電,2016/11/9,64.0716,64.37,61.0135,61.9085,"2,927"
2383 台光電,2016/11/8,64.5191,64.5191,63.4749,64.0716,"1,206"
2383 台光電,2016/11/7,64.0716,64.5191,63.5495,64.1462,"1,746"
2383 台光電,2016/11/4,64.7429,65.4888,63.8478,64.0716,"2,472"
2383 台光電,2016/11/3,62.3561,64.9667,62.3561,64.1462,"3,065"
2383 台光電,2016/11/2,64.1462,64.4446,62.1323,62.5052,"2,824"
2383 台光電,2016/11/1,65.4888,65.9363,64.5937,64.8175,"1,777"
2383 台光電,2016/10/31,66.3839,66.4584,65.1904,65.7126,"2,057"
2383 台光電,2016/10/28,67.2043,67.8756,66.3839,66.3839,"3,219"
2383 台光電,2016/10/27,66.3839,67.801,66.3839,67.4281,"6,545"
2383 台光電,2016/10/26,64.7429,65.9363,64.7429,65.5634,"3,768"
2383 台光電,2016/10/25,64.1462,65.638,63.6241,65.4888,"4,106"
2383 台光電,2016/10/24,62.5798,65.1158,61.9831,64.6683,"3,804"
2383 台光電,2016/10/21,62.3561,62.729,61.6848,62.5798,"2,371"
2383 台光電,2016/10/20,62.4307,62.6544,61.9085,62.2815,"1,637"
2383 台光電,2016/10/19,62.0577,63.4749,62.0577,62.2069,"3,624"
2383 台光電,2016/10/18,62.2069,62.2815,61.6848,61.8339,"2,519"
2383 台光電,2016/10/17,60.4168,62.2069,60.193,62.1323,"2,579"
2383 台光電,2016/10/14,60.7151,61.1627,59.7455,60.0438,"1,622"
2383 台光電,2016/10/13,61.1627,61.6102,60.4168,61.1627,"2,032"
2383 台光電,2016/10/12,58.7012,61.9831,58.4029,61.1627,"3,846"
2383 台光電,2016/10/11,61.3864,61.3864,58.2537,59.5217,"4,075"
2383 台光電,2016/10/7,60.7897,61.7594,60.6405,60.7897,"2,394"
2383 台光電,2016/10/6,61.6102,61.6102,60.7897,60.9389,"3,453"
2383 台光電,2016/10/5,62.2815,63.3257,61.5356,61.6102,"2,694"
2383 台光電,2016/10/4,62.6544,62.8036,61.3864,62.6544,"4,987"
2383 台光電,2016/10/3,63.8478,64.2954,62.4307,62.9528,"2,783"
2383 台光電,2016/9/30,63.6241,63.8478,62.8782,63.7733,"2,557"
2383 台光電,2016/9/29,64.8921,65.5634,64.2954,64.37,"1,462"
2383 台光電,2016/9/26,65.7126,65.7126,64.8921,64.8921,"1,701"
2383 台光電,2016/9/23,66.533,66.7568,65.4888,66.0109,"2,115"
2383 台光電,2016/9/22,66.906,67.6519,66.0855,66.0855,"3,869"
2383 台光電,2016/9/21,66.533,66.906,65.8617,66.0109,"1,531"
2383 台光電,2016/9/20,66.2347,66.9806,65.4142,66.533,"3,614"
2383 台光電,2016/9/19,64.5937,66.1601,64.5937,65.8617,"4,270"
2383 台光電,2016/9/14,62.729,64.5191,62.6544,63.7733,"5,159"
2383 台光電,2016/9/13,63.6987,63.9224,61.8339,62.729,"3,053"
2383 台光電,2016/9/12,63.4749,63.9224,63.2511,63.2511,"2,554"
2383 台光電,2016/9/10,63.4003,64.2208,63.0274,63.1765,"3,149"
2383 台光電,2016/9/9,65.5634,65.638,64.8921,64.9667,"1,694"
2383 台光電,2016/9/8,65.638,65.8617,65.1158,65.5634,"1,902"
2383 台光電,2016/9/7,65.0413,65.8617,64.5191,65.4888,"4,376"
2383 台光電,2016/9/6,65.265,68.6961,64.7429,64.7429,"8,709"
2383 台光電,2016/9/5,64.2208,65.638,63.6241,64.6683,"3,304"
2383 台光電,2016/9/2,64.37,65.0413,62.6544,62.9528,"4,215"
2383 台光電,2016/9/1,64.2954,64.5191,63.7733,63.9224,"2,044"
2383 台光電,2016/8/31,64.8175,66.0109,63.7733,64.5937,"4,866"
2383 台光電,2016/8/30,62.729,65.5634,62.5052,64.6683,"7,240"
2383 台光電,2016/8/29,63.1765,63.2511,61.8339,62.2815,"4,561"
2383 台光電,2016/8/26,61.0881,63.4003,61.0135,63.4003,"10,549"
2383 台光電,2016/8/25,59.5963,60.5659,59.2233,60.0438,"6,697"
2383 台光電,2016/8/24,59.7031,59.9153,58.7835,58.925,"6,178"
2383 台光電,2016/8/23,57.5809,59.7031,57.5102,59.3494,"4,712"
2383 台光電,2016/8/22,57.5102,57.9346,57.2273,57.5809,"2,132"
2383 台光電,2016/8/19,57.1565,57.6517,56.5906,57.5102,"2,397"
2383 台光電,2016/8/18,57.2273,57.6517,56.4491,56.5906,"3,580"
2383 台光電,2016/8/17,57.4395,57.8639,56.5199,57.3687,"3,951"
2383 台光電,2016/8/16,59.0664,59.0664,57.9346,58.0054,"4,553"
2383 台光電,2016/8/15,58.0054,59.4909,57.8639,58.8542,"3,217"
2383 台光電,2016/8/12,58.5713,58.9957,57.3687,57.8639,"2,916"
2383 台光電,2016/8/11,59.7738,60.6227,56.4491,57.8639,"5,854"
2383 台光電,2016/8/10,58.5713,61.4715,58.3591,59.4201,"7,211"
2383 台光電,2016/8/9,58.9957,59.8446,58.0761,58.2176,"5,760"
2383 台光電,2016/8/8,57.1565,59.7031,56.6613,58.7835,"7,411"
2383 台光電,2016/8/5,55.8832,57.8639,55.3881,56.6613,"5,914"
2383 台光電,2016/8/4,56.6613,56.7321,55.2466,55.3881,"5,620"
2383 台光電,2016/8/3,52.6293,56.2369,52.4878,55.8125,"12,556"
2383 台光電,2016/8/2,52.3463,52.3463,51.5682,51.6389,"1,988"
2383 台光電,2016/8/1,51.4267,52.4878,50.7901,52.2756,"2,297"
2383 台光電,2016/7/29,51.7097,51.8511,50.6486,51.2852,"2,106"
2383 台光電,2016/7/28,50.9316,51.9219,50.9316,51.7097,"2,127"
2383 台光電,2016/7/27,51.0731,51.4267,50.5071,51.0023,"1,681"
2383 台光電,2016/7/26,50.5071,50.7194,50.1535,50.7194,"2,240"
2383 台光電,2016/7/25,51.9927,51.9927,50.2949,50.5071,"2,199"
2383 台光電,2016/7/22,52.1341,52.5586,51.4975,51.4975,"2,266"
2383 台光電,2016/7/21,51.0731,52.6293,50.7194,52.1341,"2,711"
2383 台光電,2016/7/20,50.4364,51.2145,49.8705,50.9316,"3,708"
2383 台光電,2016/7/19,51.7097,52.0634,50.012,50.4364,"4,868"
2383 台光電,2016/7/18,52.3463,52.7708,51.7097,51.7097,"2,624"
2383 台光電,2016/7/15,52.3463,52.8415,52.2049,52.3463,"1,660"
2383 台光電,2016/7/14,52.3463,52.8415,52.1341,52.2049,"1,789"
2383 台光電,2016/7/13,52.3463,53.4074,52.0634,52.3463,"2,828"
2383 台光電,2016/7/12,53.0537,53.5489,52.3463,52.3463,"2,359"
2383 台光電,2016/7/11,51.7097,53.1952,51.4975,52.7,"3,555"
2383 台光電,2016/7/7,51.4267,51.9927,51.0023,51.1438,"2,064"
2383 台光電,2016/7/6,52.0634,52.1341,51.0023,51.0731,"3,117"
2383 台光電,2016/7/5,52.983,53.0537,52.2756,52.3463,"1,903"
2383 台光電,2016/7/4,52.3463,53.0537,51.7804,53.0537,"2,238"
2383 台光電,2016/7/1,53.2659,53.2659,52.3463,52.7,"2,616"
2383 台光電,2016/6/30,53.1952,53.3367,52.5586,53.1952,"4,135"
2383 台光電,2016/6/29,51.356,52.983,51.2145,52.9122,"6,092"
2383 台光電,2016/6/28,50.2242,50.7901,49.9412,50.7194,"3,583"
2383 台光電,2016/6/27,50.4364,51.639,50.0827,50.5779,"2,971"
2383 台光電,2016/6/24,51.4267,52.0634,49.729,50.4364,"5,536"
2383 台光電,2016/6/23,51.639,51.8512,50.9316,50.9316,"3,249"
2383 台光電,2016/6/22,50.9316,51.356,50.5071,51.356,"3,356"
2383 台光電,2016/6/21,50.6486,51.7804,50.1535,50.7194,"4,918"
2383 台光電,2016/6/20,50.2949,51.0023,49.8705,50.3657,"4,023"
2383 台光電,2016/6/17,49.3753,50.2242,49.1631,50.2242,"5,677"
2383 台光電,2016/6/16,47.5361,49.1631,47.4654,48.668,"7,672"
2383 台光電,2016/6/15,47.3947,47.6069,46.8288,47.5361,"2,282"
2383 台光電,2016/6/14,46.6873,47.8191,46.6165,47.3947,"4,075"
2383 台光電,2016/6/13,46.3336,46.6165,45.7677,46.6165,"2,044"
2383 台光電,2016/6/8,46.758,46.8288,46.2628,46.4751,"2,307"
2383 台光電,2016/6/7,46.2628,47.041,46.1214,46.758,"3,771"
2383 台光電,2016/6/6,45.9092,46.2628,45.4847,45.5555,"1,500"
2383 台光電,2016/6/4,45.9092,46.0506,45.6262,45.8384,791
2383 台光電,2016/6/3,47.041,47.1824,45.8384,45.9092,"3,404"
2383 台光電,2016/6/2,47.2532,47.2532,46.758,46.8288,"3,306"
2383 台光電,2016/6/1,46.4751,47.6776,46.2628,47.1824,"5,692"
2383 台光電,2016/5/31,46.5458,46.5458,45.8384,46.4751,"3,055"
2383 台光電,2016/5/30,46.3336,46.6873,45.6262,46.5458,"2,530"
2383 台光電,2016/5/27,46.3336,46.6873,45.9092,46.0506,"2,138"
2383 台光電,2016/5/26,46.2628,46.3336,45.414,45.9092,"3,277"
2383 台光電,2016/5/25,46.9702,46.9702,46.0506,46.0506,"3,402"
2383 台光電,2016/5/24,46.2628,47.041,45.4847,46.4751,"5,659"
2383 台光電,2016/5/23,45.131,46.3336,44.9188,45.9799,"6,570"
2383 台光電,2016/5/20,44.07,45.0603,43.8577,44.7773,"3,241"
2383 台光電,2016/5/19,44.2822,44.7066,43.8577,44.07,"2,359"
2383 台光電,2016/5/18,44.5651,45.0603,43.8577,43.8577,"3,817"
2383 台光電,2016/5/17,45.131,45.6262,44.5651,44.7773,"3,730"
2383 台光電,2016/5/16,44.5651,45.8384,44.07,44.9896,"6,016"
2383 台光電,2016/5/13,43.5041,44.5651,42.5137,44.5651,"6,192"
2383 台光電,2016/5/12,44.2114,45.131,42.9381,43.1504,"9,588"
2383 台光電,2016/5/11,42.7967,43.9285,42.3722,43.787,"6,405"
2383 台光電,2016/5/10,42.16,42.8674,41.7356,42.5137,"4,466"
2383 台光電,2016/5/9,41.4526,42.443,41.2404,41.5234,"3,429"
2383 台光電,2016/5/6,41.5941,41.5941,40.4623,40.7453,"1,760"
2383 台光電,2016/5/5,41.7356,41.9478,41.1697,41.6649,"1,705"
2383 台光電,2016/5/4,40.7453,42.0893,40.6038,41.6649,"2,854"
2383 台光電,2016/5/3,41.099,41.099,40.3916,40.7453,"1,436"
2383 台光電,2016/4/29,41.1697,41.6649,40.7453,40.7453,"3,585"
2383 台光電,2016/4/28,41.2404,41.3819,40.3916,40.3916,"1,457"
2383 台光電,2016/4/27,40.6745,41.3112,40.1086,41.1697,"1,700"
2383 台光電,2016/4/26,40.4623,40.7453,40.1794,40.533,"1,858"
2383 台光電,2016/4/25,40.6745,40.7453,39.7549,40.4623,"1,889"
2383 台光電,2016/4/22,41.4526,41.5941,40.6745,40.6745,"1,596"
2383 台光電,2016/4/21,41.5941,41.8063,41.1697,41.4526,"1,041"
2383 台光電,2016/4/20,42.3015,42.5137,41.1697,41.3819,"2,634"
2383 台光電,2016/4/19,41.6649,42.7259,41.5234,42.3015,"2,724"
2383 台光電,2016/4/18,41.8771,41.8771,41.3819,41.3819,"1,592"
2383 台光電,2016/4/15,42.0893,42.2308,41.7356,42.0186,"1,498"
2383 台光電,2016/4/14,42.3722,42.3722,41.9478,42.16,"1,570"
2383 台光電,2016/4/13,41.0282,42.443,41.0282,41.9478,"2,426"
2383 台光電,2016/4/12,41.9478,42.16,40.816,40.816,"1,984"
2383 台光電,2016/4/11,41.5941,42.3722,41.2404,41.8771,"1,460"
2383 台光電,2016/4/8,42.2308,42.443,41.5234,41.8063,"2,459"
2383 台光電,2016/4/7,43.3626,43.3626,42.443,42.443,"2,552"
2383 台光電,2016/4/6,43.0796,43.4333,42.2308,43.3626,"2,542"
2383 台光電,2016/4/1,43.5041,43.7163,42.8674,43.0796,"3,973"
2383 台光電,2016/3/31,43.2211,43.7163,42.7259,43.3626,"6,624"
2383 台光電,2016/3/30,42.5845,42.7259,41.9478,42.443,"3,899"
2383 台光電,2016/3/29,42.7967,43.2211,41.8063,41.8771,"6,593"
2383 台光電,2016/3/28,41.3819,42.2308,40.7453,42.2308,"4,887"
2383 台光電,2016/3/25,42.16,42.2308,41.099,41.1697,"3,226"
2383 台光電,2016/3/24,42.3722,42.7967,41.4526,41.7356,"12,295"
2383 台光電,2016/3/23,40.0379,41.099,40.0379,40.816,"5,245"
2383 台光電,2016/3/22,39.9671,40.533,39.3305,40.0379,"3,770"
2383 台光電,2016/3/21,39.8257,40.6745,39.1183,39.8257,"5,207"
2383 台光電,2016/3/18,38.6231,39.7549,38.6231,39.7549,"3,023"
2383 台光電,2016/3/17,38.5524,39.1183,38.5524,38.5524,"3,583"
2383 台光電,2016/3/16,38.9061,39.3305,38.3402,38.5524,"3,595"
2383 台光電,2016/3/15,39.8964,39.8964,38.9061,38.9061,"3,384"
2383 台光電,2016/3/14,40.3916,40.6038,39.5427,39.6842,"4,131"
2383 台光電,2016/3/11,40.6038,40.6038,39.8964,40.3208,"2,048"
2383 台光電,2016/3/10,40.2501,40.6038,39.8257,40.6038,"3,156"
2383 台光電,2016/3/9,40.4623,40.4623,39.8257,39.9671,"2,908"
2383 台光電,2016/3/8,41.1697,41.2404,40.0379,40.533,"3,650"
2383 台光電,2016/3/7,43.2918,43.2918,41.5941,41.5941,"3,368"
2383 台光電,2016/3/4,43.0796,43.3626,42.6552,43.0796,"1,642"
2383 台光電,2016/3/3,43.7163,44.07,42.5845,42.8674,"2,592"
2383 台光電,2016/3/2,43.7163,44.4944,43.5748,43.5748,"4,353"
2383 台光電,2016/3/1,43.0796,43.3626,42.6552,43.0796,"2,801"
2383 台光電,2016/2/26,42.7259,43.0796,42.3015,42.7967,"3,383"
2383 台光電,2016/2/25,41.7356,42.9381,41.7356,42.3015,"3,508"
2383 台光電,2016/2/24,41.6649,43.0796,41.3112,41.9478,"4,273"
2383 台光電,2016/2/23,41.6649,42.0893,41.3112,41.7356,"1,828"
2383 台光電,2016/2/22,41.7356,42.2308,40.6745,41.2404,"3,158"
2383 台光電,2016/2/19,40.3208,42.7259,40.3208,41.8771,"7,590"
2383 台光電,2016/2/18,40.3916,40.6745,40.0379,40.3208,"2,165"
2383 台光電,2016/2/17,40.4623,40.6038,39.9671,40.0379,"1,432"
2383 台光電,2016/2/16,39.8964,41.0282,39.8964,40.2501,"2,973"
2383 台光電,2016/2/15,39.1183,40.6038,39.1183,39.8257,"3,130"
2383 台光電,2016/2/3,40.7453,41.5234,40.6038,40.6038,"5,814"
2383 台光電,2016/2/2,39.9671,40.3916,39.4012,40.3916,"1,438"
2383 台光電,2016/2/1,40.533,41.2404,39.9671,39.9671,"3,147"
2383 台光電,2016/1/30,41.3819,41.5234,40.0379,40.4623,"5,310"
2383 台光電,2016/1/29,37.2083,40.6745,37.1376,40.6745,"8,494"
2383 台光電,2016/1/28,36.9254,37.2083,36.7132,36.9961,"1,144"
2383 台光電,2016/1/27,37.4913,37.4913,36.7839,36.9254,"1,194"
2383 台光電,2016/1/26,37.4206,37.4913,36.9961,37.1376,800
2383 台光電,2016/1/25,37.562,37.7743,37.1376,37.6328,"1,533"
2383 台光電,2016/1/22,37.7035,37.7743,36.5717,36.9254,"1,280"
2383 台光電,2016/1/21,36.9961,37.4913,36.7132,37.0669,"1,203"
2383 台光電,2016/1/20,37.1376,37.3498,36.7132,36.9254,"1,448"
2383 台光電,2016/1/19,37.3498,37.845,36.8547,37.4913,"1,524"
2383 台光電,2016/1/18,35.2984,37.7743,35.2277,37.4913,"2,592"
2383 台光電,2016/1/15,37.2791,37.3498,35.9351,36.0058,"2,283"
2383 台光電,2016/1/14,36.2887,37.2083,35.7228,36.7132,"2,928"
2383 台光電,2016/1/13,37.2791,37.4206,36.2887,36.7839,"2,717"
2383 台光電,2016/1/12,39.1183,39.1183,36.0765,36.4302,"4,318"
2383 台光電,2016/1/11,39.472,39.472,38.3402,38.4109,"2,285"
2383 台光電,2016/1/8,38.2694,39.7549,38.2694,39.7549,"2,792"
2383 台光電,2016/1/7,39.6134,40.2501,37.9157,38.2694,"3,627"
2383 台光電,2016/1/6,40.1086,40.4623,39.189,39.6134,"3,045"
2383 台光電,2016/1/5,41.099,41.099,39.8964,39.8964,"3,419"
2383 台光電,2016/1/4,40.9575,41.8063,40.533,41.099,"2,760"
