證券代碼,年月日,開盤價(元),最高價(元),最低價(元),收盤價(元),成交量(千股)
2408 南亞科,2025/12/31,196.5,201,189.5,193,"115,478"
2408 南亞科,2025/12/30,189,200,189,194.5,"152,110"
2408 南亞科,2025/12/29,189.5,191,184.5,188.5,"72,720"
2408 南亞科,2025/12/26,190.5,191.5,187,189,"78,418"
2408 南亞科,2025/12/24,177.5,190,175,189,"118,963"
2408 南亞科,2025/12/23,181,181.5,176,176.5,"74,676"
2408 南亞科,2025/12/22,184.5,186,178.5,180,"156,426"
2408 南亞科,2025/12/19,177,177,170,174.5,"38,432"
2408 南亞科,2025/12/18,164.5,171,164.5,170,"40,687"
2408 南亞科,2025/12/17,160.5,164.5,158.5,164.5,"30,151"
2408 南亞科,2025/12/16,160,161,154.5,158,"25,043"
2408 南亞科,2025/12/15,157,163,156,162.5,"17,448"
2408 南亞科,2025/12/12,158,162,158,162,"26,669"
2408 南亞科,2025/12/11,160,160,156,156,"15,169"
2408 南亞科,2025/12/10,162,162.5,155,156,"26,800"
2408 南亞科,2025/12/9,165,165,159,162,"27,319"
2408 南亞科,2025/12/8,156,163.5,156,163.5,"48,697"
2408 南亞科,2025/12/5,150.5,156,146.5,153,"141,034"
2408 南亞科,2025/12/4,151,152.5,145.5,151,"135,892"
2408 南亞科,2025/12/3,153,158,148,151,"200,254"
2408 南亞科,2025/12/2,152.5,152.5,144.5,149.5,"122,170"
2408 南亞科,2025/12/1,147,152,144,149.5,"97,816"
2408 南亞科,2025/11/28,146,149.5,142.5,146,"109,499"
2408 南亞科,2025/11/27,141.5,146,139.5,146,"140,139"
2408 南亞科,2025/11/26,142.5,145.5,133,136.5,"165,577"
2408 南亞科,2025/11/25,153.5,156,142,143.5,"195,798"
2408 南亞科,2025/11/24,141,145.5,138.5,143,"177,387"
2408 南亞科,2025/11/21,141.5,145,140,140,"134,957"
2408 南亞科,2025/11/20,169.5,169.5,144.5,155.5,"405,613"
2408 南亞科,2025/11/19,156.5,162.5,154,160,"153,622"
2408 南亞科,2025/11/18,165,168,156,160.5,"192,854"
2408 南亞科,2025/11/17,170,172.5,164,166.5,"188,655"
2408 南亞科,2025/11/14,156,162,150.5,158.5,"219,349"
2408 南亞科,2025/11/13,164.5,178.5,156.5,163.5,"363,056"
2408 南亞科,2025/11/12,160,166.5,158,163,"192,259"
2408 南亞科,2025/11/11,167.5,172.5,164,164.5,"286,107"
2408 南亞科,2025/11/10,153,161.5,151,161.5,"180,212"
2408 南亞科,2025/11/7,148.5,153.5,145,147,"233,103"
2408 南亞科,2025/11/6,142,149,139,148,"276,959"
2408 南亞科,2025/11/5,122,140.5,122,138,"244,967"
2408 南亞科,2025/11/4,141,143,131,131.5,"152,507"
2408 南亞科,2025/11/3,136,145.5,135,137,"169,158"
2408 南亞科,2025/10/31,133.5,134,127.5,132.5,"124,717"
2408 南亞科,2025/10/30,134.5,139,130.5,134.5,"174,638"
2408 南亞科,2025/10/29,132,136.5,125.5,133,"194,530"
2408 南亞科,2025/10/28,124,131.5,123,130,"220,692"
2408 南亞科,2025/10/27,120,120,120,120,"27,957"
2408 南亞科,2025/10/23,108.5,111,106,109.5,"109,837"
2408 南亞科,2025/10/22,103,111,102,110,"104,796"
2408 南亞科,2025/10/21,107,109.5,104,105.5,"105,119"
2408 南亞科,2025/10/20,108,110,104,107,"216,252"
2408 南亞科,2025/10/17,98.3,104,98,104,"264,907"
2408 南亞科,2025/10/16,89.2,94.9,89.2,94.9,"139,293"
2408 南亞科,2025/10/15,91.1,91.5,85,86.3,"184,866"
2408 南亞科,2025/10/14,98.1,101,87.1,89.1,"371,601"
2408 南亞科,2025/10/13,93.5,98.5,93,95.6,"177,182"
2408 南亞科,2025/10/9,96.7,99.8,92,98.5,"219,259"
2408 南亞科,2025/10/8,88.4,91.2,85.7,90.8,"41,561"
2408 南亞科,2025/10/7,87.2,91.2,87.2,91.2,"52,179"
2408 南亞科,2025/10/3,79.9,83,79.3,83,"47,766"
2408 南亞科,2025/10/2,81.2,81.2,79.2,79.7,"32,987"
2408 南亞科,2025/10/1,73.2,76.9,73.2,76.2,"26,053"
2408 南亞科,2025/9/30,73.5,75,72.5,73,"31,158"
2408 南亞科,2025/9/26,75,75,70.1,71,"45,605"
2408 南亞科,2025/9/25,74.3,78.4,74.3,76.6,"26,404"
2408 南亞科,2025/9/24,80.2,80.2,75,76,"46,123"
2408 南亞科,2025/9/23,80.8,81,78.3,81,"46,967"
2408 南亞科,2025/9/22,79.3,84.5,78.9,80.8,"212,268"
2408 南亞科,2025/9/19,81,81.4,78.6,79.2,"219,078"
2408 南亞科,2025/9/18,76,80,75.3,80,"340,363"
2408 南亞科,2025/9/17,69.2,73.7,67.7,73.3,"353,614"
2408 南亞科,2025/9/16,65,69.4,63.6,69.2,"443,163"
2408 南亞科,2025/9/15,60.1,63.1,57.4,63.1,"254,694"
2408 南亞科,2025/9/12,59.3,60.5,55.5,57.4,"187,210"
2408 南亞科,2025/9/11,55.5,59,55.4,56.5,"168,155"
2408 南亞科,2025/9/10,54.6,56,54,54.4,"98,707"
2408 南亞科,2025/9/9,53.5,55.9,52.8,53.9,"118,505"
2408 南亞科,2025/9/8,57.8,58.3,51.8,53.5,"331,104"
2408 南亞科,2025/9/5,49.4,53,49.1,53,"162,013"
2408 南亞科,2025/9/4,48.8,49.65,47.6,48.2,"78,540"
2408 南亞科,2025/9/3,46.25,47.85,46.05,46.35,"38,198"
2408 南亞科,2025/9/2,47.3,47.3,45.2,45.65,"30,642"
2408 南亞科,2025/9/1,46.85,47.5,45.85,46.75,"27,786"
2408 南亞科,2025/8/29,47.7,50.3,47,47,"84,741"
2408 南亞科,2025/8/28,48,48,46.65,46.65,"25,010"
2408 南亞科,2025/8/27,47.5,48.3,47.15,47.8,"38,564"
2408 南亞科,2025/8/26,46.8,47.55,46.25,47.45,"21,769"
2408 南亞科,2025/8/25,46.3,47.9,46.25,46.95,"46,093"
2408 南亞科,2025/8/22,46.1,46.35,45,45.35,"20,878"
2408 南亞科,2025/8/21,44.85,46.75,44.75,46.45,"32,445"
2408 南亞科,2025/8/20,45.25,46.15,44.05,44.55,"40,840"
2408 南亞科,2025/8/19,47.7,48.3,45.7,45.75,"49,762"
2408 南亞科,2025/8/18,47.5,48.4,47.1,47.35,"61,333"
2408 南亞科,2025/8/15,46.35,48.25,45.4,48,"61,881"
2408 南亞科,2025/8/14,46.1,47.15,45.55,46.35,"36,332"
2408 南亞科,2025/8/13,48.75,49.1,46,46.05,"99,339"
2408 南亞科,2025/8/12,45.05,47.95,45.05,47.45,"107,010"
2408 南亞科,2025/8/11,45.1,45.4,43.8,43.8,"54,973"
2408 南亞科,2025/8/8,42.5,46.2,42.45,43.95,"94,684"
2408 南亞科,2025/8/7,43.35,43.7,42.1,42.2,"57,758"
2408 南亞科,2025/8/6,44.6,44.6,43.35,43.35,"28,802"
2408 南亞科,2025/8/5,44.5,45.8,44.3,44.4,"49,796"
2408 南亞科,2025/8/4,43.65,44.6,43.1,43.75,"30,716"
2408 南亞科,2025/8/1,43.05,44.75,42.3,44.45,"43,114"
2408 南亞科,2025/7/31,44.9,45.5,43.6,44.55,"74,110"
2408 南亞科,2025/7/30,42.3,45.8,42.1,44.9,"86,797"
2408 南亞科,2025/7/29,43,43.75,42.15,42.2,"33,516"
2408 南亞科,2025/7/28,43.55,43.8,42.6,43.3,"36,354"
2408 南亞科,2025/7/25,42.9,43.75,42.8,43.25,"41,315"
2408 南亞科,2025/7/24,44.05,44.1,42,43,"78,163"
2408 南亞科,2025/7/23,41.05,43.45,41,43.05,"75,965"
2408 南亞科,2025/7/22,42.05,42.35,40.2,40.55,"45,012"
2408 南亞科,2025/7/21,42.4,42.6,41.55,41.95,"32,786"
2408 南亞科,2025/7/18,43.4,43.55,42,42.25,"55,679"
2408 南亞科,2025/7/17,41.4,44.2,41.25,43.1,"107,838"
2408 南亞科,2025/7/16,42,42.25,41.35,41.4,"49,275"
2408 南亞科,2025/7/15,43.15,43.4,41.3,41.75,"85,640"
2408 南亞科,2025/7/14,42.8,43.65,42.55,43.4,"64,343"
2408 南亞科,2025/7/11,46,46.35,42.5,42.95,"134,889"
2408 南亞科,2025/7/10,48.5,48.6,47,47.15,"71,747"
2408 南亞科,2025/7/9,48.6,48.85,47.95,48.4,"47,172"
2408 南亞科,2025/7/8,48.65,49.2,47.85,48.5,"70,051"
2408 南亞科,2025/7/7,48.5,49.3,47.8,48.9,"66,059"
2408 南亞科,2025/7/4,51,51.2,47.7,48.45,"135,338"
2408 南亞科,2025/7/3,49.9,51,49.3,50.6,"104,238"
2408 南亞科,2025/7/2,49.8,51.1,48.35,49.45,"127,779"
2408 南亞科,2025/7/1,51.9,52.3,49.4,49.5,"107,628"
2408 南亞科,2025/6/30,53.5,53.7,51,51.2,"74,175"
2408 南亞科,2025/6/27,54.8,55.2,52.9,53.1,"89,191"
2408 南亞科,2025/6/26,55.3,56.4,53.5,53.9,"136,818"
2408 南亞科,2025/6/25,56.6,58.4,54.9,55,"137,251"
2408 南亞科,2025/6/24,59.7,59.9,54.4,56.7,"192,564"
2408 南亞科,2025/6/23,57.8,59.4,57.3,58.4,"96,552"
2408 南亞科,2025/6/20,60.5,60.9,57.4,58.9,"150,606"
2408 南亞科,2025/6/19,60.5,61.5,58.9,60.4,"235,233"
2408 南亞科,2025/6/18,54.8,59.1,54.7,59.1,"182,835"
2408 南亞科,2025/6/17,53.5,54.4,53.4,53.8,"73,229"
2408 南亞科,2025/6/16,54.6,55.7,52.6,52.9,"131,943"
2408 南亞科,2025/6/13,53.6,55.2,52.5,53.5,"106,796"
2408 南亞科,2025/6/12,52.5,54.2,51.7,54.1,"81,256"
2408 南亞科,2025/6/11,55.2,55.3,52.1,52.7,"117,280"
2408 南亞科,2025/6/10,52.8,55.3,52.4,54.3,"152,748"
2408 南亞科,2025/6/9,52.8,54,51.3,51.7,"116,497"
2408 南亞科,2025/6/6,52.6,53.6,51.6,52,"161,087"
2408 南亞科,2025/6/5,50.1,53.9,49.3,52.5,"220,404"
2408 南亞科,2025/6/4,46.3,50.3,45.7,49.25,"228,816"
2408 南亞科,2025/6/3,46.05,46.95,44.6,45.85,"149,082"
2408 南亞科,2025/6/2,45.1,45.8,43.1,45.8,"122,785"
2408 南亞科,2025/5/29,42.45,45.85,42.2,45.55,"164,662"
2408 南亞科,2025/5/28,43.65,44.8,41.35,41.7,"117,457"
2408 南亞科,2025/5/27,42.5,43.1,41.6,41.95,"46,122"
2408 南亞科,2025/5/26,42.65,43,41.2,42.8,"58,152"
2408 南亞科,2025/5/23,43.15,43.75,42.55,42.55,"60,853"
2408 南亞科,2025/5/22,43.4,43.8,42.1,42.85,"68,745"
2408 南亞科,2025/5/21,45.4,46.3,43.35,43.65,"118,976"
2408 南亞科,2025/5/20,44.4,45.8,43.5,45.25,"125,634"
2408 南亞科,2025/5/19,45.65,46,43.8,43.95,"88,048"
2408 南亞科,2025/5/16,45.3,46.6,44.7,45.65,"126,807"
2408 南亞科,2025/5/15,45.45,46.2,44.4,45.3,"215,742"
2408 南亞科,2025/5/14,41.65,44.95,40.35,44.95,"260,759"
2408 南亞科,2025/5/13,39.45,40.9,37.8,40.9,"147,390"
2408 南亞科,2025/5/12,34.65,37.5,34.3,37.2,"69,600"
2408 南亞科,2025/5/9,35.15,35.4,34.05,34.35,"33,705"
2408 南亞科,2025/5/8,35.15,36.3,34.9,34.95,"42,245"
2408 南亞科,2025/5/7,35.8,35.85,34.6,34.65,"28,671"
2408 南亞科,2025/5/6,34.4,35.85,34.1,35.4,"49,421"
2408 南亞科,2025/5/5,35.75,36.05,33.5,34.25,"46,975"
2408 南亞科,2025/5/2,36.45,36.65,35.65,35.65,"31,145"
2408 南亞科,2025/4/30,37.35,37.7,35.9,36,"49,299"
2408 南亞科,2025/4/29,37.4,37.9,37,37.2,"47,483"
2408 南亞科,2025/4/28,37.55,37.7,36.6,37.1,"43,183"
2408 南亞科,2025/4/25,38.4,38.9,36.85,37,"115,438"
2408 南亞科,2025/4/24,38.45,39.45,36.95,37.4,"133,304"
2408 南亞科,2025/4/23,41,41.8,38.45,38.6,"224,992"
2408 南亞科,2025/4/22,39.2,41.2,38.2,39.35,"296,891"
2408 南亞科,2025/4/21,35.35,38.8,35.05,38.8,"210,439"
2408 南亞科,2025/4/18,32.2,35.3,32,35.3,"111,705"
2408 南亞科,2025/4/17,32.95,33.6,31.65,32.1,"65,164"
2408 南亞科,2025/4/16,34.3,35.05,32.6,32.75,"60,532"
2408 南亞科,2025/4/15,35.85,36.8,34.5,34.55,"65,479"
2408 南亞科,2025/4/14,33.85,36,33.85,35.2,"63,418"
2408 南亞科,2025/4/11,30.85,33.85,30,33,"78,901"
2408 南亞科,2025/4/10,33.2,33.2,33.2,33.2,"7,839"
2408 南亞科,2025/4/9,31.5,32.6,30.2,30.2,"45,411"
2408 南亞科,2025/4/8,34.9,37,33.3,33.55,"67,787"
2408 南亞科,2025/4/7,37,37,37,37,"12,521"
2408 南亞科,2025/4/2,38.1,41.75,37.7,41.1,"56,269"
2408 南亞科,2025/4/1,37.7,38.35,37.35,38.3,"36,040"
2408 南亞科,2025/3/31,37.5,38.8,37.05,37.4,"43,507"
2408 南亞科,2025/3/28,42.45,42.65,40.2,40.3,"35,898"
2408 南亞科,2025/3/27,41.5,43.35,41.5,42,"49,402"
2408 南亞科,2025/3/26,41,42.9,41,41.7,"48,705"
2408 南亞科,2025/3/25,43,43.5,40.65,40.65,"47,991"
2408 南亞科,2025/3/24,44.6,45,42.3,42.3,"66,183"
2408 南亞科,2025/3/21,45.8,45.9,43.85,44.6,"96,601"
2408 南亞科,2025/3/20,43,46.05,42.6,46.05,"153,168"
2408 南亞科,2025/3/19,41.8,43.8,41.5,42.25,"84,289"
2408 南亞科,2025/3/18,42.85,43.2,41.25,41.35,"54,891"
2408 南亞科,2025/3/17,43.5,44.9,42.25,42.45,"93,264"
2408 南亞科,2025/3/14,42.1,43.2,40.75,43,"93,718"
2408 南亞科,2025/3/13,41.05,43.85,41,41.6,"151,407"
2408 南亞科,2025/3/12,37.95,41.4,37.6,40.55,"101,910"
2408 南亞科,2025/3/11,38.05,38.3,37.25,38,"40,539"
2408 南亞科,2025/3/10,40.5,40.75,38.5,39.35,"108,106"
2408 南亞科,2025/3/7,36.8,40.45,36.6,39.95,"92,611"
2408 南亞科,2025/3/6,38.2,38.3,36.8,36.8,"30,773"
2408 南亞科,2025/3/5,38.05,38.7,37.55,38.3,"32,269"
2408 南亞科,2025/3/4,37.4,38.15,36.4,38.1,"42,083"
2408 南亞科,2025/3/3,38.1,39.65,37.2,37.75,"77,908"
2408 南亞科,2025/2/27,41.6,42.5,38.65,38.65,"203,772"
2408 南亞科,2025/2/26,42.5,42.95,41.35,41.4,"67,742"
2408 南亞科,2025/2/25,39.8,43.9,38.95,42.9,"133,452"
2408 南亞科,2025/2/24,40.45,41.9,40.25,40.85,"65,649"
2408 南亞科,2025/2/21,38.4,42.55,37.6,41.45,"145,228"
2408 南亞科,2025/2/20,40.3,40.3,37.3,38.8,"166,562"
2408 南亞科,2025/2/19,36.1,39.15,36,39.15,"75,445"
2408 南亞科,2025/2/18,34.35,36.65,33.65,35.6,"70,572"
2408 南亞科,2025/2/17,32.45,34.6,31.85,34.35,"61,618"
2408 南亞科,2025/2/14,31,33.55,29.6,32.3,"86,058"
2408 南亞科,2025/2/13,27.55,30.65,27.4,30.65,"29,711"
2408 南亞科,2025/2/12,27.5,28.35,27.5,27.9,"13,046"
2408 南亞科,2025/2/11,28.3,28.65,27.6,27.6,"9,372"
2408 南亞科,2025/2/10,28.5,28.5,27.85,28,"7,454"
2408 南亞科,2025/2/7,27.95,28.85,27.6,28.8,"10,455"
2408 南亞科,2025/2/6,27.6,27.9,27.25,27.75,"10,063"
2408 南亞科,2025/2/5,27.55,27.75,27.3,27.5,"8,406"
2408 南亞科,2025/2/4,28.2,28.2,27.15,27.25,"13,771"
2408 南亞科,2025/2/3,29,29.55,27.4,27.95,"26,680"
2408 南亞科,2025/1/22,30.4,30.45,29.8,30.1,"12,270"
2408 南亞科,2025/1/21,30.5,30.55,29.6,30,"14,872"
2408 南亞科,2025/1/20,29.85,30.8,29.1,30.8,"22,774"
2408 南亞科,2025/1/17,29.05,29.7,29,29.55,"18,817"
2408 南亞科,2025/1/16,28,30.1,28,28.85,"48,191"
2408 南亞科,2025/1/15,26.35,28.25,26,28,"26,117"
2408 南亞科,2025/1/14,25.7,26.65,25.5,26.65,"22,426"
2408 南亞科,2025/1/13,25.75,26,24.7,25.4,"22,593"
2408 南亞科,2025/1/10,25.75,26.8,25.7,25.95,"21,576"
2408 南亞科,2025/1/9,27.1,27.1,25.75,25.75,"31,125"
2408 南亞科,2025/1/8,28.55,28.75,27.35,27.45,"21,770"
2408 南亞科,2025/1/7,28.8,29.9,27.8,28.4,"41,521"
2408 南亞科,2025/1/6,28.05,28.4,27.6,27.6,"19,122"
2408 南亞科,2025/1/3,28.55,29.3,27.6,27.65,"15,271"
2408 南亞科,2025/1/2,29.1,29.15,28.4,28.45,"11,193"
2408 南亞科,2024/12/31,29.4,29.5,28.8,29.25,"14,628"
2408 南亞科,2024/12/30,30.5,30.5,29.75,29.75,"8,705"
2408 南亞科,2024/12/27,31.1,31.1,30.3,30.8,"5,670"
2408 南亞科,2024/12/26,31.2,31.8,30.7,30.7,"7,365"
2408 南亞科,2024/12/25,32.1,32.1,31.1,31.2,"9,875"
2408 南亞科,2024/12/24,31.2,32.7,31.2,31.9,"16,028"
2408 南亞科,2024/12/23,31,32.1,30.8,31,"13,856"
2408 南亞科,2024/12/20,31.25,31.4,30.4,30.4,"17,874"
2408 南亞科,2024/12/19,31.3,33.35,31,31.85,"31,927"
2408 南亞科,2024/12/18,31.1,32.45,30.8,32.2,"28,832"
2408 南亞科,2024/12/17,30,31.6,29.7,30.75,"34,188"
2408 南亞科,2024/12/16,29.7,29.95,28.8,28.8,"35,316"
2408 南亞科,2024/12/13,30.2,30.3,29.2,29.4,"20,737"
2408 南亞科,2024/12/12,30.65,31.45,30.65,30.9,"12,983"
2408 南亞科,2024/12/11,31.75,31.8,30.25,30.5,"26,585"
2408 南亞科,2024/12/10,32.6,33.35,32.05,32.3,"11,322"
2408 南亞科,2024/12/9,33.65,33.65,32.4,32.5,"12,982"
2408 南亞科,2024/12/6,33.2,33.85,33.05,33.15,"9,429"
2408 南亞科,2024/12/5,33.45,33.65,33,33,"9,192"
2408 南亞科,2024/12/4,33.9,34.3,33.1,33.25,"14,152"
2408 南亞科,2024/12/3,33.55,33.8,33,33.8,"16,089"
2408 南亞科,2024/12/2,33.8,34.4,33,33.05,"17,919"
2408 南亞科,2024/11/29,33.55,33.65,32.95,33.45,"23,639"
2408 南亞科,2024/11/28,34.8,34.85,33.4,33.75,"22,429"
2408 南亞科,2024/11/27,35.8,36.1,34.95,34.95,"10,414"
2408 南亞科,2024/11/26,36.2,36.7,35.65,35.8,"7,747"
2408 南亞科,2024/11/25,36.25,36.5,35.6,36.3,"15,913"
2408 南亞科,2024/11/22,37,37.25,35.85,35.85,"10,076"
2408 南亞科,2024/11/21,36.5,36.8,36.05,36.65,"7,916"
2408 南亞科,2024/11/20,37.1,37.1,36,36.25,"13,220"
2408 南亞科,2024/11/19,37.45,37.7,36.75,37.05,"7,397"
2408 南亞科,2024/11/18,37.3,37.75,36.95,37.25,"7,943"
2408 南亞科,2024/11/15,36.85,38.2,36.8,37.5,"7,752"
2408 南亞科,2024/11/14,38.05,38.1,36.85,36.85,"17,259"
2408 南亞科,2024/11/13,38.25,38.7,37.6,38.15,"20,121"
2408 南亞科,2024/11/12,39.6,40.1,38.9,39,"11,592"
2408 南亞科,2024/11/11,40.8,40.85,39.85,40.4,"6,588"
2408 南亞科,2024/11/8,42.1,42.3,40.65,40.7,"10,531"
2408 南亞科,2024/11/7,40.75,42.1,40.75,42.05,"9,074"
2408 南亞科,2024/11/6,40.3,40.9,40.3,40.75,"7,450"
2408 南亞科,2024/11/5,39.3,40.4,39.25,40.05,"11,473"
2408 南亞科,2024/11/4,41.25,41.4,39.9,40.2,"19,083"
2408 南亞科,2024/11/1,41.7,41.75,40.7,41.45,"11,717"
2408 南亞科,2024/10/30,42.9,43.45,42.1,42.3,"6,259"
2408 南亞科,2024/10/29,43,43.1,42.05,42.3,"6,888"
2408 南亞科,2024/10/28,43.5,43.6,42.6,43.35,"4,627"
2408 南亞科,2024/10/25,43.2,43.45,42.8,43.05,"3,398"
2408 南亞科,2024/10/24,43.65,43.65,42.9,42.9,"5,263"
2408 南亞科,2024/10/23,44.2,44.4,43.5,43.65,"4,901"
2408 南亞科,2024/10/22,44.4,44.5,43.7,44.2,"5,007"
2408 南亞科,2024/10/21,44.4,44.8,43.8,44.6,"5,236"
2408 南亞科,2024/10/18,44.5,44.85,43.85,43.85,"9,185"
2408 南亞科,2024/10/17,43.1,44.45,43.05,44.3,"9,743"
2408 南亞科,2024/10/16,43.65,43.65,42.6,42.65,"11,893"
2408 南亞科,2024/10/15,44,44.5,43.95,44.05,"8,178"
2408 南亞科,2024/10/14,42.35,43.8,42.25,43.8,"8,008"
2408 南亞科,2024/10/11,42.8,42.85,42,42.5,"15,285"
2408 南亞科,2024/10/9,44.6,44.75,43.5,43.5,"12,576"
2408 南亞科,2024/10/8,44.85,44.95,43.85,44.4,"16,129"
2408 南亞科,2024/10/7,45.6,45.65,44.6,45.15,"16,466"
2408 南亞科,2024/10/4,46.35,46.75,45.35,45.5,"14,395"
2408 南亞科,2024/10/1,47.35,47.6,46.2,46.25,"9,547"
2408 南亞科,2024/9/30,47.7,48.3,47.3,47.35,"11,981"
2408 南亞科,2024/9/27,47.7,48.65,47.65,48.15,"21,771"
2408 南亞科,2024/9/26,50,50.1,47.3,47.3,"28,026"
2408 南亞科,2024/9/25,46.8,47.45,46.8,47.3,"13,628"
2408 南亞科,2024/9/24,46.05,46.5,45.7,46.35,"10,997"
2408 南亞科,2024/9/23,46.3,47.45,46.2,46.65,"14,132"
2408 南亞科,2024/9/20,45.6,46.45,45.3,45.8,"38,369"
2408 南亞科,2024/9/19,45.3,45.55,44.8,45.25,"13,006"
2408 南亞科,2024/9/18,46.65,46.7,45.2,45.2,"11,540"
2408 南亞科,2024/9/16,46.3,46.8,46.1,46.6,"7,346"
2408 南亞科,2024/9/13,46.45,46.55,46,46.3,"9,011"
2408 南亞科,2024/9/12,45.9,47,45.6,46.95,"9,591"
2408 南亞科,2024/9/11,44.5,45.75,44.5,45.1,"5,988"
2408 南亞科,2024/9/10,46.25,46.3,44.3,44.5,"16,170"
2408 南亞科,2024/9/9,45.3,46.25,45.25,46.05,"10,539"
2408 南亞科,2024/9/6,46,46.8,45.5,46.45,"13,648"
2408 南亞科,2024/9/5,48,48.6,45.8,46,"23,813"
2408 南亞科,2024/9/4,47.85,48.2,46.8,47.55,"30,173"
2408 南亞科,2024/9/3,51.5,51.5,50,50,"12,533"
2408 南亞科,2024/9/2,52.9,53.1,51.6,51.6,"6,815"
2408 南亞科,2024/8/30,53.8,54.1,52.6,52.7,"12,003"
2408 南亞科,2024/8/29,53,53.6,52.7,53.4,"9,924"
2408 南亞科,2024/8/28,53.7,54,52.8,53.5,"9,799"
2408 南亞科,2024/8/27,53.5,53.6,52.8,53.2,"6,379"
2408 南亞科,2024/8/26,54.2,54.9,53.5,53.8,"7,050"
2408 南亞科,2024/8/23,54.5,54.5,52.9,54.1,"12,067"
2408 南亞科,2024/8/22,54.2,55.2,54.2,54.8,"5,821"
2408 南亞科,2024/8/21,55.1,55.4,54.5,54.6,"8,804"
2408 南亞科,2024/8/20,56.7,57.2,55.7,55.7,"10,579"
2408 南亞科,2024/8/19,56,56.9,55.7,56.6,"8,905"
2408 南亞科,2024/8/16,56,56.4,55.5,55.7,"11,668"
2408 南亞科,2024/8/15,54.4,54.8,53.6,54.6,"8,616"
2408 南亞科,2024/8/14,53.6,56,53.6,54.3,"14,670"
2408 南亞科,2024/8/13,53,53.5,52.5,52.8,"7,910"
2408 南亞科,2024/8/12,51.8,53.7,51.6,53,"19,063"
2408 南亞科,2024/8/9,50.2,51.9,49.85,51,"19,167"
2408 南亞科,2024/8/8,48.5,50.2,48.2,49.5,"21,884"
2408 南亞科,2024/8/7,49.1,50.5,48.35,50,"40,169"
2408 南亞科,2024/8/6,52,52,47.25,49.9,"20,102"
2408 南亞科,2024/8/5,51.2,52,49.45,49.95,"29,292"
2408 南亞科,2024/8/2,57,57,54.9,54.9,"27,722"
2408 南亞科,2024/8/1,58.2,59.3,57.6,58.3,"14,597"
2408 南亞科,2024/7/31,57,58,56.4,57.1,"13,297"
2408 南亞科,2024/7/30,57.2,57.5,56,57.1,"19,341"
2408 南亞科,2024/7/29,58.6,59.2,57.3,57.5,"13,966"
2408 南亞科,2024/7/26,57.8,58.5,56.7,58.1,"40,107"
2408 南亞科,2024/7/23,62.5,62.6,60.6,60.6,"38,782"
2408 南亞科,2024/7/22,64.1,64.5,61.6,61.9,"28,673"
2408 南亞科,2024/7/19,66.5,66.6,64,64.2,"27,590"
2408 南亞科,2024/7/18,66.1,67.5,65.4,67,"12,854"
2408 南亞科,2024/7/17,67.5,68,66.6,66.9,"23,336"
2408 南亞科,2024/7/16,67.7,68.8,67.5,67.5,"11,613"
2408 南亞科,2024/7/15,68.6,69.1,67.5,67.7,"10,959"
2408 南亞科,2024/7/12,69,69.8,68.5,68.5,"14,364"
2408 南亞科,2024/7/11,71.5,71.9,68,70.1,"35,217"
2408 南亞科,2024/7/10,73.2,73.8,71.7,72.3,"13,665"
2408 南亞科,2024/7/9,73.8,74.5,71.1,73,"19,563"
2408 南亞科,2024/7/8,74.3,74.5,72.9,74.5,"11,547"
2408 南亞科,2024/7/5,74.5,74.6,73.2,73.9,"9,913"
2408 南亞科,2024/7/4,73.9,74.4,73.3,74.1,"28,617"
2408 南亞科,2024/7/3,69.1,75,68.8,73.7,"47,163"
2408 南亞科,2024/7/2,69.9,69.9,68,68.3,"15,861"
2408 南亞科,2024/7/1,69.8,70.2,68.8,69,"11,824"
2408 南亞科,2024/6/28,68.2,69.9,68.2,69.7,"10,899"
2408 南亞科,2024/6/27,67.9,68.5,66.7,68.2,"13,300"
2408 南亞科,2024/6/26,69.8,69.8,68.2,68.5,"12,928"
2408 南亞科,2024/6/25,69.5,69.6,67.2,68.5,"16,930"
2408 南亞科,2024/6/24,71.5,71.5,68.8,69.1,"29,431"
2408 南亞科,2024/6/21,71.5,74,71.2,72.2,"26,717"
2408 南亞科,2024/6/20,71.1,75.4,71,72.7,"51,964"
2408 南亞科,2024/6/19,73.4,73.8,70.5,70.7,"37,208"
2408 南亞科,2024/6/18,68.5,72,68.4,72,"57,862"
2408 南亞科,2024/6/17,66.2,68.3,66.1,67.9,"21,804"
2408 南亞科,2024/6/14,66.5,66.7,65.7,66.2,"9,218"
2408 南亞科,2024/6/13,65.1,66.9,64.9,66,"14,419"
2408 南亞科,2024/6/12,64.6,64.7,63.7,64.6,"5,571"
2408 南亞科,2024/6/11,64.8,64.9,63.9,64.3,"7,708"
2408 南亞科,2024/6/7,63.4,64.8,63.4,64.8,"5,085"
2408 南亞科,2024/6/6,63.9,64.4,63.3,63.4,"4,784"
2408 南亞科,2024/6/5,63.2,63.7,62.8,63,"4,444"
2408 南亞科,2024/6/4,64,64.2,63,63.2,"7,466"
2408 南亞科,2024/6/3,65,65.5,64.1,64.2,"4,837"
2408 南亞科,2024/5/31,65.2,65.9,64.5,64.5,"11,909"
2408 南亞科,2024/5/30,66.3,66.5,64.8,64.8,"18,482"
2408 南亞科,2024/5/29,66.6,66.9,65.8,66,"8,316"
2408 南亞科,2024/5/28,65.3,66.8,65,66.5,"15,385"
2408 南亞科,2024/5/27,64.6,65.9,63.9,64.8,"9,670"
2408 南亞科,2024/5/24,64,65.3,63.8,64.4,"10,130"
2408 南亞科,2024/5/23,64.9,65.1,64,64.2,"8,129"
2408 南亞科,2024/5/22,64,64.7,63.8,64.6,"9,566"
2408 南亞科,2024/5/21,63.7,64.2,63.3,63.5,"11,857"
2408 南亞科,2024/5/20,63.1,63.7,62.6,63.3,"14,261"
2408 南亞科,2024/5/17,63.7,64,62.3,62.8,"25,074"
2408 南亞科,2024/5/16,65,65.3,63.5,64,"16,971"
2408 南亞科,2024/5/15,65.3,65.5,64.5,64.6,"6,474"
2408 南亞科,2024/5/14,64.5,65.4,64.2,64.8,"8,256"
2408 南亞科,2024/5/13,64.5,64.8,64,64.4,"7,863"
2408 南亞科,2024/5/10,64.2,64.8,63.4,64.4,"11,781"
2408 南亞科,2024/5/9,66.2,66.3,64,64,"20,177"
2408 南亞科,2024/5/8,66.9,67.2,66.3,66.6,"7,692"
2408 南亞科,2024/5/7,68.8,69.3,66.6,66.8,"20,887"
2408 南亞科,2024/5/6,66.8,68.7,66.3,66.9,"22,866"
2408 南亞科,2024/5/3,67,67.8,65.6,65.8,"13,722"
2408 南亞科,2024/5/2,66.1,66.8,65.7,66.6,"8,392"
2408 南亞科,2024/4/30,67,67.4,66,66.1,"9,440"
2408 南亞科,2024/4/29,66.5,67.7,66.5,67.5,"11,893"
2408 南亞科,2024/4/26,66,66.2,65.2,65.7,"11,654"
2408 南亞科,2024/4/25,65.6,66.7,64.5,65.6,"14,396"
2408 南亞科,2024/4/24,64,66,64,65.5,"17,605"
2408 南亞科,2024/4/23,62,63.2,61.4,62.8,"12,738"
2408 南亞科,2024/4/22,61.9,62.5,60.6,61.2,"16,104"
2408 南亞科,2024/4/19,63.6,64.1,60.9,62,"18,501"
2408 南亞科,2024/4/18,63.8,65.4,63.6,64.3,"9,339"
2408 南亞科,2024/4/17,66,66.2,64.5,64.5,"17,077"
2408 南亞科,2024/4/16,69.1,69.3,64.6,65.5,"26,382"
2408 南亞科,2024/4/15,70.2,70.9,69.3,70,"13,972"
2408 南亞科,2024/4/12,71.2,72.3,70.6,71.8,"32,264"
2408 南亞科,2024/4/11,69.5,71.3,68.6,70.6,"27,165"
2408 南亞科,2024/4/10,68.7,71.4,68.4,70.2,"34,048"
2408 南亞科,2024/4/9,68.4,69,67.8,68.4,"9,347"
2408 南亞科,2024/4/8,68.8,69.6,67.8,68.1,"13,720"
2408 南亞科,2024/4/3,68.6,68.7,67.6,68.2,"12,331"
2408 南亞科,2024/4/2,70.7,71.3,69,69.1,"21,255"
2408 南亞科,2024/4/1,68.4,69.8,68.2,69.4,"19,442"
2408 南亞科,2024/3/29,67.6,68.1,67.4,67.7,"7,330"
2408 南亞科,2024/3/28,68,69.2,67.6,67.6,"16,304"
2408 南亞科,2024/3/27,68,68.8,67.6,67.9,"12,715"
2408 南亞科,2024/3/26,69.7,70.5,67.5,68.1,"26,046"
2408 南亞科,2024/3/25,69.7,69.7,67,68.5,"16,714"
2408 南亞科,2024/3/22,70.9,71.5,69,69.6,"81,751"
2408 南亞科,2024/3/21,66,67.6,63.6,67.6,"73,677"
2408 南亞科,2024/3/20,62.6,62.8,61.4,61.5,"10,551"
2408 南亞科,2024/3/19,62.3,62.9,62.1,62.3,"10,094"
2408 南亞科,2024/3/18,63.9,63.9,62.1,62.4,"17,746"
2408 南亞科,2024/3/15,63.9,64.2,63.6,63.9,"8,946"
2408 南亞科,2024/3/14,64,64.9,63.2,63.8,"12,473"
2408 南亞科,2024/3/13,65.8,66.1,63.1,63.3,"25,767"
2408 南亞科,2024/3/12,66.2,66.3,65.3,65.7,"11,213"
2408 南亞科,2024/3/11,64.8,67,64.8,65.8,"17,368"
2408 南亞科,2024/3/8,65.8,66.2,64.5,65,"15,532"
2408 南亞科,2024/3/7,65.7,67.2,65.4,65.7,"16,219"
2408 南亞科,2024/3/6,66.1,66.4,65,65.1,"15,629"
2408 南亞科,2024/3/5,66.6,67,65.7,65.8,"9,307"
2408 南亞科,2024/3/4,66.8,67.4,66,66.5,"15,055"
2408 南亞科,2024/3/1,67.2,67.3,65.7,66.3,"13,497"
2408 南亞科,2024/2/29,66.8,67.9,66.4,67.3,"14,204"
2408 南亞科,2024/2/27,69,69.1,66.3,66.3,"19,578"
2408 南亞科,2024/2/26,67.4,68.1,67,67.9,"11,602"
2408 南亞科,2024/2/23,68.7,69.2,67.6,67.7,"24,187"
2408 南亞科,2024/2/22,67.7,68.3,66.8,68.1,"14,843"
2408 南亞科,2024/2/21,67.7,68.5,67.2,67.3,"14,437"
2408 南亞科,2024/2/20,66.5,68.2,66.2,67.8,"14,675"
2408 南亞科,2024/2/19,65.8,66.9,64.7,66.6,"17,037"
2408 南亞科,2024/2/16,65.4,66.1,64.3,65.9,"24,468"
2408 南亞科,2024/2/15,69.4,69.4,64.1,65.4,"41,310"
2408 南亞科,2024/2/5,67.2,68.3,66.8,68.2,"8,711"
2408 南亞科,2024/2/2,69.4,69.5,67.5,67.6,"12,537"
2408 南亞科,2024/2/1,69.4,69.4,68.3,69.2,"4,561"
2408 南亞科,2024/1/31,69,69.8,68.5,68.7,"6,073"
2408 南亞科,2024/1/30,70.8,70.9,69.1,69.3,"10,036"
2408 南亞科,2024/1/29,70.9,71.5,69.9,70.8,"6,754"
2408 南亞科,2024/1/26,71,71.5,70.6,71,"5,765"
2408 南亞科,2024/1/25,71.8,72,70.8,71,"7,304"
2408 南亞科,2024/1/24,71.4,72.5,70.8,71.6,"16,548"
2408 南亞科,2024/1/23,69.3,72.3,69.3,70.7,"22,403"
2408 南亞科,2024/1/22,70.1,70.6,68.5,69.3,"15,212"
2408 南亞科,2024/1/19,69,69.9,68.6,69.3,"8,065"
2408 南亞科,2024/1/18,68.5,69.3,67.8,68.2,"10,076"
2408 南亞科,2024/1/17,69.5,70.2,67.8,67.8,"15,882"
2408 南亞科,2024/1/16,70.5,70.5,69.2,69.4,"12,089"
2408 南亞科,2024/1/15,69.5,71.7,69.1,71.5,"14,824"
2408 南亞科,2024/1/12,69.9,69.9,68.5,68.8,"11,434"
2408 南亞科,2024/1/11,71.9,72.1,68,69.4,"30,347"
2408 南亞科,2024/1/10,72.4,72.9,71,71.5,"10,412"
2408 南亞科,2024/1/9,74,74.4,72.6,72.6,"7,788"
2408 南亞科,2024/1/8,75.4,75.4,73,73.1,"7,816"
2408 南亞科,2024/1/5,75,75.8,74.1,74.7,"8,912"
2408 南亞科,2024/1/4,73.5,74.6,72.9,74.4,"10,012"
2408 南亞科,2024/1/3,75.4,75.5,72.8,73.1,"20,415"
2408 南亞科,2024/1/2,78,78.6,76.2,76.5,"8,547"
2408 南亞科,2023/12/29,78.7,79,77.4,78,"10,722"
2408 南亞科,2023/12/28,79.7,80.3,77.5,78.3,"23,418"
2408 南亞科,2023/12/27,77.9,79.9,77.4,79.7,"26,700"
2408 南亞科,2023/12/26,75.3,78,75.3,78,"14,947"
2408 南亞科,2023/12/25,76.5,76.6,75.1,75.4,"5,791"
2408 南亞科,2023/12/22,76.9,79.8,75.4,75.9,"37,273"
2408 南亞科,2023/12/21,71.1,75.8,71.1,75.4,"22,520"
2408 南亞科,2023/12/20,73.1,73.4,71.6,71.8,"11,969"
2408 南亞科,2023/12/19,74,74.1,72.3,73.1,"10,428"
2408 南亞科,2023/12/18,74.5,74.8,73.2,73.4,"11,947"
2408 南亞科,2023/12/15,73.3,76.2,73.2,74.5,"41,717"
2408 南亞科,2023/12/14,74.7,76.9,72.6,72.8,"24,924"
2408 南亞科,2023/12/13,72.9,73.7,72.3,73.7,"8,925"
2408 南亞科,2023/12/12,74,74.8,72.3,72.5,"13,391"
2408 南亞科,2023/12/11,72.5,73,71.9,72.2,"6,706"
2408 南亞科,2023/12/8,71.7,72.3,70.9,72.1,"9,753"
2408 南亞科,2023/12/7,71.5,72.2,70.4,70.7,"12,154"
2408 南亞科,2023/12/6,73.9,74,71.9,72,"11,981"
2408 南亞科,2023/12/5,73.5,73.8,72.1,73.2,"10,528"
2408 南亞科,2023/12/4,73.8,75.2,73.6,74,"15,830"
2408 南亞科,2023/12/1,74.4,74.5,73.5,73.7,"20,486"
2408 南亞科,2023/11/30,74.6,75,73.6,75,"39,552"
2408 南亞科,2023/11/29,73.8,74.6,72.6,74.2,"42,221"
2408 南亞科,2023/11/28,70.4,73.5,69.9,73.5,"49,782"
2408 南亞科,2023/11/27,70.7,70.7,69,70.1,"22,786"
2408 南亞科,2023/11/24,70.9,70.9,68.7,70.8,"24,276"
2408 南亞科,2023/11/23,70.6,71.2,70.2,70.7,"16,272"
2408 南亞科,2023/11/22,70,70.8,69.4,70.7,"17,432"
2408 南亞科,2023/11/21,70.9,71.1,69.4,70.6,"18,852"
2408 南亞科,2023/11/20,67.9,71.3,67.7,70,"19,168"
2408 南亞科,2023/11/17,67.4,67.9,66.8,67.4,"6,922"
2408 南亞科,2023/11/16,67.8,68.5,66.7,67.2,"7,564"
2408 南亞科,2023/11/15,67,69.3,66.9,67.6,"20,283"
2408 南亞科,2023/11/14,64.3,66.5,64.1,66.1,"11,884"
2408 南亞科,2023/11/13,64.2,64.2,62.6,63.6,"12,047"
2408 南亞科,2023/11/10,64.3,65.3,63.6,63.7,"6,352"
2408 南亞科,2023/11/9,65.2,65.2,64.3,64.6,"5,576"
2408 南亞科,2023/11/8,65.9,66,65.3,65.4,"4,175"
2408 南亞科,2023/11/7,65,66.7,64.8,65.9,"8,667"
2408 南亞科,2023/11/6,65.3,65.9,64,65.4,"16,236"
2408 南亞科,2023/11/3,65.9,66.4,65.5,66.1,"6,558"
2408 南亞科,2023/11/2,65.5,66.1,65.1,65.6,"8,316"
2408 南亞科,2023/11/1,65.4,65.4,64,64.5,"3,449"
2408 南亞科,2023/10/31,65.1,66.3,64.7,64.7,"5,049"
2408 南亞科,2023/10/30,64.5,65.4,64.1,64.9,"6,520"
2408 南亞科,2023/10/27,66.4,66.4,64.5,64.8,"11,710"
2408 南亞科,2023/10/26,67.3,67.4,66.1,66.1,"10,462"
2408 南亞科,2023/10/25,67.9,68.7,67.9,68,"4,778"
2408 南亞科,2023/10/24,69.3,69.4,67.4,67.8,"9,657"
2408 南亞科,2023/10/23,70.5,70.7,69.5,69.6,"6,432"
2408 南亞科,2023/10/20,69.9,70.8,69.7,70.3,"7,925"
2408 南亞科,2023/10/19,69.9,70.9,69.9,70.5,"8,223"
2408 南亞科,2023/10/18,71.2,71.5,69.6,70.2,"11,880"
2408 南亞科,2023/10/17,70.5,71.5,70.2,70.9,"11,686"
2408 南亞科,2023/10/16,70.8,70.8,69.6,70.6,"6,047"
2408 南亞科,2023/10/13,69.9,71.7,69.6,70.8,"12,156"
2408 南亞科,2023/10/12,69.4,71.2,67.3,71,"20,210"
2408 南亞科,2023/10/11,69.7,71.2,68.9,70.7,"13,577"
2408 南亞科,2023/10/6,70.2,70.2,68.9,69.2,"6,292"
2408 南亞科,2023/10/5,68.2,70,68.2,69.5,"7,907"
2408 南亞科,2023/10/4,67.7,69,67.1,67.7,"5,929"
2408 南亞科,2023/10/3,67.9,70.5,67.7,68.1,"13,619"
2408 南亞科,2023/10/2,67.3,68,67,67.6,"9,006"
2408 南亞科,2023/9/28,67.8,68,65.6,65.6,"27,374"
2408 南亞科,2023/9/27,69.2,70.4,68.8,69.8,"7,234"
2408 南亞科,2023/9/26,71.1,71.3,70.3,70.3,"5,077"
2408 南亞科,2023/9/25,72.8,72.8,71.2,71.6,"5,425"
2408 南亞科,2023/9/22,72.9,72.9,71.6,72,"7,462"
2408 南亞科,2023/9/21,70,72.8,69.9,72.8,"12,806"
2408 南亞科,2023/9/20,71.4,71.4,70,70.7,"7,662"
2408 南亞科,2023/9/19,72.6,73.3,71.5,71.7,"8,398"
2408 南亞科,2023/9/18,72.4,74.2,71.2,72.3,"11,469"
2408 南亞科,2023/9/15,70.5,73.5,69.7,72.4,"30,008"
2408 南亞科,2023/9/14,69.3,70,68.8,70,"12,208"
2408 南亞科,2023/9/13,66.9,68.8,66.9,68.4,"9,529"
2408 南亞科,2023/9/12,65.9,67.2,65.9,66.8,"4,282"
2408 南亞科,2023/9/11,66.7,66.8,65.6,65.7,"5,344"
2408 南亞科,2023/9/8,67.1,67.7,66,67.2,"4,355"
2408 南亞科,2023/9/7,67.4,69.2,67.2,67.2,"7,388"
2408 南亞科,2023/9/6,68.2,68.5,67.6,68,"3,291"
2408 南亞科,2023/9/5,67.6,68.8,67.1,68.1,"5,068"
2408 南亞科,2023/9/4,67.2,68.6,67.1,67.6,"6,671"
2408 南亞科,2023/9/1,67.1,69.7,67,68.2,"12,885"
2408 南亞科,2023/8/31,66.9,68.7,66.5,66.6,"10,105"
2408 南亞科,2023/8/30,67.3,67.5,66.3,66.7,"5,452"
2408 南亞科,2023/8/29,65.8,66.5,64.8,66.2,"4,042"
2408 南亞科,2023/8/28,65.9,66,64.6,65.6,"3,259"
2408 南亞科,2023/8/25,65.4,65.9,64.8,65,"4,487"
2408 南亞科,2023/8/24,64.3,65.8,64.1,65.3,"5,963"
2408 南亞科,2023/8/23,63.9,63.9,62.8,63.5,"6,721"
2408 南亞科,2023/8/22,63.9,64.2,63.3,63.5,"3,294"
2408 南亞科,2023/8/21,64.3,64.7,63.2,63.4,"5,226"
2408 南亞科,2023/8/18,65.3,65.8,64.5,64.6,"8,159"
2408 南亞科,2023/8/17,63.5,66.2,62.4,65.6,"12,850"
2408 南亞科,2023/8/16,64.1,64.3,63.2,63.7,"9,009"
2408 南亞科,2023/8/15,65.9,66.2,64.3,64.6,"5,552"
2408 南亞科,2023/8/14,68,68,64,64.9,"11,269"
2408 南亞科,2023/8/11,68,68.6,67.2,67.9,"5,123"
2408 南亞科,2023/8/10,68.3,68.3,67,67.1,"6,953"
2408 南亞科,2023/8/9,68.4,69,68.2,68.9,"3,511"
2408 南亞科,2023/8/8,69.5,69.5,68.1,68.5,"6,472"
2408 南亞科,2023/8/7,69.3,70.4,69.2,70,"2,895"
2408 南亞科,2023/8/4,69.2,70.4,68.3,69.9,"6,792"
2408 南亞科,2023/8/2,70.5,70.6,69,69.1,"9,445"
2408 南亞科,2023/8/1,72.5,73.1,70.7,71,"9,086"
2408 南亞科,2023/7/31,75.3,75.7,72.2,72.3,"11,712"
2408 南亞科,2023/7/28,72.9,75.5,72.8,74.8,"22,095"
2408 南亞科,2023/7/27,67.8,72.6,67.8,71.4,"15,224"
2408 南亞科,2023/7/26,68.3,68.4,66.2,67.1,"12,479"
2408 南亞科,2023/7/25,69.5,69.9,68.1,68.2,"8,371"
2408 南亞科,2023/7/24,70.1,70.2,69.1,69.3,"5,430"
2408 南亞科,2023/7/21,69.6,70.2,69.1,70.1,"11,835"
2408 南亞科,2023/7/20,70.2,70.9,69.5,70.3,"4,656"
2408 南亞科,2023/7/19,70.2,71.5,69.9,70.4,"12,357"
2408 南亞科,2023/7/18,71.7,71.8,69.5,69.5,"7,354"
2408 南亞科,2023/7/17,71.7,72.4,70.5,71.7,"5,484"
2408 南亞科,2023/7/14,71,71.9,70.7,71.7,"5,854"
2408 南亞科,2023/7/13,70.4,72,70.4,70.9,"10,964"
2408 南亞科,2023/7/12,70.6,70.6,68.5,70.1,"9,486"
2408 南亞科,2023/7/11,70.9,71.2,69.7,69.9,"10,002"
2408 南亞科,2023/7/10,69.2,71.4,69.1,69.7,"8,384"
2408 南亞科,2023/7/7,69.6,69.6,68,69.1,"9,606"
2408 南亞科,2023/7/6,69.8,70.5,69.3,70.1,"6,271"
2408 南亞科,2023/7/5,70.6,70.8,69.6,70.1,"8,256"
2408 南亞科,2023/7/4,70.1,70.7,69.7,70.4,"8,459"
2408 南亞科,2023/7/3,70.5,70.6,70,70.1,"6,077"
2408 南亞科,2023/6/30,71.5,71.5,69.9,70.8,"16,817"
2408 南亞科,2023/6/29,72,73.2,71.6,72.2,"15,544"
2408 南亞科,2023/6/28,70.3,70.8,69.2,69.5,"10,647"
2408 南亞科,2023/6/27,70.7935,70.7935,68.466,68.66,"19,355"
2408 南亞科,2023/6/26,71.2784,71.3754,70.0177,70.7935,"20,628"
2408 南亞科,2023/6/21,74.2847,74.5756,71.4723,72.3451,"19,708"
2408 南亞科,2023/6/20,75.6424,76.2242,74.6726,75.0605,"9,215"
2408 南亞科,2023/6/19,75.6424,76.4182,74.8666,75.6424,"9,540"
2408 南亞科,2023/6/16,72.927,76.4182,72.3451,76.1273,"19,508"
2408 南亞科,2023/6/15,74.0907,74.0907,72.2482,73.024,"11,694"
2408 南亞科,2023/6/14,74.0907,74.5756,72.5391,73.8968,"18,365"
2408 南亞科,2023/6/13,71.4723,73.2179,71.0844,72.5391,"17,086"
2408 南亞科,2023/6/12,69.5328,71.0844,69.3388,70.6965,"10,064"
2408 南亞科,2023/6/9,68.757,69.2419,68.3691,69.1449,"6,047"
2408 南亞科,2023/6/8,69.5328,69.5328,67.8842,68.0781,"8,519"
2408 南亞科,2023/6/7,70.3086,70.3086,69.0479,69.7268,"7,188"
2408 南亞科,2023/6/6,70.3086,70.4056,69.5328,70.2116,"4,881"
2408 南亞科,2023/6/5,70.6965,70.7935,69.7268,69.9207,"6,998"
2408 南亞科,2023/6/2,69.8237,71.1814,69.5328,70.6965,"12,757"
2408 南亞科,2023/6/1,70.4056,70.5026,68.9509,69.2419,"13,268"
2408 南亞科,2023/5/31,69.1449,71.2784,69.1449,71.2784,"21,111"
2408 南亞科,2023/5/30,69.5328,69.7268,68.3691,69.7268,"8,886"
2408 南亞科,2023/5/29,69.9207,70.1147,68.466,69.0479,"14,046"
2408 南亞科,2023/5/26,70.6965,71.0844,68.466,69.7268,"21,260"
2408 南亞科,2023/5/25,67.7872,70.2116,67.4963,70.2116,"33,561"
2408 南亞科,2023/5/24,67.5932,69.0479,66.8174,67.7872,"15,095"
2408 南亞科,2023/5/23,67.8842,68.0781,66.5265,67.7872,"11,505"
2408 南亞科,2023/5/22,69.8237,70.6965,67.3023,67.9812,"21,332"
2408 南亞科,2023/5/19,67.7872,67.8842,66.3325,67.7872,"13,136"
2408 南亞科,2023/5/18,66.5265,68.0781,66.5265,67.2053,"18,627"
2408 南亞科,2023/5/17,65.6537,66.6235,64.393,65.9446,"25,645"
2408 南亞科,2023/5/16,63.1323,63.7142,62.6474,62.6474,"6,177"
2408 南亞科,2023/5/15,61.3867,62.8414,61.2897,61.9686,"5,738"
2408 南亞科,2023/5/12,61.0958,61.8716,60.7079,61.8716,"4,681"
2408 南亞科,2023/5/11,62.2595,62.5504,61.2897,61.3867,"4,723"
2408 南亞科,2023/5/10,62.5504,62.5504,61.6776,62.2595,"4,955"
2408 南亞科,2023/5/9,63.2293,63.6172,62.2595,62.7444,"5,810"
2408 南亞科,2023/5/8,64.6839,64.9749,62.4534,62.8414,"9,260"
2408 南亞科,2023/5/5,65.1688,65.6537,64.5869,64.6839,"9,299"
2408 南亞科,2023/5/4,64.49,65.9446,64.296,65.9446,"7,737"
2408 南亞科,2023/5/3,64.296,65.4597,64.199,65.0718,"8,245"
2408 南亞科,2023/5/2,65.7507,65.7507,64.49,64.6839,"6,893"
2408 南亞科,2023/4/28,64.393,65.9446,64.199,65.7507,"16,828"
2408 南亞科,2023/4/27,63.0353,63.6172,62.5504,63.6172,"8,321"
2408 南亞科,2023/4/26,61.2897,62.2595,60.4169,62.1625,"7,203"
2408 南亞科,2023/4/25,62.7444,63.9081,61.1927,61.5806,"9,760"
2408 南亞科,2023/4/24,62.6474,63.6172,61.8716,62.2595,"7,835"
2408 南亞科,2023/4/21,63.5202,64.199,62.2595,62.5504,"9,489"
2408 南亞科,2023/4/20,64.393,64.393,63.0353,63.5202,"10,469"
2408 南亞科,2023/4/19,65.2658,65.6537,64.8779,64.9749,"8,287"
2408 南亞科,2023/4/18,65.5567,65.8477,64.9749,65.2658,"6,674"
2408 南亞科,2023/4/17,64.8779,66.2356,64.8779,65.9446,"10,770"
2408 南亞科,2023/4/14,65.9446,66.1386,65.1688,65.5567,"9,342"
2408 南亞科,2023/4/13,66.6235,66.7205,65.3628,65.4597,"17,364"
2408 南亞科,2023/4/12,66.1386,67.7872,65.1688,67.0114,"34,888"
2408 南亞科,2023/4/11,65.9446,66.9144,65.7507,66.1386,"26,721"
2408 南亞科,2023/4/10,65.9446,66.2356,64.296,64.6839,"22,925"
2408 南亞科,2023/4/7,66.6235,66.7205,65.4597,66.5265,"25,837"
2408 南亞科,2023/4/6,62.9383,64.5869,62.1625,64.393,"24,061"
2408 南亞科,2023/3/31,63.0353,64.9749,62.5504,64.49,"39,636"
2408 南亞科,2023/3/30,63.0353,63.3262,61.6776,61.9686,"28,891"
2408 南亞科,2023/3/29,60.6109,60.8048,58.9623,59.1562,"12,316"
2408 南亞科,2023/3/28,61.0958,61.2897,60.6109,60.6109,"10,576"
2408 南亞科,2023/3/27,61.2897,61.7746,60.5139,61.2897,"11,591"
2408 南亞科,2023/3/24,59.6411,62.7444,59.3502,61.3867,"27,783"
2408 南亞科,2023/3/23,57.3136,58.7683,57.1197,57.9925,"7,672"
2408 南亞科,2023/3/22,57.3136,57.9925,57.2167,57.3136,"5,381"
2408 南亞科,2023/3/21,57.6046,57.7985,56.4408,56.8288,"5,876"
2408 南亞科,2023/3/20,57.7985,57.9925,57.0227,57.4106,"3,415"
2408 南亞科,2023/3/17,56.7318,58.1864,56.6348,57.5076,"12,525"
2408 南亞科,2023/3/16,56.2469,56.4408,55.762,55.956,"3,858"
2408 南亞科,2023/3/15,56.6348,57.1197,56.2469,56.2469,"4,691"
2408 南亞科,2023/3/14,56.2469,57.0227,55.859,56.2469,"6,637"
2408 南亞科,2023/3/13,56.5378,57.3136,56.2469,56.7318,"6,170"
2408 南亞科,2023/3/10,57.0227,57.2167,56.1499,56.9257,"6,711"
2408 南亞科,2023/3/9,59.4471,59.5441,57.2167,57.3136,"13,591"
2408 南亞科,2023/3/8,57.1197,59.1562,56.8288,59.1562,"18,024"
2408 南亞科,2023/3/7,56.2469,57.0227,55.956,56.7318,"4,316"
2408 南亞科,2023/3/6,56.3439,56.6348,55.859,55.956,"6,760"
2408 南亞科,2023/3/3,56.0529,56.3439,55.3741,56.1499,"5,739"
2408 南亞科,2023/3/2,56.2469,56.3439,54.8892,55.5681,"10,113"
2408 南亞科,2023/3/1,56.1499,56.4408,55.4711,55.5681,"6,581"
2408 南亞科,2023/2/24,58.2834,58.2834,56.6348,56.6348,"7,969"
2408 南亞科,2023/2/23,57.3136,57.7985,56.8288,57.7016,"5,596"
2408 南亞科,2023/2/22,57.7016,57.7016,56.7318,56.9257,"7,290"
2408 南亞科,2023/2/21,58.6713,58.6713,58.0895,58.5743,"3,872"
2408 南亞科,2023/2/20,57.8955,58.6713,57.8955,58.1864,"3,549"
2408 南亞科,2023/2/17,57.5076,58.2834,57.4106,57.8955,"5,971"
2408 南亞科,2023/2/16,56.7318,58.1864,56.7318,57.8955,"8,722"
2408 南亞科,2023/2/15,56.5378,57.2167,56.2469,56.7318,"4,634"
2408 南亞科,2023/2/14,56.1499,57.0227,56.0529,56.6348,"5,179"
2408 南亞科,2023/2/13,56.2469,56.2469,55.3741,55.859,"5,472"
2408 南亞科,2023/2/10,55.956,57.2167,55.762,56.5378,"5,634"
2408 南亞科,2023/2/9,56.2469,56.6348,55.762,56.2469,"7,661"
2408 南亞科,2023/2/8,56.6348,57.4106,56.5378,56.6348,"6,565"
2408 南亞科,2023/2/7,56.2469,56.9257,56.0529,56.4408,"3,577"
2408 南亞科,2023/2/6,57.6046,57.6046,56.3439,56.3439,"6,851"
2408 南亞科,2023/2/3,58.1864,58.3804,57.6046,58.0895,"7,333"
2408 南亞科,2023/2/2,57.3136,58.2834,56.8288,58.0895,"12,790"
2408 南亞科,2023/2/1,56.4408,56.7318,55.5681,56.4408,"7,907"
2408 南亞科,2023/1/31,58.1864,58.3804,55.859,56.0529,"14,748"
2408 南亞科,2023/1/30,58.6713,59.3502,57.2167,58.4774,"24,243"
2408 南亞科,2023/1/17,55.0832,56.0529,55.0832,55.956,"7,441"
2408 南亞科,2023/1/16,55.0832,55.762,54.5013,55.762,"9,181"
2408 南亞科,2023/1/13,54.9862,55.0832,54.0164,54.3073,"5,282"
2408 南亞科,2023/1/12,55.2771,55.3741,54.5013,54.5013,"4,147"
2408 南亞科,2023/1/11,55.0832,55.4711,54.1134,55.2771,"10,033"
2408 南亞科,2023/1/10,55.0832,55.762,54.5013,54.7922,"10,024"
2408 南亞科,2023/1/9,53.9194,54.9862,53.7255,54.9862,"12,692"
2408 南亞科,2023/1/6,52.2708,53.6285,52.0769,53.3376,"9,955"
2408 南亞科,2023/1/5,54.3073,54.4043,52.7557,53.2406,"17,506"
2408 南亞科,2023/1/4,51.592,52.6587,51.495,52.4648,"9,049"
2408 南亞科,2023/1/3,49.4585,51.592,49.4585,51.398,"7,492"
2408 南亞科,2022/12/30,50.6222,50.7192,49.6524,49.6524,"2,400"
2408 南亞科,2022/12/29,49.2645,50.4282,48.9736,50.2343,"4,290"
2408 南亞科,2022/12/28,50.0403,50.3313,49.6524,49.7494,"3,348"
2408 南亞科,2022/12/27,50.0403,50.7192,50.0403,50.3313,"2,763"
2408 南亞科,2022/12/26,50.1373,50.2343,49.6524,49.9434,"1,873"
2408 南亞科,2022/12/23,48.9736,49.9434,48.5857,49.8464,"5,240"
2408 南亞科,2022/12/22,50.6222,50.9131,49.9434,50.1373,"6,443"
2408 南亞科,2022/12/21,50.5252,51.0101,49.9434,49.9434,"7,997"
2408 南亞科,2022/12/20,52.1738,52.2708,50.4282,50.4282,"10,471"
2408 南亞科,2022/12/19,52.5618,52.9497,52.0769,52.0769,"6,310"
2408 南亞科,2022/12/16,53.4345,53.4345,52.6587,52.8527,"8,734"
2408 南亞科,2022/12/15,53.6285,54.4043,53.4345,54.2104,"4,809"
2408 南亞科,2022/12/14,53.4345,54.1134,53.3376,53.8225,"7,300"
2408 南亞科,2022/12/13,53.4345,53.7255,52.9497,53.1436,"7,507"
2408 南亞科,2022/12/12,51.8829,53.4345,51.689,53.1436,"7,258"
2408 南亞科,2022/12/9,52.8527,53.1436,51.9799,52.0769,"8,465"
2408 南亞科,2022/12/8,51.8829,52.8527,51.398,52.3678,"8,653"
2408 南亞科,2022/12/7,52.5618,52.8527,51.8829,51.8829,"8,669"
2408 南亞科,2022/12/6,53.9194,54.0164,52.4648,52.6587,"15,085"
2408 南亞科,2022/12/5,54.3073,55.1801,54.3073,54.5013,"7,580"
2408 南亞科,2022/12/2,55.1801,55.4711,54.2104,54.4043,"17,164"
2408 南亞科,2022/12/1,56.7318,57.1197,55.2771,55.762,"13,835"
2408 南亞科,2022/11/30,54.4043,55.1801,54.3073,55.0832,"17,579"
2408 南亞科,2022/11/29,56.1499,56.1499,54.8892,55.4711,"17,570"
2408 南亞科,2022/11/28,57.2167,57.3136,56.4408,56.7318,"10,418"
2408 南亞科,2022/11/25,58.4774,58.7683,57.6046,57.8955,"6,584"
2408 南亞科,2022/11/24,58.0895,58.5743,57.8955,58.0895,"7,481"
2408 南亞科,2022/11/23,57.7016,58.3804,57.4106,57.9925,"8,224"
2408 南亞科,2022/11/22,56.8288,57.4106,55.859,57.4106,"9,303"
2408 南亞科,2022/11/21,59.0592,59.0592,56.3439,56.6348,"14,158"
2408 南亞科,2022/11/18,57.6046,60.126,57.4106,58.8653,"20,678"
2408 南亞科,2022/11/17,56.7318,57.6046,55.5681,57.1197,"16,996"
2408 南亞科,2022/11/16,57.8955,58.5743,57.2167,58.2834,"9,698"
2408 南亞科,2022/11/15,57.7016,57.8955,56.9257,57.8955,"10,258"
2408 南亞科,2022/11/14,58.1864,58.6713,57.8955,58.0895,"13,016"
2408 南亞科,2022/11/11,57.5076,58.0895,56.8288,57.9925,"19,296"
2408 南亞科,2022/11/10,56.0529,56.4408,55.2771,56.2469,"6,925"
2408 南亞科,2022/11/9,55.762,56.4408,55.5681,56.3439,"10,413"
2408 南亞科,2022/11/8,55.4711,55.665,54.7922,55.3741,"12,435"
2408 南亞科,2022/11/7,53.7255,55.5681,53.5315,55.1801,"13,585"
2408 南亞科,2022/11/4,53.9194,53.9194,52.5618,53.2406,"8,679"
2408 南亞科,2022/11/3,52.2708,54.6953,52.1738,54.3073,"10,144"
2408 南亞科,2022/11/2,51.9799,53.2406,51.9799,53.1436,"5,681"
2408 南亞科,2022/11/1,52.5618,53.3376,52.3678,52.3678,"7,288"
2408 南亞科,2022/10/31,52.3678,53.2406,51.592,52.8527,"9,062"
2408 南亞科,2022/10/28,52.1738,52.8527,51.2041,51.495,"13,240"
2408 南亞科,2022/10/27,53.0466,53.7255,52.8527,53.3376,"10,766"
2408 南亞科,2022/10/26,52.7557,53.3376,52.4648,52.8527,"9,263"
2408 南亞科,2022/10/25,54.2104,54.5983,52.1738,52.4648,"11,562"
2408 南亞科,2022/10/24,55.3741,55.956,53.6285,53.9194,"16,137"
2408 南亞科,2022/10/21,53.5315,55.0832,53.4345,54.0164,"18,638"
2408 南亞科,2022/10/20,51.8829,54.0164,51.495,54.0164,"25,855"
2408 南亞科,2022/10/19,53.0466,53.6285,51.8829,52.1738,"20,069"
2408 南亞科,2022/10/18,55.1801,55.2771,52.9497,54.1134,"17,400"
2408 南亞科,2022/10/17,52.0769,54.6953,51.9799,54.5013,"17,204"
2408 南亞科,2022/10/14,51.2041,53.9194,50.5252,53.5315,"31,408"
2408 南亞科,2022/10/13,50.1373,51.1071,49.4585,49.8464,"16,237"
2408 南亞科,2022/10/12,50.1373,51.398,49.0706,51.1071,"30,451"
2408 南亞科,2022/10/11,47.7129,48.4887,47.131,48.2463,"14,029"
2408 南亞科,2022/10/7,48.3432,48.8766,48.1493,48.6827,"6,671"
2408 南亞科,2022/10/6,49.9434,49.9434,48.1008,48.6827,"13,147"
2408 南亞科,2022/10/5,49.4585,50.0403,48.5857,49.8464,"25,087"
2408 南亞科,2022/10/4,47.5189,48.6827,46.8401,48.4402,"16,197"
2408 南亞科,2022/10/3,46.5492,46.5976,45.2884,46.1128,"12,623"
2408 南亞科,2022/9/30,44.9005,47.4704,44.6096,47.4704,"14,558"
2408 南亞科,2022/9/29,44.6581,45.9188,44.6096,45.7248,"9,307"
2408 南亞科,2022/9/28,45.046,45.4824,43.9308,44.1247,"9,870"
2408 南亞科,2022/9/27,44.3672,44.8036,43.8823,44.6096,"5,412"
2408 南亞科,2022/9/26,44.9975,45.143,44.1247,44.2702,"13,634"
2408 南亞科,2022/9/23,45.5309,46.6461,45.4339,46.1612,"7,432"
2408 南亞科,2022/9/22,45.5794,45.5794,44.6096,45.3854,"8,007"
2408 南亞科,2022/9/21,46.0643,46.3067,45.6279,45.7248,"8,547"
2408 南亞科,2022/9/20,47.6159,47.6159,46.1128,46.2097,"12,977"
2408 南亞科,2022/9/19,47.7129,47.7614,46.5492,47.131,"11,182"
2408 南亞科,2022/9/16,48.6827,48.6827,47.325,47.6159,"15,731"
2408 南亞科,2022/9/15,49.4585,49.6524,48.8766,48.8766,"5,650"
2408 南亞科,2022/9/14,49.6524,49.6524,48.7796,49.1675,"10,761"
2408 南亞科,2022/9/13,51.2041,51.2041,50.5252,50.8162,"4,691"
2408 南亞科,2022/9/12,50.5252,51.0101,50.4282,50.7192,"4,146"
2408 南亞科,2022/9/8,49.6524,49.7494,48.8766,49.5555,"5,779"
2408 南亞科,2022/9/7,48.9736,49.9434,48.4887,49.0706,"7,431"
2408 南亞科,2022/9/6,49.0706,50.2343,48.6827,49.6524,"5,864"
2408 南亞科,2022/9/5,50.7192,50.9131,49.3615,49.5555,"5,022"
2408 南亞科,2022/9/2,51.1071,51.301,50.5252,50.5252,"3,458"
2408 南亞科,2022/9/1,51.1071,51.398,50.7192,51.0101,"5,577"
2408 南亞科,2022/8/31,51.1071,52.1738,50.9131,51.7859,"5,743"
2408 南亞科,2022/8/30,50.9131,51.398,50.5252,51.1071,"3,588"
2408 南亞科,2022/8/29,50.6222,51.301,50.5252,50.9131,"3,892"
2408 南亞科,2022/8/26,52.6587,52.6587,51.7859,51.8829,"3,876"
2408 南亞科,2022/8/25,51.398,52.0769,51.398,51.9799,"3,030"
2408 南亞科,2022/8/24,52.0769,52.0769,51.0101,51.0101,"5,488"
2408 南亞科,2022/8/23,51.592,52.1738,51.495,51.7859,"3,866"
2408 南亞科,2022/8/22,51.9799,52.5618,51.7859,52.2708,"3,221"
2408 南亞科,2022/8/19,52.1738,53.0466,52.1738,52.6587,"4,503"
2408 南亞科,2022/8/18,52.7557,52.7557,51.689,51.9799,"6,743"
2408 南亞科,2022/8/17,51.9799,53.3376,51.592,53.3376,"6,298"
2408 南亞科,2022/8/16,52.2708,52.3678,51.7859,52.1738,"3,537"
2408 南亞科,2022/8/15,52.8527,53.0466,51.7859,52.1738,"4,973"
2408 南亞科,2022/8/12,51.689,52.6587,51.495,52.4648,"5,866"
2408 南亞科,2022/8/11,51.1071,51.7859,51.0101,51.398,"5,012"
2408 南亞科,2022/8/10,50.7192,50.8162,50.0403,50.0403,"7,423"
2408 南亞科,2022/8/9,51.301,51.7859,50.9131,51.301,"4,995"
2408 南亞科,2022/8/8,51.301,51.7859,50.7192,51.495,"5,914"
2408 南亞科,2022/8/5,50.3313,51.8829,50.3313,51.592,"8,751"
2408 南亞科,2022/8/4,48.9736,50.1373,48.8766,49.4585,"6,898"
2408 南亞科,2022/8/3,48.8766,49.9434,48.6827,49.6524,"8,859"
2408 南亞科,2022/8/2,50.2343,50.2343,48.4887,48.8766,"9,674"
2408 南亞科,2022/8/1,50.9131,51.0101,49.9434,50.6222,"6,018"
2408 南亞科,2022/7/29,51.495,51.495,50.5252,50.7192,"5,806"
2408 南亞科,2022/7/28,51.301,51.495,50.5252,50.9131,"4,795"
2408 南亞科,2022/7/27,51.0101,51.495,50.3313,51.0101,"4,819"
2408 南亞科,2022/7/26,51.0101,51.495,50.6222,50.9131,"5,983"
2408 南亞科,2022/7/25,51.398,51.398,50.4282,51.1071,"7,968"
2408 南亞科,2022/7/22,52.3678,52.5618,51.398,52.0769,"14,169"
2408 南亞科,2022/7/21,51.7859,52.8527,51.689,52.6587,"7,534"
2408 南亞科,2022/7/20,52.3678,52.6587,51.495,51.7859,"14,376"
2408 南亞科,2022/7/19,51.398,52.0769,51.2041,51.398,"11,994"
2408 南亞科,2022/7/18,50.2343,53.0466,49.9434,52.5618,"22,604"
2408 南亞科,2022/7/15,48.1493,50.0403,47.8583,49.8464,"12,589"
2408 南亞科,2022/7/14,47.0825,48.4887,46.8401,48.3432,"8,235"
2408 南亞科,2022/7/13,47.0825,48.6827,47.0825,47.5189,"13,016"
2408 南亞科,2022/7/12,46.9371,47.034,45.7248,45.9188,"11,644"
2408 南亞科,2022/7/11,47.5674,47.9068,46.8886,47.5189,"12,752"
2408 南亞科,2022/7/8,48.9736,49.6524,47.6644,48.1493,"17,944"
2408 南亞科,2022/7/7,47.6159,48.9736,46.7431,48.9736,"15,267"
2408 南亞科,2022/7/6,47.9068,48.3917,46.7916,47.131,"11,246"
2408 南亞科,2022/7/5,48.1978,48.2463,46.4037,47.9068,"9,391"
2408 南亞科,2022/7/4,46.8401,47.8099,46.2097,47.6644,"11,990"
2408 南亞科,2022/7/1,47.8099,48.0523,46.6946,46.8401,"23,372"
2408 南亞科,2022/6/30,49.2645,49.9434,47.034,47.9068,"33,986"
2408 南亞科,2022/6/29,52.5923,52.683,51.7762,51.7762,"12,757"
2408 南亞科,2022/6/28,54.2245,54.2245,52.683,53.4084,"7,630"
2408 南亞科,2022/6/27,53.9525,54.3152,53.7711,54.2245,"8,179"
2408 南亞科,2022/6/24,53.4991,54.1338,52.8643,53.4084,"8,509"
2408 南亞科,2022/6/23,53.4991,53.8618,52.411,52.8643,"6,663"
2408 南亞科,2022/6/22,54.6779,54.6779,52.5923,52.683,"7,063"
2408 南亞科,2022/6/21,54.2245,54.5872,53.8618,54.4058,"7,409"
2408 南亞科,2022/6/20,54.9499,54.9499,53.4991,53.9525,"5,616"
2408 南亞科,2022/6/17,54.4058,54.6779,53.7711,54.4965,"7,634"
2408 南亞科,2022/6/16,56.31,56.5821,54.7685,54.7685,"7,244"
2408 南亞科,2022/6/15,56.1287,56.6727,55.494,55.494,"11,528"
2408 南亞科,2022/6/14,55.9473,56.4914,55.5846,56.4007,"7,921"
2408 南亞科,2022/6/13,56.5821,56.9448,55.8567,56.4007,"14,650"
2408 南亞科,2022/6/10,59.0303,59.5744,58.7583,59.0303,"5,830"
2408 南亞科,2022/6/9,60.1184,60.2091,59.393,59.5744,"4,104"
2408 南亞科,2022/6/8,60.0278,60.2998,59.7557,59.9371,"3,693"
2408 南亞科,2022/6/7,59.9371,60.0278,59.4837,59.6651,"4,273"
2408 南亞科,2022/6/6,60.0278,60.9345,59.4837,60.5718,"5,495"
2408 南亞科,2022/6/2,60.1184,60.7532,60.0278,60.5718,"3,183"
2408 南亞科,2022/6/1,60.1184,61.0252,59.9371,60.5718,"6,203"
2408 南亞科,2022/5/31,59.5744,60.5718,58.849,60.5718,"13,639"
2408 南亞科,2022/5/30,58.4863,59.7557,58.3956,59.6651,"8,522"
2408 南亞科,2022/5/27,58.3049,58.577,57.4888,57.9422,"8,517"
2408 南亞科,2022/5/26,59.2117,59.393,57.5795,57.5795,"7,068"
2408 南亞科,2022/5/25,58.849,58.9397,58.0329,58.6676,"6,875"
2408 南亞科,2022/5/24,60.3905,60.3905,58.3049,58.3049,"7,570"
2408 南亞科,2022/5/23,61.1159,61.1159,59.6651,60.2091,"4,627"
2408 南亞科,2022/5/20,61.1159,61.1159,60.2091,60.5718,"3,774"
2408 南亞科,2022/5/19,60.1185,60.6625,59.4837,60.6625,"5,487"
2408 南亞科,2022/5/18,61.2972,61.66,60.7532,60.9345,"6,880"
2408 南亞科,2022/5/17,61.0252,61.2972,60.3905,60.7532,"7,004"
2408 南亞科,2022/5/16,60.2998,61.66,60.2091,60.6625,"15,724"
2408 南亞科,2022/5/13,59.3024,59.7557,58.849,59.393,"5,511"
2408 南亞科,2022/5/12,58.4863,59.393,58.4863,58.577,"7,050"
2408 南亞科,2022/5/11,59.393,59.4837,58.2142,59.121,"8,024"
2408 南亞科,2022/5/10,58.2142,60.0278,58.1236,59.8464,"8,886"
2408 南亞科,2022/5/9,59.7557,60.2998,59.0303,59.0303,"5,820"
2408 南亞科,2022/5/6,59.3024,60.6625,59.3024,60.5718,"7,160"
2408 南亞科,2022/5/5,61.2066,61.66,60.2091,60.7532,"11,187"
2408 南亞科,2022/5/4,59.6651,60.2998,59.3024,59.9371,"7,592"
2408 南亞科,2022/5/3,59.4837,59.8464,59.121,59.7557,"6,591"
2408 南亞科,2022/4/29,59.0303,59.7557,58.849,59.4837,"8,184"
2408 南亞科,2022/4/28,57.6702,58.6676,57.3075,58.2142,"8,019"
2408 南亞科,2022/4/27,56.8541,57.3075,55.766,57.3075,"8,752"
2408 南亞科,2022/4/26,58.6676,58.849,57.7609,58.2142,"7,787"
2408 南亞科,2022/4/25,58.9397,59.2117,57.6702,58.3049,"10,672"
2408 南亞科,2022/4/22,59.8464,60.2998,59.393,60.2091,"8,313"
2408 南亞科,2022/4/21,59.7557,60.6625,59.2117,60.6625,"8,515"
2408 南亞科,2022/4/20,59.0303,59.6651,58.3956,59.2117,"10,101"
2408 南亞科,2022/4/19,58.577,58.9397,58.1236,58.3956,"5,812"
2408 南亞科,2022/4/18,57.3982,58.849,57.3982,57.8515,"5,160"
2408 南亞科,2022/4/15,57.6702,58.6676,57.3982,57.9422,"7,842"
2408 南亞科,2022/4/14,60.4812,60.4812,58.1236,58.1236,"19,681"
2408 南亞科,2022/4/13,59.8464,60.5718,59.6651,60.4812,"7,135"
2408 南亞科,2022/4/12,60.0278,60.1185,59.0303,59.393,"11,303"
2408 南亞科,2022/4/11,60.5718,61.2972,59.5744,60.5718,"9,315"
2408 南亞科,2022/4/8,60.5718,60.9345,60.2091,60.5718,"7,120"
2408 南亞科,2022/4/7,60.5718,61.3879,60.0278,60.0278,"12,488"
2408 南亞科,2022/4/6,61.932,62.1133,60.2998,60.3905,"19,414"
2408 南亞科,2022/4/1,62.1133,62.7481,61.66,62.7481,"10,546"
2408 南亞科,2022/3/31,63.0201,63.6548,62.7481,62.7481,"9,880"
2408 南亞科,2022/3/30,63.4735,63.8362,62.6574,62.8387,"7,030"
2408 南亞科,2022/3/29,63.2921,63.2921,62.2947,62.5667,"10,191"
2408 南亞科,2022/3/28,61.8413,63.3828,61.2066,63.2921,"9,694"
2408 南亞科,2022/3/25,64.3802,64.4709,62.476,62.476,"25,898"
2408 南亞科,2022/3/24,66.1938,66.1938,63.7455,64.6523,"30,281"
2408 南亞科,2022/3/23,67.5539,67.7353,66.1938,66.8285,"14,132"
2408 南亞科,2022/3/22,68.098,68.2793,66.5565,67.1005,"11,150"
2408 南亞科,2022/3/21,68.0073,68.37,67.3726,67.9166,"5,585"
2408 南亞科,2022/3/18,67.2819,67.8259,67.0099,67.8259,"6,787"
2408 南亞科,2022/3/17,66.1938,67.3726,65.8311,67.2819,"13,193"
2408 南亞科,2022/3/16,66.6472,66.9192,63.9269,64.2896,"19,482"
2408 南亞科,2022/3/15,68.2793,68.4607,66.1938,66.1938,"12,492"
2408 南亞科,2022/3/14,68.7327,69.0954,67.7353,68.642,"9,234"
2408 南亞科,2022/3/11,68.9141,69.1861,67.6446,68.5514,"8,161"
2408 南亞科,2022/3/10,69.1861,70.2742,69.0954,69.5488,"10,649"
2408 南亞科,2022/3/9,68.9141,69.3674,67.8259,67.9166,"6,418"
2408 南亞科,2022/3/8,68.8234,70.3649,67.3726,67.7353,"13,468"
2408 南亞科,2022/3/7,72.1784,72.1784,68.9141,69.7302,"18,402"
2408 南亞科,2022/3/4,73.7199,75.0801,72.9945,73.9919,"9,231"
2408 南亞科,2022/3/3,74.6267,75.5334,73.9919,74.8987,"14,399"
2408 南亞科,2022/3/2,71.6344,72.6318,70.9996,72.2691,"7,939"
2408 南亞科,2022/3/1,70.9089,72.5411,70.2742,72.4504,"11,729"
2408 南亞科,2022/2/25,70.2742,70.9089,69.6395,69.9115,"8,880"
2408 南亞科,2022/2/24,70.2742,70.4556,68.8234,69.1861,"14,655"
2408 南亞科,2022/2/23,71.453,72.9038,71.181,71.6344,"7,783"
2408 南亞科,2022/2/22,71.8157,71.9971,70.4556,71.3623,"11,771"
2408 南亞科,2022/2/21,75.2614,75.3521,72.8131,72.9038,"13,608"
2408 南亞科,2022/2/18,74.1733,76.1682,73.9919,75.7148,"21,192"
2408 南亞科,2022/2/17,73.4479,76.3495,73.2665,74.9894,"36,846"
2408 南亞科,2022/2/16,72.5411,73.0852,72.0877,72.9945,"18,735"
2408 南亞科,2022/2/15,71.6344,72.0877,71.3623,71.453,"9,948"
2408 南亞科,2022/2/14,71.0903,71.5437,70.2742,71.3623,"11,793"
2408 南亞科,2022/2/11,71.2717,72.0877,70.6369,71.6344,"17,573"
2408 南亞科,2022/2/10,71.453,71.6344,70.9089,71.6344,"8,852"
2408 南亞科,2022/2/9,70.7276,71.453,70.1835,71.181,"14,137"
2408 南亞科,2022/2/8,69.8208,70.6369,69.4581,70.1835,"11,839"
2408 南亞科,2022/2/7,68.0073,69.2768,67.3726,69.2768,"18,169"
2408 南亞科,2022/1/26,65.6497,66.6472,65.1057,65.287,"4,040"
2408 南亞科,2022/1/25,65.287,67.1005,65.1057,65.287,"8,718"
2408 南亞科,2022/1/24,64.9243,66.2844,64.3802,65.8311,"8,544"
2408 南亞科,2022/1/21,67.3726,67.8259,65.287,65.559,"15,253"
2408 南亞科,2022/1/20,68.098,68.5514,67.6446,68.098,"4,861"
2408 南亞科,2022/1/19,67.4632,68.7327,67.3726,68.1887,"5,927"
2408 南亞科,2022/1/18,67.9166,68.9141,67.6446,68.098,"7,275"
2408 南亞科,2022/1/17,67.3726,67.9166,67.0099,67.4632,"5,719"
2408 南亞科,2022/1/14,67.3726,68.0073,66.9192,67.3726,"7,199"
2408 南亞科,2022/1/13,67.4632,68.1887,67.0099,67.6446,"6,816"
2408 南亞科,2022/1/12,67.2819,67.8259,66.7378,67.4632,"7,337"
2408 南亞科,2022/1/11,67.1912,67.6446,66.3751,66.6472,"6,151"
2408 南亞科,2022/1/10,66.6472,67.9166,65.9217,67.9166,"5,145"
2408 南亞科,2022/1/7,67.1005,67.8259,66.5565,66.8285,"10,521"
2408 南亞科,2022/1/6,68.0073,68.1887,66.4658,66.9192,"11,854"
2408 南亞科,2022/1/5,70.0022,70.0022,68.4607,68.8234,"11,504"
2408 南亞科,2022/1/4,69.6395,70.0022,69.3674,70.0022,"7,409"
2408 南亞科,2022/1/3,70.5462,70.7276,68.9141,69.0954,"11,445"
2408 南亞科,2021/12/30,70.2742,71.181,70.0929,70.8183,"15,683"
2408 南亞科,2021/12/29,69.7302,69.8208,69.0047,69.4581,"3,109"
2408 南亞科,2021/12/28,69.7302,69.8208,68.9141,69.5488,"6,473"
2408 南亞科,2021/12/27,69.0954,69.5488,68.642,69.4581,"4,538"
2408 南亞科,2021/12/24,69.8208,69.8208,68.5514,68.642,"6,947"
2408 南亞科,2021/12/23,70.1835,70.2742,68.7327,68.8234,"11,620"
2408 南亞科,2021/12/22,72.0877,72.4504,69.1861,69.3674,"28,364"
2408 南亞科,2021/12/21,70.8183,71.0903,69.4581,69.6395,"17,953"
2408 南亞科,2021/12/20,69.1861,70.9996,68.4607,68.8234,"13,804"
2408 南亞科,2021/12/17,68.098,69.0954,67.6446,68.642,"5,809"
2408 南亞科,2021/12/16,69.7302,70.2742,68.0073,68.9141,"11,018"
2408 南亞科,2021/12/15,67.8259,69.2768,67.8259,68.9141,"5,946"
2408 南亞科,2021/12/14,68.9141,69.1861,67.8259,67.8259,"9,243"
2408 南亞科,2021/12/13,71.181,71.3623,69.4581,69.4581,"7,049"
2408 南亞科,2021/12/10,70.0022,70.9996,69.3674,70.5462,"9,219"
2408 南亞科,2021/12/9,69.8208,70.7276,69.2768,70.2742,"9,625"
2408 南亞科,2021/12/8,71.181,71.453,69.7302,69.7302,"15,424"
2408 南亞科,2021/12/7,70.6369,70.8183,69.4581,70.2742,"9,369"
2408 南亞科,2021/12/6,71.6344,71.725,69.9115,70.2742,"14,634"
2408 南亞科,2021/12/3,69.7302,71.8157,69.7302,71.453,"33,711"
2408 南亞科,2021/12/2,70.9996,72.5411,70.9996,72.3598,"61,010"
2408 南亞科,2021/12/1,67.1912,68.9141,67.1912,68.9141,"20,047"
2408 南亞科,2021/11/30,67.1912,69.2768,67.1912,67.2819,"31,197"
2408 南亞科,2021/11/29,65.3777,67.4632,64.4709,66.4658,"13,003"
2408 南亞科,2021/11/26,67.5539,68.1887,66.2844,66.6472,"14,556"
2408 南亞科,2021/11/25,68.9141,68.9141,67.3726,67.4632,"10,299"
2408 南亞科,2021/11/24,68.0073,69.0954,67.4632,68.37,"12,709"
2408 南亞科,2021/11/23,68.9141,69.4581,66.8285,68.642,"31,620"
2408 南亞科,2021/11/22,65.015,68.9141,64.8336,68.37,"50,484"
2408 南亞科,2021/11/19,65.1057,65.287,63.0201,63.1108,"11,671"
2408 南亞科,2021/11/18,64.5616,64.9243,64.0175,64.9243,"8,466"
2408 南亞科,2021/11/17,64.4709,65.287,63.8362,64.3802,"11,550"
2408 南亞科,2021/11/16,63.8362,64.1989,63.2015,64.1989,"9,547"
2408 南亞科,2021/11/15,62.8387,64.0175,62.8387,63.7455,"12,560"
2408 南亞科,2021/11/12,62.3854,62.7481,61.8413,62.2947,"6,113"
2408 南亞科,2021/11/11,62.5667,62.8387,61.66,61.66,"10,226"
2408 南亞科,2021/11/10,62.8387,63.4735,62.1133,63.3828,"16,080"
2408 南亞科,2021/11/9,61.3879,62.3854,61.1159,62.2947,"16,437"
2408 南亞科,2021/11/8,59.9371,61.2972,59.8464,61.2972,"11,598"
2408 南亞科,2021/11/5,60.7532,61.0252,59.393,59.5744,"13,029"
2408 南亞科,2021/11/4,62.5667,62.5667,60.2998,60.4812,"16,769"
2408 南亞科,2021/11/3,60.7532,62.5667,60.6625,62.204,"16,105"
2408 南亞科,2021/11/2,61.4786,62.5667,59.6651,60.2998,"16,625"
2408 南亞科,2021/11/1,61.3879,61.66,60.5718,60.7532,"7,964"
2408 南亞科,2021/10/29,60.9345,61.0252,59.8464,60.2998,"13,510"
2408 南亞科,2021/10/28,59.0303,60.9345,58.6676,60.2998,"14,887"
2408 南亞科,2021/10/27,57.7609,60.0278,57.4888,60.0278,"18,092"
2408 南亞科,2021/10/26,57.8515,58.3956,57.4888,57.7609,"9,997"
2408 南亞科,2021/10/25,56.1287,57.5795,56.1287,57.5795,"8,379"
2408 南亞科,2021/10/22,56.6728,56.8541,56.038,56.31,"9,532"
2408 南亞科,2021/10/21,57.3075,57.9422,56.6728,56.6728,"6,544"
2408 南亞科,2021/10/20,57.6702,57.8515,57.1261,57.5795,"4,154"
2408 南亞科,2021/10/19,57.0355,57.8515,56.2194,57.5795,"6,735"
2408 南亞科,2021/10/18,58.0329,58.577,56.31,56.8541,"10,760"
2408 南亞科,2021/10/15,57.4888,58.0329,56.7634,57.7609,"13,928"
2408 南亞科,2021/10/14,54.8592,56.5821,54.5872,56.4914,"18,467"
2408 南亞科,2021/10/13,55.8567,56.1287,53.8618,53.8618,"16,102"
2408 南亞科,2021/10/12,55.6753,55.8567,54.3152,55.3126,"12,562"
2408 南亞科,2021/10/8,56.1287,57.2168,55.8567,55.8567,"9,746"
2408 南亞科,2021/10/7,55.9473,56.5821,55.6753,55.8567,"13,115"
2408 南亞科,2021/10/6,58.7583,58.7583,55.6753,55.6753,"24,214"
2408 南亞科,2021/10/5,57.9422,58.6676,57.3075,58.577,"14,684"
2408 南亞科,2021/10/4,58.6676,59.4837,57.7609,58.849,"12,035"
2408 南亞科,2021/10/1,59.8464,60.0278,58.0329,58.3049,"13,293"
2408 南亞科,2021/9/30,60.3905,61.932,59.7557,59.7557,"30,827"
2408 南亞科,2021/9/29,58.9397,60.9345,58.2142,60.9345,"28,462"
2408 南亞科,2021/9/28,58.7583,60.4812,58.3956,60.1185,"18,832"
2408 南亞科,2021/9/27,58.7583,58.849,58.3049,58.577,"4,324"
2408 南亞科,2021/9/24,58.7583,59.121,58.4863,58.849,"4,857"
2408 南亞科,2021/9/23,57.7609,58.7583,57.6702,58.3956,"9,860"
2408 南亞科,2021/9/22,57.8515,57.8515,56.6728,57.1261,"11,723"
2408 南亞科,2021/9/17,58.6676,58.849,58.0329,58.849,"9,003"
2408 南亞科,2021/9/16,58.3049,58.6676,57.9422,58.577,"6,504"
2408 南亞科,2021/9/15,59.2117,59.8464,58.0329,58.0329,"17,189"
2408 南亞科,2021/9/14,60.0278,60.6625,59.4837,60.0278,"8,389"
2408 南亞科,2021/9/13,60.7532,61.0252,59.6651,59.6651,"7,306"
2408 南亞科,2021/9/10,59.6651,60.7532,58.7583,60.5718,"9,874"
2408 南亞科,2021/9/9,58.0329,59.4837,57.7609,59.4837,"7,371"
2408 南亞科,2021/9/8,59.121,59.3024,57.8515,58.3049,"12,858"
2408 南亞科,2021/9/7,60.7532,60.7532,59.0303,59.121,"10,825"
2408 南亞科,2021/9/6,60.6625,61.4786,60.0278,60.2091,"13,380"
2408 南亞科,2021/9/3,60.5718,60.6625,59.6651,59.8464,"9,974"
2408 南亞科,2021/9/2,61.7506,61.7506,59.8464,60.0278,"10,469"
2408 南亞科,2021/9/1,60.2998,62.1133,60.1185,61.7506,"15,943"
2408 南亞科,2021/8/31,59.8464,60.6625,59.393,60.2091,"8,026"
2408 南亞科,2021/8/30,59.7557,60.3905,59.0303,60.2091,"7,295"
2408 南亞科,2021/8/27,58.7583,59.5744,58.3049,58.9397,"12,756"
2408 南亞科,2021/8/26,61.2972,61.4786,59.121,59.2117,"13,518"
2408 南亞科,2021/8/25,60.0278,60.8439,59.9371,60.7532,"5,940"
2408 南亞科,2021/8/24,61.2066,61.7506,59.3024,59.8464,"9,348"
2408 南亞科,2021/8/23,59.5744,60.9345,59.393,60.5718,"7,679"
2408 南亞科,2021/8/20,60.3905,60.5718,58.4863,58.577,"13,569"
2408 南亞科,2021/8/19,60.7532,61.2972,59.5744,59.5744,"17,524"
2408 南亞科,2021/8/18,60.3905,62.5667,59.9371,62.5667,"14,886"
2408 南亞科,2021/8/17,60.8439,61.4786,59.8464,60.3905,"21,810"
2408 南亞科,2021/8/16,57.7609,60.4812,57.3982,60.1185,"23,803"
2408 南亞科,2021/8/13,59.0303,59.7557,57.5795,58.3049,"28,761"
2408 南亞科,2021/8/12,60.7532,60.8439,59.4837,60.1185,"26,245"
2408 南亞科,2021/8/11,62.5667,62.9294,60.9345,61.0252,"44,724"
2408 南亞科,2021/8/10,67.0099,67.1912,64.0175,64.2896,"21,282"
2408 南亞科,2021/8/9,66.5565,67.4632,65.3777,66.8285,"12,165"
2408 南亞科,2021/8/6,68.1887,68.2793,66.7378,66.7378,"11,520"
2408 南亞科,2021/8/5,68.2793,68.642,67.4632,68.1887,"14,691"
2408 南亞科,2021/8/4,68.4404,68.4404,66.9254,67.2819,"17,964"
2408 南亞科,2021/8/3,66.6581,67.5492,66.4798,67.5492,"14,214"
2408 南亞科,2021/8/2,65.2322,66.9254,64.7866,66.3907,"17,994"
2408 南亞科,2021/7/30,64.6975,65.054,64.1628,64.4302,"12,702"
2408 南亞科,2021/7/29,64.9649,65.2323,64.1629,64.1629,"9,460"
2408 南亞科,2021/7/28,64.6084,64.9649,62.9153,64.3411,"14,747"
2408 南亞科,2021/7/27,65.8561,66.3907,65.054,65.3214,"18,220"
2408 南亞科,2021/7/26,65.6778,66.1234,65.054,65.4996,"11,002"
2408 南亞科,2021/7/23,66.3016,66.4799,64.3411,65.4105,"19,496"
2408 南亞科,2021/7/22,64.6084,66.6581,64.6084,65.6778,"21,961"
2408 南亞科,2021/7/21,66.8363,66.9254,63.45,63.7173,"38,821"
2408 南亞科,2021/7/20,66.8363,67.2819,66.3907,66.3907,"15,293"
2408 南亞科,2021/7/19,67.8166,68.2622,67.2819,67.371,"23,015"
2408 南亞科,2021/7/16,69.5098,69.5989,68.5295,68.9751,"23,745"
2408 南亞科,2021/7/15,69.7771,70.49,69.5098,70.0445,"18,985"
2408 南亞科,2021/7/14,69.3315,70.1336,68.6186,69.3315,"27,619"
2408 南亞科,2021/7/13,68.6186,70.5792,68.2622,68.5295,"49,093"
2408 南亞科,2021/7/12,71.0247,71.2921,68.0839,68.0839,"48,038"
2408 南亞科,2021/7/9,69.0642,70.0445,68.3513,70.0445,"21,199"
2408 南亞科,2021/7/8,70.5792,71.1138,69.688,69.8662,"19,968"
2408 南亞科,2021/7/7,70.8465,71.6485,70.2227,70.8465,"16,851"
2408 南亞科,2021/7/6,71.9159,72.005,70.4009,70.49,"16,031"
2408 南亞科,2021/7/5,72.005,72.6288,70.9356,71.6485,"19,840"
2408 南亞科,2021/7/2,70.3118,71.5594,69.8662,70.8465,"19,610"
2408 南亞科,2021/7/1,71.203,71.203,69.0642,69.5098,"20,124"
2408 南亞科,2021/6/30,70.49,71.2921,70.2227,71.0247,"16,345"
2408 南亞科,2021/6/29,73.0744,73.0744,70.5792,70.6683,"18,877"
2408 南亞科,2021/6/28,72.4506,73.3417,71.3812,72.3615,"26,665"
2408 南亞科,2021/6/25,70.3118,72.5397,70.2227,71.2921,"35,217"
2408 南亞科,2021/6/24,68.2622,69.4207,68.1731,69.1533,"14,948"
2408 南亞科,2021/6/23,67.1037,68.3513,65.054,68.2622,"24,573"
2408 南亞科,2021/6/22,67.5492,67.8166,66.3907,67.0146,"14,468"
2408 南亞科,2021/6/21,69.4207,69.5989,66.569,66.569,"26,795"
2408 南亞科,2021/6/18,70.6683,71.4703,70.3118,70.3118,"11,014"
2408 南亞科,2021/6/17,70.4009,70.4009,69.5098,70.3118,"11,637"
2408 南亞科,2021/6/16,70.8465,71.6485,70.0445,70.49,"14,115"
2408 南亞科,2021/6/15,70.2227,70.9356,69.5989,70.1336,"10,776"
2408 南亞科,2021/6/11,71.203,71.7377,69.9554,70.2227,"11,903"
2408 南亞科,2021/6/10,68.886,70.8465,68.6186,70.8465,"15,959"
2408 南亞科,2021/6/9,70.5792,70.7574,68.6186,68.7969,"22,430"
2408 南亞科,2021/6/8,71.4703,72.6288,70.9356,71.3812,"11,063"
2408 南亞科,2021/6/7,72.9853,73.0744,69.5989,70.7574,"21,476"
2408 南亞科,2021/6/4,75.3914,75.3914,72.8962,73.2526,"23,036"
2408 南亞科,2021/6/3,73.0744,75.3023,72.8962,74.5002,"19,272"
2408 南亞科,2021/6/2,73.3417,73.7873,71.3812,72.7179,"10,489"
2408 南亞科,2021/6/1,73.4308,74.8567,72.3615,72.4506,"15,322"
2408 南亞科,2021/5/31,72.5397,73.4308,72.0941,72.9853,"10,988"
2408 南亞科,2021/5/28,70.6683,73.52,70.3118,71.8268,"21,599"
2408 南亞科,2021/5/27,69.1533,69.8662,67.7275,69.7771,"14,820"
2408 南亞科,2021/5/26,71.0247,71.4703,68.7077,69.3315,"13,100"
2408 南亞科,2021/5/25,69.4207,71.1138,69.0642,70.2227,"22,335"
2408 南亞科,2021/5/24,66.8363,68.9751,66.3016,68.2622,"10,000"
2408 南亞科,2021/5/21,69.3315,70.0445,67.2819,67.9948,"10,953"
2408 南亞科,2021/5/20,66.2125,68.1731,66.1234,67.0146,"10,272"
2408 南亞科,2021/5/19,67.371,68.3513,65.6778,66.9254,"17,465"
2408 南亞科,2021/5/18,65.054,69.0642,64.8758,68.4404,"22,596"
2408 南亞科,2021/5/17,59.7071,65.1431,59.7071,63.8955,"18,890"
2408 南亞科,2021/5/14,67.5492,68.2622,64.3411,65.054,"19,825"
2408 南亞科,2021/5/13,63.6282,67.9948,62.0241,66.2125,"27,273"
2408 南亞科,2021/5/12,67.7275,68.6186,61.4003,65.4105,"38,004"
2408 南亞科,2021/5/11,71.2921,71.8268,67.8166,68.1731,"27,866"
2408 南亞科,2021/5/10,76.3716,76.3716,73.0744,73.1635,"18,722"
2408 南亞科,2021/5/7,75.124,76.4608,74.0546,76.1934,"23,448"
2408 南亞科,2021/5/6,74.5893,76.8172,73.3417,73.8764,"21,791"
2408 南亞科,2021/5/5,77.0846,77.5301,73.6982,73.6982,"18,613"
2408 南亞科,2021/5/4,78.8669,79.5798,72.7179,76.0152,"27,268"
2408 南亞科,2021/5/3,82.877,82.877,77.9757,78.1539,"24,595"
2408 南亞科,2021/4/29,83.7682,84.3029,81.6294,81.6294,"17,254"
2408 南亞科,2021/4/28,84.392,85.2832,83.4117,84.1247,"11,834"
2408 南亞科,2021/4/27,85.7287,85.8178,83.2335,83.7682,"14,297"
2408 南亞科,2021/4/26,84.5702,85.907,84.2138,85.4614,"14,575"
2408 南亞科,2021/4/23,83.5008,84.4811,82.4315,84.1247,"19,883"
2408 南亞科,2021/4/22,87.9566,88.2239,82.1641,83.2335,"35,697"
2408 南亞科,2021/4/21,89.5607,90.4518,87.3328,87.6001,"22,268"
2408 南亞科,2021/4/20,89.5607,90.8974,88.6695,88.8478,"17,063"
2408 南亞科,2021/4/19,88.9369,90.4518,88.3131,88.5804,"11,645"
2408 南亞科,2021/4/16,88.5804,89.5607,87.4219,87.9566,"13,002"
2408 南亞科,2021/4/15,89.5607,89.5607,87.511,88.2239,"12,822"
2408 南亞科,2021/4/14,90.4518,91.7886,86.5308,88.8478,"24,771"
2408 南亞科,2021/4/13,89.5607,92.6797,88.2239,89.1151,"29,225"
2408 南亞科,2021/4/12,93.5709,93.5709,87.7784,88.3131,"41,503"
2408 南亞科,2021/4/9,87.9566,93.5709,86.4416,91.343,"44,341"
2408 南亞科,2021/4/8,86.8872,87.8675,85.907,87.6001,"16,086"
2408 南亞科,2021/4/7,87.4219,88.0457,85.7287,86.5308,"19,005"
2408 南亞科,2021/4/6,90.0063,90.4518,86.3525,86.709,"42,435"
2408 南亞科,2021/4/1,85.907,89.5607,85.7287,89.5607,"65,107"
2408 南亞科,2021/3/31,81.9859,83.59,81.6294,81.8968,"13,376"
2408 南亞科,2021/3/30,81.273,82.3424,80.7383,82.1641,"8,178"
2408 南亞科,2021/3/29,82.7879,83.0553,80.9165,81.273,"12,437"
2408 南亞科,2021/3/26,80.3818,82.2532,80.2927,81.8968,"8,381"
2408 南亞科,2021/3/25,80.2927,80.5601,79.0451,79.8471,"6,602"
2408 南亞科,2021/3/24,80.5601,81.4512,80.2036,80.2036,"7,701"
2408 南亞科,2021/3/23,81.5403,82.7879,81.273,81.7185,"7,969"
2408 南亞科,2021/3/22,82.6097,82.6988,80.3818,81.0056,"10,647"
2408 南亞科,2021/3/19,83.8573,84.3029,82.3424,82.4315,"15,029"
2408 南亞科,2021/3/18,83.0553,85.5505,82.877,85.1049,"21,504"
2408 南亞科,2021/3/17,83.6791,84.0355,81.5403,81.8968,"8,145"
2408 南亞科,2021/3/16,83.5008,84.392,82.9662,83.2335,"8,823"
2408 南亞科,2021/3/15,82.877,83.3226,81.6294,83.0553,"7,976"
2408 南亞科,2021/3/12,82.9662,84.1247,81.6294,83.3226,"21,730"
2408 南亞科,2021/3/11,79.2233,81.4512,78.8669,81.4512,"14,495"
2408 南亞科,2021/3/10,78.4213,80.5601,77.9757,78.0648,"15,496"
2408 南亞科,2021/3/9,78.5995,79.8471,76.1934,77.2628,"15,149"
2408 南亞科,2021/3/8,82.2532,82.3424,78.956,78.956,"16,624"
2408 南亞科,2021/3/5,78.956,81.4512,78.4213,79.9362,"22,374"
2408 南亞科,2021/3/4,82.7879,84.6593,81.6294,81.8077,"25,889"
2408 南亞科,2021/3/3,85.3723,85.7287,80.7383,81.9859,"27,814"
2408 南亞科,2021/3/2,88.6695,90.0063,84.6593,85.1049,"19,418"
2408 南亞科,2021/2/26,85.3723,87.511,85.0158,85.9961,"23,763"
2408 南亞科,2021/2/25,89.1151,90.8974,87.511,87.7784,"29,438"
2408 南亞科,2021/2/24,87.511,90.4518,86.0852,86.0852,"33,083"
2408 南亞科,2021/2/23,85.3723,88.4913,84.392,87.6893,"23,109"
2408 南亞科,2021/2/22,84.9267,87.8675,84.9267,86.5308,"32,618"
2408 南亞科,2021/2/19,81.9859,84.6593,81.0056,82.877,"43,217"
2408 南亞科,2021/2/18,80.2036,80.9165,79.6689,80.1145,"13,868"
2408 南亞科,2021/2/17,81.0947,81.5403,79.4016,80.1145,"25,917"
2408 南亞科,2021/2/5,77.8866,78.7777,76.9063,77.2628,"10,515"
2408 南亞科,2021/2/4,76.0152,77.3519,75.7478,77.1737,"9,939"
2408 南亞科,2021/2/3,78.8669,79.3124,76.7281,76.9063,"16,227"
2408 南亞科,2021/2/2,77.9757,79.5798,76.2825,77.441,"39,430"
2408 南亞科,2021/2/1,72.2723,77.3519,71.5594,76.9063,"28,231"
2408 南亞科,2021/1/29,71.7377,73.9655,70.9356,71.203,"19,314"
2408 南亞科,2021/1/28,71.203,72.6288,70.1336,70.7574,"19,387"
2408 南亞科,2021/1/27,74.4111,75.124,72.7179,73.52,"10,431"
2408 南亞科,2021/1/26,76.0152,76.2825,73.7873,73.9655,"11,050"
2408 南亞科,2021/1/25,75.7478,76.9954,73.7873,75.837,"11,694"
2408 南亞科,2021/1/22,76.1934,76.639,75.3023,76.1043,"8,584"
2408 南亞科,2021/1/21,75.3023,77.9757,75.3023,76.4608,"11,763"
2408 南亞科,2021/1/20,78.3322,79.0451,74.8567,75.124,"21,624"
2408 南亞科,2021/1/19,77.2628,77.7975,75.4805,77.3519,"12,633"
2408 南亞科,2021/1/18,76.2825,77.441,73.6091,76.639,"15,567"
2408 南亞科,2021/1/15,80.4709,80.9165,76.2825,76.8172,"20,617"
2408 南亞科,2021/1/14,78.8669,81.8077,77.9757,80.0254,"17,015"
2408 南亞科,2021/1/13,78.5104,79.9362,77.0846,79.0451,"18,674"
2408 南亞科,2021/1/12,81.9859,82.6988,77.441,78.1539,"27,375"
2408 南亞科,2021/1/11,82.6988,83.3226,81.0056,81.273,"36,196"
2408 南亞科,2021/1/8,84.6593,86.3525,83.1444,86.1743,"30,515"
2408 南亞科,2021/1/7,82.877,83.7682,81.6294,82.6988,"15,503"
2408 南亞科,2021/1/6,83.3226,84.6593,79.4907,81.5403,"26,135"
2408 南亞科,2021/1/5,80.3818,84.2138,79.1342,80.6492,"28,169"
2408 南亞科,2021/1/4,78.8669,81.5403,78.1539,80.8274,"29,325"
2408 南亞科,2020/12/31,78.4213,78.5995,76.3716,77.3519,"11,159"
2408 南亞科,2020/12/30,77.9757,79.0451,77.0846,77.7975,"15,862"
2408 南亞科,2020/12/29,79.3124,79.4016,76.7281,77.5301,"17,741"
2408 南亞科,2020/12/28,75.5696,79.9362,74.8567,79.4016,"26,868"
2408 南亞科,2020/12/25,76.2825,76.9954,74.2329,74.8567,"11,690"
2408 南亞科,2020/12/24,74.5893,76.9954,74.2329,76.0152,"15,089"
2408 南亞科,2020/12/23,72.3615,74.1438,71.3812,73.9655,"15,011"
2408 南亞科,2020/12/22,75.0349,75.7478,71.6485,72.3615,"23,263"
2408 南亞科,2020/12/21,76.9954,77.0846,74.6785,75.0349,"17,272"
2408 南亞科,2020/12/18,76.9063,77.7084,75.5696,75.5696,"7,558"
2408 南亞科,2020/12/17,76.9063,78.5104,76.3716,76.3716,"12,317"
2408 南亞科,2020/12/16,76.1934,77.3519,76.1934,76.4608,"13,461"
2408 南亞科,2020/12/15,75.7478,77.5301,74.6785,74.9458,"13,583"
2408 南亞科,2020/12/14,75.124,76.4608,73.9655,76.0152,"12,022"
2408 南亞科,2020/12/11,77.9757,78.3322,73.8764,76.0152,"33,248"
2408 南亞科,2020/12/10,80.4709,80.5601,78.4213,78.6886,"21,002"
2408 南亞科,2020/12/9,79.2233,81.9859,78.5995,81.8968,"28,642"
2408 南亞科,2020/12/8,76.9063,79.1342,76.1934,78.4213,"22,617"
2408 南亞科,2020/12/7,79.0451,80.9165,77.9757,78.6886,"36,695"
2408 南亞科,2020/12/4,76.9954,79.758,76.639,78.0648,"52,113"
2408 南亞科,2020/12/3,74.8567,75.7478,73.52,74.6785,"38,152"
2408 南亞科,2020/12/2,70.49,73.9655,69.9554,72.6288,"58,006"
2408 南亞科,2020/12/1,64.8758,69.688,64.6976,68.5295,"47,966"
2408 南亞科,2020/11/30,64.4302,65.4996,63.8064,64.5193,"20,577"
2408 南亞科,2020/11/27,63.0044,65.054,62.5588,63.5391,"18,465"
2408 南亞科,2020/11/26,61.7568,63.1826,60.9547,63.0044,"13,434"
2408 南亞科,2020/11/25,63.7173,64.5193,61.6676,61.7568,"19,266"
2408 南亞科,2020/11/24,65.054,65.1431,62.737,63.2717,"21,114"
2408 南亞科,2020/11/23,62.4697,64.252,61.8459,63.8064,"28,346"
2408 南亞科,2020/11/20,60.5983,61.4894,60.3309,61.3112,"17,070"
2408 南亞科,2020/11/19,59.1724,60.8656,58.9051,60.42,"20,955"
2408 南亞科,2020/11/18,59.7962,61.0438,58.4595,59.7071,"23,553"
2408 南亞科,2020/11/17,58.3704,60.0636,58.3704,59.7962,"48,921"
2408 南亞科,2020/11/16,56.4099,57.5684,56.2316,57.2119,"38,549"
2408 南亞科,2020/11/13,55.4296,55.9643,54.6276,55.4296,"13,092"
2408 南亞科,2020/11/12,54.0038,55.6078,53.7364,55.2514,"26,850"
2408 南亞科,2020/11/11,54.0929,54.182,52.667,53.4691,"12,984"
2408 南亞科,2020/11/10,53.8255,54.3602,53.5582,54.0038,"8,798"
2408 南亞科,2020/11/9,54.0038,54.2711,53.5582,53.8255,"8,666"
2408 南亞科,2020/11/6,53.4691,53.5582,52.9344,53.2908,"11,230"
2408 南亞科,2020/11/5,52.9344,53.2908,52.3106,52.9344,"7,396"
2408 南亞科,2020/11/4,53.0235,53.0235,51.5085,52.5779,"14,354"
2408 南亞科,2020/11/3,52.0432,52.8453,51.865,52.3997,"8,225"
2408 南亞科,2020/11/2,51.5085,51.865,51.1521,51.5085,"6,267"
2408 南亞科,2020/10/30,51.5085,52.2214,50.8847,51.5085,"9,842"
2408 南亞科,2020/10/29,50.8847,52.5779,50.7065,51.865,"10,691"
2408 南亞科,2020/10/28,53.2908,53.5582,51.7759,51.9541,"16,108"
2408 南亞科,2020/10/27,53.2908,53.8255,52.8453,53.0235,"14,066"
2408 南亞科,2020/10/26,54.5384,55.1622,53.5582,53.9146,"12,025"
2408 南亞科,2020/10/23,54.7167,54.984,54.3602,54.7167,"9,995"
2408 南亞科,2020/10/22,54.8949,55.3405,54.182,55.0731,"11,116"
2408 南亞科,2020/10/21,55.6969,55.7861,54.8949,55.1622,"9,953"
2408 南亞科,2020/10/20,55.0731,55.4296,54.4493,55.3405,"10,468"
2408 南亞科,2020/10/19,53.9146,55.5187,53.9146,55.0731,"14,874"
2408 南亞科,2020/10/16,54.8058,54.984,53.5582,53.5582,"15,421"
2408 南亞科,2020/10/15,55.3405,55.9643,54.7167,54.8058,"20,094"
2408 南亞科,2020/10/14,54.984,56.4099,54.5384,55.5187,"47,270"
2408 南亞科,2020/10/13,53.4691,54.7167,52.3106,54.7167,"31,800"
2408 南亞科,2020/10/12,53.1126,54.8058,52.9344,53.9146,"33,412"
2408 南亞科,2020/10/8,53.2908,53.5582,51.5976,52.9344,"36,389"
2408 南亞科,2020/10/7,50.7956,53.4691,50.5283,53.1126,"45,411"
2408 南亞科,2020/10/6,50.7956,51.063,50.0827,50.4391,"9,047"
2408 南亞科,2020/10/5,51.063,51.6868,49.9045,50.1718,"15,582"
2408 南亞科,2020/9/30,50.35,51.2412,49.8153,51.2412,"20,921"
2408 南亞科,2020/9/29,49.9045,50.8847,49.1915,50.7065,"27,776"
2408 南亞科,2020/9/28,47.4983,49.9045,47.3201,49.1024,"13,639"
2408 南亞科,2020/9/25,47.4983,47.7657,46.6072,46.7854,"9,188"
2408 南亞科,2020/9/24,46.9637,48.033,46.5181,47.1419,"11,282"
2408 南亞科,2020/9/23,49.0133,49.1915,47.231,47.4983,"13,226"
2408 南亞科,2020/9/22,50.4391,50.4391,48.8351,48.9242,"13,204"
2408 南亞科,2020/9/21,50.1718,51.1521,50.0827,50.4391,"12,672"
2408 南亞科,2020/9/18,51.1521,51.3303,50.1718,50.1718,"16,460"
2408 南亞科,2020/9/17,49.3698,50.6174,49.0133,50.6174,"27,334"
2408 南亞科,2020/9/16,48.9242,49.1915,48.4786,49.1915,"10,237"
2408 南亞科,2020/9/15,49.2807,49.548,48.3004,48.5677,"12,921"
2408 南亞科,2020/9/14,47.7657,49.4589,47.6766,48.8351,"18,644"
2408 南亞科,2020/9/11,47.6766,47.8548,46.9637,47.4983,"3,946"
2408 南亞科,2020/9/10,48.3004,48.3004,47.0528,47.231,"10,299"
2408 南亞科,2020/9/9,48.2113,48.4786,47.5875,48.3004,"7,914"
2408 南亞科,2020/9/8,49.1024,49.2807,47.9439,48.8351,"14,432"
2408 南亞科,2020/9/7,47.3201,49.1915,47.0528,48.3895,"22,908"
2408 南亞科,2020/9/4,46.0725,47.0528,45.8943,47.0528,"8,662"
2408 南亞科,2020/9/3,46.7854,48.3895,46.5181,47.4092,"24,891"
2408 南亞科,2020/9/2,46.3399,46.429,45.2705,45.5378,"15,295"
2408 南亞科,2020/9/1,46.1616,46.6963,45.2705,46.6072,"9,867"
2408 南亞科,2020/8/31,48.2113,48.5677,46.1616,46.2507,"19,119"
2408 南亞科,2020/8/28,48.2113,48.3895,47.6766,48.033,"5,886"
2408 南亞科,2020/8/27,47.8548,48.8351,47.6766,48.1222,"10,713"
2408 南亞科,2020/8/26,47.3201,48.1222,46.8745,47.5875,"14,857"
2408 南亞科,2020/8/25,46.1616,47.231,45.9834,47.231,"17,574"
2408 南亞科,2020/8/24,44.4684,45.5378,44.2011,45.4487,"12,192"
2408 南亞科,2020/8/21,44.7358,45.0922,43.6664,44.4239,"15,310"
2408 南亞科,2020/8/20,45.9834,46.0725,42.7752,43.8446,"27,732"
2408 南亞科,2020/8/19,48.1222,48.2113,45.0031,46.1616,"38,210"
2408 南亞科,2020/8/18,48.9242,49.8153,48.4786,49.1024,"15,952"
2408 南亞科,2020/8/17,49.0133,49.1024,48.3895,48.4786,"9,980"
2408 南亞科,2020/8/14,48.5677,49.1915,48.2113,49.1024,"11,210"
2408 南亞科,2020/8/13,49.6371,49.7262,48.8351,49.3698,"8,493"
2408 南亞科,2020/8/12,48.9242,49.1915,47.8548,49.1024,"20,809"
2408 南亞科,2020/8/11,48.5677,50.0827,48.5677,49.6371,"16,656"
2408 南亞科,2020/8/10,48.746,48.8351,47.8548,48.4786,"21,943"
2408 南亞科,2020/8/7,50.0827,50.2609,48.5677,49.0133,"25,918"
2408 南亞科,2020/8/6,51.6868,51.865,49.9936,50.2609,"37,016"
2408 南亞科,2020/8/5,52.2214,52.3997,51.6868,51.6868,"22,068"
2408 南亞科,2020/8/4,52.9344,53.0235,52.1323,52.3106,"15,918"
2408 南亞科,2020/8/3,54.182,54.2711,52.7561,52.8453,"12,875"
2408 南亞科,2020/7/31,53.5582,54.5384,53.2908,54.0038,"12,179"
2408 南亞科,2020/7/30,53.2017,53.9146,52.5779,53.6473,"11,756"
2408 南亞科,2020/7/29,52.667,53.0235,51.9541,52.4888,"13,592"
2408 南亞科,2020/7/28,53.2908,53.8255,53.0235,53.0235,"11,820"
2408 南亞科,2020/7/27,53.8255,54.4493,53.0235,53.1126,"14,899"
2408 南亞科,2020/7/24,55.2514,55.6078,53.6473,53.8255,"19,187"
2408 南亞科,2020/7/23,55.1622,55.4296,54.7167,55.2514,"13,080"
2408 南亞科,2020/7/22,55.0731,56.0534,54.8058,54.984,"19,347"
2408 南亞科,2020/7/21,54.5384,54.8058,53.9146,54.5384,"15,247"
2408 南亞科,2020/7/20,54.2711,54.4493,53.7364,54.182,"9,049"
2408 南亞科,2020/7/17,54.3602,54.3602,53.5582,53.6473,"8,926"
2408 南亞科,2020/7/16,54.2711,54.6276,53.6473,53.7364,"16,225"
2408 南亞科,2020/7/15,55.4296,55.4296,53.5582,53.5582,"24,300"
2408 南亞科,2020/7/14,56.5881,56.5881,54.5384,54.8058,"37,810"
2408 南亞科,2020/7/13,53.8255,56.499,53.6473,55.8752,"40,903"
2408 南亞科,2020/7/10,54.7167,54.8058,53.0235,53.1126,"15,394"
2408 南亞科,2020/7/9,53.9146,54.7167,53.7364,54.3602,"16,286"
2408 南亞科,2020/7/8,54.0038,54.182,53.5582,53.6473,"11,117"
2408 南亞科,2020/7/7,53.9146,54.182,53.2017,54.182,"18,864"
2408 南亞科,2020/7/6,53.0235,53.8255,52.8453,53.6473,"15,598"
2408 南亞科,2020/7/3,53.9146,53.9146,53.2017,53.2908,"13,219"
2408 南亞科,2020/7/2,53.3799,54.182,53.3799,53.9146,"10,403"
2408 南亞科,2020/7/1,53.4581,53.4581,52.8496,53.0235,"17,584"
2408 南亞科,2020/6/30,52.7627,53.1973,52.502,53.0235,"11,349"
2408 南亞科,2020/6/29,52.6758,52.6758,51.1111,51.7196,"16,722"
2408 南亞科,2020/6/24,52.1542,52.9365,52.0673,52.8496,"15,822"
2408 南亞科,2020/6/23,52.5019,52.5888,51.7196,52.1542,"10,604"
2408 南亞科,2020/6/22,52.1542,52.6758,51.9804,52.0673,"11,582"
2408 南亞科,2020/6/19,52.2411,52.5888,51.9804,51.9804,"23,045"
2408 南亞科,2020/6/18,52.6758,52.6758,52.1542,52.5019,"12,311"
2408 南亞科,2020/6/17,53.6319,53.8927,52.5019,52.6758,"10,484"
2408 南亞科,2020/6/16,52.6758,53.4581,52.5888,53.4581,"11,191"
2408 南亞科,2020/6/15,52.7627,53.1104,52.1542,52.1542,"17,770"
2408 南亞科,2020/6/12,51.9804,53.2842,51.7196,53.1973,"13,359"
2408 南亞科,2020/6/11,55.6312,55.6312,53.545,53.7188,"20,335"
2408 南亞科,2020/6/10,55.2835,55.8919,55.1096,55.6312,"14,467"
2408 南亞科,2020/6/9,55.5442,56.0658,54.7619,55.1096,"20,722"
2408 南亞科,2020/6/8,56.4135,56.7612,54.4142,55.4573,"33,778"
2408 南亞科,2020/6/5,54.8489,55.8919,54.5881,55.805,"38,561"
2408 南亞科,2020/6/4,53.8927,54.9358,53.7188,54.0665,"39,551"
2408 南亞科,2020/6/3,52.7627,53.3712,51.8934,53.1973,"18,988"
2408 南亞科,2020/6/2,52.8496,53.3712,52.1542,52.2411,"14,260"
2408 南亞科,2020/6/1,52.9365,53.1104,52.415,52.9365,"10,053"
2408 南亞科,2020/5/29,52.3281,52.7627,51.8934,51.9804,"20,591"
2408 南亞科,2020/5/28,54.7619,55.1096,52.8496,52.9365,"29,491"
2408 南亞科,2020/5/27,53.0235,53.1973,52.5019,52.7627,"8,655"
2408 南亞科,2020/5/26,52.0673,53.2842,51.8934,52.7627,"11,500"
2408 南亞科,2020/5/25,51.7196,51.9804,50.4157,51.8934,"7,085"
2408 南亞科,2020/5/22,52.6758,53.1973,51.5458,51.6327,"10,279"
2408 南亞科,2020/5/21,52.5019,53.3712,52.3281,52.8496,"8,582"
2408 南亞科,2020/5/20,52.1542,53.0235,51.8065,52.0673,"10,004"
2408 南亞科,2020/5/19,51.8934,51.9804,50.9373,51.4588,"13,564"
2408 南亞科,2020/5/18,51.3719,52.2411,50.8504,50.8504,"14,473"
2408 南亞科,2020/5/15,53.1973,53.3712,51.4588,52.2411,"14,924"
2408 南亞科,2020/5/14,53.8058,54.1535,51.9804,52.1542,"24,571"
2408 南亞科,2020/5/13,54.7619,55.1965,54.4142,54.675,"11,985"
2408 南亞科,2020/5/12,56.0658,56.1527,54.8489,55.2835,"13,266"
2408 南亞科,2020/5/11,55.8919,56.7612,55.805,56.2396,"10,481"
2408 南亞科,2020/5/8,56.5004,56.5873,55.4573,55.4573,"11,259"
2408 南亞科,2020/5/7,55.1965,56.4135,54.8489,55.9789,"17,556"
2408 南亞科,2020/5/6,55.5442,56.0658,55.0227,55.0227,"14,559"
2408 南亞科,2020/5/5,55.5442,55.7181,54.3273,54.7619,"9,435"
2408 南亞科,2020/5/4,53.9796,55.2835,53.8927,54.5881,"15,558"
2408 南亞科,2020/4/30,57.1089,57.3696,56.2396,56.5004,"23,952"
2408 南亞科,2020/4/29,55.4573,56.4135,54.9358,55.805,"23,151"
2408 南亞科,2020/4/28,54.5881,55.1096,53.2842,54.9358,"26,065"
2408 南亞科,2020/4/27,52.1542,53.7188,52.0673,53.545,"16,325"
2408 南亞科,2020/4/24,51.6327,51.8934,51.1981,51.3719,"10,205"
2408 南亞科,2020/4/23,52.5888,52.8496,51.0242,51.6327,"14,654"
2408 南亞科,2020/4/22,49.3727,52.1542,48.7642,52.0673,"19,454"
2408 南亞科,2020/4/21,52.5019,52.5888,50.2419,50.4157,"25,885"
2408 南亞科,2020/4/20,53.0235,53.4581,52.5888,52.8496,"12,020"
2408 南亞科,2020/4/17,54.675,55.1096,52.8496,53.1104,"24,121"
2408 南亞科,2020/4/16,52.5888,53.7188,52.415,53.545,"18,688"
2408 南亞科,2020/4/15,52.7627,54.0665,52.3281,53.2842,"26,509"
2408 南亞科,2020/4/14,52.5019,53.1973,52.3281,52.7627,"15,014"
2408 南亞科,2020/4/13,52.6758,53.0235,51.8065,51.9804,"22,669"
2408 南亞科,2020/4/10,53.8927,54.7619,53.545,53.8927,"14,006"
2408 南亞科,2020/4/9,55.3704,56.6743,54.1535,54.4142,"22,919"
2408 南亞科,2020/4/8,53.4581,55.6312,52.9365,55.1096,"31,098"
2408 南亞科,2020/4/7,51.4588,53.8927,51.4588,53.8927,"37,686"
2408 南亞科,2020/4/6,47.5473,49.025,46.9388,49.025,"19,304"
2408 南亞科,2020/4/1,46.2434,47.1126,45.548,46.8519,"14,857"
2408 南亞科,2020/3/31,47.6342,47.9819,45.2003,46.678,"29,117"
2408 南亞科,2020/3/30,45.8957,47.2865,45.2003,46.8519,"18,925"
2408 南亞科,2020/3/27,51.285,51.285,47.808,47.808,"28,260"
2408 南亞科,2020/3/26,46.765,48.1557,43.9834,46.9388,"30,983"
2408 南亞科,2020/3/25,44.5049,46.1565,44.5049,45.7219,"24,144"
2408 南亞科,2020/3/24,40.2457,42.2449,40.2457,41.9841,"20,880"
2408 南亞科,2020/3/23,40.7672,40.8107,38.2464,38.4203,"23,707"
2408 南亞科,2020/3/20,40.9411,43.2011,40.9411,42.2884,"29,903"
2408 南亞科,2020/3/19,41.3757,42.3318,39.2895,39.2895,"26,442"
2408 南亞科,2020/3/18,48.2427,48.5903,43.6357,43.6357,"21,734"
2408 南亞科,2020/3/17,47.9819,50.6765,47.0257,47.0257,"21,638"
2408 南亞科,2020/3/16,55.0227,55.8919,50.9373,51.4588,"17,321"
2408 南亞科,2020/3/13,52.1542,55.2835,51.7196,54.675,"21,329"
2408 南亞科,2020/3/12,61.542,61.8028,56.935,57.3696,"29,770"
2408 南亞科,2020/3/11,65.6274,65.7143,63.1066,63.1066,"8,695"
2408 南亞科,2020/3/10,63.4543,65.5405,63.4543,65.1059,"11,111"
2408 南亞科,2020/3/9,66.8443,67.3659,65.0189,65.0189,"13,471"
2408 南亞科,2020/3/6,68.409,69.1043,67.3659,68.2351,"9,876"
2408 南亞科,2020/3/5,68.9305,70.0605,68.8436,69.6259,"14,291"
2408 南亞科,2020/3/4,68.0613,68.4959,66.9312,68.322,"12,159"
2408 南亞科,2020/3/3,68.6697,68.6697,67.4528,67.6266,"16,055"
2408 南亞科,2020/3/2,65.3666,67.8005,64.5843,66.3228,"22,102"
2408 南亞科,2020/2/27,70.582,71.0167,67.192,67.192,"21,665"
2408 南亞科,2020/2/26,70.9297,71.7121,70.669,70.7559,"14,196"
2408 南亞科,2020/2/25,72.3205,72.929,72.0597,72.4074,"14,275"
2408 南亞科,2020/2/24,71.799,74.4067,71.799,73.4505,"11,128"
2408 南亞科,2020/2/21,73.3636,73.6244,72.7551,73.3636,"6,932"
2408 南亞科,2020/2/20,74.5805,74.6675,72.3205,72.6682,"15,447"
2408 南亞科,2020/2/19,72.929,74.2328,71.3644,73.7113,"12,080"
2408 南亞科,2020/2/18,75.7105,75.7975,72.8421,72.8421,"21,712"
2408 南亞科,2020/2/17,75.189,77.1013,74.7544,76.4929,"12,730"
2408 南亞科,2020/2/14,75.0152,75.4498,74.5805,75.4498,"7,400"
2408 南亞科,2020/2/13,74.6675,75.5367,74.4067,75.189,"20,343"
2408 南亞科,2020/2/12,73.8851,73.8851,73.3636,73.6244,"10,126"
2408 南亞科,2020/2/11,73.0159,73.9721,72.4944,73.9721,"7,788"
2408 南亞科,2020/2/10,72.0597,73.0159,71.5382,72.5813,"8,225"
2408 南亞科,2020/2/7,73.4505,74.059,72.4944,73.2767,"10,261"
2408 南亞科,2020/2/6,74.2328,74.2328,72.8421,73.9721,"13,576"
2408 南亞科,2020/2/5,71.7121,73.7113,70.8428,73.3636,"30,902"
2408 南亞科,2020/2/4,69.3651,69.8867,67.8874,69.452,"9,951"
2408 南亞科,2020/2/3,65.3666,69.0174,64.4974,69.0174,"11,822"
2408 南亞科,2020/1/31,68.322,70.2343,67.3659,67.8874,"15,225"
2408 南亞科,2020/1/30,71.2774,71.3644,67.3659,67.6266,"19,179"
2408 南亞科,2020/1/20,73.4505,74.2328,73.3636,74.059,"11,357"
2408 南亞科,2020/1/17,73.1898,73.1898,72.0597,72.6682,"8,028"
2408 南亞科,2020/1/16,73.0159,73.3636,71.9728,72.4944,"9,343"
2408 南亞科,2020/1/15,74.8413,74.8413,72.8421,72.8421,"7,547"
2408 南亞科,2020/1/14,75.0152,75.1021,73.4505,74.1459,"10,277"
2408 南亞科,2020/1/13,73.8851,75.8844,73.2767,74.3198,"22,769"
2408 南亞科,2020/1/10,72.6682,73.7113,71.9728,73.2767,"11,330"
2408 南亞科,2020/1/9,73.7113,73.7113,72.2336,72.4944,"14,067"
2408 南亞科,2020/1/8,71.7121,73.5375,71.2774,71.799,"25,273"
2408 南亞科,2020/1/7,72.4944,73.1898,69.539,70.4951,"16,643"
2408 南亞科,2020/1/6,73.0159,73.6244,72.4074,72.7551,"7,741"
2408 南亞科,2020/1/3,75.9713,76.1452,72.6682,73.7113,"18,771"
2408 南亞科,2020/1/2,73.8851,77.9706,73.4505,74.7544,"39,909"
2408 南亞科,2019/12/31,73.0159,73.3636,72.3205,72.4944,"8,145"
2408 南亞科,2019/12/30,73.0159,74.3198,72.929,73.4505,"11,670"
2408 南亞科,2019/12/27,73.2767,73.8851,72.6682,72.6682,"6,948"
2408 南亞科,2019/12/26,73.6244,73.7982,72.7551,72.7551,"4,308"
2408 南亞科,2019/12/25,72.4074,73.1028,72.4074,73.1028,"5,538"
2408 南亞科,2019/12/24,71.799,72.8421,71.7121,72.5813,"9,668"
2408 南亞科,2019/12/23,72.5813,72.7551,71.5382,71.799,"10,916"
2408 南亞科,2019/12/20,72.929,74.3198,72.5813,72.5813,"21,348"
2408 南亞科,2019/12/19,73.8851,74.9282,73.1028,74.3198,"28,825"
2408 南亞科,2019/12/18,72.7551,73.8851,72.2336,73.0159,"21,639"
2408 南亞科,2019/12/17,72.8421,74.7544,72.3205,74.1459,"33,660"
2408 南亞科,2019/12/16,69.539,72.8421,69.539,71.9728,"36,223"
2408 南亞科,2019/12/13,70.3213,70.4082,68.0613,69.1913,"40,919"
2408 南亞科,2019/12/12,66.4097,67.6266,66.1489,67.192,"21,433"
2408 南亞科,2019/12/11,65.6274,67.192,65.5405,65.7143,"18,859"
2408 南亞科,2019/12/10,66.062,66.3228,65.1928,65.2797,"11,329"
2408 南亞科,2019/12/9,66.062,67.2789,65.5405,66.062,"16,725"
2408 南亞科,2019/12/6,67.8005,67.8005,65.4535,65.4535,"24,005"
2408 南亞科,2019/12/5,63.7151,68.4959,63.6281,67.1051,"46,583"
2408 南亞科,2019/12/4,63.4543,64.2366,62.3243,63.1066,"20,199"
2408 南亞科,2019/12/3,62.1504,64.0628,61.8028,63.7151,"23,893"
2408 南亞科,2019/12/2,62.1504,62.2374,61.1943,62.2374,"6,237"
2408 南亞科,2019/11/29,62.5851,62.672,61.542,61.8897,"10,056"
2408 南亞科,2019/11/28,62.1504,62.672,61.9766,62.3243,"8,893"
2408 南亞科,2019/11/27,60.4989,62.4981,60.412,61.8028,"10,795"
2408 南亞科,2019/11/26,62.0635,62.3243,61.542,61.542,"13,635"
2408 南亞科,2019/11/25,61.542,61.8028,60.9335,61.542,"5,676"
2408 南亞科,2019/11/22,60.4989,62.0635,60.4989,60.9335,"9,709"
2408 南亞科,2019/11/21,60.412,60.412,59.4558,60.2381,"12,285"
2408 南亞科,2019/11/20,61.8897,62.3243,60.8466,61.7158,"13,482"
2408 南亞科,2019/11/19,62.0635,62.8458,61.7158,61.8897,"13,559"
2408 南亞科,2019/11/18,61.1074,62.4112,61.0204,61.8028,"16,129"
2408 南亞科,2019/11/15,58.6735,60.325,58.6735,59.9774,"13,483"
2408 南亞科,2019/11/14,60.7597,60.8466,58.065,58.4127,"25,419"
2408 南亞科,2019/11/13,61.542,62.0635,60.6727,60.7597,"11,761"
2408 南亞科,2019/11/12,62.4112,62.5851,62.0635,62.5851,"4,197"
2408 南亞科,2019/11/11,62.9328,62.9328,61.6289,61.8897,"7,572"
2408 南亞科,2019/11/8,63.3674,63.3674,62.672,62.9328,"4,837"
2408 南亞科,2019/11/7,63.2805,63.3674,62.3243,62.9328,"5,005"
2408 南亞科,2019/11/6,63.8889,64.3235,62.8458,63.0197,"17,952"
2408 南亞科,2019/11/5,61.542,63.4543,61.1943,63.4543,"51,107"
2408 南亞科,2019/11/4,61.4551,61.7158,60.5858,60.6727,"12,509"
2408 南亞科,2019/11/1,60.2381,61.3681,60.2381,61.3681,"12,239"
2408 南亞科,2019/10/31,61.542,61.6289,60.6727,60.8466,"16,161"
2408 南亞科,2019/10/30,61.8897,62.5851,61.542,61.8028,"15,193"
2408 南亞科,2019/10/29,62.7589,63.2805,62.5851,62.8458,"10,237"
2408 南亞科,2019/10/28,62.9328,62.9328,62.4112,62.4981,"6,210"
2408 南亞科,2019/10/25,63.1935,63.8889,62.3243,62.3243,"17,067"
2408 南亞科,2019/10/24,61.7158,62.0635,61.4551,61.9766,"9,889"
2408 南亞科,2019/10/23,61.542,62.0635,61.2812,61.3681,"10,779"
2408 南亞科,2019/10/22,62.4112,62.9328,61.2812,61.6289,"18,507"
2408 南亞科,2019/10/21,62.3243,62.8458,61.542,62.2374,"11,976"
2408 南亞科,2019/10/18,61.6289,63.3674,61.542,62.8458,"24,249"
2408 南亞科,2019/10/17,61.1943,61.6289,60.2381,61.1943,"10,746"
2408 南亞科,2019/10/16,61.3681,61.8897,60.6727,60.8466,"17,159"
2408 南亞科,2019/10/15,62.672,63.0197,60.325,60.4989,"22,391"
2408 南亞科,2019/10/14,63.5412,64.5843,62.3243,62.3243,"30,343"
2408 南亞科,2019/10/9,64.932,65.2797,62.0635,62.0635,"50,835"
2408 南亞科,2019/10/8,68.8436,69.1913,68.2351,68.322,"25,046"
2408 南亞科,2019/10/7,69.3651,71.4513,69.1913,71.0167,"12,115"
2408 南亞科,2019/10/4,69.7128,69.8867,68.6697,68.8436,"19,478"
2408 南亞科,2019/10/3,70.0605,70.582,69.1043,69.452,"18,015"
2408 南亞科,2019/10/2,71.9728,72.0597,70.582,71.2774,"11,600"
2408 南亞科,2019/10/1,71.6251,72.2336,70.4951,72.2336,"14,509"
2408 南亞科,2019/9/27,71.1036,71.6251,69.9736,69.9736,"23,454"
2408 南亞科,2019/9/26,74.1459,74.4067,71.4513,73.2767,"18,040"
2408 南亞科,2019/9/25,73.4505,73.8851,72.5813,73.8851,"9,968"
2408 南亞科,2019/9/24,74.3198,75.3628,73.4505,74.2328,"15,586"
2408 南亞科,2019/9/23,72.4944,74.1459,71.7121,73.8851,"16,248"
2408 南亞科,2019/9/20,71.2774,72.0597,70.9297,72.0597,"10,494"
2408 南亞科,2019/9/19,71.799,72.1467,70.2343,70.7559,"9,787"
2408 南亞科,2019/9/18,71.2774,72.4944,70.9297,71.3644,"23,282"
2408 南亞科,2019/9/17,69.1043,72.4074,68.6697,71.2774,"35,519"
2408 南亞科,2019/9/16,67.0182,69.0174,66.4097,67.8874,"18,250"
2408 南亞科,2019/9/12,67.3659,67.8005,67.3659,67.6266,"8,852"
2408 南亞科,2019/9/11,67.192,67.192,66.4097,66.8443,"8,286"
2408 南亞科,2019/9/10,66.7574,67.4528,66.2359,66.4966,"16,330"
2408 南亞科,2019/9/9,68.0613,68.0613,66.2359,66.4966,"11,530"
2408 南亞科,2019/9/6,67.7136,68.2351,66.3228,67.0182,"19,900"
2408 南亞科,2019/9/5,64.2366,67.1051,64.2366,66.8443,"51,735"
2408 南亞科,2019/9/4,63.0197,64.2366,63.0197,63.4543,"23,168"
2408 南亞科,2019/9/3,62.672,62.9328,61.542,61.8897,"8,098"
2408 南亞科,2019/9/2,61.8897,62.5851,61.3681,62.4112,"11,808"
2408 南亞科,2019/8/30,62.4112,62.672,60.8466,61.1943,"27,476"
2408 南亞科,2019/8/29,62.8458,63.4543,61.3681,61.6289,"22,627"
2408 南亞科,2019/8/28,63.0197,63.8889,62.5851,63.8889,"12,982"
2408 南亞科,2019/8/27,62.672,63.1935,62.1504,62.9328,"15,832"
2408 南亞科,2019/8/26,60.8466,62.4112,60.5858,61.8028,"11,791"
2408 南亞科,2019/8/23,62.1504,62.1504,61.4551,62.1504,"10,354"
2408 南亞科,2019/8/22,61.6289,61.6289,60.8466,61.1074,"8,639"
2408 南亞科,2019/8/21,60.5858,61.2812,60.2381,61.0204,"11,580"
2408 南亞科,2019/8/20,62.7589,62.7589,60.1512,60.4989,"20,625"
2408 南亞科,2019/8/19,62.9328,62.9328,61.542,62.1504,"10,515"
2408 南亞科,2019/8/16,62.5851,62.9328,61.1943,61.9766,"15,702"
2408 南亞科,2019/8/15,62.1504,62.8458,61.1943,62.0635,"21,743"
2408 南亞科,2019/8/14,62.2374,63.0197,61.4551,63.0197,"31,856"
2408 南亞科,2019/8/13,59.9774,60.5858,59.0212,59.8035,"14,731"
2408 南亞科,2019/8/12,58.5866,60.5858,58.4997,60.2381,"21,444"
2408 南亞科,2019/8/8,59.5427,60.7597,59.195,59.195,"28,102"
2408 南亞科,2019/8/7,61.2812,61.9766,60.6727,60.6727,"17,170"
2408 南亞科,2019/8/6,59.195,60.6727,59.195,60.1512,"29,157"
2408 南亞科,2019/8/5,63.1935,63.6281,61.4551,61.6289,"22,004"
2408 南亞科,2019/8/2,63.1935,63.802,62.4112,62.8458,"34,296"
2408 南亞科,2019/8/1,62.5851,64.4105,62.1504,64.4105,"23,291"
2408 南亞科,2019/7/31,66.062,66.062,63.2805,64.3235,"31,822"
2408 南亞科,2019/7/30,66.3228,66.9312,63.802,65.8882,"32,283"
2408 南亞科,2019/7/29,66.2359,66.4966,65.0189,65.0189,"27,592"
2408 南亞科,2019/7/26,64.5843,67.6266,64.5843,66.9312,"34,412"
2408 南亞科,2019/7/25,63.1066,66.5836,62.8458,66.4966,"42,286"
2408 南亞科,2019/7/24,62.3243,62.5851,61.1074,62.4112,"28,900"
2408 南亞科,2019/7/23,61.9766,63.3674,61.9766,62.8458,"41,862"
2408 南亞科,2019/7/22,59.6297,60.8466,59.6297,60.6727,"39,338"
2408 南亞科,2019/7/19,59.0212,59.4558,58.065,58.8473,"15,351"
2408 南亞科,2019/7/18,59.5427,59.8035,57.9781,57.9781,"20,655"
2408 南亞科,2019/7/17,57.8912,59.8904,57.7173,58.8473,"26,744"
2408 南亞科,2019/7/16,60.7597,60.8466,58.4997,59.0212,"34,205"
2408 南亞科,2019/7/15,58.065,60.7597,58.065,60.7597,"42,377"
2408 南亞科,2019/7/12,57.3696,60.1512,57.1958,57.9781,"68,227"
2408 南亞科,2019/7/11,57.0219,57.0219,56.2396,56.8481,"36,232"
2408 南亞科,2019/7/10,55.6312,56.0658,54.9358,55.9789,"35,834"
2408 南亞科,2019/7/9,53.6319,54.5881,52.8496,54.5881,"20,813"
2408 南亞科,2019/7/8,53.8058,54.7619,52.415,53.0235,"19,246"
2408 南亞科,2019/7/5,51.9804,54.1535,51.8934,53.8927,"22,847"
2408 南亞科,2019/7/4,50.5027,51.9804,50.5027,51.4588,"39,507"
2408 南亞科,2019/7/3,51.1048,51.3371,50.0982,50.4853,"29,251"
2408 南亞科,2019/7/2,51.2596,51.6468,51.2596,51.3371,"19,465"
2408 南亞科,2019/7/1,51.1048,51.2596,50.5627,51.1048,"22,547"
2408 南亞科,2019/6/28,50.0207,50.0207,49.6336,49.9433,"12,518"
2408 南亞科,2019/6/27,49.2464,49.7885,49.2464,49.6336,"13,649"
2408 南亞科,2019/6/26,49.9433,50.253,48.9367,49.3239,"12,692"
2408 南亞科,2019/6/25,49.0141,50.0207,49.0141,49.0141,"18,486"
2408 南亞科,2019/6/24,48.9367,49.169,48.4721,48.8593,"8,805"
2408 南亞科,2019/6/21,48.3947,49.0916,48.3947,48.7818,"13,248"
2408 南亞科,2019/6/20,48.085,48.627,47.8527,48.2398,"10,055"
2408 南亞科,2019/6/19,47.6204,48.2398,47.5429,48.085,"18,375"
2408 南亞科,2019/6/18,47.3881,47.4655,47.0009,47.1558,"6,322"
2408 南亞科,2019/6/17,47.1558,47.6204,47.0784,47.1558,"6,864"
2408 南亞科,2019/6/14,47.1558,47.3881,47.0784,47.0784,"7,363"
2408 南亞科,2019/6/13,46.8461,47.3881,46.5363,47.1558,"7,434"
2408 南亞科,2019/6/12,46.304,47.0009,46.2266,47.0009,"11,700"
2408 南亞科,2019/6/11,46.0717,46.3815,45.9169,45.9943,"10,850"
2408 南亞科,2019/6/10,46.4589,46.4589,45.762,45.9169,"14,247"
2408 南亞科,2019/6/6,46.5363,46.6138,45.5297,45.8394,"17,602"
2408 南亞科,2019/6/5,47.6978,48.1624,46.8461,46.8461,"11,789"
2408 南亞科,2019/6/4,47.3881,47.3881,47.0784,47.1558,"12,908"
2408 南亞科,2019/6/3,47.2332,48.1624,46.9235,47.9301,"9,794"
2408 南亞科,2019/5/31,46.7686,47.8527,46.6912,47.6978,"18,070"
2408 南亞科,2019/5/30,45.22,46.4589,45.0651,46.4589,"14,206"
2408 南亞科,2019/5/29,46.2266,46.4589,44.7554,44.9103,"24,612"
2408 南亞科,2019/5/28,47.4655,47.4655,46.6912,47.1558,"15,135"
2408 南亞科,2019/5/27,46.5363,47.6204,46.5363,46.8461,"6,250"
2408 南亞科,2019/5/24,46.4589,46.6912,46.1492,46.304,"8,537"
2408 南亞科,2019/5/23,46.6912,46.7686,46.3815,46.6138,"10,796"
2408 南亞科,2019/5/22,47.6204,47.6978,47.0784,47.0784,"5,028"
2408 南亞科,2019/5/21,47.0784,47.6204,47.0009,47.6204,"9,656"
2408 南亞科,2019/5/20,46.9235,47.4655,46.9235,47.1558,"7,071"
2408 南亞科,2019/5/17,47.3881,47.6978,46.9235,46.9235,"9,301"
2408 南亞科,2019/5/16,48.1624,48.1624,47.2332,47.2332,"10,908"
2408 南亞科,2019/5/15,47.7752,48.7044,47.7752,48.0075,"12,024"
2408 南亞科,2019/5/14,46.3815,47.6204,45.8394,47.6204,"15,948"
2408 南亞科,2019/5/13,49.169,49.6336,47.2332,47.3106,"15,245"
2408 南亞科,2019/5/10,49.8659,50.5628,49.0141,49.4013,"11,167"
2408 南亞科,2019/5/9,50.7176,50.8725,49.5562,49.711,"12,002"
2408 南亞科,2019/5/8,50.4853,51.1048,50.3305,51.0274,"6,725"
2408 南亞科,2019/5/7,50.5628,51.4145,50.5628,51.2597,"8,825"
2408 南亞科,2019/5/6,51.1048,51.1048,50.0982,50.3305,"16,025"
2408 南亞科,2019/5/3,50.8725,51.7242,50.7951,51.6468,"11,720"
2408 南亞科,2019/5/2,50.9499,51.4145,50.7176,50.8725,"8,987"
2408 南亞科,2019/4/30,50.0207,50.9499,50.0207,50.6402,"13,400"
2408 南亞科,2019/4/29,51.1048,51.4145,49.9433,50.0982,"12,882"
2408 南亞科,2019/4/26,50.7176,51.2597,50.0982,51.1048,"13,586"
2408 南亞科,2019/4/25,50.6402,51.8791,50.1756,50.7176,"30,878"
2408 南亞科,2019/4/24,50.253,50.9499,50.0207,50.6402,"20,393"
2408 南亞科,2019/4/23,49.8659,50.6402,49.0916,50.253,"20,277"
2408 南亞科,2019/4/22,49.6336,49.7885,49.3239,49.4013,"5,236"
2408 南亞科,2019/4/19,49.169,49.8659,49.0141,49.3239,"10,400"
2408 南亞科,2019/4/18,49.711,49.7885,48.627,48.8593,"14,365"
2408 南亞科,2019/4/17,48.5496,49.711,47.7752,49.4787,"30,731"
2408 南亞科,2019/4/16,47.9301,48.5496,47.8527,48.5496,"11,865"
2408 南亞科,2019/4/15,47.3106,47.9301,47.0784,47.7752,"9,142"
2408 南亞科,2019/4/12,47.3881,47.6204,46.7686,46.8461,"16,381"
2408 南亞科,2019/4/11,48.7044,48.9367,47.6978,47.6978,"11,718"
2408 南亞科,2019/4/10,48.3947,48.5496,48.085,48.3947,"7,158"
2408 南亞科,2019/4/9,49.0141,49.0141,48.3947,48.4721,"6,550"
2408 南亞科,2019/4/8,48.2398,48.9367,48.085,48.7818,"17,620"
2408 南亞科,2019/4/3,48.0075,48.3947,47.7752,48.2398,"10,009"
2408 南亞科,2019/4/2,47.6204,48.3173,47.3881,47.7752,"17,245"
2408 南亞科,2019/4/1,48.2398,48.3173,47.2332,47.2332,"12,307"
2408 南亞科,2019/3/29,47.0784,47.5429,47.0784,47.5429,"7,956"
2408 南亞科,2019/3/28,46.9235,47.1558,46.6138,47.0784,"8,785"
2408 南亞科,2019/3/27,47.3881,47.6978,47.0009,47.3106,"7,890"
2408 南亞科,2019/3/26,47.7752,47.8527,47.0009,47.2332,"11,561"
2408 南亞科,2019/3/25,48.0075,48.0075,47.0784,47.3106,"16,153"
2408 南亞科,2019/3/22,49.5562,50.0982,48.7818,48.8593,"25,952"
2408 南亞科,2019/3/21,49.2464,49.2464,48.085,48.627,"31,767"
2408 南亞科,2019/3/20,46.3815,47.0009,46.2266,46.9235,"11,681"
2408 南亞科,2019/3/19,46.304,46.5363,46.1492,46.2266,"8,481"
2408 南亞科,2019/3/18,46.8461,46.8461,45.6846,46.0717,"18,115"
2408 南亞科,2019/3/15,46.8461,47.1558,46.5363,46.5363,"17,799"
2408 南亞科,2019/3/14,46.5363,46.9235,46.4589,46.6912,"11,313"
2408 南亞科,2019/3/13,47.0784,47.3881,46.5363,46.5363,"12,592"
2408 南亞科,2019/3/12,47.3106,47.6978,47.0784,47.0784,"9,693"
2408 南亞科,2019/3/11,46.8461,47.1558,46.6912,46.7686,"10,884"
2408 南亞科,2019/3/8,45.9169,47.0784,45.6846,46.8461,"14,312"
2408 南亞科,2019/3/7,47.0784,47.5429,46.4589,46.4589,"19,288"
2408 南亞科,2019/3/6,47.3106,48.2398,47.3106,47.5429,"24,728"
2408 南亞科,2019/3/5,49.4787,49.8659,48.8593,48.8593,"21,244"
2408 南亞科,2019/3/4,51.9565,51.9565,49.4787,50.1756,"53,442"
2408 南亞科,2019/2/27,48.627,48.9367,48.1624,48.1624,"18,697"
2408 南亞科,2019/2/26,47.6978,48.5496,47.6978,48.0075,"17,603"
2408 南亞科,2019/2/25,47.7752,48.2398,47.4655,47.6978,"12,931"
2408 南亞科,2019/2/22,47.0009,48.3947,46.7686,47.1558,"18,279"
2408 南亞科,2019/2/21,47.0784,47.2332,46.8461,47.0784,"7,699"
2408 南亞科,2019/2/20,46.6138,46.9235,46.5363,46.9235,"7,308"
2408 南亞科,2019/2/19,46.5363,47.1558,46.4589,46.8461,"6,374"
2408 南亞科,2019/2/18,46.8461,47.0784,46.5363,46.6138,"8,695"
2408 南亞科,2019/2/15,48.085,48.3947,46.4589,46.4589,"21,774"
2408 南亞科,2019/2/14,47.2332,48.7818,46.8461,48.085,"22,538"
2408 南亞科,2019/2/13,46.8461,47.0784,45.6846,46.8461,"17,017"
2408 南亞科,2019/2/12,45.8394,46.5363,45.762,46.4589,"12,268"
2408 南亞科,2019/2/11,47.0784,47.0784,45.6846,45.6846,"16,726"
2408 南亞科,2019/1/30,45.5297,46.6138,45.5297,46.5363,"11,079"
2408 南亞科,2019/1/29,46.6138,46.6138,45.2974,45.5297,"14,602"
2408 南亞科,2019/1/28,47.2332,47.8527,47.0784,47.0784,"17,092"
2408 南亞科,2019/1/25,47.8527,47.9301,45.9169,46.4589,"24,680"
2408 南亞科,2019/1/24,44.6005,46.2266,44.6005,46.1492,"22,538"
2408 南亞科,2019/1/23,43.4391,44.5231,43.1293,44.136,"15,625"
2408 南亞科,2019/1/22,44.2908,44.2908,43.6714,43.7488,"5,256"
2408 南亞科,2019/1/21,44.2908,44.3682,43.8262,44.2908,"11,336"
2408 南亞科,2019/1/18,42.8971,43.8262,42.8971,43.6714,"17,348"
2408 南亞科,2019/1/17,43.5939,44.0585,42.5873,42.6648,"23,392"
2408 南亞科,2019/1/16,42.2002,44.2908,41.9679,43.6714,"36,515"
2408 南亞科,2019/1/15,40.0321,41.9679,40.0321,41.5033,"14,878"
2408 南亞科,2019/1/14,41.0387,41.4259,40.2644,40.2644,"9,390"
2408 南亞科,2019/1/11,42.2002,42.2776,40.5741,41.4259,"16,154"
2408 南亞科,2019/1/10,41.271,42.2002,40.9613,41.6581,"18,655"
2408 南亞科,2019/1/9,40.2644,41.0387,40.2644,40.6515,"11,244"
2408 南亞科,2019/1/8,40.4967,40.5741,39.8772,40.0321,"6,178"
2408 南亞科,2019/1/7,40.5741,40.8064,39.7998,40.1095,"13,123"
2408 南亞科,2019/1/4,38.7932,39.9547,38.3286,39.9547,"17,431"
2408 南亞科,2019/1/3,42.355,42.355,39.7998,39.8772,"25,274"
2408 南亞科,2019/1/2,42.9745,43.2842,42.2776,42.5873,"9,468"
2408 南亞科,2018/12/28,43.5939,43.6714,42.2776,42.5873,"8,796"
2408 南亞科,2018/12/27,42.9745,43.5939,42.7422,43.2068,"9,430"
2408 南亞科,2018/12/26,44.3682,44.6005,41.8904,41.8904,"16,631"
2408 南亞科,2018/12/25,41.6581,44.136,41.6581,44.136,"9,788"
2408 南亞科,2018/12/24,41.271,43.3616,41.1936,43.3616,"11,441"
2408 南亞科,2018/12/22,41.3484,41.6581,41.1936,41.4259,"1,348"
2408 南亞科,2018/12/21,41.0387,41.7356,40.4192,41.7356,"11,895"
2408 南亞科,2018/12/20,40.9613,41.5807,40.6515,41.1936,"12,595"
2408 南亞科,2018/12/19,41.3484,41.7356,40.9613,41.5807,"13,793"
2408 南亞科,2018/12/18,41.1161,42.2776,40.729,42.2002,"13,374"
2408 南亞科,2018/12/17,40.9613,41.5033,40.9613,41.4259,"6,416"
2408 南亞科,2018/12/14,41.5033,41.6581,40.5741,41.4259,"10,455"
2408 南亞科,2018/12/13,41.813,42.2002,41.3484,42.0453,"12,848"
2408 南亞科,2018/12/12,41.1936,41.7356,41.0387,41.5807,"15,771"
2408 南亞科,2018/12/11,40.5741,41.3484,40.1095,40.9613,"13,212"
2408 南亞科,2018/12/10,41.4259,41.5033,39.7224,40.3418,"28,889"
2408 南亞科,2018/12/7,43.2068,43.4391,42.7422,43.1293,"12,008"
2408 南亞科,2018/12/6,43.7488,43.9811,42.0453,42.5873,"22,289"
2408 南亞科,2018/12/5,44.136,44.678,43.3616,44.0585,"35,958"
2408 南亞科,2018/12/4,48.3947,48.8593,47.8527,48.0075,"17,919"
2408 南亞科,2018/12/3,48.9367,49.7885,48.2398,48.627,"37,002"
2408 南亞科,2018/11/30,46.9235,47.6978,46.9235,47.2332,"27,674"
2408 南亞科,2018/11/29,46.4589,48.9367,46.4589,46.6912,"36,093"
2408 南亞科,2018/11/28,45.1426,45.9943,44.678,45.3749,"18,280"
2408 南亞科,2018/11/27,43.5939,45.22,43.1293,44.9103,"20,011"
2408 南亞科,2018/11/26,43.8262,45.0651,43.4391,44.3682,"19,453"
2408 南亞科,2018/11/23,44.9103,44.9877,43.4391,43.4391,"13,142"
2408 南亞科,2018/11/22,44.7554,45.2974,44.2908,44.9103,"17,439"
2408 南亞科,2018/11/21,44.0585,44.8328,43.6714,44.7554,"16,744"
2408 南亞科,2018/11/20,43.7488,44.7554,43.5939,44.5231,"16,612"
2408 南亞科,2018/11/19,43.2068,44.5231,42.8971,44.5231,"22,892"
2408 南亞科,2018/11/16,43.9811,43.9811,42.2002,42.2776,"17,518"
2408 南亞科,2018/11/15,43.9037,44.0585,42.9745,43.2842,"10,285"
2408 南亞科,2018/11/14,43.5939,44.2908,43.3616,43.7488,"23,169"
2408 南亞科,2018/11/13,42.5873,44.4457,41.9679,43.5165,"48,611"
2408 南亞科,2018/11/12,41.4259,41.8904,41.1161,41.6581,"11,290"
2408 南亞科,2018/11/9,41.3484,42.2776,40.8838,41.9679,"11,203"
2408 南亞科,2018/11/8,44.136,44.3682,41.6581,41.6581,"17,603"
2408 南亞科,2018/11/7,40.4967,42.8196,40.4967,42.7422,"14,241"
2408 南亞科,2018/11/6,42.5873,42.5873,40.4192,40.4192,"22,637"
2408 南亞科,2018/11/5,43.2068,43.5939,42.5099,43.1293,"17,858"
2408 南亞科,2018/11/2,44.136,44.7554,42.8971,43.4391,"47,552"
2408 南亞科,2018/11/1,39.9547,42.2002,39.4901,42.1227,"32,609"
2408 南亞科,2018/10/31,38.3673,40.1869,38.2512,39.7998,"34,943"
2408 南亞科,2018/10/30,35.9282,37.9802,35.8895,37.5543,"25,048"
2408 南亞科,2018/10/29,35.8895,36.3541,35.1152,36.0831,"16,734"
2408 南亞科,2018/10/26,36.1605,36.3154,34.9603,35.6185,"20,854"
2408 南亞科,2018/10/25,36.1605,36.3154,34.9216,35.4249,"37,766"
2408 南亞科,2018/10/24,39.0255,39.2578,38.0963,38.1737,"23,430"
2408 南亞科,2018/10/23,39.4901,39.7998,39.1029,39.1029,"14,087"
2408 南亞科,2018/10/22,39.4901,41.0387,38.948,40.6515,"14,642"
2408 南亞科,2018/10/19,38.135,40.3418,37.7866,40.3418,"31,552"
2408 南亞科,2018/10/18,41.4259,41.7356,39.6449,39.8772,"29,963"
2408 南亞科,2018/10/17,43.1293,43.8262,41.9679,42.1227,"31,927"
2408 南亞科,2018/10/16,44.2908,44.2908,41.8904,41.8904,"41,987"
2408 南亞科,2018/10/15,41.813,44.2908,41.813,44.2908,"42,208"
2408 南亞科,2018/10/12,39.1803,41.271,38.7932,41.271,"24,773"
2408 南亞科,2018/10/11,37.6317,38.0963,36.4702,37.5543,"24,371"
2408 南亞科,2018/10/9,41.271,41.9679,40.4967,40.4967,"13,242"
2408 南亞科,2018/10/8,40.2644,41.1936,40.1869,40.8064,"9,710"
2408 南亞科,2018/10/5,40.9613,41.5807,39.7224,40.4192,"23,454"
2408 南亞科,2018/10/4,43.9037,43.9037,41.6581,41.7356,"29,715"
2408 南亞科,2018/10/3,45.5297,45.6846,44.678,44.7554,"5,355"
2408 南亞科,2018/10/2,45.8394,45.8394,45.1426,45.22,"5,689"
2408 南亞科,2018/10/1,45.0651,46.0717,45.0651,45.8394,"8,366"
2408 南亞科,2018/9/28,46.6138,46.7686,44.9877,44.9877,"13,033"
2408 南亞科,2018/9/27,45.762,46.304,45.6846,46.304,"9,420"
2408 南亞科,2018/9/26,47.0009,47.2332,46.2266,46.6138,"13,303"
2408 南亞科,2018/9/25,45.1426,48.0075,45.1426,47.7752,"21,344"
2408 南亞科,2018/9/21,45.2974,45.4523,44.136,45.2974,"25,798"
2408 南亞科,2018/9/20,46.4589,46.6912,45.762,46.0717,"9,814"
2408 南亞科,2018/9/19,47.3106,47.3881,46.4589,46.4589,"19,221"
2408 南亞科,2018/9/18,46.4589,46.6912,45.9169,45.9169,"13,211"
2408 南亞科,2018/9/17,46.6138,48.7044,46.0717,47.3881,"24,236"
2408 南亞科,2018/9/14,45.9943,46.4589,45.6072,46.1492,"13,777"
2408 南亞科,2018/9/13,43.7488,45.4523,43.5165,44.5231,"16,617"
2408 南亞科,2018/9/12,45.6072,45.6072,44.3682,44.4457,"16,715"
2408 南亞科,2018/9/11,46.4589,47.0784,45.6072,46.5363,"14,966"
2408 南亞科,2018/9/10,44.6005,46.3815,44.6005,45.9943,"22,870"
2408 南亞科,2018/9/7,45.9169,47.0009,44.3682,44.5231,"43,903"
2408 南亞科,2018/9/6,50.3305,50.6402,49.169,49.2464,"25,052"
2408 南亞科,2018/9/5,52.3437,52.576,51.2597,51.5694,"9,310"
2408 南亞科,2018/9/4,52.1888,52.8083,51.9565,52.3437,"4,594"
2408 南亞科,2018/9/3,53.9698,53.9698,51.5694,51.6468,"10,552"
2408 南亞科,2018/8/31,53.5826,53.9698,52.8083,53.9698,"11,311"
2408 南亞科,2018/8/30,54.1246,54.4343,53.4277,54.0472,"6,239"
2408 南亞科,2018/8/29,55.0538,55.2861,53.8923,54.1246,"9,517"
2408 南亞科,2018/8/28,55.3635,55.983,54.7441,54.7441,"14,814"
2408 南亞科,2018/8/27,52.7309,54.4343,52.4211,54.2795,"15,259"
2408 南亞科,2018/8/24,52.3437,52.6534,51.7242,52.1888,"6,618"
2408 南亞科,2018/8/23,52.2663,52.3437,51.5694,52.1114,"9,455"
2408 南亞科,2018/8/22,53.8923,53.9698,51.8791,52.1888,"15,399"
2408 南亞科,2018/8/21,52.034,53.7375,51.2597,53.0406,"23,649"
2408 南亞科,2018/8/20,51.5694,52.3437,50.7951,50.8725,"14,912"
2408 南亞科,2018/8/17,52.4986,52.576,50.3305,50.3305,"14,530"
2408 南亞科,2018/8/16,50.3305,52.9631,49.169,52.1114,"21,293"
2408 南亞科,2018/8/15,54.5118,54.5118,52.4211,52.4211,"13,072"
2408 南亞科,2018/8/14,53.9698,54.5892,52.3437,54.3569,"15,048"
2408 南亞科,2018/8/13,56.1378,56.1378,52.3437,53.3503,"23,498"
2408 南亞科,2018/8/10,57.1444,57.4542,56.525,56.6799,"8,097"
2408 南亞科,2018/8/9,57.3767,57.7639,57.067,57.1444,"7,063"
2408 南亞科,2018/8/8,58.0736,58.6156,57.067,57.067,"18,916"
2408 南亞科,2018/8/7,56.9896,57.9188,56.6799,57.5316,"18,179"
2408 南亞科,2018/8/6,58.0736,58.0736,56.9896,56.9896,"23,612"
2408 南亞科,2018/8/3,60.7837,60.9386,58.6156,58.6931,"29,809"
2408 南亞科,2018/8/2,61.558,61.558,60.3191,60.7063,"8,977"
2408 南亞科,2018/8/1,60.6289,61.7129,60.3966,61.6355,"11,452"
2408 南亞科,2018/7/31,61.558,61.6355,60.6289,60.8612,"11,477"
2408 南亞科,2018/7/30,63.4164,63.4164,61.558,61.6355,"10,440"
2408 南亞科,2018/7/27,63.0292,63.6487,63.0292,63.4164,"8,558"
2408 南亞科,2018/7/26,63.1841,63.881,62.3324,62.7195,"13,600"
2408 南亞科,2018/7/25,60.7063,62.9518,60.6289,62.4872,"16,072"
2408 南亞科,2018/7/24,60.3966,61.4806,60.2417,60.9386,"15,151"
2408 南亞科,2018/7/23,62.1001,62.1775,60.3966,60.7837,"20,432"
2408 南亞科,2018/7/20,62.4872,63.1841,62.0226,62.3324,"17,100"
2408 南亞科,2018/7/19,64.2681,64.2681,62.1001,62.1001,"29,973"
2408 南亞科,2018/7/18,68.2172,68.2172,64.8102,65.0425,"41,645"
2408 南亞科,2018/7/17,66.6685,68.372,66.5911,68.2172,"11,597"
2408 南亞科,2018/7/16,69.1463,69.4561,66.5911,66.5911,"13,133"
2408 南亞科,2018/7/13,66.9782,68.914,66.746,68.7592,"16,327"
2408 南亞科,2018/7/12,66.0491,66.9782,65.4296,66.5911,"16,941"
2408 南亞科,2018/7/11,65.0425,65.6619,63.6487,64.7327,"11,151"
2408 南亞科,2018/7/10,63.1841,65.0425,63.1841,64.965,"15,633"
2408 南亞科,2018/7/9,61.558,64.0359,61.558,62.7195,"16,539"
2408 南亞科,2018/7/6,61.558,62.0226,60.8612,61.4032,"11,088"
2408 南亞科,2018/7/5,62.5647,62.9518,60.1643,60.474,"12,143"
2408 南亞科,2018/7/4,63.339,63.881,62.5647,62.6421,"11,634"
2408 南亞科,2018/7/3,63.4938,64.423,63.2615,63.339,"9,517"
2408 南亞科,2018/7/2,64.7327,64.7327,62.5647,62.7195,"8,785"
2408 南亞科,2018/6/29,64.2681,65.0425,63.881,64.423,"10,296"
2408 南亞科,2018/6/28,63.9584,64.5004,62.8744,64.2681,"12,341"
2408 南亞科,2018/6/27,64.3566,65.8428,64.3566,64.8024,"13,319"
2408 南亞科,2018/6/26,62.6473,63.4648,61.0124,63.4648,"21,095"
2408 南亞科,2018/6/25,67.4778,67.9237,64.2822,64.2822,"17,186"
2408 南亞科,2018/6/22,68.7411,68.7411,67.4778,68.7411,"10,855"
2408 南亞科,2018/6/21,67.998,69.1127,67.6264,68.7411,"10,922"
2408 南亞科,2018/6/20,68.1466,68.3695,67.0319,67.1805,"10,190"
2408 南亞科,2018/6/19,68.2952,69.4843,67.3291,67.3291,"14,305"
2408 南亞科,2018/6/15,69.187,69.7072,68.0723,68.5925,"9,880"
2408 南亞科,2018/6/14,69.6329,69.7815,67.998,69.1127,"13,810"
2408 南亞科,2018/6/13,72.3825,72.3825,69.8558,69.8558,"19,385"
2408 南亞科,2018/6/12,74.1661,74.6863,72.3082,72.5312,"12,570"
2408 南亞科,2018/6/11,74.3147,75.0578,73.8688,74.6863,"5,888"
2408 南亞科,2018/6/8,75.4294,75.4294,73.4229,74.1661,"10,281"
2408 南亞科,2018/6/7,74.6863,75.4294,73.9431,75.0578,"15,293"
2408 南亞科,2018/6/6,75.4294,75.801,74.1661,74.3147,"8,570"
2408 南亞科,2018/6/5,76.1726,76.5441,74.0174,75.0578,"12,375"
2408 南亞科,2018/6/4,72.8284,75.4294,72.8284,74.6863,"14,754"
2408 南亞科,2018/6/1,72.5311,73.4229,72.3082,72.4568,"11,091"
2408 南亞科,2018/5/31,72.8284,74.0174,72.4568,74.0174,"18,637"
2408 南亞科,2018/5/30,69.8558,72.6055,69.8558,71.7137,"21,468"
2408 南亞科,2018/5/29,74.0918,74.3147,73.2743,73.4972,"8,893"
2408 南亞科,2018/5/28,74.6863,74.6863,73.4229,73.7945,"13,763"
2408 南亞科,2018/5/25,76.9157,77.2873,74.3147,74.6863,"12,655"
2408 南亞科,2018/5/24,74.6863,76.1726,74.1661,75.801,"16,584"
2408 南亞科,2018/5/23,74.6863,75.0578,73.0514,73.7945,"20,684"
2408 南亞科,2018/5/22,75.0578,76.1726,72.0109,72.2339,"19,027"
2408 南亞科,2018/5/21,74.3147,75.4294,73.2743,73.5716,"12,141"
2408 南亞科,2018/5/18,74.6863,74.6863,73.2743,73.4972,"17,780"
2408 南亞科,2018/5/17,78.7736,79.8883,75.0578,75.4294,"40,058"
2408 南亞科,2018/5/16,71.4164,77.2873,71.4164,76.1726,"48,293"
2408 南亞科,2018/5/15,71.3421,71.6394,69.9301,70.9705,"6,483"
2408 南亞科,2018/5/14,72.0109,72.3082,70.599,70.8219,"7,967"
2408 南亞科,2018/5/11,70.599,72.3825,70.2274,71.0449,"18,048"
2408 南亞科,2018/5/10,71.3421,71.3421,69.2613,69.5586,"8,999"
2408 南亞科,2018/5/9,69.7815,70.3017,69.3356,70.1531,"19,346"
2408 南亞科,2018/5/8,69.7072,70.4503,69.5586,69.8558,"27,252"
2408 南亞科,2018/5/7,69.7072,69.7072,68.3695,68.8154,"8,348"
2408 南亞科,2018/5/4,67.5521,68.7411,67.4034,68.1466,"7,862"
2408 南亞科,2018/5/3,67.6264,67.6264,66.363,66.8089,"11,821"
2408 南亞科,2018/5/2,69.7815,69.7815,67.7007,68.1466,"10,880"
2408 南亞科,2018/4/30,69.1127,69.4099,67.8493,69.1127,"8,585"
2408 南亞科,2018/4/27,69.7815,70.0044,69.0384,69.187,"13,290"
2408 南亞科,2018/4/26,68.7411,69.5586,67.3291,68.2209,"12,251"
2408 南亞科,2018/4/25,65.8428,67.6264,65.6942,67.4777,"8,120"
2408 南亞科,2018/4/24,68.0723,68.1466,65.7685,66.9575,"18,525"
2408 南亞科,2018/4/23,69.187,69.7815,68.2209,69.1127,"9,520"
2408 南亞科,2018/4/20,70.2274,71.6394,68.8897,68.8897,"25,973"
2408 南亞科,2018/4/19,70.599,73.0514,70.2274,72.7541,"32,815"
2408 南亞科,2018/4/18,68.7411,70.0044,68.5182,69.187,"22,355"
2408 南亞科,2018/4/17,68.7411,68.7411,66.1401,66.5117,"12,431"
2408 南亞科,2018/4/16,69.1127,69.1127,68.3695,68.5182,"10,296"
2408 南亞科,2018/4/13,69.7072,70.5247,68.8897,69.4099,"15,371"
2408 南亞科,2018/4/12,68.3695,69.2613,68.2952,68.7411,"12,513"
2408 南亞科,2018/4/11,70.599,70.599,67.775,67.775,"15,596"
2408 南亞科,2018/4/10,65.3969,68.8897,65.174,68.2952,"14,043"
2408 南亞科,2018/4/9,66.9575,67.0319,64.8767,65.7685,"19,053"
2408 南亞科,2018/4/3,67.0319,67.6264,66.5117,67.3291,"10,804"
2408 南亞科,2018/4/2,68.7411,69.0384,68.1466,68.1466,"8,683"
2408 南亞科,2018/3/31,68.3695,68.5182,67.775,68.3695,"3,733"
2408 南亞科,2018/3/30,69.4842,69.7072,67.7007,68.2209,"12,909"
2408 南亞科,2018/3/29,68.0723,68.6668,67.1805,68.5925,"12,072"
2408 南亞科,2018/3/28,69.4842,69.4842,67.2548,67.4034,"23,782"
2408 南亞科,2018/3/27,69.8558,71.1192,69.2613,70.8962,"20,359"
2408 南亞科,2018/3/26,69.0384,69.7072,68.1466,68.3695,"23,425"
2408 南亞科,2018/3/23,67.0319,70.2274,67.0319,70.2274,"27,748"
2408 南亞科,2018/3/22,72.2339,73.5716,70.7476,71.5651,"26,458"
2408 南亞科,2018/3/21,71.9366,73.8688,71.7137,73.5716,"29,152"
2408 南亞科,2018/3/20,70.7476,72.0109,70.599,70.599,"24,366"
2408 南亞科,2018/3/19,70.599,73.7945,70.599,72.0853,"39,841"
2408 南亞科,2018/3/16,68.3695,70.0044,68.3695,70.0044,"44,285"
2408 南亞科,2018/3/15,66.8089,67.6264,66.4373,67.6264,"19,065"
2408 南亞科,2018/3/14,66.8832,68.7411,66.1401,66.4373,"34,326"
2408 南亞科,2018/3/13,63.762,66.8832,63.762,66.8089,"57,825"
2408 南亞科,2018/3/12,62.2757,63.1675,61.5326,61.6812,"19,411"
2408 南亞科,2018/3/9,61.6812,62.2757,61.4583,61.9041,"17,857"
2408 南亞科,2018/3/8,59.749,61.4583,59.749,60.9381,"26,349"
2408 南亞科,2018/3/7,59.749,60.0463,59.0802,59.4518,"13,155"
2408 南亞科,2018/3/6,59.5261,59.8233,59.0059,59.1545,"12,148"
2408 南亞科,2018/3/5,58.8572,59.0059,57.8168,58.2627,"7,626"
2408 南亞科,2018/3/2,57.9655,59.0802,57.4453,58.2627,"16,387"
2408 南亞科,2018/3/1,59.749,59.972,58.4114,58.4857,"34,807"
2408 南亞科,2018/2/27,60.9381,61.3839,60.0463,60.0463,"50,657"
2408 南亞科,2018/2/26,59.8976,60.7151,59.5261,60.1949,"26,039"
2408 南亞科,2018/2/23,58.9316,59.749,58.56,59.3774,"18,825"
2408 南亞科,2018/2/22,58.8572,59.2288,58.7086,58.9316,"15,627"
2408 南亞科,2018/2/21,59.5261,59.8233,58.7086,59.3774,"31,367"
2408 南亞科,2018/2/12,54.9929,56.7764,54.9929,56.4792,"16,222"
2408 南亞科,2018/2/9,51.8717,54.7699,50.9799,54.4727,"12,295"
2408 南亞科,2018/2/8,54.9929,55.5131,53.6552,54.0268,"12,488"
2408 南亞科,2018/2/7,57.8912,57.8912,54.6213,54.6956,"24,396"
2408 南亞科,2018/2/6,55.8103,56.4049,52.8378,53.8038,"23,574"
2408 南亞科,2018/2/5,56.8507,57.8912,56.7021,57.5196,"15,636"
2408 南亞科,2018/2/2,60.1949,60.1949,59.1545,59.1545,"12,674"
2408 南亞科,2018/2/1,59.6747,60.5665,59.6004,60.3435,"15,517"
2408 南亞科,2018/1/31,57.9655,59.0059,57.3709,59.0059,"14,619"
2408 南亞科,2018/1/30,58.4114,59.3031,58.1141,58.2627,"9,788"
2408 南亞科,2018/1/29,59.4518,59.4518,58.56,58.56,"6,703"
2408 南亞科,2018/1/26,58.8572,59.3774,58.337,59.0059,"9,036"
2408 南亞科,2018/1/25,59.6747,59.8976,57.9655,58.337,"16,397"
2408 南亞科,2018/1/24,60.0463,60.0463,59.5261,59.8233,"7,439"
2408 南亞科,2018/1/23,60.1949,60.7151,59.0802,59.6004,"10,779"
2408 南亞科,2018/1/22,59.3031,60.2692,58.8572,59.8233,"12,879"
2408 南亞科,2018/1/19,61.0867,61.2353,59.8976,59.8976,"13,812"
2408 南亞科,2018/1/18,60.9381,61.9785,60.9381,60.9381,"16,279"
2408 南亞科,2018/1/17,63.762,63.762,60.1949,60.1949,"41,266"
2408 南亞科,2018/1/16,62.1271,63.4648,61.8298,63.1675,"23,414"
2408 南亞科,2018/1/15,60.7894,61.9785,60.4179,61.9785,"10,414"
2408 南亞科,2018/1/12,60.2692,60.5665,59.0059,60.4922,"10,038"
2408 南亞科,2018/1/11,59.0059,60.4179,59.0059,59.6747,"11,507"
2408 南亞科,2018/1/10,60.1206,60.1206,57.9655,58.1884,"20,008"
2408 南亞科,2018/1/9,62.2757,62.7216,61.3839,61.3839,"8,268"
2408 南亞科,2018/1/8,62.7959,63.3904,61.7555,62.0528,"17,244"
2408 南亞科,2018/1/5,60.9381,62.573,60.9381,62.0528,"29,159"
2408 南亞科,2018/1/4,60.4179,60.9381,59.749,60.5665,"13,902"
2408 南亞科,2018/1/3,59.1545,60.0463,59.0802,59.6747,"18,004"
2408 南亞科,2018/1/2,57.3709,59.2288,56.6278,57.9655,"10,962"
2408 南亞科,2017/12/29,56.6278,56.9994,55.8103,56.6278,"9,844"
2408 南亞科,2017/12/28,55.3645,57.4453,55.3645,56.7021,"13,715"
2408 南亞科,2017/12/27,54.6956,55.2901,54.1754,54.9929,"11,252"
2408 南亞科,2017/12/26,56.4049,56.4792,54.8442,55.0672,"9,952"
2408 南亞科,2017/12/25,57.8912,58.0398,56.2562,56.6278,"7,207"
2408 南亞科,2017/12/22,58.1141,58.4857,56.9994,57.8168,"9,309"
2408 南亞科,2017/12/21,59.972,60.2692,58.337,58.6343,"13,827"
2408 南亞科,2017/12/20,59.4518,60.4179,59.3774,60.1206,"14,756"
2408 南亞科,2017/12/19,59.1545,59.972,58.9316,59.1545,"13,337"
2408 南亞科,2017/12/18,58.4857,58.8572,58.2627,58.4857,"5,781"
2408 南亞科,2017/12/15,57.9655,58.1884,56.9251,58.1141,"6,827"
2408 南亞科,2017/12/14,57.5939,58.337,57.3709,57.8168,"7,825"
2408 南亞科,2017/12/13,56.9994,57.5939,56.4792,57.3709,"6,950"
2408 南亞科,2017/12/12,58.0398,58.1141,56.7764,57.148,"10,097"
2408 南亞科,2017/12/11,57.2223,58.4114,56.2562,57.9655,"16,348"
2408 南亞科,2017/12/8,56.4049,57.4453,55.5874,57.4453,"22,960"
2408 南亞科,2017/12/7,56.3305,56.6278,54.8442,54.8442,"21,848"
2408 南亞科,2017/12/6,55.2158,56.3305,54.3984,54.547,"24,728"
2408 南亞科,2017/12/5,52.9121,54.8442,51.723,54.8442,"42,344"
2408 南亞科,2017/12/4,56.1819,56.1819,53.2093,54.3984,"30,809"
2408 南亞科,2017/12/1,57.3709,57.6682,55.5874,56.1819,"35,242"
2408 南亞科,2017/11/30,58.7829,59.1545,56.8507,57.8168,"41,998"
2408 南亞科,2017/11/29,63.0189,63.0189,61.0124,61.2353,"16,587"
2408 南亞科,2017/11/28,62.7959,63.0189,61.6069,61.8298,"13,535"
2408 南亞科,2017/11/27,64.8767,64.8767,62.7959,63.2418,"18,234"
2408 南亞科,2017/11/24,65.3226,65.3969,64.4308,64.5052,"8,706"
2408 南亞科,2017/11/23,64.6538,67.0319,64.3565,65.174,"42,074"
2408 南亞科,2017/11/22,64.5052,65.0254,63.2418,63.9106,"20,239"
2408 南亞科,2017/11/21,61.4583,63.1675,61.161,62.4243,"15,690"
2408 南亞科,2017/11/20,61.9785,61.9785,60.9381,60.9381,"4,396"
2408 南亞科,2017/11/17,61.161,61.6069,60.9381,61.3839,"9,192"
2408 南亞科,2017/11/16,60.8637,61.6069,60.4179,60.4922,"13,479"
2408 南亞科,2017/11/15,61.6069,61.9785,61.161,61.3096,"12,316"
2408 南亞科,2017/11/14,62.0528,62.6473,60.8637,61.4583,"21,996"
2408 南亞科,2017/11/13,61.5326,61.9041,60.4179,60.9381,"86,028"
2408 南亞科,2017/11/10,62.9446,62.9446,61.3096,61.4583,"20,467"
2408 南亞科,2017/11/9,65.3969,65.5456,62.573,63.3161,"13,537"
2408 南亞科,2017/11/8,65.3969,66.2144,64.8767,65.2483,"14,497"
2408 南亞科,2017/11/7,65.0997,66.9575,64.5052,64.8767,"26,002"
2408 南亞科,2017/11/6,63.0189,63.5391,62.8702,63.1675,"6,330"
2408 南亞科,2017/11/3,63.8363,63.9106,62.2757,62.4987,"10,474"
2408 南亞科,2017/11/2,64.2822,64.3565,63.1675,63.5391,"14,550"
2408 南亞科,2017/11/1,62.9446,65.6199,62.8702,64.8767,"32,410"
2408 南亞科,2017/10/31,61.9041,62.1271,60.2692,60.7894,"27,376"
2408 南亞科,2017/10/30,62.6473,64.2822,61.6069,61.8298,"23,539"
2408 南亞科,2017/10/27,64.951,64.951,61.6812,61.9785,"19,952"
2408 南亞科,2017/10/26,64.4308,64.951,63.4648,64.951,"8,106"
2408 南亞科,2017/10/25,65.0254,65.0254,63.985,63.985,"9,293"
2408 南亞科,2017/10/24,65.0254,65.3969,64.3565,64.3565,"12,634"
2408 南亞科,2017/10/23,65.7685,65.9171,64.951,65.0254,"14,821"
2408 南亞科,2017/10/20,64.1336,65.0254,63.9106,64.951,"19,131"
2408 南亞科,2017/10/19,64.951,65.7685,64.2822,64.2822,"24,855"
2408 南亞科,2017/10/18,64.1336,64.951,63.3161,64.0593,"31,872"
2408 南亞科,2017/10/17,66.8832,67.2548,63.9106,63.9106,"43,372"
2408 南亞科,2017/10/16,64.951,66.0658,64.2822,66.0658,"31,585"
2408 南亞科,2017/10/13,63.762,65.9171,63.0932,64.7281,"35,664"
2408 南亞科,2017/10/12,63.9106,65.174,63.762,63.8363,"19,175"
2408 南亞科,2017/10/11,64.6538,65.3969,63.762,63.762,"37,818"
2408 南亞科,2017/10/6,64.7281,64.8767,63.0189,63.0189,"27,005"
2408 南亞科,2017/10/5,65.3226,65.9915,64.8024,64.8767,"24,619"
2408 南亞科,2017/10/3,67.6264,67.6264,65.9171,65.9915,"28,323"
2408 南亞科,2017/10/2,65.3969,67.775,65.0254,67.4034,"81,632"
2408 南亞科,2017/9/30,64.5795,65.3969,63.9106,64.1336,"19,720"
2408 南亞科,2017/9/29,63.0189,65.5456,62.35,63.762,"31,786"
2408 南亞科,2017/9/28,65.8428,65.8428,63.4648,63.762,"35,355"
2408 南亞科,2017/9/27,61.6069,62.7959,60.9381,62.4243,"25,353"
2408 南亞科,2017/9/26,60.9381,61.6069,58.4114,59.8233,"30,719"
2408 南亞科,2017/9/25,63.1675,63.4648,61.7555,62.4243,"27,173"
2408 南亞科,2017/9/22,64.6538,65.3226,61.9041,62.4243,"40,455"
2408 南亞科,2017/9/21,61.0124,65.0997,60.7894,63.6134,"59,310"
2408 南亞科,2017/9/20,58.7086,60.4179,58.1141,59.8233,"36,519"
2408 南亞科,2017/9/19,59.0802,60.1949,56.9251,57.148,"31,382"
2408 南亞科,2017/9/18,57.9655,61.5326,57.9655,59.3031,"71,742"
2408 南亞科,2017/9/15,51.2028,56.1076,51.2028,56.1076,"60,543"
2408 南亞科,2017/9/14,49.9395,52.2432,49.7165,51.0542,"31,617"
2408 南亞科,2017/9/13,50.6826,51.0542,49.1963,49.2706,"20,446"
2408 南亞科,2017/9/12,48.2302,51.946,48.2302,50.534,"35,892"
2408 南亞科,2017/9/11,48.2302,48.3046,47.3385,47.71,"5,328"
2408 南亞科,2017/9/8,46.8183,47.933,46.6696,47.933,"9,318"
2408 南亞科,2017/9/7,47.0412,47.1898,46.1494,46.2981,"8,783"
2408 南亞科,2017/9/6,46.9669,47.4871,46.5953,46.8183,"8,178"
2408 南亞科,2017/9/5,47.6357,47.7844,47.1155,47.1898,"6,360"
2408 南亞科,2017/9/4,48.0073,48.1559,47.4128,47.5614,"5,553"
2408 南亞科,2017/9/1,48.2302,48.3046,47.8587,47.8587,"4,046"
2408 南亞科,2017/8/31,48.0816,48.4532,47.71,48.0816,"6,784"
2408 南亞科,2017/8/30,48.2302,48.3046,47.6357,47.71,"4,813"
2408 南亞科,2017/8/29,48.2302,48.8991,47.3385,47.3385,"11,839"
2408 南亞科,2017/8/28,47.8587,48.1559,47.5614,47.933,"7,407"
2408 南亞科,2017/8/25,47.6357,47.6357,47.2641,47.4128,"6,257"
2408 南亞科,2017/8/24,47.1898,47.71,46.9669,47.5614,"10,988"
2408 南亞科,2017/8/23,46.7439,46.8926,46.3724,46.4467,"5,509"
2408 南亞科,2017/8/22,46.3724,46.6696,46.1494,46.2981,"5,684"
2408 南亞科,2017/8/21,46.1494,47.0412,46.0008,46.7439,"5,371"
2408 南亞科,2017/8/18,46.1494,46.2981,45.7779,46.0751,"4,847"
2408 南亞科,2017/8/17,46.7439,47.0412,46.4467,46.6696,"8,541"
2408 南亞科,2017/8/16,46.0008,46.521,45.9265,46.1494,"5,597"
2408 南亞科,2017/8/15,46.8183,47.1898,46.1494,46.1494,"9,464"
2408 南亞科,2017/8/14,46.0008,46.4467,45.332,46.0008,"11,978"
2408 南亞科,2017/8/11,44.6631,45.4063,44.3659,44.6631,"14,757"
2408 南亞科,2017/8/10,46.0751,46.0751,44.5888,44.9604,"9,863"
2408 南亞科,2017/8/9,47.0412,47.0412,46.1494,46.2237,"7,143"
2408 南亞科,2017/8/8,46.4467,47.5614,46.1494,46.9669,"10,330"
2408 南亞科,2017/8/7,46.0751,46.2981,45.8522,46.0751,"4,660"
2408 南亞科,2017/8/4,46.1494,46.2981,45.7035,45.8522,"5,002"
2408 南亞科,2017/8/3,46.2237,46.6696,45.8522,46.0751,"5,437"
2408 南亞科,2017/8/2,47.0412,47.0412,46.0751,46.2237,"8,003"
2408 南亞科,2017/8/1,46.2237,47.3385,45.5549,46.8183,"12,381"
2408 南亞科,2017/7/31,46.8183,47.1155,46.0008,46.3724,"10,958"
2408 南亞科,2017/7/28,47.4871,47.5614,46.5953,47.1155,"6,972"
2408 南亞科,2017/7/27,46.8183,47.933,46.7439,47.4871,"12,286"
2408 南亞科,2017/7/26,46.9669,47.1898,46.3724,46.6696,"16,478"
2408 南亞科,2017/7/25,48.1559,48.3789,47.5614,47.5614,"12,385"
2408 南亞科,2017/7/24,47.0412,49.122,46.2981,48.3046,"21,934"
2408 南亞科,2017/7/21,45.1833,47.4128,45.1833,47.0412,"23,135"
2408 南亞科,2017/7/20,44.6631,45.8522,44.6631,45.1833,"13,439"
2408 南亞科,2017/7/19,45.4063,46.0008,44.8118,45.0347,"16,599"
2408 南亞科,2017/7/18,42.8053,46.0751,42.5823,45.5549,"34,946"
2408 南亞科,2017/7/17,42.6566,43.8457,42.5823,43.5484,"20,164"
2408 南亞科,2017/7/14,42.1364,42.4337,41.9878,42.1364,"7,484"
2408 南亞科,2017/7/13,41.6905,42.508,41.6162,42.0621,"7,138"
2408 南亞科,2017/7/12,42.4337,42.4337,41.6162,41.8392,"11,064"
2408 南亞科,2017/7/11,41.3933,41.8392,40.9474,41.7649,"12,483"
2408 南亞科,2017/7/10,40.9474,41.3933,40.5015,41.096,"6,974"
2408 南亞科,2017/7/7,40.7988,40.8731,40.2786,40.7988,"5,648"
2408 南亞科,2017/7/6,41.319,41.9878,40.8731,40.8731,"15,095"
2408 南亞科,2017/7/5,40.5015,40.8731,39.907,40.8731,"8,917"
2408 南亞科,2017/7/4,40.2043,40.2786,39.8327,39.9813,"6,594"
2408 南亞科,2017/7/3,41.096,41.096,40.2043,40.3529,"9,330"
2408 南亞科,2017/6/30,40.4272,40.7245,39.684,40.7245,"6,047"
2408 南亞科,2017/6/29,40.7988,41.1703,40.3529,40.3529,"6,454"
2408 南亞科,2017/6/28,40.7245,40.8731,40.0556,40.4272,"7,997"
2408 南亞科,2017/6/27,40.3529,41.096,39.907,40.7245,"17,032"
2408 南亞科,2017/6/26,39.2382,40.2786,38.8666,39.907,"10,961"
2408 南亞科,2017/6/23,39.4611,39.5354,39.0152,39.0895,"3,129"
2408 南亞科,2017/6/22,39.2382,39.5354,39.1638,39.3125,"5,435"
2408 南亞科,2017/6/21,38.5693,39.1638,37.9748,39.0152,"6,798"
2408 南亞科,2017/6/20,39.3125,39.3125,38.5693,38.6436,"12,735"
2408 南亞科,2017/6/19,37.492,38.9367,37.4197,38.7923,"16,953"
2408 南亞科,2017/6/16,37.4197,37.7087,37.1308,37.3475,"6,513"
2408 南亞科,2017/6/15,37.492,37.5642,36.8418,37.4197,"4,241"
2408 南亞科,2017/6/14,37.8532,37.9254,36.8418,37.3475,"5,434"
2408 南亞科,2017/6/13,38.2866,38.5033,37.492,37.5642,"6,061"
2408 南亞科,2017/6/12,36.9863,37.8532,36.9863,37.7809,"7,264"
2408 南亞科,2017/6/9,38.2866,38.5033,37.5642,37.5642,"6,114"
2408 南亞科,2017/6/8,38.4311,38.9367,38.0699,38.1421,"6,300"
2408 南亞科,2017/6/7,38.7923,38.7923,37.7809,37.9254,"12,654"
2408 南亞科,2017/6/6,39.2979,39.2979,38.7923,39.009,"5,088"
2408 南亞科,2017/6/5,38.72,39.7314,38.72,39.3702,"18,294"
2408 南亞科,2017/6/3,39.0812,39.2979,38.3588,38.5756,"7,085"
2408 南亞科,2017/6/2,37.4197,38.8645,37.2753,38.72,"22,341"
2408 南亞科,2017/6/1,37.1308,37.4197,36.8418,37.203,"6,027"
2408 南亞科,2017/5/31,36.9863,37.4197,36.6251,36.7696,"7,225"
2408 南亞科,2017/5/26,36.8418,36.9141,36.4806,36.6251,"4,129"
2408 南亞科,2017/5/25,37.2753,37.2753,36.4806,36.7696,"4,983"
2408 南亞科,2017/5/24,36.8418,37.3475,36.4806,36.7696,"8,796"
2408 南亞科,2017/5/23,36.5529,36.6973,36.1917,36.4806,"4,148"
2408 南亞科,2017/5/22,36.9141,36.9141,36.2639,36.3362,"3,954"
2408 南亞科,2017/5/19,36.9141,37.203,36.5529,36.5529,"5,810"
2408 南亞科,2017/5/18,36.4806,36.8418,36.1194,36.5529,"9,755"
2408 南亞科,2017/5/17,37.4197,37.7087,36.9863,37.0585,"6,292"
2408 南亞科,2017/5/16,38.72,38.7923,37.3475,37.5642,"15,460"
2408 南亞科,2017/5/15,37.1308,39.4424,37.0585,38.72,"28,026"
2408 南亞科,2017/5/12,36.4806,36.8418,35.975,36.8418,"9,259"
2408 南亞科,2017/5/11,36.8418,36.9141,35.7944,36.2639,"12,355"
2408 南亞科,2017/5/10,36.6973,36.8418,36.1917,36.6973,"11,766"
2408 南亞科,2017/5/9,36.4806,37.203,36.1194,36.4084,"19,510"
2408 南亞科,2017/5/8,36.1194,36.6251,36.0472,36.0472,"18,349"
2408 南亞科,2017/5/5,36.0472,36.0833,35.6499,35.9027,"14,991"
2408 南亞科,2017/5/4,35.8666,36.0472,35.7221,35.975,"13,290"
2408 南亞科,2017/5/3,35.7221,35.9388,35.4693,35.5415,"11,235"
2408 南亞科,2017/5/2,35.397,35.686,35.1442,35.6499,"35,610"
2408 南亞科,2017/4/28,35.0359,35.0359,34.6385,34.783,"13,630"
2408 南亞科,2017/4/27,35.1803,35.1803,34.4218,34.4579,"22,548"
2408 南亞科,2017/4/26,34.4579,34.783,34.169,34.783,"17,067"
2408 南亞科,2017/4/25,33.2299,34.169,32.6881,34.0967,"14,011"
2408 南亞科,2017/4/24,33.5911,33.6633,32.8687,33.0132,"7,912"
2408 南亞科,2017/4/21,33.7717,33.8078,33.555,33.5911,"4,651"
2408 南亞科,2017/4/20,33.88,33.9161,33.3382,33.4466,"5,251"
2408 南亞科,2017/4/19,34.4579,34.4941,33.8078,33.88,"4,491"
2408 南亞科,2017/4/18,34.5302,34.5302,34.169,34.3496,"5,682"
2408 南亞科,2017/4/17,34.6747,34.7469,33.8439,34.0245,"8,340"
2408 南亞科,2017/4/14,34.3857,34.5302,34.0245,34.3496,"8,736"
2408 南亞科,2017/4/13,33.8078,34.8553,33.7717,34.6385,"10,066"
2408 南亞科,2017/4/12,34.2412,34.2773,33.4466,33.6994,"8,569"
2408 南亞科,2017/4/11,34.7108,34.8914,34.2051,34.2051,"5,500"
2408 南亞科,2017/4/10,34.7469,34.8191,34.4218,34.4218,"3,807"
2408 南亞科,2017/4/7,35.0359,35.0359,34.3857,34.6747,"8,725"
2408 南亞科,2017/4/6,34.7469,35.1081,34.6385,35.072,"8,979"
2408 南亞科,2017/4/5,35.1442,35.4693,34.4941,34.6024,"11,222"
2408 南亞科,2017/3/31,35.6138,35.7944,34.9275,34.9636,"17,369"
2408 南亞科,2017/3/30,34.4941,35.5776,34.4218,35.1803,"20,539"
2408 南亞科,2017/3/29,34.3857,34.8191,34.0606,34.3857,"8,950"
2408 南亞科,2017/3/28,34.8553,35.072,34.169,34.4579,"12,648"
2408 南亞科,2017/3/27,35.7582,36.2639,34.3135,34.3135,"28,988"
2408 南亞科,2017/3/24,35.397,35.975,34.8191,35.3248,"33,134"
2408 南亞科,2017/3/23,34.2051,34.783,34.2051,34.3135,"15,549"
2408 南亞科,2017/3/22,33.7356,34.0606,33.3744,34.0606,"5,714"
2408 南亞科,2017/3/21,34.6747,34.6747,34.1329,34.2051,"7,705"
2408 南亞科,2017/3/20,33.9523,34.6747,33.7717,34.0967,"15,145"
2408 南亞科,2017/3/17,32.9409,33.5188,32.5797,33.5188,"10,554"
2408 南亞科,2017/3/16,32.7242,32.9409,32.363,32.8687,"14,310"
2408 南亞科,2017/3/15,32.5436,32.6158,32.0018,32.1463,"5,398"
2408 南亞科,2017/3/14,32.4714,32.7964,32.4353,32.6158,"5,914"
2408 南亞科,2017/3/13,31.8573,32.363,31.8573,32.2547,"5,253"
2408 南亞科,2017/3/10,32.8687,32.8687,31.6406,32.0741,"21,112"
2408 南亞科,2017/3/9,33.8439,34.169,33.3744,33.6272,"11,342"
2408 南亞科,2017/3/8,33.7356,33.8078,33.4827,33.6633,"5,143"
2408 南亞科,2017/3/7,33.8078,33.8078,33.4466,33.6633,"5,674"
2408 南亞科,2017/3/6,33.8078,34.2051,33.6272,33.6272,"13,072"
2408 南亞科,2017/3/3,32.652,33.3382,32.6158,33.3021,"5,094"
2408 南亞科,2017/3/2,32.9409,33.1938,32.6158,32.7603,"4,390"
2408 南亞科,2017/3/1,32.8687,32.9409,32.3269,32.5436,"5,849"
2408 南亞科,2017/2/24,33.0493,33.0854,32.5797,32.8687,"8,971"
2408 南亞科,2017/2/23,33.4105,33.4105,32.9048,33.0132,"8,440"
2408 南亞科,2017/2/22,33.6633,33.6994,33.266,33.4105,"4,138"
2408 南亞科,2017/2/21,32.7964,33.6272,32.7964,33.4827,"9,343"
2408 南亞科,2017/2/20,33.6272,33.6994,32.9048,32.9048,"8,575"
2408 南亞科,2017/2/18,33.5911,33.8439,33.5188,33.555,"2,677"
2408 南亞科,2017/2/17,33.7356,33.7717,33.5188,33.5188,"4,667"
2408 南亞科,2017/2/16,33.7356,33.8439,33.3021,33.7356,"6,936"
2408 南亞科,2017/2/15,33.6633,33.7356,33.3382,33.6994,"11,853"
2408 南亞科,2017/2/14,34.0245,34.0245,33.5911,33.6994,"8,074"
2408 南亞科,2017/2/13,33.2299,34.0606,33.1215,34.0245,"12,390"
2408 南亞科,2017/2/10,33.4105,33.555,33.0132,33.0493,"8,874"
2408 南亞科,2017/2/9,33.1215,33.6633,33.0854,33.2299,"5,537"
2408 南亞科,2017/2/8,33.6633,33.8439,32.652,33.1215,"12,527"
2408 南亞科,2017/2/7,33.5911,33.8078,33.4466,33.6633,"6,684"
2408 南亞科,2017/2/6,33.7356,33.9523,33.5188,33.6272,"10,071"
2408 南亞科,2017/2/3,34.8914,34.8914,33.6272,33.7356,"19,761"
2408 南亞科,2017/2/2,35.5776,35.7221,34.8914,34.8914,"17,203"
2408 南亞科,2017/1/24,34.3857,34.9275,34.2412,34.6747,"12,158"
2408 南亞科,2017/1/23,34.5302,34.9275,34.3135,34.3135,"7,161"
2408 南亞科,2017/1/20,34.6024,34.8191,34.4941,34.5302,"7,477"
2408 南亞科,2017/1/19,35.0359,35.2526,34.8191,34.8191,"12,237"
2408 南亞科,2017/1/18,33.9161,34.7108,33.9161,34.6024,"15,737"
2408 南亞科,2017/1/17,33.7356,34.4579,33.6633,34.4579,"12,341"
2408 南亞科,2017/1/16,33.7356,33.7717,33.0493,33.5911,"11,888"
2408 南亞科,2017/1/13,33.88,33.9523,33.3382,33.4827,"11,922"
2408 南亞科,2017/1/12,34.6385,34.7108,33.8439,34.0606,"13,041"
2408 南亞科,2017/1/11,34.7469,34.8553,34.4218,34.5663,"7,157"
2408 南亞科,2017/1/10,35.2887,35.4693,34.4941,34.4941,"12,210"
2408 南亞科,2017/1/9,35.2887,35.4693,35.0359,35.1442,"6,690"
2408 南亞科,2017/1/6,35.1803,35.7944,35.1081,35.2164,"11,754"
2408 南亞科,2017/1/5,34.8914,35.2887,34.7469,34.9636,"13,856"
2408 南亞科,2017/1/4,34.4579,34.7469,34.2412,34.4218,"10,317"
2408 南亞科,2017/1/3,34.8191,34.8191,33.9884,34.1329,"12,836"
2408 南亞科,2016/12/30,34.9636,35.1442,34.8191,34.8914,"5,472"
2408 南亞科,2016/12/29,34.8914,35.2526,34.7469,34.8553,"7,428"
2408 南亞科,2016/12/28,34.8191,35.2526,34.5663,35.2526,"7,784"
2408 南亞科,2016/12/27,34.9275,35.1081,34.6024,34.6747,"8,996"
2408 南亞科,2016/12/26,36.0472,36.0472,34.9636,35.2164,"14,154"
2408 南亞科,2016/12/23,35.9027,36.5529,35.7944,35.7944,"35,761"
2408 南亞科,2016/12/22,35.1803,35.3609,34.7469,34.9997,"25,289"
2408 南亞科,2016/12/21,34.8553,34.8914,34.2773,34.2773,"8,024"
2408 南亞科,2016/12/20,34.7469,34.8191,33.9161,34.4579,"13,503"
2408 南亞科,2016/12/19,35.1803,35.1803,34.4218,34.4579,"10,931"
2408 南亞科,2016/12/16,34.6024,35.5415,34.3857,35.0359,"21,853"
2408 南亞科,2016/12/15,34.3135,34.4579,33.9161,34.3135,"12,246"
2408 南亞科,2016/12/14,34.0606,34.5302,33.9884,34.2412,"16,254"
2408 南亞科,2016/12/13,33.7717,33.88,33.4827,33.8078,"14,300"
2408 南亞科,2016/12/12,33.2299,34.5302,33.0132,33.9523,"33,415"
2408 南亞科,2016/12/9,32.4714,32.8326,32.1824,32.7242,"24,572"
2408 南亞科,2016/12/8,32.7242,32.7964,31.9296,32.0018,"20,329"
2408 南亞科,2016/12/7,32.652,32.7964,32.0018,32.0018,"12,221"
2408 南亞科,2016/12/6,32.9409,33.4466,32.0018,32.0018,"24,667"
2408 南亞科,2016/12/5,32.5075,32.6158,32.0018,32.2185,"7,678"
2408 南亞科,2016/12/2,32.1463,32.363,31.8573,32.3269,"11,780"
2408 南亞科,2016/12/1,32.363,33.1215,32.363,32.6881,"15,338"
2408 南亞科,2016/11/30,32.2185,32.6881,32.0379,32.1463,"11,434"
2408 南亞科,2016/11/29,32.0018,32.3269,31.7851,32.1463,"9,164"
2408 南亞科,2016/11/28,31.7129,33.5188,31.7129,32.1463,"34,131"
2408 南亞科,2016/11/25,32.5075,32.6158,31.0627,31.3155,"29,372"
2408 南亞科,2016/11/24,30.1597,32.8326,30.1597,32.5075,"49,062"
2408 南亞科,2016/11/23,29.4012,30.1236,29.4012,30.0152,"23,203"
2408 南亞科,2016/11/22,29.0761,29.8347,29.04,29.2206,"17,026"
2408 南亞科,2016/11/21,28.8955,29.0761,28.7872,28.9678,"6,699"
2408 南亞科,2016/11/18,28.9678,29.0761,28.7872,28.7872,"9,016"
2408 南亞科,2016/11/17,28.3899,28.3899,28.1009,28.1732,"2,978"
2408 南亞科,2016/11/16,28.2815,28.4621,28.0648,28.1009,"4,425"
2408 南亞科,2016/11/15,28.3176,28.3538,27.9564,27.9926,"4,609"
2408 南亞科,2016/11/14,28.4621,28.7511,28.2093,28.3176,"5,021"
2408 南亞科,2016/11/11,28.6066,28.7149,28.3538,28.3538,"6,478"
2408 南亞科,2016/11/10,28.8955,29.1845,28.426,29.04,"11,949"
2408 南亞科,2016/11/9,29.1123,29.1845,27.7397,27.7397,"11,344"
2408 南亞科,2016/11/8,29.1123,29.2567,28.9678,29.0039,"6,586"
2408 南亞科,2016/11/7,29.0039,29.0761,28.8594,28.8955,"3,333"
2408 南亞科,2016/11/4,28.8955,29.04,28.7872,28.8594,"4,763"
2408 南亞科,2016/11/3,28.9317,29.1123,28.8594,28.8955,"8,135"
2408 南亞科,2016/11/2,29.1845,29.2567,28.7149,28.7511,"7,536"
2408 南亞科,2016/11/1,29.5457,29.5818,29.3651,29.4012,"4,542"
2408 南亞科,2016/10/31,29.4373,29.7624,29.2567,29.5818,"8,341"
2408 南亞科,2016/10/28,29.6179,29.7985,29.2567,29.329,"8,139"
2408 南亞科,2016/10/27,30.0514,30.3042,29.5457,29.5457,"25,537"
2408 南亞科,2016/10/26,29.4735,30.1236,29.4373,29.7985,"18,878"
2408 南亞科,2016/10/25,29.6179,29.6541,29.2206,29.2929,"7,837"
2408 南亞科,2016/10/24,29.2567,29.9791,29.2567,29.5818,"10,892"
2408 南亞科,2016/10/21,29.2206,29.2929,28.9317,29.1484,"7,965"
2408 南亞科,2016/10/20,28.9678,29.4012,28.9678,29.2206,"10,355"
2408 南亞科,2016/10/19,28.6066,29.1123,28.6066,28.8955,"10,803"
2408 南亞科,2016/10/18,28.5344,28.6066,28.3899,28.4982,"3,420"
2408 南亞科,2016/10/17,28.5705,28.6427,28.3899,28.4621,"5,543"
2408 南亞科,2016/10/14,28.8233,28.9317,28.1732,28.3899,"8,848"
2408 南亞科,2016/10/13,29.1845,29.2567,28.8594,29.0039,"8,244"
2408 南亞科,2016/10/12,29.04,29.1845,28.8594,29.0761,"10,586"
2408 南亞科,2016/10/11,29.1845,29.5096,28.7511,29.0039,"16,039"
2408 南亞科,2016/10/7,29.0039,29.5096,28.8594,28.8594,"16,007"
2408 南亞科,2016/10/6,29.4373,29.4373,28.8955,28.8955,"6,681"
2408 南亞科,2016/10/5,29.4735,29.6902,29.1123,29.1123,"18,242"
2408 南亞科,2016/10/4,28.7149,29.329,28.6066,28.8955,"12,485"
2408 南亞科,2016/10/3,28.5705,28.7872,28.426,28.4982,"5,410"
2408 南亞科,2016/9/30,29.1484,29.1484,28.3538,28.3538,"9,364"
2408 南亞科,2016/9/29,29.5096,29.8347,29.2206,29.2567,"17,281"
2408 南亞科,2016/9/26,28.7511,29.5457,28.5705,29.1845,"13,179"
2408 南亞科,2016/9/23,28.8955,29.4012,28.6788,28.7511,"13,120"
2408 南亞科,2016/9/22,28.6788,28.8233,28.4621,28.5344,"5,001"
2408 南亞科,2016/9/21,28.5344,28.7149,28.2093,28.3176,"4,916"
2408 南亞科,2016/9/20,28.2454,28.5705,28.2454,28.4982,"3,700"
2408 南亞科,2016/9/19,28.3176,28.6788,28.2454,28.5705,"9,270"
2408 南亞科,2016/9/14,27.8481,28.0648,27.7036,28.0648,"9,198"
2408 南亞科,2016/9/13,28.2454,28.2454,27.6675,27.7397,"10,033"
2408 南亞科,2016/9/12,27.7397,28.3176,27.7036,28.0287,"9,844"
2408 南亞科,2016/9/10,27.4869,27.7036,27.3063,27.3424,"4,674"
2408 南亞科,2016/9/9,28.1009,28.1732,27.7397,28.0287,"5,512"
2408 南亞科,2016/9/8,27.6675,28.426,27.6675,28.1009,"12,618"
2408 南亞科,2016/9/7,27.4147,27.7758,27.3063,27.6675,"10,080"
2408 南亞科,2016/9/6,27.2702,27.4508,27.2341,27.4147,"4,890"
2408 南亞科,2016/9/5,27.0896,27.4508,27.0896,27.2702,"5,866"
2408 南亞科,2016/9/2,26.8006,26.9812,26.5839,26.909,"4,378"
2408 南亞科,2016/9/1,26.9451,26.9812,26.6561,26.7284,"2,403"
2408 南亞科,2016/8/31,27.3424,27.3424,26.8367,27.0896,"4,312"
2408 南亞科,2016/8/30,27.2702,27.4869,27.1618,27.3785,"5,387"
2408 南亞科,2016/8/29,27.1979,27.4508,27.0173,27.1979,"4,733"
2408 南亞科,2016/8/26,26.5839,27.4869,26.5839,27.1618,"11,124"
2408 南亞科,2016/8/25,26.3672,26.5839,26.3672,26.5117,"2,589"
2408 南亞科,2016/8/24,26.62,26.7284,26.4033,26.4033,"1,932"
2408 南亞科,2016/8/23,26.5478,26.8006,26.5117,26.62,"3,359"
2408 南亞科,2016/8/22,26.6561,26.7284,26.4033,26.5478,"3,118"
2408 南亞科,2016/8/19,26.6561,26.8729,26.5117,26.5117,"2,769"
2408 南亞科,2016/8/18,26.5839,26.62,26.4033,26.5117,"1,665"
2408 南亞科,2016/8/17,26.8729,26.9451,26.4755,26.5478,"3,371"
2408 南亞科,2016/8/16,26.8729,27.1618,26.8367,26.9451,"3,932"
2408 南亞科,2016/8/15,26.62,26.9451,26.5117,26.8367,"2,765"
2408 南亞科,2016/8/12,26.5839,26.6561,26.4033,26.4394,"1,975"
2408 南亞科,2016/8/11,26.7284,26.7284,26.2949,26.4394,"3,884"
2408 南亞科,2016/8/10,26.4394,27.0173,26.2588,26.8367,"5,153"
2408 南亞科,2016/8/9,26.7645,26.909,26.2588,26.2949,"4,628"
2408 南亞科,2016/8/8,27.2341,27.2341,26.5478,26.62,"4,329"
2408 南亞科,2016/8/5,26.8729,27.1618,26.6923,27.1618,"4,349"
2408 南亞科,2016/8/4,26.7284,26.8006,26.62,26.7284,"2,104"
2408 南亞科,2016/8/3,26.9451,26.9451,26.6561,26.6561,"3,484"
2408 南亞科,2016/8/2,27.2702,27.2702,26.8729,27.0173,"5,029"
2408 南亞科,2016/8/1,27.2702,27.3785,27.0535,27.3785,"4,386"
2408 南亞科,2016/7/29,27.0896,27.3424,27.0896,27.2341,"4,708"
2408 南亞科,2016/7/28,27.5952,27.812,27.0896,27.1618,"9,638"
2408 南亞科,2016/7/27,29.2567,29.2567,28.1732,28.1732,"11,499"
2408 南亞科,2016/7/26,28.1732,28.8233,27.9564,28.6066,"9,307"
2408 南亞科,2016/7/25,28.1009,28.137,27.523,27.8842,"4,261"
2408 南亞科,2016/7/22,28.0648,28.1009,27.7036,27.8481,"3,635"
2408 南亞科,2016/7/21,27.4508,28.3899,27.3424,28.0287,"18,063"
2408 南亞科,2016/7/20,26.9349,26.9349,26.767,26.8006,"11,382"
2408 南亞科,2016/7/19,26.9685,27.0021,26.8342,26.9685,"6,109"
2408 南亞科,2016/7/18,27.1029,27.1029,26.767,26.8006,"4,684"
2408 南亞科,2016/7/15,27.1365,27.17,26.9014,27.0357,"6,370"
2408 南亞科,2016/7/14,27.2708,27.4387,26.8678,26.8678,"9,105"
2408 南亞科,2016/7/13,26.3976,26.9685,26.364,26.7334,"10,280"
2408 南亞科,2016/7/12,26.4312,26.4312,26.1961,26.2297,"2,635"
2408 南亞科,2016/7/11,26.0617,26.1289,25.8938,26.1289,"3,129"
2408 南亞科,2016/7/7,25.8602,25.9946,25.7259,25.7259,"2,436"
2408 南亞科,2016/7/6,26.1289,26.1289,25.7259,25.7259,"2,715"
2408 南亞科,2016/7/5,26.1961,26.2297,26.0617,26.1625,"1,662"
2408 南亞科,2016/7/4,26.0282,26.1961,25.961,26.1625,"2,706"
2408 南亞科,2016/7/1,26.5991,26.6999,25.9274,26.0282,"7,670"
2408 南亞科,2016/6/30,26.5655,26.5655,26.3304,26.4648,"5,054"
2408 南亞科,2016/6/29,26.1961,26.5991,26.1961,26.2633,"8,398"
2408 南亞科,2016/6/28,25.7931,26.0282,25.6923,25.8602,"5,147"
2408 南亞科,2016/6/27,25.6587,25.9274,25.4908,25.7931,"4,193"
2408 南亞科,2016/6/24,26.0617,26.3304,25.0542,25.6923,"11,500"
2408 南亞科,2016/6/23,25.7259,25.8938,25.5244,25.558,"2,923"
2408 南亞科,2016/6/22,26.1961,26.3976,25.6587,25.6587,"8,754"
2408 南亞科,2016/6/21,25.4236,25.8938,25.3229,25.8938,"8,531"
2408 南亞科,2016/6/20,25.3565,25.39,25.0542,25.3565,"7,005"
2408 南亞科,2016/6/17,24.5504,26.1289,24.3825,24.8527,"16,198"
2408 南亞科,2016/6/16,24.3825,24.5168,24.1474,24.181,"5,654"
2408 南亞科,2016/6/15,24.3825,24.6848,24.181,24.3489,"10,160"
2408 南亞科,2016/6/14,23.778,24.584,23.6101,24.1138,"20,241"
2408 南亞科,2016/6/13,24.5504,24.6512,23.8787,24.1138,"20,957"
2408 南亞科,2016/6/8,26.7334,26.767,26.2968,26.4983,"5,186"
2408 南亞科,2016/6/7,26.1625,26.5655,25.8602,26.5655,"7,953"
2408 南亞科,2016/6/6,26.4312,26.4983,25.961,26.0617,"3,818"
2408 南亞科,2016/6/4,26.3304,26.364,26.2297,26.2968,"1,463"
2408 南亞科,2016/6/3,26.767,26.8006,26.1625,26.2297,"10,709"
2408 南亞科,2016/6/2,26.767,27.0021,26.7334,26.8006,"13,067"
2408 南亞科,2016/6/1,26.9349,26.9685,26.5655,26.5655,"9,128"
2408 南亞科,2016/5/31,27.4051,27.4051,26.6663,26.6663,"62,994"
2408 南亞科,2016/5/30,26.8678,27.5059,26.8342,27.3044,"20,215"
2408 南亞科,2016/5/27,26.3304,26.767,26.2297,26.7334,"8,490"
2408 南亞科,2016/5/26,26.1289,26.5991,26.1289,26.1289,"6,174"
2408 南亞科,2016/5/25,26.6663,26.6999,26.0282,26.0617,"10,352"
2408 南亞科,2016/5/24,26.6663,26.767,26.2633,26.4983,"6,102"
2408 南亞科,2016/5/23,26.3976,26.6663,26.1961,26.6663,"6,779"
2408 南亞科,2016/5/20,25.7259,26.2633,25.6587,26.2633,"6,217"
2408 南亞科,2016/5/19,25.9946,26.2297,25.558,25.7259,"6,337"
2408 南亞科,2016/5/18,26.4648,26.6999,25.8938,25.9946,"7,748"
2408 南亞科,2016/5/17,26.8678,27.1029,26.3304,26.4648,"7,588"
2408 南亞科,2016/5/16,26.8006,27.4387,26.6663,26.8678,"15,659"
2408 南亞科,2016/5/13,26.9349,27.2708,26.6327,26.8006,"23,836"
2408 南亞科,2016/5/12,25.2221,25.5916,25.1885,25.5244,"3,603"
2408 南亞科,2016/5/11,25.5244,25.6587,25.2221,25.2221,"3,585"
2408 南亞科,2016/5/10,25.5916,25.7259,25.2893,25.5244,"3,505"
2408 南亞科,2016/5/9,25.4572,25.6251,25.1885,25.5916,"3,943"
2408 南亞科,2016/5/6,25.2557,25.6923,25.0878,25.4572,"4,622"
2408 南亞科,2016/5/5,25.0542,25.2557,25.0206,25.1885,"3,166"
2408 南亞科,2016/5/4,25.1214,25.2893,24.8863,25.0206,"4,236"
2408 南亞科,2016/5/3,25.3229,25.39,25.0878,25.1214,"4,924"
2408 南亞科,2016/4/29,25.5916,25.6251,25.3229,25.3229,"5,694"
2408 南亞科,2016/4/28,25.5244,26.0282,25.3565,25.8602,"12,519"
2408 南亞科,2016/4/27,25.5916,25.7931,25.2557,25.2557,"8,347"
2408 南亞科,2016/4/26,25.558,25.6251,25.2221,25.2893,"4,993"
2408 南亞科,2016/4/25,24.9534,25.6587,24.8191,25.5916,"6,242"
2408 南亞科,2016/4/22,25.4572,25.5244,24.7855,24.987,"4,954"
2408 南亞科,2016/4/21,26.0617,26.0617,25.4572,25.4572,"4,058"
2408 南亞科,2016/4/20,26.5991,26.6327,25.8267,25.8267,"5,975"
2408 南亞科,2016/4/19,26.3304,26.5991,26.0282,26.5319,"5,753"
2408 南亞科,2016/4/18,26.0953,26.4648,25.9946,26.2633,"3,267"
2408 南亞科,2016/4/15,25.8602,26.1289,25.5244,26.1289,"4,952"
2408 南亞科,2016/4/14,25.9274,26.6327,25.9274,25.9274,"13,160"
2408 南亞科,2016/4/13,25.5916,25.6587,25.0542,25.2893,"6,502"
2408 南亞科,2016/4/12,25.8267,25.8602,25.4572,25.4572,"4,014"
2408 南亞科,2016/4/11,25.9274,26.0282,25.6923,25.9274,"3,399"
2408 南亞科,2016/4/8,25.8602,26.1289,25.8267,25.9274,"3,368"
2408 南亞科,2016/4/7,26.3976,26.4312,25.7595,26.0953,"4,970"
2408 南亞科,2016/4/6,26.767,26.8006,26.364,26.364,"4,542"
2408 南亞科,2016/4/1,26.8006,26.9685,26.6999,26.8006,"3,387"
2408 南亞科,2016/3/31,26.9685,27.0693,26.8342,26.8342,"2,935"
2408 南亞科,2016/3/30,26.9349,27.1365,26.8678,26.8678,"5,125"
2408 南亞科,2016/3/29,26.8678,27.2708,26.767,26.8006,"5,584"
2408 南亞科,2016/3/28,26.9349,26.9349,26.6999,26.7334,"2,752"
2408 南亞科,2016/3/25,26.8678,27.1365,26.8006,26.9014,"2,838"
2408 南亞科,2016/3/24,26.7334,27.1365,26.5655,26.8342,"4,899"
2408 南亞科,2016/3/23,26.8006,26.9349,26.6999,26.8006,"3,671"
2408 南亞科,2016/3/22,27.0693,27.338,26.7334,26.767,"5,405"
2408 南亞科,2016/3/21,27.0693,27.1365,26.364,26.9014,"9,245"
2408 南亞科,2016/3/18,27.4723,27.4723,27.2372,27.2372,"5,591"
2408 南亞科,2016/3/17,28.0432,28.144,27.2372,27.3715,"7,141"
2408 南亞科,2016/3/16,28.0097,28.3119,27.7746,27.8753,"9,459"
2408 南亞科,2016/3/15,28.4798,28.7821,27.4387,27.4387,"12,682"
2408 南亞科,2016/3/14,27.6738,28.3791,27.6402,28.2112,"12,587"
2408 南亞科,2016/3/11,27.2708,27.5395,27.2372,27.5059,"3,244"
2408 南亞科,2016/3/10,27.5395,27.741,27.17,27.2372,"5,319"
2408 南亞科,2016/3/9,27.4723,27.6066,27.2372,27.4387,"4,668"
2408 南亞科,2016/3/8,28.4798,28.5134,27.741,27.8081,"10,908"
2408 南亞科,2016/3/7,28.2112,29.5546,28.2112,28.6814,"27,931"
2408 南亞科,2016/3/4,27.2036,27.9761,27.1365,27.8417,"11,455"
2408 南亞科,2016/3/3,27.2372,27.4387,27.0357,27.0693,"5,043"
2408 南亞科,2016/3/2,27.5395,27.7074,27.1365,27.1365,"6,279"
2408 南亞科,2016/3/1,27.6402,27.8081,27.4051,27.4387,"4,576"
2408 南亞科,2016/2/26,27.2036,27.9425,27.2036,27.6738,"11,842"
2408 南亞科,2016/2/25,27.0357,27.2708,27.0357,27.1365,"7,769"
2408 南亞科,2016/2/24,26.9685,27.2708,26.9685,27.0357,"4,978"
2408 南亞科,2016/2/23,27.1365,27.2036,26.7334,27.0357,"7,619"
2408 南亞科,2016/2/22,26.767,27.2708,26.5319,27.2036,"7,846"
2408 南亞科,2016/2/19,26.3304,27.0693,26.2968,26.767,"9,822"
2408 南亞科,2016/2/18,26.6999,26.7334,26.1961,26.2633,"6,909"
2408 南亞科,2016/2/17,26.5319,26.767,26.2633,26.2633,"7,101"
2408 南亞科,2016/2/16,25.6923,26.0953,25.5916,26.0282,"4,410"
2408 南亞科,2016/2/15,25.2893,25.6587,25.2557,25.5244,"3,137"
2408 南亞科,2016/2/3,25.9274,25.961,25.4572,25.5916,"8,005"
2408 南亞科,2016/2/2,26.8342,26.8342,26.1625,26.1625,"6,889"
2408 南亞科,2016/2/1,26.9349,27.0357,26.5319,26.5319,"10,198"
2408 南亞科,2016/1/30,27.4387,28.4127,27.4387,27.4387,"16,328"
2408 南亞科,2016/1/29,26.0617,26.767,25.7931,26.6327,"8,915"
2408 南亞科,2016/1/28,26.3976,26.3976,25.7259,26.0282,"13,200"
2408 南亞科,2016/1/27,27.5395,27.5395,26.6999,26.7334,"7,804"
2408 南亞科,2016/1/26,26.8678,27.1029,26.7334,27.0021,"4,481"
2408 南亞科,2016/1/25,27.4051,27.4723,27.1365,27.2036,"8,247"
2408 南亞科,2016/1/22,26.8678,27.3715,26.5319,27.0693,"15,051"
2408 南亞科,2016/1/21,26.3976,26.4983,25.8938,26.1289,"13,022"
2408 南亞科,2016/1/20,27.8753,28.3455,25.8602,25.8602,"37,277"
2408 南亞科,2016/1/19,28.6478,28.7485,27.6402,27.741,"46,078"
2408 南亞科,2016/1/18,27.7746,28.8493,27.7746,28.8493,"8,020"
2408 南亞科,2016/1/15,29.2187,29.3195,28.5806,28.5806,"6,611"
2408 南亞科,2016/1/14,28.144,28.8829,27.5059,28.8829,"6,734"
2408 南亞科,2016/1/13,28.6142,29.0844,28.0768,28.5134,"8,037"
2408 南亞科,2016/1/12,29.7561,30.5285,28.2448,28.2448,"12,388"
2408 南亞科,2016/1/11,28.7821,30.7636,28.5134,30.0919,"14,431"
2408 南亞科,2016/1/8,28.0768,28.8157,28.0097,28.8157,"7,879"
2408 南亞科,2016/1/7,28.8157,29.0844,27.3715,28.3455,"9,178"
2408 南亞科,2016/1/6,30.0919,30.1591,28.3119,28.8493,"11,093"
2408 南亞科,2016/1/5,30.1255,30.7636,30.0247,30.0247,"7,258"
2408 南亞科,2016/1/4,30.5621,31.0323,30.1255,30.1255,"6,819"
2408 南亞科,2015/12/31,30.8979,31.3345,30.5285,30.6964,"8,831"
2408 南亞科,2015/12/30,31.4353,32.2077,31.2674,31.2674,"9,803"
2408 南亞科,2015/12/29,30.1591,32.1742,30.1591,31.301,"19,441"
2408 南亞科,2015/12/28,33.9809,33.9809,32.2883,32.2883,"9,296"
2408 南亞科,2015/12/25,31.377,33.6554,31.3444,33.0695,"16,930"
2408 南亞科,2015/12/24,32.2558,32.2883,31.0515,31.0515,"10,750"
2408 南亞科,2015/12/23,32.0605,32.8742,31.6048,32.2232,"19,394"
2408 南亞科,2015/12/22,36.4546,36.6499,33.7205,33.7205,"24,250"
2408 南亞科,2015/12/21,34.4365,37.6914,34.046,37.431,"22,768"
2408 南亞科,2015/12/18,31.5723,34.4365,31.5723,34.4365,"29,409"
2408 南亞科,2015/12/17,28.5127,31.3444,28.3825,31.3444,"26,332"
2408 南亞科,2015/12/16,29.9448,29.9448,28.415,28.5127,"26,396"
2408 南亞科,2015/12/15,27.6664,27.6664,27.6664,27.6664,"3,150"
2408 南亞科,2015/12/14,24.4766,25.6484,24.4115,25.1602,"6,195"
2408 南亞科,2015/12/11,25.1927,25.2903,24.086,24.737,"4,515"
2408 南亞科,2015/12/10,25.2253,25.3229,24.9323,25.03,"2,915"
2408 南亞科,2015/12/9,25.388,25.5833,25.03,25.1602,"3,945"
2408 南亞科,2015/12/8,26.2994,26.2994,25.388,25.388,"5,265"
2408 南亞科,2015/12/7,27.1456,27.6013,26.4947,26.4947,"4,963"
2408 南亞科,2015/12/4,27.3409,27.5362,26.7876,26.9829,"5,072"
2408 南亞科,2015/12/3,26.6248,28.3825,26.3645,27.6664,"8,780"
2408 南亞科,2015/12/2,27.3084,27.406,26.5597,26.6899,"5,195"
2408 南亞科,2015/12/1,27.8617,28.3174,27.0154,27.1456,"10,937"
2408 南亞科,2015/11/30,25.5182,28.0244,25.4205,27.8291,"16,613"
2408 南亞科,2015/11/27,26.039,26.0715,25.3229,25.5182,"10,028"
2408 南亞科,2015/11/26,23.9559,25.1276,23.9559,25.1276,"4,190"
2408 南亞科,2015/11/25,24.2162,24.2162,23.5653,23.7606,"1,724"
2408 南亞科,2015/11/24,23.9559,24.3139,23.6955,23.9559,"2,398"
2408 南亞科,2015/11/23,24.2488,24.2813,23.6629,23.6955,"2,976"
2408 南亞科,2015/11/20,24.8021,24.8021,24.1186,24.2813,"2,011"
2408 南亞科,2015/11/19,24.737,24.8021,24.4441,24.7045,"1,598"
2408 南亞科,2015/11/18,24.6394,24.8672,24.379,24.379,"2,379"
2408 南亞科,2015/11/17,24.8672,24.9323,24.5092,24.5417,"2,387"
2408 南亞科,2015/11/16,24.086,24.5743,23.7931,24.4441,"2,020"
2408 南亞科,2015/11/13,24.6719,25.2578,24.4115,24.4115,"2,685"
2408 南亞科,2015/11/12,25.2253,25.2578,24.4441,24.9649,"3,117"
2408 南亞科,2015/11/11,25.4205,25.7786,24.7696,24.7696,"3,063"
2408 南亞科,2015/11/10,25.1276,25.388,24.9323,25.388,"2,651"
2408 南亞科,2015/11/9,25.9088,26.2017,25.4856,25.4856,"2,803"
2408 南亞科,2015/11/6,26.4621,26.4621,25.8111,25.8437,"4,073"
2408 南亞科,2015/11/5,27.1456,27.2433,26.5597,26.5923,"4,123"
2408 南亞科,2015/11/4,26.4947,27.3409,26.3645,26.9178,"7,610"
2408 南亞科,2015/11/3,25.9088,26.5272,25.746,26.039,"4,481"
2408 南亞科,2015/11/2,26.039,26.1366,25.5507,25.6809,"4,462"
2408 南亞科,2015/10/30,25.746,26.1366,25.2578,26.0715,"5,751"
2408 南亞科,2015/10/29,26.5272,26.6248,25.6484,25.746,"4,633"
2408 南亞科,2015/10/28,26.8201,26.8201,26.2017,26.2017,"3,552"
2408 南亞科,2015/10/27,26.1366,26.9503,26.1366,26.6248,"5,369"
2408 南亞科,2015/10/26,26.0064,26.2668,25.7786,26.1692,"3,083"
2408 南亞科,2015/10/23,26.1041,26.2668,25.5833,25.5833,"2,388"
2408 南亞科,2015/10/22,25.1276,25.7786,25.1276,25.6484,"2,851"
2408 南亞科,2015/10/21,24.8021,25.5507,24.8021,25.3554,"5,860"
2408 南亞科,2015/10/20,27.3409,27.6339,27.0154,27.0154,"3,874"
2408 南亞科,2015/10/19,26.9178,27.0805,26.6574,27.0154,"3,269"
2408 南亞科,2015/10/16,26.5923,27.0154,26.039,27.0154,"7,087"
2408 南亞科,2015/10/15,27.1456,27.4386,26.4947,26.5272,"7,491"
2408 南亞科,2015/10/14,25.9088,26.8852,25.9088,26.3645,"6,089"
2408 南亞科,2015/10/13,26.039,26.1692,25.6484,25.8111,"5,582"
2408 南亞科,2015/10/12,24.9974,26.1041,24.737,26.039,"6,711"
2408 南亞科,2015/10/8,26.2668,26.3319,24.7045,24.7696,"6,477"
2408 南亞科,2015/10/7,24.6394,26.039,24.6394,26.039,"7,244"
2408 南亞科,2015/10/6,25.5507,25.5507,23.7931,24.2813,"8,789"
2408 南亞科,2015/10/5,24.8998,25.8437,24.8998,25.1602,"9,536"
2408 南亞科,2015/10/2,24.2162,24.4766,23.9233,24.086,"5,537"
2408 南亞科,2015/10/1,24.379,24.4115,23.9884,24.2162,"5,662"
2408 南亞科,2015/9/30,24.021,24.1837,23.5978,23.7606,"4,233"
2408 南亞科,2015/9/25,23.5653,24.6068,23.5002,24.5417,"5,452"
2408 南亞科,2015/9/24,25.6484,25.8437,24.086,24.086,"8,146"
2408 南亞科,2015/9/23,27.1782,27.1782,25.4531,25.6809,"5,953"
2408 南亞科,2015/9/22,27.7315,27.7966,27.4386,27.4386,"1,942"
2408 南亞科,2015/9/21,27.7315,27.7641,27.3735,27.5037,"2,842"
2408 南亞科,2015/9/18,28.057,28.5452,27.6664,28.0895,"3,428"
2408 南亞科,2015/9/17,27.9919,28.1546,27.7966,27.7966,"2,975"
2408 南亞科,2015/9/16,28.3174,28.4801,27.699,27.699,"3,843"
2408 南亞科,2015/9/15,27.4386,28.0895,27.4386,27.9593,"4,096"
2408 南亞科,2015/9/14,28.4476,28.4476,27.3735,27.406,"3,510"
2408 南亞科,2015/9/11,28.708,28.8382,27.8617,28.2523,"3,632"
2408 南亞科,2015/9/10,28.3825,29.0985,28.3825,28.708,"3,833"
2408 南亞科,2015/9/9,29.0985,29.4891,28.8056,28.9358,"7,854"
2408 南亞科,2015/9/8,27.6664,27.9919,27.1456,27.9919,"4,180"
2408 南亞科,2015/9/7,27.2433,27.8942,27.048,27.4386,"5,683"
2408 南亞科,2015/9/4,28.8382,29.3915,27.2433,27.2433,"9,962"
2408 南亞科,2015/9/3,29.0335,29.6519,28.6429,28.7731,"15,049"
2408 南亞科,2015/9/2,25.9088,27.7966,25.7135,27.2758,"9,937"
2408 南亞科,2015/9/1,26.4621,27.1131,26.0715,26.2343,"6,690"
2408 南亞科,2015/8/31,26.0715,27.2433,25.8437,26.1366,"10,907"
2408 南亞科,2015/8/28,25.4856,26.8852,25.3554,26.039,"12,594"
2408 南亞科,2015/8/27,25.0625,25.2903,24.5417,24.5417,"6,362"
2408 南亞科,2015/8/26,25.9739,25.9739,24.4115,24.7696,"9,280"
2408 南亞科,2015/8/25,25.9739,26.3319,24.9323,25.9413,"10,496"
2408 南亞科,2015/8/24,26.6899,27.1456,25.2578,25.9739,"16,641"
2408 南亞科,2015/8/21,25.0951,26.4947,24.8347,25.388,"12,649"
2408 南亞科,2015/8/20,24.0535,25.2578,23.9559,25.2578,"5,031"
2408 南亞科,2015/8/19,24.6719,24.9323,23.6304,24.1837,"7,227"
2408 南亞科,2015/8/18,24.8672,25.5833,24.6068,25.3229,"6,286"
2408 南亞科,2015/8/17,26.0715,26.6899,24.2162,24.5092,"8,299"
2408 南亞科,2015/8/14,25.7135,27.5688,25.3229,26.8527,"11,752"
2408 南亞科,2015/8/13,24.021,25.9413,23.6955,25.9413,"9,611"
2408 南亞科,2015/8/12,22.4586,23.728,22.2633,23.5978,"6,424"
2408 南亞科,2015/8/11,23.4025,23.5653,22.2308,22.6539,"4,839"
2408 南亞科,2015/8/10,21.4822,23.6955,21.352,23.0445,"3,702"
2408 南亞科,2015/8/7,21.4822,21.8727,21.1241,21.7425,"2,048"
2408 南亞科,2015/8/6,21.4171,21.8076,20.8312,21.4822,"4,342"
2408 南亞科,2015/8/5,21.2218,21.9053,20.9614,21.8076,"4,626"
2408 南亞科,2015/8/4,22.7841,22.8492,20.7986,20.7986,"6,183"
2408 南亞科,2015/8/3,23.6629,23.7606,22.7516,22.7516,"8,093"
2408 南亞科,2015/7/31,22.068,22.2959,21.0916,22.2959,"5,603"
2408 南亞科,2015/7/30,21.6774,22.1006,21.6774,21.9378,"4,698"
2408 南亞科,2015/7/29,22.1331,22.4261,21.5472,21.5472,"6,553"
2408 南亞科,2015/7/28,20.3104,22.0355,20.3104,21.5798,"6,860"
2408 南亞科,2015/7/27,22.1331,22.2633,20.2778,20.2778,"6,042"
2408 南亞科,2015/7/24,22.361,22.9794,22.361,22.5237,"4,615"
2408 南亞科,2015/7/23,23.3049,23.5653,21.6123,22.1006,"8,614"
2408 南亞科,2015/7/22,23.8582,24.086,23.3049,23.7931,"6,609"
2408 南亞科,2015/7/21,22.8166,25.0625,22.7841,24.5417,"8,207"
2408 南亞科,2015/7/20,23.6955,23.8257,22.719,22.8166,"3,096"
2408 南亞科,2015/7/17,24.021,24.2488,23.4351,23.4351,"4,147"
2408 南亞科,2015/7/16,23.9559,24.2813,22.6539,23.6629,"9,834"
2408 南亞科,2015/7/15,26.5597,26.5597,23.9559,23.9559,"10,354"
2408 南亞科,2015/7/14,24.8672,26.9503,24.8672,26.5597,"11,319"
2408 南亞科,2015/7/13,25.0625,25.3229,24.4766,24.5743,"4,127"
2408 南亞科,2015/7/9,25.4205,25.5833,23.7606,24.4766,"6,646"
2408 南亞科,2015/7/8,26.3705,26.5874,25.3169,25.8437,"7,402"
2408 南亞科,2015/7/7,28.2607,28.6326,25.069,26.2465,"9,492"
2408 南亞科,2015/7/6,30.7707,30.9876,27.7959,27.8269,"5,096"
2408 南亞科,2015/7/3,31.7314,31.7314,30.7397,30.8327,"4,245"
2408 南亞科,2015/7/2,32.1652,32.599,31.2975,31.2975,"4,591"
2408 南亞科,2015/7/1,32.2891,32.537,31.7933,31.9173,"3,176"
2408 南亞科,2015/6/30,31.7314,32.2891,31.5454,32.0412,"3,869"
2408 南亞科,2015/6/29,34.2104,34.2104,32.0412,32.0412,"7,192"
2408 南亞科,2015/6/26,34.3963,35.8837,34.3963,35.5738,"3,263"
2408 南亞科,2015/6/25,35.3259,35.7597,34.5822,35.202,"2,061"
2408 南亞科,2015/6/24,36.1316,36.3795,34.4583,35.2639,"3,362"
2408 南亞科,2015/6/23,36.5654,36.8753,36.1316,36.1316,"1,725"
2408 南亞科,2015/6/22,37.0612,37.1232,35.9457,36.2556,"2,703"
2408 南亞科,2015/6/18,36.3175,37.1852,36.3175,36.6894,"1,828"
2408 南亞科,2015/6/17,37.4331,37.4951,35.8217,36.3175,"3,585"
2408 南亞科,2015/6/16,38.3007,38.6106,37.1852,37.4331,"3,367"
2408 南亞科,2015/6/15,39.3543,39.3543,38.6106,38.9825,984
2408 南亞科,2015/6/12,40.036,40.098,38.8585,39.0444,"1,453"
2408 南亞科,2015/6/11,40.222,40.222,39.5402,39.8501,"2,800"
2408 南亞科,2015/6/10,38.3627,39.8501,38.3627,39.8501,"2,457"
2408 南亞科,2015/6/9,38.9825,39.7262,37.9909,37.9909,"1,970"
2408 南亞科,2015/6/8,39.6642,40.4079,38.7346,39.7881,"1,966"
2408 南亞科,2015/6/5,39.6642,40.098,39.1684,39.6642,"4,093"
2408 南亞科,2015/6/4,41.2136,41.4615,39.9741,40.4699,"3,201"
2408 南亞科,2015/6/3,40.6558,41.9573,39.6022,41.5235,"5,542"
2408 南亞科,2015/6/2,40.4699,41.7094,40.4699,40.6558,"2,775"
2408 南亞科,2015/6/1,41.1516,41.1516,39.6642,40.4079,"4,290"
2408 南亞科,2015/5/29,41.8953,42.0193,41.2136,41.5235,"2,814"
2408 南亞科,2015/5/28,42.9489,43.5686,41.5235,41.5235,"6,601"
2408 南亞科,2015/5/27,41.7094,42.4531,41.3995,42.0812,"3,532"
2408 南亞科,2015/5/26,41.5854,42.2672,41.0896,41.9573,"3,606"
2408 南亞科,2015/5/25,41.4615,42.2052,41.2136,41.2755,"4,391"
2408 南亞科,2015/5/22,40.9037,43.1348,40.7797,42.3291,"8,493"
2408 南亞科,2015/5/21,39.4783,40.9037,39.0444,40.4079,"5,539"
2408 南亞科,2015/5/20,39.6642,40.3459,38.9825,39.7881,"9,317"
2408 南亞科,2015/5/19,36.5035,38.2388,36.5035,38.2388,"3,125"
2408 南亞科,2015/5/18,38.1148,38.1148,35.9457,36.4415,"3,518"
2408 南亞科,2015/5/15,38.5486,38.7965,38.1148,38.1768,"1,509"
2408 南亞科,2015/5/14,39.3543,39.3543,38.5486,38.5486,"3,210"
2408 南亞科,2015/5/13,37.557,39.2923,37.4331,38.6726,"6,600"
2408 南亞科,2015/5/12,36.7514,39.0444,36.3175,38.7346,"6,946"
2408 南亞科,2015/5/11,39.1064,39.2923,36.0696,36.5654,"4,201"
2408 南亞科,2015/5/8,38.9205,39.4163,38.1768,38.4867,"3,345"
2408 南亞科,2015/5/7,40.098,40.098,38.9205,39.1684,"3,412"
2408 南亞科,2015/5/6,39.6642,40.9037,39.3543,40.6558,"4,465"
2408 南亞科,2015/5/5,41.5235,42.1432,39.4163,39.9121,"5,079"
2408 南亞科,2015/5/4,42.8249,42.8249,42.0193,42.2672,"1,651"
2408 南亞科,2015/4/30,41.8333,42.5151,41.8333,42.5151,"2,679"
2408 南亞科,2015/4/29,42.701,42.701,41.2136,41.4615,"7,050"
2408 南亞科,2015/4/28,45.118,45.18,43.7546,44.2504,"2,115"
2408 南亞科,2015/4/27,45.056,45.6758,44.9321,45.118,"1,848"
2408 南亞科,2015/4/24,45.7997,45.8617,44.9321,45.056,"3,054"
2408 南亞科,2015/4/23,45.7997,46.2336,45.056,45.9857,"4,388"
2408 南亞科,2015/4/22,44.1884,45.5518,43.7546,45.4279,"3,140"
2408 南亞科,2015/4/21,43.8785,44.1264,43.6926,43.6926,"1,765"
2408 南亞科,2015/4/20,43.8165,44.2504,43.3827,43.6306,"2,141"
2408 南亞科,2015/4/17,43.5067,43.6926,43.1968,43.3827,"1,676"
2408 南亞科,2015/4/16,43.9405,44.3123,43.3207,43.5067,"2,329"
2408 南亞科,2015/4/15,44.9321,45.3659,43.8165,43.8165,"2,015"
2408 南亞科,2015/4/14,45.056,45.3039,44.4983,44.8081,"2,550"
2408 南亞科,2015/4/13,43.6926,45.4279,43.5686,45.056,"3,567"
2408 南亞科,2015/4/10,43.3207,44.0025,43.0728,43.3207,"2,936"
2408 南亞科,2015/4/9,44.4363,44.8701,42.701,42.701,"5,601"
2408 南亞科,2015/4/8,47.659,47.659,44.4363,44.4363,"6,348"
2408 南亞科,2015/4/7,48.2168,48.5267,47.721,47.721,"2,329"
2408 南亞科,2015/4/2,49.0844,49.3323,48.2788,48.2788,"2,472"
2408 南亞科,2015/4/1,48.9605,48.9605,48.4647,48.5267,"1,359"
2408 南亞科,2015/3/31,48.8985,48.9605,48.3407,48.9605,"2,505"
2408 南亞科,2015/3/30,48.7746,49.0844,48.0928,48.4027,"2,801"
2408 南亞科,2015/3/27,48.9605,49.1464,47.1632,48.4647,"4,088"
2408 南亞科,2015/3/26,48.3407,48.9605,48.0928,48.7746,"1,950"
2408 南亞科,2015/3/25,49.0225,49.0225,48.2168,48.6506,"2,502"
2408 南亞科,2015/3/24,48.8365,49.0844,48.5267,49.0225,"1,870"
2408 南亞科,2015/3/23,49.2704,49.3943,48.6506,48.6506,"3,456"
2408 南亞科,2015/3/20,48.7126,48.8365,47.9689,48.5267,"9,798"
2408 南亞科,2015/3/19,48.8365,49.1464,48.4027,48.4647,"4,031"
2408 南亞科,2015/3/18,47.721,48.5886,47.659,48.5886,"4,265"
2408 南亞科,2015/3/17,48.6506,48.6506,47.597,47.659,"3,665"
2408 南亞科,2015/3/16,48.7746,49.0225,48.0928,48.0928,"3,081"
2408 南亞科,2015/3/13,50.076,50.3859,48.5267,48.5267,"8,458"
2408 南亞科,2015/3/12,48.2168,49.5183,47.8449,49.2704,"5,257"
2408 南亞科,2015/3/11,46.9153,48.1548,46.8533,48.1548,"2,453"
2408 南亞科,2015/3/10,48.1548,48.4647,47.4731,47.659,"2,608"
2408 南亞科,2015/3/9,48.8985,49.2704,48.0309,48.0928,"3,016"
2408 南亞科,2015/3/6,49.4563,49.5802,48.7126,48.8985,"2,539"
2408 南亞科,2015/3/5,49.0844,49.8901,48.8365,49.2704,"6,742"
2408 南亞科,2015/3/4,48.8985,49.0844,48.4027,48.7126,"1,934"
2408 南亞科,2015/3/3,48.7126,49.4563,48.4027,49.2704,"3,741"
2408 南亞科,2015/3/2,48.5886,48.7126,47.9689,48.5267,"1,463"
2408 南亞科,2015/2/26,48.4647,48.6506,47.783,48.5886,"3,258"
2408 南亞科,2015/2/25,48.7126,49.8281,48.6506,49.0844,"6,191"
2408 南亞科,2015/2/24,48.8985,48.8985,48.0309,48.1548,"1,784"
2408 南亞科,2015/2/13,48.8365,48.8365,48.1548,48.2168,"1,602"
2408 南亞科,2015/2/12,48.0309,48.5886,47.8449,48.3407,"2,254"
2408 南亞科,2015/2/11,49.5183,49.5802,47.659,48.1548,"3,948"
2408 南亞科,2015/2/10,49.2084,49.3323,48.4647,48.5886,"2,599"
2408 南亞科,2015/2/9,48.8365,49.1464,48.3407,48.9605,"2,518"
2408 南亞科,2015/2/6,49.8901,50.076,48.9605,48.9605,"4,963"
2408 南亞科,2015/2/5,48.8365,49.7042,48.6506,49.2704,"12,967"
2408 南亞科,2015/2/4,47.4111,48.4027,47.4111,47.9069,"3,575"
2408 南亞科,2015/2/3,46.6054,47.4111,46.2955,46.9773,"3,364"
2408 南亞科,2015/2/2,47.0393,47.4731,46.1716,46.6674,"2,936"
2408 南亞科,2015/1/30,48.4027,48.4647,46.9773,47.2872,"3,615"
2408 南亞科,2015/1/29,47.4111,48.5267,47.0393,47.9689,"5,327"
2408 南亞科,2015/1/28,49.4563,49.7662,47.721,47.783,"11,748"
2408 南亞科,2015/1/27,49.8281,50.138,48.9605,49.4563,"5,002"
2408 南亞科,2015/1/26,48.9605,49.8281,48.9605,49.1464,"3,767"
2408 南亞科,2015/1/23,50.0141,50.4479,48.9605,48.9605,"6,197"
2408 南亞科,2015/1/22,48.6506,49.8281,47.9689,49.3943,"9,788"
2408 南亞科,2015/1/21,48.4027,49.3323,47.659,47.659,"11,702"
2408 南亞科,2015/1/20,44.4983,47.597,44.4983,47.597,"8,027"
2408 南亞科,2015/1/19,46.5435,46.6054,43.6926,44.4983,"6,794"
2408 南亞科,2015/1/16,46.9773,47.1632,46.1716,46.6054,"4,220"
2408 南亞科,2015/1/15,47.721,48.0309,46.9773,47.1632,"4,041"
2408 南亞科,2015/1/14,46.8533,48.0309,45.9237,47.9069,"8,711"
2408 南亞科,2015/1/13,47.9069,48.6506,47.2252,47.2252,"9,783"
2408 南亞科,2015/1/12,50.262,50.5718,48.5267,48.8365,"8,354"
2408 南亞科,2015/1/9,51.9353,51.9973,50.2,50.2,"9,031"
2408 南亞科,2015/1/8,50.0141,51.6254,50.0141,50.6958,"8,208"
2408 南亞科,2015/1/7,50.6958,51.1296,49.5802,49.9521,"12,483"
2408 南亞科,2015/1/6,53.5467,55.3439,50.8817,51.1916,"27,721"
2408 南亞科,2015/1/5,50.5718,53.6706,50.138,53.6706,"16,911"
