證券代碼,年月日,開盤價(元),最高價(元),最低價(元),收盤價(元),成交量(千股)
2454 聯發科,2015/1/5,261.1061,265.0795,261.1061,262.2414,"2,482"
2454 聯發科,2015/1/6,261.1061,262.2414,259.9709,259.9709,"5,925"
2454 聯發科,2015/1/7,265.6471,276.4319,264.7957,276.1481,"13,142"
2454 聯發科,2015/1/8,279.5538,280.6891,275.0129,275.2967,"8,682"
2454 聯發科,2015/1/9,279.27,280.9729,276.9995,276.9995,"7,745"
2454 聯發科,2015/1/12,278.1348,280.6891,276.1481,276.9995,"4,586"
2454 聯發科,2015/1/13,275.2967,276.9995,273.0262,274.1614,"4,420"
2454 聯發科,2015/1/14,277.2833,279.27,275.0129,276.9995,"7,120"
2454 聯發科,2015/1/15,276.9995,278.1348,274.4452,275.8643,"4,228"
2454 聯發科,2015/1/16,274.4452,275.5805,269.3366,269.9043,"5,550"
2454 聯發科,2015/1/19,273.8776,277.5672,272.1747,276.4319,"5,055"
2454 聯發科,2015/1/20,276.9995,278.1348,274.729,278.1348,"3,824"
2454 聯發科,2015/1/21,279.8376,280.9729,279.5538,280.1215,"5,342"
2454 聯發科,2015/1/22,281.5405,282.6758,278.9862,281.2567,"5,462"
2454 聯發科,2015/1/23,282.9596,283.811,278.9862,280.6891,"5,250"
2454 聯發科,2015/1/26,280.4053,286.6491,280.4053,286.0815,"6,909"
2454 聯發科,2015/1/27,286.0815,286.0815,282.9596,284.9462,"5,026"
2454 聯發科,2015/1/28,284.9462,286.0815,282.9596,284.9462,"2,763"
2454 聯發科,2015/1/29,282.1081,283.5272,279.8376,282.3919,"3,143"
2454 聯發科,2015/1/30,282.3919,282.6758,274.1614,274.1614,"7,517"
2454 聯發科,2015/2/2,277.5672,277.5672,272.4586,273.8776,"3,747"
2454 聯發科,2015/2/3,273.8776,277.5672,272.7424,275.2967,"3,275"
2454 聯發科,2015/2/4,279.27,280.1215,274.729,275.2967,"4,598"
2454 聯發科,2015/2/5,277.2833,278.9862,274.4452,275.2967,"4,330"
2454 聯發科,2015/2/6,276.4319,277.2833,270.1881,271.8909,"4,600"
2454 聯發科,2015/2/9,275.5805,278.1348,272.7424,276.9995,"5,251"
2454 聯發科,2015/2/10,257.7004,257.7004,257.7004,257.7004,"10,301"
2454 聯發科,2015/2/11,246.9156,258.268,246.3479,257.7004,"33,943"
2454 聯發科,2015/2/12,258.8356,260.2547,257.4166,259.9709,"8,420"
2454 聯發科,2015/2/13,259.9709,261.1061,258.8356,260.5385,"6,058"
2454 聯發科,2015/2/24,265.6471,268.4852,262.2414,266.7823,"16,722"
2454 聯發科,2015/2/25,268.4852,270.1881,267.0662,268.769,"5,802"
2454 聯發科,2015/2/26,270.1881,270.1881,267.0662,268.4852,"7,115"
2454 聯發科,2015/3/2,270.1881,270.7557,269.0528,270.7557,"5,540"
2454 聯發科,2015/3/3,271.8909,272.4586,268.4852,271.6071,"3,859"
2454 聯發科,2015/3/4,271.3233,272.4586,269.6205,269.9043,"4,154"
2454 聯發科,2015/3/5,271.3233,271.3233,269.3366,269.9043,"5,255"
2454 聯發科,2015/3/6,267.0662,268.4852,265.0795,267.0662,"8,090"
2454 聯發科,2015/3/9,263.9442,265.0795,260.5385,261.1061,"8,322"
2454 聯發科,2015/3/10,258.8356,262.5252,258.8356,261.1061,"7,335"
2454 聯發科,2015/3/11,258.268,259.6871,257.4166,257.4166,"6,216"
2454 聯發科,2015/3/12,255.1461,260.2547,254.8623,257.4166,"6,251"
2454 聯發科,2015/3/13,259.9709,259.9709,254.2947,254.2947,"6,118"
2454 聯發科,2015/3/16,252.308,253.1594,245.2127,245.2127,"13,745"
2454 聯發科,2015/3/17,244.0775,246.9156,241.807,244.0775,"13,175"
2454 聯發科,2015/3/18,245.7803,250.6051,245.2127,247.1994,"9,847"
2454 聯發科,2015/3/19,248.6184,250.0375,246.3479,246.3479,"6,417"
2454 聯發科,2015/3/20,244.0775,250.8889,244.0775,247.4832,"10,080"
2454 聯發科,2015/3/23,248.9022,250.3213,247.1994,248.9022,"7,076"
2454 聯發科,2015/3/24,250.3213,255.9975,249.1861,253.1594,"11,759"
2454 聯發科,2015/3/25,255.4299,257.1328,249.4699,251.4565,"9,007"
2454 聯發科,2015/3/26,246.9156,250.0375,245.2127,249.7537,"11,992"
2454 聯發科,2015/3/27,246.9156,248.0508,236.9822,237.8336,"15,619"
2454 聯發科,2015/3/30,239.2527,240.1041,235.8469,237.266,"9,180"
2454 聯發科,2015/3/31,241.2394,242.0908,238.4012,240.3879,"7,129"
2454 聯發科,2015/4/1,241.807,241.807,236.4146,238.1174,"5,410"
2454 聯發科,2015/4/2,237.5498,238.9689,232.1574,233.8603,"10,015"
2454 聯發科,2015/4/7,233.8603,239.8203,233.8603,238.9689,"14,746"
2454 聯發科,2015/4/8,242.0908,242.0908,237.266,238.9689,"8,154"
2454 聯發科,2015/4/9,241.807,242.6584,238.9689,239.5365,"6,217"
2454 聯發科,2015/4/10,243.5098,243.5098,238.4012,239.2527,"7,576"
2454 聯發科,2015/4/13,238.4012,239.5365,237.266,238.1174,"4,214"
2454 聯發科,2015/4/14,238.4012,238.6851,234.9955,235.5631,"8,334"
2454 聯發科,2015/4/15,232.725,233.2926,226.1974,226.1974,"14,709"
2454 聯發科,2015/4/16,227.6164,232.4412,227.6164,232.1574,"15,694"
2454 聯發科,2015/4/17,229.3193,230.4545,227.3326,227.6164,"8,433"
2454 聯發科,2015/4/20,225.3459,227.6164,221.3726,221.3726,"9,906"
2454 聯發科,2015/4/21,221.9402,225.0621,221.9402,221.9402,"8,698"
2454 聯發科,2015/4/22,223.0754,229.3193,223.0754,228.184,"9,605"
2454 聯發科,2015/4/23,229.3193,231.306,228.184,228.7517,"7,141"
2454 聯發科,2015/4/24,230.4545,242.0908,230.4545,237.8336,"15,978"
2454 聯發科,2015/4/27,237.8336,240.6717,232.725,233.0088,"7,463"
2454 聯發科,2015/4/28,235.5631,235.5631,226.1974,226.4812,"10,064"
2454 聯發科,2015/4/29,227.6164,230.4545,227.0488,227.3326,"5,136"
2454 聯發科,2015/4/30,224.2107,226.765,223.3593,224.2107,"9,247"
2454 聯發科,2015/5/4,210.5878,218.5345,210.5878,215.6964,"17,071"
2454 聯發科,2015/5/5,214.5611,217.3992,210.5878,212.5744,"9,648"
2454 聯發科,2015/5/6,211.723,213.9935,208.8849,210.0201,"8,690"
2454 聯發科,2015/5/7,209.4525,210.8716,207.7497,209.1687,"9,283"
2454 聯發科,2015/5/8,209.4525,215.4125,209.4525,213.7097,"8,515"
2454 聯發科,2015/5/11,216.8316,216.8316,210.0201,210.0201,"6,205"
2454 聯發科,2015/5/12,211.723,212.8583,210.5878,210.8716,"5,826"
2454 聯發科,2015/5/13,215.1287,225.6297,213.4259,225.6297,"15,217"
2454 聯發科,2015/5/14,225.6297,228.184,223.0754,223.0754,"12,642"
2454 聯發科,2015/5/15,225.9136,228.7517,221.3726,221.3726,"5,322"
2454 聯發科,2015/5/18,221.3726,226.765,220.2373,222.224,"7,039"
2454 聯發科,2015/5/19,222.5078,224.2107,220.2373,222.5078,"6,497"
2454 聯發科,2015/5/20,224.2107,227.9002,224.2107,226.765,"8,336"
2454 聯發科,2015/5/21,225.0621,229.0355,224.7783,227.0488,"7,315"
2454 聯發科,2015/5/22,229.8869,233.8603,228.7517,232.725,"8,993"
2454 聯發科,2015/5/25,230.1707,232.1574,225.0621,225.6297,"6,774"
2454 聯發科,2015/5/26,227.6164,228.7517,225.9136,226.765,"3,161"
2454 聯發科,2015/5/27,226.765,228.7517,226.765,227.0488,"4,852"
2454 聯發科,2015/5/28,232.725,233.8603,230.4545,232.1574,"9,060"
2454 聯發科,2015/5/29,232.725,235.2793,232.725,235.2793,"11,101"
2454 聯發科,2015/6/1,237.266,237.266,231.0222,232.725,"5,005"
2454 聯發科,2015/6/2,234.1441,235.2793,231.5898,232.725,"5,387"
2454 聯發科,2015/6/3,233.2926,235.8469,232.4412,232.725,"3,685"
2454 聯發科,2015/6/4,232.725,232.725,228.7517,228.7517,"6,034"
2454 聯發科,2015/6/5,228.184,229.0355,225.9136,227.3326,"5,625"
2454 聯發科,2015/6/8,227.0488,228.7517,224.7783,227.3326,"3,259"
2454 聯發科,2015/6/9,228.184,232.1574,227.6164,227.9002,"3,635"
2454 聯發科,2015/6/10,229.8869,232.1574,228.7517,229.0355,"4,823"
2454 聯發科,2015/6/11,229.6031,231.0222,227.6164,229.0355,"4,208"
2454 聯發科,2015/6/12,230.7383,237.266,229.6031,236.1308,"7,337"
2454 聯發科,2015/6/15,237.266,238.1174,231.306,232.1574,"5,757"
2454 聯發科,2015/6/16,233.5765,236.4146,233.2926,234.1441,"4,689"
2454 聯發科,2015/6/17,235.8469,241.2394,234.4279,240.9555,"9,588"
2454 聯發科,2015/6/18,240.1041,240.9555,238.4012,239.8203,"4,941"
2454 聯發科,2015/6/22,241.2394,247.4832,241.2394,246.3479,"8,138"
2454 聯發科,2015/6/23,248.3346,249.4699,241.807,241.807,"6,771"
2454 聯發科,2015/6/24,241.2394,241.5232,238.6851,239.2527,"5,274"
2454 聯發科,2015/6/25,239.5365,245.4965,239.5365,245.4965,"5,948"
2454 聯發科,2015/6/26,242.9422,244.6451,239.5365,241.2394,"6,264"
2454 聯發科,2015/6/29,238.4012,242.6584,238.4012,241.807,"5,107"
2454 聯發科,2015/6/30,241.8073,241.8073,238.9692,239.5368,"4,476"
2454 聯發科,2015/7/1,240.672,244.0778,240.672,242.6587,"4,028"
2454 聯發科,2015/7/2,240.9559,242.3749,238.9692,238.9692,"4,624"
2454 聯發科,2015/7/3,238.4016,241.8073,237.5501,241.8073,"5,004"
2454 聯發科,2015/7/6,238.9692,240.9559,237.8339,237.8339,"3,567"
2454 聯發科,2015/7/7,237.2663,239.5368,234.712,237.2663,"5,645"
2454 聯發科,2015/7/8,235.2796,235.5634,227.0491,228.752,"11,558"
2454 聯發科,2015/7/9,221.3729,228.1843,219.67,227.0491,"13,759"
2454 聯發科,2015/7/13,221.9405,227.0491,221.9405,225.9139,"8,055"
2454 聯發科,2015/7/14,224.7786,227.0491,220.8052,220.8052,"12,372"
2454 聯發科,2015/7/15,225.9192,227.1225,223.8134,224.4151,"9,519"
2454 聯發科,2015/7/16,225.0167,225.9192,220.2035,222.0085,"6,978"
2454 聯發科,2015/7/17,222.0085,222.3093,218.0978,219.6019,"6,857"
2454 聯發科,2015/7/20,219.9027,220.5044,202.1541,208.4714,"16,709"
2454 聯發科,2015/7/21,206.0648,214.7887,206.0648,214.7887,"7,237"
2454 聯發科,2015/7/22,211.1788,212.9837,209.3739,210.878,"5,982"
2454 聯發科,2015/7/23,210.878,212.0813,203.6582,205.764,"8,560"
2454 聯發科,2015/7/24,204.5607,205.764,196.1376,196.1376,"11,200"
2454 聯發科,2015/7/27,196.1376,200.6499,191.0236,191.0236,"10,714"
2454 聯發科,2015/7/28,192.5277,197.3409,192.5277,193.4302,"8,135"
2454 聯發科,2015/7/29,193.731,197.9425,193.1293,194.0318,"6,267"
2454 聯發科,2015/7/30,199.1458,200.3491,195.5359,196.7392,"8,072"
2454 聯發科,2015/7/31,196.7392,199.7475,193.731,199.7475,"7,589"
2454 聯發科,2015/8/3,179.8931,179.8931,179.8931,179.8931,"5,081"
2454 聯發科,2015/8/4,165.4535,172.6733,164.8518,168.4617,"27,240"
2454 聯發科,2015/8/5,172.9741,172.9741,161.2419,162.4452,"16,904"
2454 聯發科,2015/8/6,165.4535,167.2584,161.5428,165.4535,"10,716"
2454 聯發科,2015/8/7,164.2502,169.9658,160.6403,167.2584,"9,814"
2454 聯發科,2015/8/10,168.7625,175.3807,165.4535,173.2749,"10,390"
2454 聯發科,2015/8/11,178.0881,178.9906,170.8683,170.8683,"8,949"
2454 聯發科,2015/8/12,171.47,172.3724,166.0551,168.4617,"12,062"
2454 聯發科,2015/8/13,168.4617,170.2667,166.6568,168.1609,"8,411"
2454 聯發科,2015/8/14,168.4617,168.4617,159.437,162.4452,"17,730"
2454 聯發科,2015/8/17,161.2419,161.2419,158.2337,159.437,"9,130"
2454 聯發科,2015/8/18,160.6403,163.3477,160.3395,160.6403,"5,001"
2454 聯發科,2015/8/19,159.7378,160.9411,157.0304,157.0304,"14,079"
2454 聯發科,2015/8/20,156.4287,158.2337,152.8188,156.4287,"14,039"
2454 聯發科,2015/8/21,153.1197,154.6238,151.6155,152.8188,"12,198"
2454 聯發科,2015/8/24,150.4123,150.4123,137.7776,137.7776,"13,880"
2454 聯發科,2015/8/25,137.176,144.3958,136.5743,141.3875,"21,673"
2454 聯發科,2015/8/26,140.1842,140.7859,136.5743,138.0784,"16,419"
2454 聯發科,2015/8/27,141.6883,143.1925,137.176,138.3793,"20,533"
2454 聯發科,2015/8/28,146.2007,152.2172,144.9974,152.2172,"20,489"
2454 聯發科,2015/8/31,153.4205,154.0221,148.3065,151.0139,"13,381"
2454 聯發科,2015/9/1,149.5098,150.1114,144.0949,147.404,"10,406"
2454 聯發科,2015/9/2,145.8999,147.404,144.6966,146.2007,"8,966"
2454 聯發科,2015/9/3,146.2007,149.209,144.9974,145.5991,"6,755"
2454 聯發科,2015/9/4,145.5991,152.8188,145.5991,145.5991,"13,928"
2454 聯發科,2015/9/7,145.5991,149.5098,145.5991,148.3065,"7,497"
2454 聯發科,2015/9/8,150.4123,154.9246,150.4123,153.4205,"11,808"
2454 聯發科,2015/9/9,157.0304,168.7625,156.4287,168.4617,"15,644"
2454 聯發科,2015/9/10,165.1527,166.6568,162.4452,164.2502,"10,371"
2454 聯發科,2015/9/11,164.2502,170.5675,164.2502,166.6568,"10,357"
2454 聯發科,2015/9/14,169.9658,170.2667,165.4535,166.6568,"5,042"
2454 聯發科,2015/9/15,166.0551,166.6568,162.4452,163.0469,"4,329"
2454 聯發科,2015/9/16,165.7543,166.3559,163.6485,166.0551,"6,426"
2454 聯發科,2015/9/17,169.3642,170.5675,166.6568,166.6568,"6,720"
2454 聯發科,2015/9/18,168.4617,168.7625,166.6568,167.5592,"5,514"
2454 聯發科,2015/9/21,165.4535,165.4535,157.9329,158.5345,"13,096"
2454 聯發科,2015/9/22,156.4287,157.9329,154.0221,156.4287,"12,145"
2454 聯發科,2015/9/23,153.4205,153.7213,149.209,151.0139,"14,261"
2454 聯發科,2015/9/24,151.0139,152.2172,141.9892,141.9892,"20,323"
2454 聯發科,2015/9/25,141.0867,144.9974,140.485,142.5908,"11,640"
2454 聯發科,2015/9/30,138.9809,147.7048,138.6801,146.5015,"16,386"
2454 聯發科,2015/10/1,149.209,152.2172,148.3065,150.7131,"10,800"
2454 聯發科,2015/10/2,150.7131,151.6155,148.9081,150.1114,"7,736"
2454 聯發科,2015/10/5,150.1114,150.4123,145.5991,146.2007,"11,319"
2454 聯發科,2015/10/6,148.6073,149.8106,146.8024,147.404,"12,375"
2454 聯發科,2015/10/7,148.9081,155.2254,148.0057,155.2254,"15,636"
2454 聯發科,2015/10/8,159.1362,161.2419,157.632,159.7378,"16,739"
2454 聯發科,2015/10/12,161.8436,163.3477,158.8353,160.3395,"10,061"
2454 聯發科,2015/10/13,162.4452,166.9576,160.9411,166.6568,"15,217"
2454 聯發科,2015/10/14,166.6568,166.6568,163.3477,163.9494,"7,257"
2454 聯發科,2015/10/15,165.1527,166.6568,163.3477,166.0551,"7,426"
2454 聯發科,2015/10/16,166.3559,166.3559,163.6485,166.0551,"8,221"
2454 聯發科,2015/10/19,167.2584,167.5592,163.9494,164.8518,"4,833"
2454 聯發科,2015/10/20,166.0551,166.3559,163.9494,165.4535,"5,048"
2454 聯發科,2015/10/21,165.4535,165.7543,158.2337,159.1362,"10,963"
2454 聯發科,2015/10/22,157.0304,162.4452,157.0304,160.6403,"9,367"
2454 聯發科,2015/10/23,163.9494,163.9494,160.0386,160.6403,"11,031"
2454 聯發科,2015/10/26,161.8436,163.9494,161.2419,163.3477,"5,655"
2454 聯發科,2015/10/27,160.9411,161.5428,158.5345,159.1362,"7,147"
2454 聯發科,2015/10/28,158.2337,159.1362,151.6155,154.0221,"16,486"
2454 聯發科,2015/10/29,155.8271,155.8271,151.9164,152.2172,"6,708"
2454 聯發科,2015/10/30,151.6155,155.5263,150.1114,153.1197,"7,095"
2454 聯發科,2015/11/2,156.1279,163.0469,156.1279,162.4452,"18,194"
2454 聯發科,2015/11/3,165.4535,167.8601,164.551,166.0551,"17,531"
2454 聯發科,2015/11/4,170.2667,182.6005,169.0634,181.9988,"29,666"
2454 聯發科,2015/11/5,184.7062,184.7062,177.7873,178.6898,"10,909"
2454 聯發科,2015/11/6,178.6898,178.6898,173.2749,173.2749,"14,514"
2454 聯發科,2015/11/9,173.2749,176.2832,170.8683,172.0716,"8,430"
2454 聯發科,2015/11/10,169.9658,175.9823,169.9658,171.7708,"10,294"
2454 聯發科,2015/11/11,171.7708,173.2749,164.8518,165.4535,"10,980"
2454 聯發科,2015/11/12,165.4535,167.2584,159.437,163.6485,"8,874"
2454 聯發科,2015/11/13,163.3477,166.9576,159.437,159.7378,"10,011"
2454 聯發科,2015/11/16,159.437,163.9494,157.9329,162.7461,"7,885"
2454 聯發科,2015/11/17,164.8518,165.1527,159.437,159.7378,"9,340"
2454 聯發科,2015/11/18,158.2337,159.437,154.6238,155.2254,"9,540"
2454 聯發科,2015/11/19,155.2254,159.437,154.0221,159.437,"8,403"
2454 聯發科,2015/11/20,157.632,159.1362,156.4287,157.3312,"4,693"
2454 聯發科,2015/11/23,158.8353,165.4535,156.4287,165.4535,"13,269"
2454 聯發科,2015/11/24,166.0551,167.5592,160.9411,161.2419,"10,339"
2454 聯發科,2015/11/25,163.0469,164.8518,157.9329,157.9329,"9,438"
2454 聯發科,2015/11/26,161.2419,164.8518,159.7378,164.8518,"10,608"
2454 聯發科,2015/11/27,164.2502,164.551,160.3395,160.6403,"5,566"
2454 聯發科,2015/11/30,158.2337,159.1362,154.6238,156.7296,"12,207"
2454 聯發科,2015/12/1,157.0304,158.8353,154.0221,157.0304,"14,049"
2454 聯發科,2015/12/2,158.2337,163.0469,157.9329,161.8436,"11,859"
2454 聯發科,2015/12/3,160.6403,165.4535,160.3395,164.8518,"9,726"
2454 聯發科,2015/12/4,162.4452,163.0469,160.6403,161.8436,"5,575"
2454 聯發科,2015/12/7,163.3477,165.4535,163.0469,165.4535,"7,404"
2454 聯發科,2015/12/8,164.8518,165.4535,161.8436,162.4452,"6,749"
2454 聯發科,2015/12/9,162.7461,163.3477,158.8353,158.8353,"5,268"
2454 聯發科,2015/12/10,156.4287,158.2337,155.5263,156.4287,"6,584"
2454 聯發科,2015/12/11,157.0304,158.8353,154.9246,154.9246,"5,573"
2454 聯發科,2015/12/14,155.8271,156.4287,152.2172,153.4205,"5,033"
2454 聯發科,2015/12/15,153.7213,157.632,153.7213,155.8271,"6,228"
2454 聯發科,2015/12/16,153.4205,154.6238,150.4123,152.2172,"9,802"
2454 聯發科,2015/12/17,153.1197,156.7296,152.518,155.8271,"5,393"
2454 聯發科,2015/12/18,155.5263,156.4287,154.0221,155.8271,"5,525"
2454 聯發科,2015/12/21,152.8188,154.323,152.2172,152.8188,"6,929"
2454 聯發科,2015/12/22,155.2254,160.9411,155.2254,156.7296,"8,715"
2454 聯發科,2015/12/23,156.7296,157.9329,154.6238,154.6238,"4,946"
2454 聯發科,2015/12/24,155.8271,156.7296,153.1197,153.1197,"3,318"
2454 聯發科,2015/12/25,153.1197,154.6238,153.1197,154.323,"1,985"
2454 聯發科,2015/12/28,155.2254,157.0304,154.9246,156.1279,"2,643"
2454 聯發科,2015/12/29,154.0221,154.0221,149.209,150.4123,"14,312"
2454 聯發科,2015/12/30,150.4123,151.0139,148.3065,149.5098,"7,931"
2454 聯發科,2015/12/31,150.4123,151.0139,149.8106,150.4123,"3,143"
2454 聯發科,2016/1/4,151.0139,151.6155,147.404,147.404,"5,433"
2454 聯發科,2016/1/5,147.404,148.6073,145.5991,145.8999,"4,992"
2454 聯發科,2016/1/6,145.5991,145.8999,132.3628,136.5743,"18,471"
2454 聯發科,2016/1/7,135.6718,135.9727,123.338,123.9397,"21,538"
2454 聯發科,2016/1/8,121.5331,130.5578,121.5331,128.4521,"15,267"
2454 聯發科,2016/1/11,125.7446,126.6471,122.4356,125.7446,"10,917"
2454 聯發科,2016/1/12,126.3463,127.2488,122.1347,124.2405,"9,110"
2454 聯發科,2016/1/13,126.3463,126.6471,122.7364,124.2405,"10,219"
2454 聯發科,2016/1/14,121.2323,125.143,117.6224,125.143,"14,232"
2454 聯發科,2016/1/15,126.3463,127.5496,120.6306,123.338,"10,866"
2454 聯發科,2016/1/18,120.9314,127.2488,120.3298,126.3463,"7,493"
2454 聯發科,2016/1/19,126.3463,133.2653,125.7446,130.257,"10,318"
2454 聯發科,2016/1/20,129.6554,129.6554,126.3463,126.3463,"7,062"
2454 聯發科,2016/1/21,128.1512,128.7529,126.0455,126.3463,"5,104"
2454 聯發科,2016/1/22,128.4521,129.6554,127.2488,127.5496,"4,309"
2454 聯發科,2016/1/25,129.9562,130.5578,128.7529,129.0537,"3,730"
2454 聯發科,2016/1/26,126.9479,127.5496,124.8422,125.7446,"5,491"
2454 聯發科,2016/1/27,126.9479,127.8504,126.3463,126.9479,"2,178"
2454 聯發科,2016/1/28,125.143,127.2488,124.8422,125.143,"7,238"
2454 聯發科,2016/1/29,124.2405,129.3545,121.2323,128.7529,"13,311"
2454 聯發科,2016/1/30,128.1512,132.9644,127.5496,130.8587,"6,247"
2454 聯發科,2016/2/1,130.257,130.257,126.0455,126.3463,"9,398"
2454 聯發科,2016/2/2,116.7199,128.7529,116.4191,127.5496,"19,720"
2454 聯發科,2016/2/3,124.2405,125.4438,120.3298,120.3298,"15,642"
2454 聯發科,2016/2/15,122.1347,125.143,121.8339,123.6389,"9,836"
2454 聯發科,2016/2/16,125.4438,128.1512,124.5413,127.2488,"10,086"
2454 聯發科,2016/2/17,128.4521,129.3545,126.3463,126.3463,"8,867"
2454 聯發科,2016/2/18,128.7529,132.3628,128.1512,132.3628,"10,877"
2454 聯發科,2016/2/19,133.5661,134.1677,131.1595,132.6636,"5,659"
2454 聯發科,2016/2/22,133.8669,138.6801,133.2653,137.7776,"10,820"
2454 聯發科,2016/2/23,139.2817,139.5826,137.176,138.9809,"8,327"
2454 聯發科,2016/2/24,138.3793,138.3793,135.9727,136.5743,"5,333"
2454 聯發科,2016/2/25,138.3793,141.3875,137.7776,141.0867,"7,733"
2454 聯發科,2016/2/26,140.7859,142.8916,139.8834,141.9892,"6,121"
2454 聯發科,2016/3/1,140.485,141.0867,138.6801,139.8834,"5,050"
2454 聯發科,2016/3/2,141.6883,141.9892,140.485,140.7859,"4,606"
2454 聯發科,2016/3/3,142.29,146.2007,142.29,144.3958,"8,713"
2454 聯發科,2016/3/4,144.9974,144.9974,142.8916,144.3958,"3,850"
2454 聯發科,2016/3/7,145.5991,146.2007,140.7859,141.3875,"4,555"
2454 聯發科,2016/3/8,141.9892,143.4933,138.9809,141.3875,"4,603"
2454 聯發科,2016/3/9,140.1842,143.4933,138.3793,143.4933,"5,821"
2454 聯發科,2016/3/10,143.4933,143.7941,139.8834,139.8834,"5,216"
2454 聯發科,2016/3/11,141.0867,145.5991,140.7859,144.9974,"7,365"
2454 聯發科,2016/3/14,147.404,158.2337,147.404,156.4287,"17,235"
2454 聯發科,2016/3/15,158.2337,159.437,148.6073,149.209,"13,554"
2454 聯發科,2016/3/16,150.7131,153.7213,150.4123,151.9164,"6,032"
2454 聯發科,2016/3/17,155.2254,156.4287,151.6155,151.9164,"10,132"
2454 聯發科,2016/3/18,152.8188,155.2254,152.2172,155.2254,"7,898"
2454 聯發科,2016/3/21,154.0221,154.6238,152.518,154.6238,"4,735"
2454 聯發科,2016/3/22,154.323,154.323,146.5015,149.209,"7,913"
2454 聯發科,2016/3/23,147.1032,150.1114,144.3958,146.5015,"6,245"
2454 聯發科,2016/3/24,146.5015,148.9081,145.8999,148.0057,"4,211"
2454 聯發科,2016/3/25,148.9081,148.9081,146.2007,146.5015,"1,811"
2454 聯發科,2016/3/28,146.5015,146.8024,143.1925,144.3958,"3,155"
2454 聯發科,2016/3/29,144.0949,149.209,144.0949,146.8024,"3,931"
2454 聯發科,2016/3/30,148.6073,151.6155,148.0057,150.1114,"8,415"
2454 聯發科,2016/3/31,151.0139,151.3147,146.5015,148.6073,"6,203"
2454 聯發科,2016/4/1,145.5991,146.8024,143.7941,144.9974,"5,931"
2454 聯發科,2016/4/6,143.1925,143.4933,138.9809,138.9809,"8,660"
2454 聯發科,2016/4/7,139.8834,142.5908,137.7776,137.7776,"8,560"
2454 聯發科,2016/4/8,137.176,139.2817,137.176,138.0784,"5,118"
2454 聯發科,2016/4/11,140.1842,141.0867,138.3793,139.5826,"6,200"
2454 聯發科,2016/4/12,140.1842,140.7859,133.2653,133.5661,"6,549"
2454 聯發科,2016/4/13,135.371,137.176,134.7694,135.6718,"6,723"
2454 聯發科,2016/4/14,139.5826,140.7859,137.7776,138.9809,"6,593"
2454 聯發科,2016/4/15,140.1842,141.6883,139.8834,140.7859,"5,936"
2454 聯發科,2016/4/18,141.9892,141.9892,138.6801,141.0867,"2,760"
2454 聯發科,2016/4/19,142.5908,143.1925,139.5826,139.8834,"3,029"
2454 聯發科,2016/4/20,141.6883,142.5908,139.2817,139.5826,"4,687"
2454 聯發科,2016/4/21,140.7859,141.9892,139.2817,140.7859,"3,107"
2454 聯發科,2016/4/22,141.0867,141.3875,137.176,138.3793,"3,516"
2454 聯發科,2016/4/25,138.3793,138.6801,134.7694,137.176,"3,635"
2454 聯發科,2016/4/26,138.3793,142.8916,138.3793,142.29,"12,996"
2454 聯發科,2016/4/27,142.5908,148.0057,141.0867,145.5991,"11,237"
2454 聯發科,2016/4/28,147.404,147.404,141.9892,141.9892,"6,534"
2454 聯發科,2016/4/29,140.7859,140.7859,138.0784,138.3793,"5,802"
2454 聯發科,2016/5/3,125.143,129.0537,125.143,126.9479,"19,756"
2454 聯發科,2016/5/4,126.3463,126.9479,120.3298,121.2323,"17,249"
2454 聯發科,2016/5/5,120.9314,123.6389,120.3298,122.1347,"7,930"
2454 聯發科,2016/5/6,120.6306,120.9314,115.5166,115.5166,"24,447"
2454 聯發科,2016/5/9,118.224,121.2323,117.9232,117.9232,"15,410"
2454 聯發科,2016/5/10,119.7282,122.7364,118.5249,122.7364,"9,150"
2454 聯發科,2016/5/11,123.9397,125.143,120.3298,120.3298,"6,371"
2454 聯發科,2016/5/12,120.6306,122.1347,120.3298,120.3298,"3,731"
2454 聯發科,2016/5/13,120.3298,120.3298,120.3298,120.3298,0
2454 聯發科,2016/5/16,125.7446,126.0455,121.2323,121.2323,"10,109"
2454 聯發科,2016/5/17,122.4356,122.4356,120.3298,121.8339,"5,026"
2454 聯發科,2016/5/18,120.9314,122.7364,120.6306,122.4356,"4,367"
2454 聯發科,2016/5/19,122.7364,123.0372,120.3298,120.3298,"4,046"
2454 聯發科,2016/5/20,121.2323,122.4356,120.3298,121.5331,"4,008"
2454 聯發科,2016/5/23,122.7364,127.5496,122.1347,126.3463,"8,726"
2454 聯發科,2016/5/24,127.5496,128.1512,125.143,125.7446,"5,255"
2454 聯發科,2016/5/25,128.1512,128.7529,126.6471,126.9479,"4,690"
2454 聯發科,2016/5/26,128.4521,129.9562,127.2488,128.7529,"8,012"
2454 聯發科,2016/5/27,129.9562,130.257,127.2488,127.8504,"4,502"
2454 聯發科,2016/5/30,128.1512,132.062,128.1512,130.257,"7,976"
2454 聯發科,2016/5/31,133.2653,135.371,131.1595,132.3628,"17,297"
2454 聯發科,2016/6/1,132.3628,134.1677,132.062,133.5661,"4,865"
2454 聯發科,2016/6/2,135.371,135.6718,129.0537,129.3545,"11,634"
2454 聯發科,2016/6/3,129.9562,131.7611,129.9562,131.7611,"5,387"
2454 聯發科,2016/6/4,133.5661,135.371,133.2653,135.371,"4,371"
2454 聯發科,2016/6/6,136.5743,139.5826,136.5743,138.0784,"14,882"
2454 聯發科,2016/6/7,141.9892,142.5908,138.9809,140.1842,"14,644"
2454 聯發科,2016/6/8,141.3875,141.6883,137.176,138.3793,"12,441"
2454 聯發科,2016/6/13,135.6718,136.5743,132.3628,132.3628,"11,439"
2454 聯發科,2016/6/14,132.3628,136.5743,131.4603,135.371,"11,783"
2454 聯發科,2016/6/15,135.371,139.5826,135.371,138.6801,"9,255"
2454 聯發科,2016/6/16,138.9809,138.9809,135.9727,135.9727,"6,759"
2454 聯發科,2016/6/17,137.176,137.7776,136.2735,136.5743,"7,349"
2454 聯發科,2016/6/20,138.0784,138.0784,136.2735,136.8751,"4,123"
2454 聯發科,2016/6/21,137.4768,139.2817,136.8751,138.0784,"6,924"
2454 聯發科,2016/6/22,139.5826,139.5826,137.4768,137.7776,"4,725"
2454 聯發科,2016/6/23,137.7776,138.0784,136.5743,137.176,"2,401"
2454 聯發科,2016/6/24,137.4768,137.7776,131.1595,134.4686,"9,073"
2454 聯發科,2016/6/27,134.4686,137.7776,133.5661,136.2735,"4,503"
2454 聯發科,2016/6/28,134.4686,137.7776,133.2653,137.7776,"7,859"
2454 聯發科,2016/6/29,138.3793,145.2982,137.7776,142.8916,"15,065"
2454 聯發科,2016/6/30,145.8999,147.1032,144.3958,146.8024,"27,524"
2454 聯發科,2016/7/1,148.3065,148.9081,146.2007,147.404,"14,763"
2454 聯發科,2016/7/4,147.7048,154.6238,147.7048,153.7213,"20,359"
2454 聯發科,2016/7/5,152.8188,152.8188,147.404,147.404,"13,668"
2454 聯發科,2016/7/6,144.3958,145.5991,142.5908,142.5908,"10,665"
2454 聯發科,2016/7/7,144.0949,145.2982,142.8916,143.1925,"5,147"
2454 聯發科,2016/7/11,148.6073,148.9081,146.8024,148.6073,"10,418"
2454 聯發科,2016/7/12,149.8106,150.7131,148.9081,149.209,"9,583"
2454 聯發科,2016/7/13,150.4123,150.4123,147.7048,148.6073,"6,494"
2454 聯發科,2016/7/14,148.9081,148.9081,147.404,148.0057,"13,366"
2454 聯發科,2016/7/15,149.2652,151.1546,148.6354,150.8397,"13,681"
2454 聯發科,2016/7/18,151.4695,152.0994,150.2099,151.1546,"5,042"
2454 聯發科,2016/7/19,151.7845,151.7845,149.895,151.1546,"4,957"
2454 聯發科,2016/7/20,150.5248,150.5248,148.6354,149.895,"7,437"
2454 聯發科,2016/7/21,150.8397,151.4695,147.6907,148.3205,"8,849"
2454 聯發科,2016/7/22,149.5801,149.895,148.0056,148.6354,"5,210"
2454 聯發科,2016/7/25,149.895,150.2099,147.6907,148.6354,"3,319"
2454 聯發科,2016/7/26,148.3205,151.7845,147.3758,151.7845,"8,598"
2454 聯發科,2016/7/27,154.9335,154.9335,150.5248,151.1546,"14,638"
2454 聯發科,2016/7/28,151.1546,153.6739,149.895,153.6739,"6,181"
2454 聯發科,2016/7/29,154.3037,154.9335,152.4143,153.359,"6,496"
2454 聯發科,2016/8/1,154.6186,157.1378,153.359,156.8229,"8,144"
2454 聯發科,2016/8/2,157.1378,158.0826,155.5633,157.4528,"8,945"
2454 聯發科,2016/8/3,154.9335,156.8229,154.6186,156.8229,"5,679"
2454 聯發科,2016/8/4,158.0826,158.0826,150.8397,152.7292,"15,110"
2454 聯發科,2016/8/5,152.7292,156.8229,152.7292,156.8229,"8,370"
2454 聯發科,2016/8/8,158.0826,158.0826,156.1931,156.508,"5,774"
2454 聯發科,2016/8/9,157.1378,157.4528,156.1931,157.4528,"3,956"
2454 聯發科,2016/8/10,158.0826,158.0826,156.508,157.4528,"3,071"
2454 聯發科,2016/8/11,157.7677,157.7677,154.3037,156.508,"3,901"
2454 聯發科,2016/8/12,157.4528,158.0826,155.8782,156.8229,"3,003"
2454 聯發科,2016/8/15,157.4528,157.7677,155.8782,156.8229,"2,513"
2454 聯發科,2016/8/16,157.1378,157.1378,154.6186,157.1378,"3,814"
2454 聯發科,2016/8/17,157.1378,159.6571,156.8229,157.7677,"9,588"
2454 聯發科,2016/8/18,158.0826,158.7124,156.8229,157.4528,"3,926"
2454 聯發科,2016/8/19,157.4528,157.4528,154.3037,154.3037,"5,366"
2454 聯發科,2016/8/22,154.3037,156.1931,152.4143,152.4143,"5,102"
2454 聯發科,2016/8/23,152.7292,154.6186,152.7292,152.7292,"3,958"
2454 聯發科,2016/8/24,153.6739,154.6186,151.7845,151.7845,"4,260"
2454 聯發科,2016/8/25,152.4143,153.6739,152.0994,153.6739,"4,833"
2454 聯發科,2016/8/26,153.9888,154.3037,152.4143,153.359,"3,873"
2454 聯發科,2016/8/29,154.3037,154.6186,152.4143,153.9888,"4,237"
2454 聯發科,2016/8/30,155.2484,157.1378,154.6186,156.8229,"4,233"
2454 聯發科,2016/8/31,157.1378,158.0826,155.8782,157.1378,"6,171"
2454 聯發科,2016/9/1,158.7124,158.7124,156.508,158.0826,"5,555"
2454 聯發科,2016/9/2,157.4528,158.0826,154.3037,154.6186,"4,121"
2454 聯發科,2016/9/5,157.4528,161.8614,157.4528,161.5465,"12,863"
2454 聯發科,2016/9/6,161.5465,161.5465,159.0273,160.2869,"6,927"
2454 聯發科,2016/9/7,160.6018,164.0658,159.6571,159.6571,"8,697"
2454 聯發科,2016/9/8,157.7677,159.6571,157.7677,157.7677,"7,590"
2454 聯發科,2016/9/9,155.2484,155.5633,153.0441,154.3037,"7,947"
2454 聯發科,2016/9/10,151.7845,151.7845,149.895,151.1546,"4,688"
2454 聯發科,2016/9/12,150.5248,151.1546,149.2652,149.895,"5,466"
2454 聯發科,2016/9/13,151.1546,151.7845,149.2652,150.8397,"4,501"
2454 聯發科,2016/9/14,150.5248,153.6739,150.5248,150.5248,"8,075"
2454 聯發科,2016/9/19,150.8397,153.0441,150.8397,152.7292,"8,300"
2454 聯發科,2016/9/20,154.3037,156.1931,153.359,154.6186,"9,490"
2454 聯發科,2016/9/21,155.5633,156.508,154.3037,154.9335,"9,296"
2454 聯發科,2016/9/22,156.1931,156.508,153.9888,154.3037,"4,006"
2454 聯發科,2016/9/23,154.6186,155.5633,154.3037,155.5633,"3,338"
2454 聯發科,2016/9/26,153.9888,154.3037,153.359,153.359,"4,247"
2454 聯發科,2016/9/29,153.0441,154.3037,153.0441,153.359,"6,224"
2454 聯發科,2016/9/30,149.895,152.0994,149.895,150.8397,"7,524"
2454 聯發科,2016/10/3,151.7845,153.0441,151.1546,151.7845,"4,490"
2454 聯發科,2016/10/4,153.0441,153.9888,151.7845,153.0441,"5,478"
2454 聯發科,2016/10/5,152.0994,156.1931,152.0994,155.5633,"7,276"
2454 聯發科,2016/10/6,153.0441,153.6739,152.0994,153.359,"12,143"
2454 聯發科,2016/10/7,152.4143,152.7292,150.5248,151.7845,"6,497"
2454 聯發科,2016/10/11,153.0441,153.0441,150.5248,151.7845,"5,968"
2454 聯發科,2016/10/12,151.1546,151.4695,149.5801,151.1546,"5,389"
2454 聯發科,2016/10/13,150.5248,150.8397,149.2652,149.5801,"8,155"
2454 聯發科,2016/10/14,148.9503,149.895,148.0056,148.9503,"6,640"
2454 聯發科,2016/10/17,148.9503,152.0994,148.9503,151.7845,"5,826"
2454 聯發科,2016/10/18,152.4143,152.4143,149.895,151.1546,"3,931"
2454 聯發科,2016/10/19,151.1546,151.7845,149.895,149.895,"3,311"
2454 聯發科,2016/10/20,149.2652,151.1546,148.6354,148.6354,"3,761"
2454 聯發科,2016/10/21,148.6354,150.2099,148.3205,148.3205,"4,230"
2454 聯發科,2016/10/24,149.2652,150.5248,148.9503,149.895,"3,233"
2454 聯發科,2016/10/25,154.3037,154.3037,151.7845,153.0441,"5,863"
2454 聯發科,2016/10/26,152.7292,152.7292,151.1546,151.4695,"2,903"
2454 聯發科,2016/10/27,151.4695,152.4143,150.2099,150.5248,"2,097"
2454 聯發科,2016/10/28,150.5248,150.5248,148.6354,149.5801,"3,397"
2454 聯發科,2016/10/31,149.2652,151.7845,149.2652,151.1546,"4,405"
2454 聯發科,2016/11/1,150.2099,150.8397,149.2652,149.5801,"2,861"
2454 聯發科,2016/11/2,148.9503,149.895,148.6354,148.9503,"2,742"
2454 聯發科,2016/11/3,149.5801,149.895,148.6354,148.9503,"2,803"
2454 聯發科,2016/11/4,148.0056,148.6354,141.3926,142.3373,"10,486"
2454 聯發科,2016/11/7,143.5969,146.1162,143.282,145.4863,"3,877"
2454 聯發科,2016/11/8,144.2267,144.2267,142.3373,143.5969,"4,216"
2454 聯發科,2016/11/9,145.4863,145.4863,137.2988,138.8733,"6,939"
2454 聯發科,2016/11/10,141.7075,142.9671,139.5031,139.818,"5,457"
2454 聯發科,2016/11/11,136.0392,136.669,132.5752,135.4094,"13,968"
2454 聯發科,2016/11/14,136.669,138.2435,134.1497,137.6137,"6,740"
2454 聯發科,2016/11/15,135.4094,136.9839,135.4094,136.0392,"5,249"
2454 聯發科,2016/11/16,137.6137,137.9286,134.4646,136.0392,"5,170"
2454 聯發科,2016/11/17,136.669,139.818,136.3541,139.5031,"4,976"
2454 聯發科,2016/11/18,138.5584,142.9671,138.2435,142.9671,"6,305"
2454 聯發科,2016/11/21,143.282,143.282,140.4479,140.4479,"3,174"
2454 聯發科,2016/11/22,141.7075,144.5416,141.0777,143.9118,"6,291"
2454 聯發科,2016/11/23,144.5416,144.5416,142.0224,142.3373,"4,290"
2454 聯發科,2016/11/24,141.3926,141.7075,139.818,139.818,"5,023"
2454 聯發科,2016/11/25,139.818,141.0777,139.5031,139.5031,"1,960"
2454 聯發科,2016/11/28,139.818,142.0224,139.5031,140.7628,"3,844"
2454 聯發科,2016/11/29,140.7628,140.7628,138.5584,139.5031,"4,713"
2454 聯發科,2016/11/30,141.0777,142.3373,139.5031,139.5031,"8,587"
2454 聯發科,2016/12/1,140.4479,141.3926,139.5031,141.3926,"3,937"
2454 聯發科,2016/12/2,141.0777,142.3373,139.818,141.7075,"4,814"
2454 聯發科,2016/12/5,142.3373,142.3373,140.4479,140.7628,"3,168"
2454 聯發科,2016/12/6,142.3373,143.5969,141.7075,142.3373,"4,684"
2454 聯發科,2016/12/7,143.5969,143.5969,141.0777,141.7075,"4,606"
2454 聯發科,2016/12/8,142.3373,144.8565,142.0224,144.8565,"7,816"
2454 聯發科,2016/12/9,144.8565,145.4863,143.5969,145.1714,"5,128"
2454 聯發科,2016/12/12,146.1162,146.746,144.2267,144.5416,"4,423"
2454 聯發科,2016/12/13,144.2267,144.5416,143.282,143.9118,"4,148"
2454 聯發科,2016/12/14,144.5416,144.8565,140.7628,141.7075,"7,995"
2454 聯發科,2016/12/15,141.3926,143.9118,140.4479,143.5969,"4,679"
2454 聯發科,2016/12/16,142.9671,144.2267,142.3373,142.3373,"4,250"
2454 聯發科,2016/12/19,142.3373,142.3373,140.7628,141.0777,"3,104"
2454 聯發科,2016/12/20,139.818,139.818,135.4094,138.2435,"8,885"
2454 聯發科,2016/12/21,138.2435,139.1882,136.3541,136.3541,"4,963"
2454 聯發科,2016/12/22,136.3541,137.6137,136.0392,136.669,"4,238"
2454 聯發科,2016/12/23,136.669,137.2988,136.0392,136.3541,"4,039"
2454 聯發科,2016/12/26,134.7796,136.3541,134.7796,136.0392,"3,087"
2454 聯發科,2016/12/27,136.0392,137.6137,135.7243,137.2988,"2,066"
2454 聯發科,2016/12/28,137.2988,138.2435,136.3541,137.6137,"2,982"
2454 聯發科,2016/12/29,137.2988,137.6137,136.0392,136.3541,"3,604"
2454 聯發科,2016/12/30,137.6137,137.9286,136.3541,136.3541,"3,800"
2454 聯發科,2017/1/3,136.9839,137.2988,136.3541,137.2988,"3,406"
2454 聯發科,2017/1/4,137.2988,137.6137,135.7243,136.0392,"3,339"
2454 聯發科,2017/1/5,135.7243,137.2988,135.7243,137.2988,"3,652"
2454 聯發科,2017/1/6,137.6137,139.818,137.2988,138.5584,"4,249"
2454 聯發科,2017/1/9,138.8733,139.1882,136.669,136.669,"2,446"
2454 聯發科,2017/1/10,136.669,137.2988,134.7796,135.0945,"3,958"
2454 聯發科,2017/1/11,135.0945,136.0392,134.1497,135.7243,"4,043"
2454 聯發科,2017/1/12,136.0392,136.9839,135.4094,136.669,"2,719"
2454 聯發科,2017/1/13,133.8348,135.4094,133.8348,135.4094,"3,769"
2454 聯發科,2017/1/16,133.205,133.8348,132.2603,132.5752,"4,848"
2454 聯發科,2017/1/17,132.8901,134.4646,132.5752,134.4646,"3,236"
2454 聯發科,2017/1/18,134.1497,134.4646,132.8901,133.205,"4,688"
2454 聯發科,2017/1/19,133.5199,134.1497,133.205,134.1497,"5,458"
2454 聯發科,2017/1/20,133.8348,134.1497,132.8901,133.205,"3,673"
2454 聯發科,2017/1/23,134.1497,135.4094,133.8348,135.0945,"3,693"
2454 聯發科,2017/1/24,133.8348,135.4094,133.8348,134.4646,"5,775"
2454 聯發科,2017/2/2,128.7963,130.6858,127.8516,128.7963,"18,328"
2454 聯發科,2017/2/3,129.1113,131.6305,129.1113,130.3709,"9,549"
2454 聯發科,2017/2/6,131.0007,134.7796,129.7411,133.5199,"10,439"
2454 聯發科,2017/2/7,133.5199,137.2988,132.2603,137.2988,"8,813"
2454 聯發科,2017/2/8,134.7796,136.669,134.1497,134.4646,"8,703"
2454 聯發科,2017/2/9,135.4094,135.7243,134.4646,135.4094,"5,620"
2454 聯發科,2017/2/10,136.669,136.9839,135.4094,135.7243,"6,359"
2454 聯發科,2017/2/13,136.669,137.2988,135.7243,136.669,"5,555"
2454 聯發科,2017/2/14,135.4094,136.9839,135.4094,136.669,"4,610"
2454 聯發科,2017/2/15,136.669,137.2988,135.7243,136.3541,"5,832"
2454 聯發科,2017/2/16,137.2988,137.2988,136.0392,136.669,"5,243"
2454 聯發科,2017/2/17,136.9839,142.9671,136.9839,141.7075,"16,002"
2454 聯發科,2017/2/18,141.7075,141.7075,140.7628,141.3926,"2,729"
2454 聯發科,2017/2/20,142.9671,142.9671,141.0777,141.3926,"4,623"
2454 聯發科,2017/2/21,142.0224,144.8565,141.7075,142.0224,"6,936"
2454 聯發科,2017/2/22,143.5969,143.9118,141.7075,142.0224,"4,516"
2454 聯發科,2017/2/23,142.3373,142.6522,140.7628,141.3926,"5,740"
2454 聯發科,2017/2/24,141.7075,142.0224,140.4479,141.0777,"7,886"
2454 聯發科,2017/3/1,142.3373,143.5969,141.0777,141.7075,"7,758"
2454 聯發科,2017/3/2,142.9671,143.282,140.1329,140.7628,"8,948"
2454 聯發科,2017/3/3,140.4479,140.7628,137.6137,138.2435,"7,718"
2454 聯發科,2017/3/6,137.2988,137.9286,136.0392,137.2988,"5,445"
2454 聯發科,2017/3/7,136.0392,137.2988,136.0392,137.2988,"4,286"
2454 聯發科,2017/3/8,137.2988,141.0777,137.2988,139.818,"8,801"
2454 聯發科,2017/3/9,139.818,139.818,137.2988,137.2988,"4,512"
2454 聯發科,2017/3/10,137.9286,140.4479,136.0392,139.818,"5,637"
2454 聯發科,2017/3/13,141.7075,141.7075,138.8733,140.1329,"5,833"
2454 聯發科,2017/3/14,140.4479,141.0777,139.1882,140.4479,"5,675"
2454 聯發科,2017/3/15,140.4479,140.4479,138.5584,139.5031,"4,607"
2454 聯發科,2017/3/16,140.4479,142.3373,140.1329,141.3926,"5,470"
2454 聯發科,2017/3/17,141.7075,142.3373,141.0777,142.0224,"6,002"
2454 聯發科,2017/3/20,141.7075,142.3373,141.0777,142.3373,"4,096"
2454 聯發科,2017/3/21,142.9671,145.8012,142.6522,144.8565,"11,718"
2454 聯發科,2017/3/22,142.9671,143.5969,141.7075,143.282,"4,943"
2454 聯發科,2017/3/23,142.6522,143.282,140.7628,141.0777,"5,864"
2454 聯發科,2017/3/24,139.818,140.7628,139.818,140.4479,"3,297"
2454 聯發科,2017/3/27,139.818,141.7075,139.1882,141.0777,"3,511"
2454 聯發科,2017/3/28,141.7075,141.7075,139.1882,140.4479,"3,569"
2454 聯發科,2017/3/29,139.818,140.1329,137.2988,137.9286,"9,640"
2454 聯發科,2017/3/30,137.6137,138.8733,137.2988,137.6137,"3,462"
2454 聯發科,2017/3/31,136.9839,137.6137,135.0945,135.4094,"9,447"
2454 聯發科,2017/4/5,134.7796,138.5584,134.7796,138.5584,"9,414"
2454 聯發科,2017/4/6,137.9286,138.2435,136.0392,136.669,"6,146"
2454 聯發科,2017/4/7,136.669,137.6137,135.4094,136.3541,"4,803"
2454 聯發科,2017/4/10,136.3541,137.9286,136.0392,136.669,"3,933"
2454 聯發科,2017/4/11,136.669,136.669,133.5199,133.5199,"5,020"
2454 聯發科,2017/4/12,133.5199,136.0392,133.5199,134.7796,"4,808"
2454 聯發科,2017/4/13,134.4646,135.7243,134.1497,134.1497,"3,779"
2454 聯發科,2017/4/14,134.7796,135.0945,133.5199,133.5199,"2,314"
2454 聯發科,2017/4/17,133.5199,134.4646,132.2603,132.8901,"2,319"
2454 聯發科,2017/4/18,134.4646,134.4646,132.5752,133.8348,"3,717"
2454 聯發科,2017/4/19,133.8348,136.9839,133.5199,134.7796,"5,908"
2454 聯發科,2017/4/20,134.7796,136.3541,134.1497,135.4094,"3,638"
2454 聯發科,2017/4/21,136.3541,136.669,134.7796,135.4094,"2,413"
2454 聯發科,2017/4/24,135.7243,136.0392,134.7796,135.4094,"1,687"
2454 聯發科,2017/4/25,135.7243,135.7243,134.7796,135.4094,"4,832"
2454 聯發科,2017/4/26,135.4094,135.4094,133.5199,134.4646,"5,797"
2454 聯發科,2017/4/27,134.7796,136.9839,134.7796,136.669,"3,607"
2454 聯發科,2017/4/28,136.354,137.2987,135.7241,136.6689,"3,526"
2454 聯發科,2017/5/2,135.0943,141.0775,135.0943,139.503,"11,425"
2454 聯發科,2017/5/3,138.5583,139.1881,136.6689,137.6136,"5,746"
2454 聯發科,2017/5/4,137.2987,137.9285,136.354,137.2987,"2,990"
2454 聯發科,2017/5/5,136.6689,136.9838,136.0391,136.0391,"1,913"
2454 聯發科,2017/5/8,136.0391,136.0391,133.5198,133.8347,"6,420"
2454 聯發科,2017/5/9,132.89,133.8347,131.0006,131.0006,"6,163"
2454 聯發科,2017/5/10,132.2602,132.89,129.7409,131.6304,"5,187"
2454 聯發科,2017/5/11,131.3155,135.0943,131.3155,134.4645,"7,550"
2454 聯發科,2017/5/12,134.4645,135.0943,133.2049,135.0943,"4,698"
2454 聯發科,2017/5/15,134.7794,135.4092,134.1496,135.0943,"3,889"
2454 聯發科,2017/5/16,135.0943,136.0391,133.2049,133.2049,"5,413"
2454 聯發科,2017/5/17,133.5198,134.4645,133.2049,134.1496,"3,976"
2454 聯發科,2017/5/18,132.5751,134.4645,132.2602,134.1496,"4,895"
2454 聯發科,2017/5/19,134.1496,134.1496,133.5198,133.8347,"2,839"
2454 聯發科,2017/5/22,133.5198,133.5198,131.3155,131.6304,"4,729"
2454 聯發科,2017/5/23,131.0006,131.6304,131.0006,131.0006,"4,415"
2454 聯發科,2017/5/24,134.4645,137.6136,133.5198,136.354,"17,207"
2454 聯發科,2017/5/25,141.3924,145.1713,139.1881,143.9117,"23,742"
2454 聯發科,2017/5/26,144.5415,145.4862,143.2819,144.5415,"12,774"
2454 聯發科,2017/5/31,144.8564,146.116,144.2266,144.8564,"12,042"
2454 聯發科,2017/6/1,144.8564,145.4862,143.2819,143.5968,"5,302"
2454 聯發科,2017/6/2,144.8564,148.6353,144.5415,147.3756,"11,280"
2454 聯發科,2017/6/3,148.6353,149.2651,147.3756,148.3204,"3,593"
2454 聯發科,2017/6/5,150.2098,153.3588,149.8949,153.0439,"14,493"
2454 聯發科,2017/6/6,154.9334,154.9334,151.1545,154.3036,"10,042"
2454 聯發科,2017/6/7,154.6185,159.342,153.0439,158.7122,"19,802"
2454 聯發科,2017/6/8,157.1377,162.4911,155.8781,159.9718,"17,207"
2454 聯發科,2017/6/9,158.7122,160.6017,157.7675,157.7675,"10,159"
2454 聯發科,2017/6/12,155.8781,158.3973,154.9334,156.5079,"6,076"
2454 聯發科,2017/6/13,156.5079,158.7122,155.2483,155.5632,"7,471"
2454 聯發科,2017/6/14,156.5079,158.0824,154.6185,157.4526,"12,725"
2454 聯發科,2017/6/15,157.1377,158.7122,156.5079,158.0824,"6,613"
2454 聯發科,2017/6/16,156.8228,159.342,155.5632,159.342,"8,013"
2454 聯發科,2017/6/19,159.342,162.4911,159.342,160.9166,"5,515"
2454 聯發科,2017/6/20,161.5464,162.1762,160.6017,162.1762,"6,763"
2454 聯發科,2017/6/21,163.7507,171.9382,163.7507,169.7339,"21,218"
2454 聯發科,2017/6/22,171.3084,172.5681,168.7892,170.6786,"9,201"
2454 聯發科,2017/6/23,169.7339,171.3084,167.2147,167.2147,"6,200"
2454 聯發科,2017/6/26,166.5849,170.3637,166.27,169.7339,"8,080"
2454 聯發科,2017/6/27,170.0488,171.9382,168.7892,170.0488,"7,039"
2454 聯發科,2017/6/28,168.1594,168.7892,165.6401,166.27,"8,160"
2454 聯發科,2017/6/29,168.1594,169.419,167.2147,168.4743,"5,445"
2454 聯發科,2017/6/30,165.6401,165.955,163.1209,164.0656,"11,479"
2454 聯發科,2017/7/3,165.6401,170.3637,165.6401,168.4743,"10,007"
2454 聯發科,2017/7/4,167.8445,169.1041,165.955,165.955,"5,142"
2454 聯發科,2017/7/5,165.955,167.8445,164.6954,166.8998,"9,466"
2454 聯發科,2017/7/6,168.5328,168.8594,165.2667,165.2667,"9,483"
2454 聯發科,2017/7/7,163.9602,164.2868,162.3272,163.307,"4,616"
2454 聯發科,2017/7/10,164.2868,164.9401,160.6941,161.3473,"5,395"
2454 聯發科,2017/7/11,162.9804,166.8998,162.0005,165.9199,"6,026"
2454 聯發科,2017/7/12,165.9199,167.553,164.9401,166.2465,"5,398"
2454 聯發科,2017/7/13,166.5731,167.2264,164.6135,164.6135,"3,422"
2454 聯發科,2017/7/14,165.9199,166.5731,164.9401,166.2465,"2,626"
2454 聯發科,2017/7/17,167.2264,167.2264,164.9401,166.2465,"2,967"
2454 聯發科,2017/7/18,166.2465,166.2465,162.3272,163.9602,"4,385"
2454 聯發科,2017/7/19,164.6135,171.799,164.6135,170.4925,"13,663"
2454 聯發科,2017/7/20,170.4925,171.799,168.5328,169.1861,"5,334"
2454 聯發科,2017/7/21,169.1861,169.8393,166.8998,166.8998,"3,606"
2454 聯發科,2017/7/24,165.2667,166.2465,162.6538,165.5933,"5,584"
2454 聯發科,2017/7/25,165.5933,167.8796,163.9602,167.2264,"7,661"
2454 聯發科,2017/7/26,169.1861,172.4522,168.5328,169.1861,"13,055"
2454 聯發科,2017/7/27,169.1861,173.432,167.8796,171.799,"11,918"
2454 聯發科,2017/7/28,171.799,176.3716,170.4925,174.0853,"13,187"
2454 聯發科,2017/7/31,173.432,177.0248,170.4925,173.7586,"9,732"
2454 聯發科,2017/8/1,181.5974,191.0692,179.6377,191.0692,"27,621"
2454 聯發科,2017/8/2,195.9684,197.9281,194.3353,195.9684,"26,602"
2454 聯發科,2017/8/3,193.3555,194.3353,190.0893,190.0893,"8,961"
2454 聯發科,2017/8/4,190.7426,192.3756,188.1297,189.4361,"7,008"
2454 聯發科,2017/8/7,189.4361,190.7426,187.1498,188.7829,"11,150"
2454 聯發科,2017/8/8,187.1498,188.7829,182.9038,187.4764,"12,734"
2454 聯發科,2017/8/9,184.2103,187.1498,184.2103,185.5168,"5,765"
2454 聯發科,2017/8/10,185.5168,188.1297,182.2506,182.9038,"6,912"
2454 聯發科,2017/8/11,182.5772,187.1498,180.2909,186.8232,"6,118"
2454 聯發科,2017/8/14,186.17,186.17,182.9038,182.9038,"4,598"
2454 聯發科,2017/8/15,183.5571,185.5168,177.0248,177.3514,"11,678"
2454 聯發科,2017/8/16,178.0046,180.2909,176.3716,178.3312,"7,308"
2454 聯發科,2017/8/17,179.3111,179.6377,176.6982,177.678,"5,037"
2454 聯發科,2017/8/18,173.7586,176.0449,172.7788,174.7385,"5,746"
2454 聯發科,2017/8/21,173.7586,178.3312,172.4522,177.678,"6,067"
2454 聯發科,2017/8/22,178.0046,179.3111,176.3716,176.6982,"4,345"
2454 聯發科,2017/8/23,180.2909,182.2506,176.6982,177.0248,"7,304"
2454 聯發科,2017/8/24,176.3716,178.9845,176.3716,178.3312,"3,828"
2454 聯發科,2017/8/25,178.0046,178.3312,175.7183,175.7183,"5,990"
2454 聯發科,2017/8/28,176.3716,177.678,175.0651,177.3514,"2,632"
2454 聯發科,2017/8/29,176.0449,176.3716,174.4119,174.4119,"3,518"
2454 聯發科,2017/8/30,176.6982,177.678,175.0651,175.3917,"4,349"
2454 聯發科,2017/8/31,177.3514,179.9643,176.6982,176.6982,"9,701"
2454 聯發科,2017/9/1,179.3111,179.3111,177.0248,177.678,"4,456"
2454 聯發科,2017/9/4,176.6982,177.3514,175.3917,177.0248,"2,430"
2454 聯發科,2017/9/5,178.0046,182.5772,177.0248,182.5772,"6,996"
2454 聯發科,2017/9/6,181.924,181.924,177.0248,177.3514,"8,306"
2454 聯發科,2017/9/7,177.3514,181.2708,177.3514,178.0046,"5,654"
2454 聯發科,2017/9/8,179.9643,180.2909,177.0248,179.3111,"5,455"
2454 聯發科,2017/9/11,180.2909,182.5772,179.6377,182.2506,"6,872"
2454 聯發科,2017/9/12,184.2103,184.8635,179.6377,179.9643,"6,680"
2454 聯發科,2017/9/13,180.9442,181.2708,178.3312,179.6377,"5,216"
2454 聯發科,2017/9/14,178.0046,192.3756,178.0046,187.4764,"17,883"
2454 聯發科,2017/9/15,192.049,192.3756,189.4361,190.7426,"13,537"
2454 聯發科,2017/9/18,195.6418,197.2749,191.0692,191.0692,"7,244"
2454 聯發科,2017/9/19,193.0289,194.3353,190.7426,191.3958,"6,989"
2454 聯發科,2017/9/20,190.7426,192.049,184.5369,189.4361,"9,508"
2454 聯發科,2017/9/21,186.17,192.3756,186.17,191.7224,"6,684"
2454 聯發科,2017/9/22,191.7224,192.3756,186.8232,186.8232,"4,820"
2454 聯發科,2017/9/25,186.8232,189.4361,183.5571,186.4966,"4,729"
2454 聯發科,2017/9/26,186.4966,188.7829,184.2103,184.2103,"3,600"
2454 聯發科,2017/9/27,186.17,189.4361,185.8434,187.8031,"7,978"
2454 聯發科,2017/9/28,188.7829,192.049,188.1297,190.0893,"8,682"
2454 聯發科,2017/9/29,189.4361,190.0893,185.8434,185.8434,"7,880"
2454 聯發科,2017/9/30,186.8232,190.416,186.8232,190.416,"2,905"
2454 聯發科,2017/10/2,191.3958,191.7224,187.8031,188.1297,"4,691"
2454 聯發科,2017/10/3,188.7829,189.1095,186.4966,188.1297,"4,003"
2454 聯發科,2017/10/5,189.4361,189.7627,185.8434,186.17,"5,068"
2454 聯發科,2017/10/6,188.7829,192.7023,188.1297,190.0893,"11,476"
2454 聯發科,2017/10/11,194.6619,200.2144,193.3555,199.8878,"19,773"
2454 聯發科,2017/10/12,201.1942,201.8475,197.9281,198.2547,"16,332"
2454 聯發科,2017/10/13,201.8475,210.3394,201.1942,210.3394,"26,768"
2454 聯發科,2017/10/16,209.3596,215.5652,207.7265,212.9523,"18,343"
2454 聯發科,2017/10/17,212.9523,213.6056,209.3596,209.6862,"9,779"
2454 聯發科,2017/10/18,209.6862,210.3394,204.1338,205.4402,"9,439"
2454 聯發科,2017/10/19,207.0733,211.3193,206.42,206.7467,"7,519"
2454 聯發科,2017/10/20,206.7467,208.7063,204.4604,204.4604,"7,547"
2454 聯發科,2017/10/23,209.6862,210.666,208.0531,209.3596,"6,564"
2454 聯發科,2017/10/24,208.0531,210.666,205.7668,210.0128,"4,570"
2454 聯發科,2017/10/25,214.2588,218.1782,212.9523,214.2588,"11,984"
2454 聯發科,2017/10/26,213.6056,221.7709,212.9523,221.1177,"10,777"
2454 聯發科,2017/10/27,221.1177,226.0169,215.5652,215.5652,"12,505"
2454 聯發科,2017/10/30,218.8314,220.1378,213.2789,218.5048,"7,630"
2454 聯發科,2017/10/31,219.4846,228.6298,217.5249,223.7306,"15,248"
2454 聯發科,2017/11/1,228.9564,228.9564,220.7911,220.7911,"15,054"
2454 聯發科,2017/11/2,220.4645,224.7104,219.4846,219.4846,"6,886"
2454 聯發科,2017/11/3,220.7911,223.0774,216.8717,218.8314,"8,852"
2454 聯發科,2017/11/6,216.5451,217.1983,210.9926,214.2588,"13,289"
2454 聯發科,2017/11/7,215.5652,221.1177,215.5652,220.4645,"7,730"
2454 聯發科,2017/11/8,220.1378,221.4443,216.8717,219.8112,"4,695"
2454 聯發科,2017/11/9,219.8112,222.7507,214.2588,216.2185,"5,447"
2454 聯發科,2017/11/10,210.9926,212.9523,200.8676,212.9523,"15,697"
2454 聯發科,2017/11/13,211.3193,211.9725,207.3999,207.3999,"6,588"
2454 聯發科,2017/11/14,212.9523,217.1983,210.3394,212.9523,"8,063"
2454 聯發科,2017/11/15,210.9926,212.2991,208.3797,210.3394,"5,848"
2454 聯發科,2017/11/16,210.3394,212.2991,208.7063,209.3596,"4,947"
2454 聯發科,2017/11/17,213.6056,215.5652,212.2991,215.2386,"6,854"
2454 聯發科,2017/11/20,218.1782,218.1782,208.3797,209.033,"6,000"
2454 聯發科,2017/11/21,209.3596,211.3193,206.42,210.3394,"6,266"
2454 聯發科,2017/11/22,211.6459,216.8717,210.666,213.6056,"7,428"
2454 聯發科,2017/11/23,216.5451,217.8515,213.2789,213.6056,"4,118"
2454 聯發科,2017/11/24,215.5652,215.5652,211.6459,212.9523,"3,238"
2454 聯發科,2017/11/27,214.2588,216.2185,211.9725,215.8919,"3,919"
2454 聯發科,2017/11/28,220.1378,220.1378,214.5854,216.2185,"7,460"
2454 聯發科,2017/11/29,218.5048,219.8112,216.8717,218.5048,"4,521"
2454 聯發科,2017/11/30,219.4846,219.8112,208.0531,212.9523,"10,532"
2454 聯發科,2017/12/1,213.2789,214.912,203.8071,205.7668,"8,055"
2454 聯發科,2017/12/4,205.7668,209.3596,205.7668,209.033,"4,555"
2454 聯發科,2017/12/5,207.7265,209.033,205.7668,207.7265,"3,030"
2454 聯發科,2017/12/6,207.7265,207.7265,187.1498,187.1498,"17,490"
2454 聯發科,2017/12/7,188.7829,191.3958,185.8434,187.8031,"11,079"
2454 聯發科,2017/12/8,190.0893,194.3353,187.8031,193.3555,"7,054"
2454 聯發科,2017/12/11,194.3353,196.9482,193.3555,195.6418,"3,470"
2454 聯發科,2017/12/12,195.6418,195.9684,190.0893,193.3555,"4,239"
2454 聯發科,2017/12/13,194.6619,195.3152,190.0893,190.0893,"4,712"
2454 聯發科,2017/12/14,190.416,193.0289,188.7829,189.1095,"4,395"
2454 聯發科,2017/12/15,187.8031,188.7829,180.2909,186.17,"12,426"
2454 聯發科,2017/12/18,186.17,188.7829,182.9038,187.8031,"5,170"
2454 聯發科,2017/12/19,188.7829,192.049,187.8031,192.049,"5,989"
2454 聯發科,2017/12/20,192.049,192.049,188.1297,191.0692,"2,430"
2454 聯發科,2017/12/21,191.3958,193.3555,189.4361,189.4361,"2,601"
2454 聯發科,2017/12/22,191.0692,191.7224,188.7829,189.7627,"2,119"
2454 聯發科,2017/12/25,190.0893,190.416,186.8232,187.4764,"1,436"
2454 聯發科,2017/12/26,187.8031,188.1297,180.9442,182.9038,"6,020"
2454 聯發科,2017/12/27,182.9038,185.1901,180.6175,184.8635,"4,375"
2454 聯發科,2017/12/28,183.5571,187.8031,183.5571,186.8232,"4,585"
2454 聯發科,2017/12/29,188.4563,192.049,187.4764,192.049,"5,128"
2454 聯發科,2018/1/2,191.3958,191.7224,188.7829,190.416,"2,537"
2454 聯發科,2018/1/3,192.7023,197.6015,192.7023,196.295,"8,197"
2454 聯發科,2018/1/4,196.6216,200.541,194.6619,200.541,"6,783"
2454 聯發科,2018/1/5,202.5007,202.5007,194.0087,195.9684,"4,965"
2454 聯發科,2018/1/8,198.5813,199.8878,193.3555,194.6619,"4,142"
2454 聯發科,2018/1/9,194.0087,198.5813,193.3555,198.5813,"5,147"
2454 聯發科,2018/1/10,198.9079,203.1539,197.2749,202.1741,"6,851"
2454 聯發科,2018/1/11,202.1741,202.1741,197.6015,199.8878,"3,775"
2454 聯發科,2018/1/12,201.8475,203.4805,200.541,202.1741,"5,579"
2454 聯發科,2018/1/15,203.8071,204.4604,201.5208,204.4604,"4,350"
2454 聯發科,2018/1/16,203.1539,205.1136,201.8475,203.8071,"4,648"
2454 聯發科,2018/1/17,201.1942,201.1942,198.2547,200.2144,"5,882"
2454 聯發科,2018/1/18,201.5208,210.0128,200.541,208.7063,"8,801"
2454 聯發科,2018/1/19,209.6862,209.6862,205.1136,208.3797,"7,447"
2454 聯發科,2018/1/22,207.0733,208.3797,203.8071,208.3797,"5,556"
2454 聯發科,2018/1/23,208.0531,211.3193,207.0733,207.7265,"10,574"
2454 聯發科,2018/1/24,205.7668,206.42,200.8676,200.8676,"7,802"
2454 聯發科,2018/1/25,201.1942,207.0733,199.5612,199.5612,"9,112"
2454 聯發科,2018/1/26,196.295,201.5208,196.295,201.1942,"7,022"
2454 聯發科,2018/1/29,205.1136,205.1136,200.541,201.1942,"4,417"
2454 聯發科,2018/1/30,199.5612,199.5612,194.9886,195.3152,"6,988"
2454 聯發科,2018/1/31,192.7023,198.5813,192.7023,195.3152,"7,830"
2454 聯發科,2018/2/1,202.5007,203.1539,200.2144,200.541,"13,669"
2454 聯發科,2018/2/2,198.5813,200.2144,196.9482,198.9079,"5,242"
2454 聯發科,2018/2/5,192.7023,196.6216,192.7023,195.3152,"5,583"
2454 聯發科,2018/2/6,189.4361,190.7426,182.2506,187.1498,"11,116"
2454 聯發科,2018/2/7,191.0692,192.7023,185.8434,185.8434,"7,681"
2454 聯發科,2018/2/8,186.17,188.4563,184.8635,186.8232,"4,649"
2454 聯發科,2018/2/9,178.0046,186.8232,176.3716,184.8635,"8,477"
2454 聯發科,2018/2/12,187.1498,188.7829,184.8635,186.17,"5,525"
2454 聯發科,2018/2/21,191.7224,198.9079,190.7426,198.9079,"11,124"
2454 聯發科,2018/2/22,195.9684,199.8878,194.9886,197.2749,"7,652"
2454 聯發科,2018/2/23,195.9684,197.2749,195.6418,196.295,"6,895"
2454 聯發科,2018/2/26,198.9079,198.9079,193.6821,193.6821,"3,620"
2454 聯發科,2018/2/27,197.2749,200.541,196.6216,196.6216,"9,192"
2454 聯發科,2018/3/1,196.6216,197.6015,192.3756,195.6418,"9,511"
2454 聯發科,2018/3/2,193.3555,200.541,193.3555,197.6015,"11,706"
2454 聯發科,2018/3/5,197.6015,197.9281,192.7023,192.7023,"7,595"
2454 聯發科,2018/3/6,195.3152,197.9281,193.6821,196.6216,"8,100"
2454 聯發科,2018/3/7,194.3353,200.8676,194.3353,195.9684,"10,376"
2454 聯發科,2018/3/8,198.5813,202.1741,197.6015,202.1741,"11,617"
2454 聯發科,2018/3/9,202.1741,204.1338,200.8676,202.8273,"8,455"
2454 聯發科,2018/3/12,203.8071,210.666,203.4805,207.0733,"12,539"
2454 聯發科,2018/3/13,207.0733,209.3596,207.0733,208.3797,"10,215"
2454 聯發科,2018/3/14,208.3797,208.3797,204.787,204.787,"6,017"
2454 聯發科,2018/3/15,204.787,209.6862,204.787,207.7265,"8,616"
2454 聯發科,2018/3/16,210.3394,210.666,207.0733,207.0733,"12,301"
2454 聯發科,2018/3/19,210.0128,224.7104,209.3596,218.1782,"18,084"
2454 聯發科,2018/3/20,218.8314,224.7104,218.8314,223.7306,"16,137"
2454 聯發科,2018/3/21,227.3233,227.3233,218.8314,219.4846,"12,857"
2454 聯發科,2018/3/22,221.4443,223.404,218.8314,219.4846,"5,677"
2454 聯發科,2018/3/23,211.6459,218.1782,210.9926,214.2588,"6,414"
2454 聯發科,2018/3/26,214.5854,226.9967,214.2588,226.6701,"11,777"
2454 聯發科,2018/3/27,224.0572,225.3637,218.1782,223.7306,"12,445"
2454 聯發科,2018/3/28,220.7911,223.0774,217.5249,217.5249,"6,476"
2454 聯發科,2018/3/29,220.4645,222.7507,216.2185,216.2185,"6,907"
2454 聯發科,2018/3/30,221.4443,226.3435,221.1177,222.0975,"10,060"
2454 聯發科,2018/3/31,224.0572,224.7104,221.4443,222.4241,"2,089"
2454 聯發科,2018/4/2,224.3838,224.3838,219.4846,219.8112,"3,080"
2454 聯發科,2018/4/3,217.8515,218.1782,213.2789,214.2588,"7,879"
2454 聯發科,2018/4/9,216.2185,217.5249,213.9322,213.9322,"6,833"
2454 聯發科,2018/4/10,215.5652,216.2185,212.9523,213.6056,"4,664"
2454 聯發科,2018/4/11,215.5652,224.0572,215.2386,221.4443,"9,673"
2454 聯發科,2018/4/12,221.7709,223.404,215.8919,216.5451,"5,856"
2454 聯發科,2018/4/13,218.8314,220.7911,218.1782,219.4846,"4,800"
2454 聯發科,2018/4/16,222.0975,226.0169,221.1177,223.404,"7,929"
2454 聯發科,2018/4/17,225.3637,225.3637,219.4846,222.0975,"5,928"
2454 聯發科,2018/4/18,225.3637,243.654,225.3637,236.4685,"29,146"
2454 聯發科,2018/4/19,241.6944,244.6339,233.529,235.4887,"18,316"
2454 聯發科,2018/4/20,233.2024,236.4685,229.283,231.5693,"10,760"
2454 聯發科,2018/4/23,232.5492,237.1218,228.9564,228.9564,"8,170"
2454 聯發科,2018/4/24,229.9363,231.2427,215.5652,223.0774,"10,638"
2454 聯發科,2018/4/25,221.1177,226.0169,218.5048,220.1378,"7,676"
2454 聯發科,2018/4/26,222.7507,225.037,209.6862,211.3193,"12,585"
2454 聯發科,2018/4/27,220.1378,221.7709,212.6257,221.7709,"8,263"
2454 聯發科,2018/4/30,214.2588,222.7508,213.6056,222.0975,"10,585"
2454 聯發科,2018/5/2,223.0774,224.0572,215.5653,216.2185,"9,126"
2454 聯發科,2018/5/3,214.2588,214.912,203.8072,209.033,"12,988"
2454 聯發科,2018/5/4,205.7668,214.2588,205.7668,212.6257,"6,275"
2454 聯發科,2018/5/7,216.8717,217.1983,207.0733,208.0531,"7,337"
2454 聯發科,2018/5/8,208.3797,212.9523,208.3797,212.2991,"5,086"
2454 聯發科,2018/5/9,212.6257,215.8919,210.666,214.2588,"4,855"
2454 聯發科,2018/5/10,214.2588,216.5451,212.9523,215.2386,"4,831"
2454 聯發科,2018/5/11,215.2386,215.8919,207.0733,208.7064,"11,336"
2454 聯發科,2018/5/14,212.2991,212.9523,207.7265,209.033,"5,398"
2454 聯發科,2018/5/15,211.6459,211.6459,208.0531,208.3797,"3,768"
2454 聯發科,2018/5/16,209.033,210.3394,205.7668,208.3797,"3,594"
2454 聯發科,2018/5/17,208.0531,208.0531,200.541,202.5007,"8,766"
2454 聯發科,2018/5/18,203.4805,205.7668,200.541,204.4604,"5,357"
2454 聯發科,2018/5/21,206.0935,207.0733,204.787,205.1136,"3,005"
2454 聯發科,2018/5/22,205.7668,210.3394,204.4604,209.3596,"6,695"
2454 聯發科,2018/5/23,210.9927,210.9927,207.3999,209.033,"6,587"
2454 聯發科,2018/5/24,210.9927,210.9927,207.7265,210.3394,"4,097"
2454 聯發科,2018/5/25,210.3394,213.279,208.3797,211.6459,"4,971"
2454 聯發科,2018/5/28,211.6459,212.6257,208.0531,208.0531,"3,884"
2454 聯發科,2018/5/29,208.3797,208.7064,205.7668,205.7668,"2,389"
2454 聯發科,2018/5/30,204.1338,204.787,202.5007,202.5007,"5,019"
2454 聯發科,2018/5/31,204.4604,204.4604,201.5209,203.4805,"10,028"
2454 聯發科,2018/6/1,204.787,208.3797,204.4604,208.3797,"3,291"
2454 聯發科,2018/6/4,208.7064,215.8919,208.7064,215.2386,"9,003"
2454 聯發科,2018/6/5,215.8919,215.8919,211.9725,212.2991,"4,005"
2454 聯發科,2018/6/6,215.2386,218.1782,213.6056,216.2185,"5,500"
2454 聯發科,2018/6/7,216.2185,216.8717,214.2588,216.2185,"3,642"
2454 聯發科,2018/6/8,214.912,215.5653,213.279,215.5653,"3,846"
2454 聯發科,2018/6/11,216.2185,218.5048,215.8919,217.1983,"5,830"
2454 聯發科,2018/6/12,214.912,215.8919,210.9927,211.6459,"3,972"
2454 聯發科,2018/6/13,210.666,212.9523,209.3596,209.3596,"3,639"
2454 聯發科,2018/6/14,209.033,210.666,205.7668,205.7668,"3,938"
2454 聯發科,2018/6/15,206.4201,208.0531,204.1338,205.7668,"5,146"
2454 聯發科,2018/6/19,203.4805,207.7265,203.1539,203.8072,"4,698"
2454 聯發科,2018/6/20,203.8072,204.4604,201.8475,202.5007,"5,656"
2454 聯發科,2018/6/21,203.8072,204.787,202.8273,203.8072,"3,846"
2454 聯發科,2018/6/22,202.5007,203.1539,201.1942,202.8273,"3,055"
2454 聯發科,2018/6/25,200.541,203.1539,200.541,202.5007,"2,955"
2454 聯發科,2018/6/26,199.2346,199.5612,191.3958,193.6821,"10,965"
2454 聯發科,2018/6/27,194.0087,197.2749,193.3555,193.6821,"6,511"
2454 聯發科,2018/6/28,192.7023,195.3152,190.7426,194.0087,"4,398"
2454 聯發科,2018/6/29,194.9886,197.2749,194.9886,195.9684,"4,915"
2454 聯發科,2018/7/2,196.6216,204.1338,196.6216,199.2346,"5,740"
2454 聯發科,2018/7/3,199.2346,201.8475,197.9281,198.9079,"3,870"
2454 聯發科,2018/7/4,198.2547,200.2144,194.0087,194.662,"3,724"
2454 聯發科,2018/7/5,192.7023,192.7023,183.2305,183.8837,"9,900"
2454 聯發科,2018/7/6,184.2103,188.1297,184.2103,186.17,"9,758"
2454 聯發科,2018/7/9,188.201,189.2165,183.4621,184.4776,"7,374"
2454 聯發科,2018/7/10,185.8316,189.555,185.4931,189.555,"4,904"
2454 聯發科,2018/7/11,187.524,188.5395,185.1546,186.847,"3,684"
2454 聯發科,2018/7/12,186.847,192.9399,186.847,191.5859,"4,540"
2454 聯發科,2018/7/13,190.5704,193.6169,190.2319,192.9399,"3,578"
2454 聯發科,2018/7/16,192.9399,193.9553,191.2474,191.2474,"1,934"
2454 聯發科,2018/7/17,191.5859,194.6323,191.5859,193.2784,"3,209"
2454 聯發科,2018/7/18,194.2938,195.3093,190.2319,190.2319,"5,334"
2454 聯發科,2018/7/19,191.9244,192.6014,190.5704,192.2629,"3,739"
2454 聯發科,2018/7/20,190.9089,192.2629,189.555,189.555,"4,735"
2454 聯發科,2018/7/23,188.5395,188.5395,183.4621,183.8006,"10,295"
2454 聯發科,2018/7/24,182.7851,182.7851,171.9534,172.6304,"18,771"
2454 聯發科,2018/7/25,172.6304,178.7232,171.9534,177.7078,"8,034"
2454 聯發科,2018/7/26,175.3383,178.0463,175.3383,178.0463,"6,743"
2454 聯發科,2018/7/27,178.0463,183.8006,178.0463,181.0927,"8,246"
2454 聯發科,2018/7/30,178.3848,179.4002,174.9998,176.0153,"6,557"
2454 聯發科,2018/7/31,173.3074,173.9844,169.2455,171.9534,"13,736"
2454 聯發科,2018/8/1,179.4002,187.8625,179.4002,186.1701,"16,149"
2454 聯發科,2018/8/2,186.847,187.524,182.1082,182.1082,"9,306"
2454 聯發科,2018/8/3,184.1391,185.4931,183.4621,185.4931,"6,376"
2454 聯發科,2018/8/6,185.1546,185.4931,182.7851,184.8161,"2,324"
2454 聯發科,2018/8/7,184.8161,188.201,183.8006,186.5085,"5,438"
2454 聯發科,2018/8/8,187.524,188.201,186.1701,187.8625,"4,605"
2454 聯發科,2018/8/9,186.847,187.1855,184.1391,186.1701,"3,355"
2454 聯發科,2018/8/10,184.4776,187.1855,184.4776,185.8316,"2,071"
2454 聯發科,2018/8/13,179.4002,181.7697,174.6614,178.3848,"5,137"
2454 聯發科,2018/8/14,178.3848,180.7542,178.3848,179.4002,"2,505"
2454 聯發科,2018/8/15,178.3848,178.7232,176.0153,176.0153,"2,362"
2454 聯發科,2018/8/16,169.2455,171.2764,166.5376,167.553,"12,955"
2454 聯發科,2018/8/17,169.584,170.938,166.5376,167.2146,"7,904"
2454 聯發科,2018/8/20,168.907,168.907,165.1836,167.2146,"5,129"
2454 聯發科,2018/8/21,166.5376,167.2146,165.8606,166.1991,"3,896"
2454 聯發科,2018/8/22,167.2146,168.907,165.1836,167.553,"6,912"
2454 聯發科,2018/8/23,167.8915,171.2764,167.8915,171.2764,"5,206"
2454 聯發科,2018/8/24,171.2764,171.2764,167.2146,169.2455,"2,873"
2454 聯發科,2018/8/27,168.23,168.5685,166.1991,167.553,"3,303"
2454 聯發科,2018/8/28,167.553,173.3074,167.553,170.5995,"10,744"
2454 聯發科,2018/8/29,172.2919,173.6459,171.2764,173.3074,"5,486"
2454 聯發科,2018/8/30,173.9844,174.9998,172.6304,173.3074,"4,274"
2454 聯發科,2018/8/31,172.6304,172.6304,168.23,170.261,"6,027"
2454 聯發科,2018/9/3,170.938,171.2764,168.5685,168.907,"3,759"
2454 聯發科,2018/9/4,169.2455,172.6304,169.2455,171.6149,"4,155"
2454 聯發科,2018/9/5,171.6149,173.3074,170.5995,171.9534,"5,658"
2454 聯發科,2018/9/6,170.938,173.9844,169.2455,172.6304,"4,832"
2454 聯發科,2018/9/7,171.2764,172.2919,166.1991,167.8915,"6,905"
2454 聯發科,2018/9/10,168.5685,169.9225,161.1217,164.1681,"8,970"
2454 聯發科,2018/9/11,166.5376,167.2146,163.1527,165.1836,"5,581"
2454 聯發科,2018/9/12,166.8761,166.8761,163.8296,165.1836,"3,333"
2454 聯發科,2018/9/13,166.1991,166.1991,163.8296,163.8296,"3,492"
2454 聯發科,2018/9/14,165.5221,166.8761,164.5066,166.1991,"3,522"
2454 聯發科,2018/9/17,165.1836,165.8606,163.8296,164.8451,"1,762"
2454 聯發科,2018/9/18,164.5066,166.8761,164.5066,165.5221,"3,198"
2454 聯發科,2018/9/19,166.8761,168.23,164.5066,165.8606,"3,748"
2454 聯發科,2018/9/20,164.8451,165.8606,160.7832,161.1217,"5,312"
2454 聯發科,2018/9/21,163.4912,165.1836,162.8142,164.5066,"5,338"
2454 聯發科,2018/9/25,163.1527,165.1836,163.1527,164.8451,"2,855"
2454 聯發科,2018/9/26,165.5221,165.8606,163.1527,163.4912,"3,087"
2454 聯發科,2018/9/27,163.1527,163.8296,161.7987,163.4912,"2,935"
2454 聯發科,2018/9/28,165.5221,166.8761,164.5066,166.8761,"6,198"
2454 聯發科,2018/10/1,168.23,170.5995,168.23,169.2455,"5,081"
2454 聯發科,2018/10/2,169.2455,169.9225,164.5066,165.8606,"12,269"
2454 聯發科,2018/10/3,166.1991,166.8761,163.1527,166.5376,"4,459"
2454 聯發科,2018/10/4,167.8915,167.8915,163.8296,163.8296,"5,522"
2454 聯發科,2018/10/5,162.4757,163.1527,157.3983,158.7523,"9,432"
2454 聯發科,2018/10/8,158.7523,159.4293,157.3983,158.0753,"7,119"
2454 聯發科,2018/10/9,158.4138,158.7523,154.6904,154.6904,"6,597"
2454 聯發科,2018/10/11,140.4738,142.5047,140.1353,142.5047,"18,592"
2454 聯發科,2018/10/12,142.1662,149.613,142.1662,148.936,"7,413"
2454 聯發科,2018/10/15,147.9206,153.3364,146.2281,149.613,"7,507"
2454 聯發科,2018/10/16,150.6285,153.6749,150.29,150.29,"3,703"
2454 聯發科,2018/10/17,152.6594,153.3364,151.644,151.9825,"3,778"
2454 聯發科,2018/10/18,152.321,153.6749,151.644,152.321,"2,588"
2454 聯發科,2018/10/19,149.9515,150.6285,147.9206,150.6285,"3,881"
2454 聯發科,2018/10/22,149.2745,151.644,148.936,149.9515,"2,304"
2454 聯發科,2018/10/23,148.936,150.29,144.8741,144.8741,"3,750"
2454 聯發科,2018/10/24,143.5202,146.2281,139.4583,144.8741,"5,893"
2454 聯發科,2018/10/25,140.4738,143.5202,139.4583,142.1662,"7,491"
2454 聯發科,2018/10/26,143.5202,144.5357,135.7349,136.7504,"8,769"
2454 聯發科,2018/10/29,139.4583,140.8123,135.0579,140.8123,"7,244"
2454 聯發科,2018/10/30,141.4892,143.5202,139.4583,140.1353,"5,275"
2454 聯發科,2018/10/31,143.5202,154.0134,142.8432,154.0134,"10,262"
2454 聯發科,2018/11/1,153.6749,155.0289,147.9206,151.3055,"9,447"
2454 聯發科,2018/11/2,153.3364,156.0444,151.9825,154.0134,"7,310"
2454 聯發科,2018/11/5,152.6594,155.7059,151.644,155.7059,"4,237"
2454 聯發科,2018/11/6,158.0753,161.1217,153.3364,155.7059,"5,869"
2454 聯發科,2018/11/7,155.7059,159.7678,155.7059,159.0908,"3,698"
2454 聯發科,2018/11/8,161.7987,162.4757,157.7368,159.0908,"3,951"
2454 聯發科,2018/11/9,158.7523,158.7523,153.3364,154.6904,"4,588"
2454 聯發科,2018/11/12,154.3519,159.4293,153.6749,158.7523,"5,490"
2454 聯發科,2018/11/13,154.0134,158.4138,153.3364,156.3828,"4,337"
2454 聯發科,2018/11/14,156.3828,157.7368,155.0289,155.7059,"2,607"
2454 聯發科,2018/11/15,156.7213,159.0908,155.3674,156.7213,"3,910"
2454 聯發科,2018/11/16,152.321,154.3519,148.936,148.936,"8,593"
2454 聯發科,2018/11/19,150.29,152.321,148.936,151.3055,"4,529"
2454 聯發科,2018/11/20,150.6285,152.6594,149.2745,152.321,"4,366"
2454 聯發科,2018/11/21,150.967,151.9825,148.936,150.967,"3,605"
2454 聯發科,2018/11/22,151.3055,152.321,150.29,150.6285,"2,429"
2454 聯發科,2018/11/23,151.644,151.644,150.29,150.29,"1,501"
2454 聯發科,2018/11/26,151.644,156.0444,150.967,154.3519,"5,138"
2454 聯發科,2018/11/27,154.3519,157.0598,152.321,157.0598,"3,222"
2454 聯發科,2018/11/28,157.0598,160.1062,156.3828,160.1062,"4,001"
2454 聯發科,2018/11/29,162.4757,163.4912,156.7213,156.7213,"4,823"
2454 聯發科,2018/11/30,157.7368,161.1217,156.3828,160.7832,"6,754"
2454 聯發科,2018/12/3,164.5066,167.2146,164.1681,166.1991,"7,644"
2454 聯發科,2018/12/4,167.8915,170.938,165.8606,170.5995,"10,166"
2454 聯發科,2018/12/5,166.8761,167.2146,165.1836,165.5221,"4,879"
2454 聯發科,2018/12/6,161.7987,162.1372,155.0289,155.3674,"8,345"
2454 聯發科,2018/12/7,158.0753,160.1062,157.3983,158.0753,"4,682"
2454 聯發科,2018/12/10,155.3674,158.4138,154.3519,155.0289,"3,099"
2454 聯發科,2018/12/11,153.6749,155.3674,152.9979,154.3519,"2,710"
2454 聯發科,2018/12/12,156.7213,159.0908,155.7059,157.7368,"3,454"
2454 聯發科,2018/12/13,158.0753,161.1217,158.0753,160.7832,"4,468"
2454 聯發科,2018/12/14,161.7987,162.4757,157.7368,159.7678,"3,433"
2454 聯發科,2018/12/17,161.7987,161.7987,158.4138,159.0908,"2,744"
2454 聯發科,2018/12/18,158.4138,160.1062,158.0753,158.7523,"2,413"
2454 聯發科,2018/12/19,157.3983,159.7678,157.3983,159.7678,"2,712"
2454 聯發科,2018/12/20,155.3674,156.3828,151.3055,152.321,"9,042"
2454 聯發科,2018/12/21,151.644,152.9979,149.9515,151.3055,"5,269"
2454 聯發科,2018/12/22,150.967,151.3055,149.9515,150.967,923
2454 聯發科,2018/12/24,151.3055,152.6594,150.6285,152.321,"1,674"
2454 聯發科,2018/12/25,149.613,150.29,148.2591,149.613,"1,528"
2454 聯發科,2018/12/26,150.29,151.3055,148.936,148.936,897
2454 聯發科,2018/12/27,151.9825,153.6749,150.967,152.321,"2,969"
2454 聯發科,2018/12/28,151.3055,155.3674,151.3055,155.3674,"3,415"
2454 聯發科,2019/1/2,155.3674,155.3674,149.2745,149.2745,"4,284"
2454 聯發科,2019/1/3,151.644,152.9979,149.613,151.3055,"3,718"
2454 聯發科,2019/1/4,147.9206,147.9206,144.5357,146.9051,"6,492"
2454 聯發科,2019/1/7,149.613,149.9515,147.2436,148.2591,"7,008"
2454 聯發科,2019/1/8,149.613,150.6285,147.9206,150.29,"4,626"
2454 聯發科,2019/1/9,152.6594,156.7213,151.644,152.9979,"8,817"
2454 聯發科,2019/1/10,152.9979,154.3519,150.967,152.9979,"2,881"
2454 聯發科,2019/1/11,153.6749,155.0289,152.9979,154.0134,"2,023"
2454 聯發科,2019/1/14,156.7213,158.4138,155.7059,156.7213,"4,203"
2454 聯發科,2019/1/15,158.0753,158.0753,156.7213,157.7368,"4,945"
2454 聯發科,2019/1/16,157.7368,161.1217,157.0598,160.4447,"4,464"
2454 聯發科,2019/1/17,160.7832,161.7987,158.7523,160.4447,"3,010"
2454 聯發科,2019/1/18,162.1372,165.5221,161.7987,165.1836,"6,656"
2454 聯發科,2019/1/21,167.2146,168.5685,164.8451,165.5221,"4,439"
2454 聯發科,2019/1/22,166.8761,167.8915,163.1527,163.8296,"4,435"
2454 聯發科,2019/1/23,162.8142,163.1527,160.4447,163.1527,"3,064"
2454 聯發科,2019/1/24,164.1681,167.8915,163.8296,165.5221,"6,357"
2454 聯發科,2019/1/25,166.8761,168.907,165.8606,167.8915,"6,402"
2454 聯發科,2019/1/28,167.553,168.5685,166.8761,168.23,"4,014"
2454 聯發科,2019/1/29,165.8606,167.8915,165.1836,166.1991,"4,277"
2454 聯發科,2019/1/30,166.1991,166.1991,163.4912,164.5066,"5,074"
2454 聯發科,2019/2/11,170.938,175.6768,168.907,175.6768,"19,458"
2454 聯發科,2019/2/12,173.9844,175.6768,173.3074,174.3229,"6,519"
2454 聯發科,2019/2/13,175.6768,177.0308,173.6459,175.3383,"5,523"
2454 聯發科,2019/2/14,173.9844,175.3383,172.9689,172.9689,"3,051"
2454 聯發科,2019/2/15,172.2919,174.6614,169.584,170.5995,"4,364"
2454 聯發科,2019/2/18,172.2919,172.2919,169.9225,171.6149,"3,795"
2454 聯發科,2019/2/19,170.5995,170.938,168.5685,169.2455,"3,647"
2454 聯發科,2019/2/20,170.261,174.6614,170.261,172.9689,"8,261"
2454 聯發科,2019/2/21,171.9534,175.6768,171.6149,175.3383,"6,240"
2454 聯發科,2019/2/22,176.0153,183.4621,175.6768,178.7232,"16,461"
2454 聯發科,2019/2/25,183.4621,191.2474,183.1236,191.2474,"20,311"
2454 聯發科,2019/2/26,191.9244,198.3557,187.1855,187.1855,"15,256"
2454 聯發科,2019/2/27,189.555,190.9089,185.4931,189.555,"9,345"
2454 聯發科,2019/3/4,189.555,191.9244,187.524,187.524,"7,996"
2454 聯發科,2019/3/5,186.5085,188.878,184.1391,184.8161,"5,726"
2454 聯發科,2019/3/6,185.4931,190.5704,185.4931,189.555,"9,173"
2454 聯發科,2019/3/7,187.8625,188.878,184.4776,185.4931,"4,456"
2454 聯發科,2019/3/8,182.7851,183.8006,180.0772,181.0927,"7,692"
2454 聯發科,2019/3/11,181.0927,184.4776,181.0927,182.7851,"3,485"
2454 聯發科,2019/3/12,185.8316,186.847,182.7851,183.1236,"4,929"
2454 聯發科,2019/3/13,182.7851,185.1546,182.1082,184.8161,"2,627"
2454 聯發科,2019/3/14,184.1391,188.201,183.8006,184.4776,"4,932"
2454 聯發科,2019/3/15,185.4931,187.524,185.1546,186.847,"4,556"
2454 聯發科,2019/3/18,189.555,190.5704,186.847,188.201,"4,328"
2454 聯發科,2019/3/19,187.1855,187.524,184.1391,186.5085,"5,706"
2454 聯發科,2019/3/20,186.5085,186.5085,184.8161,185.8316,"3,167"
2454 聯發科,2019/3/21,185.8316,189.2165,185.8316,187.8625,"4,761"
2454 聯發科,2019/3/22,189.555,193.6169,188.878,192.2629,"13,915"
2454 聯發科,2019/3/25,187.1855,188.878,186.847,187.1855,"5,459"
2454 聯發科,2019/3/26,188.878,190.5704,188.5395,190.2319,"3,638"
2454 聯發科,2019/3/27,189.555,189.8935,188.201,189.2165,"2,680"
2454 聯發科,2019/3/28,188.5395,191.9244,187.1855,187.1855,"4,616"
2454 聯發科,2019/3/29,188.878,191.2474,187.524,191.2474,"5,880"
2454 聯發科,2019/4/1,192.6014,194.2938,192.2629,193.2784,"7,480"
2454 聯發科,2019/4/2,196.3248,197.3403,194.9708,196.6633,"9,761"
2454 聯發科,2019/4/3,195.9863,197.3403,194.2938,196.6633,"6,655"
2454 聯發科,2019/4/8,195.6478,199.3712,195.6478,199.3712,"8,345"
2454 聯發科,2019/4/9,199.0327,203.0946,197.0018,202.7561,"10,051"
2454 聯發科,2019/4/10,203.0946,206.141,201.7406,203.0946,"13,100"
2454 聯發科,2019/4/11,201.7406,205.1255,197.0018,197.3403,"13,327"
2454 聯發科,2019/4/12,199.0327,201.0637,197.6787,198.6942,"6,379"
2454 聯發科,2019/4/15,201.7406,202.4176,200.0482,200.7252,"7,199"
2454 聯發科,2019/4/16,202.4176,204.1101,201.4021,203.0946,"8,003"
2454 聯發科,2019/4/17,199.3712,202.4176,194.6323,195.3093,"19,673"
2454 聯發科,2019/4/18,195.9863,198.6942,195.6478,197.0018,"11,586"
2454 聯發科,2019/4/19,198.6942,199.0327,195.3093,196.3248,"5,029"
2454 聯發科,2019/4/22,197.6787,198.6942,195.3093,195.6478,"3,197"
2454 聯發科,2019/4/23,196.6633,196.6633,192.9399,196.3248,"4,918"
2454 聯發科,2019/4/24,197.6787,197.6787,194.2938,195.9863,"3,863"
2454 聯發科,2019/4/25,195.9863,197.0018,193.6169,194.9708,"3,703"
2454 聯發科,2019/4/26,193.6169,196.3248,191.9244,196.3248,"3,850"
2454 聯發科,2019/4/29,195.9863,197.3403,193.9553,194.6323,"4,352"
2454 聯發科,2019/4/30,196.325,200.0485,194.2941,200.0485,"9,104"
2454 聯發科,2019/5/2,208.1722,208.1722,201.7409,201.7409,"22,384"
2454 聯發科,2019/5/3,205.8028,209.8647,203.7719,209.1877,"18,705"
2454 聯發科,2019/5/6,205.8028,207.1568,203.7719,207.1568,"12,433"
2454 聯發科,2019/5/7,209.1877,211.8957,207.8338,210.5417,"12,499"
2454 聯發科,2019/5/8,208.5107,210.5417,206.1413,209.8647,"9,896"
2454 聯發科,2019/5/9,210.5417,212.5726,203.0949,203.0949,"9,566"
2454 聯發科,2019/5/10,205.1258,206.8183,198.356,202.0794,"7,160"
2454 聯發科,2019/5/13,203.0949,203.0949,193.2786,193.9556,"8,021"
2454 聯發科,2019/5/14,188.8782,195.6481,187.1858,195.6481,"8,354"
2454 聯發科,2019/5/15,196.325,198.6945,194.6326,196.325,"5,782"
2454 聯發科,2019/5/16,196.325,197.679,193.6171,194.9711,"4,927"
2454 聯發科,2019/5/17,197.3405,200.7254,195.6481,197.002,"8,935"
2454 聯發科,2019/5/20,197.3405,198.356,193.9556,196.325,"5,080"
2454 聯發科,2019/5/21,194.2941,198.0175,193.9556,196.6635,"5,504"
2454 聯發科,2019/5/22,196.325,196.6635,193.9556,194.6326,"3,821"
2454 聯發科,2019/5/23,197.002,199.71,195.6481,197.679,"9,875"
2454 聯發科,2019/5/24,199.3715,199.3715,193.6171,194.2941,"5,171"
2454 聯發科,2019/5/27,194.2941,195.3096,187.1858,190.2322,"7,623"
2454 聯發科,2019/5/28,191.5862,191.9247,189.2167,189.8937,"7,631"
2454 聯發科,2019/5/29,187.8628,189.8937,186.1703,189.8937,"5,039"
2454 聯發科,2019/5/30,192.6016,202.0794,192.6016,200.7254,"10,940"
2454 聯發科,2019/5/31,202.0794,211.8957,201.0639,210.5417,"16,347"
2454 聯發科,2019/6/3,208.8492,214.2651,205.8028,212.5726,"13,144"
2454 聯發科,2019/6/4,213.9266,215.2806,210.5417,210.5417,"8,772"
2454 聯發科,2019/6/5,214.6036,216.296,211.5572,211.8957,"9,334"
2454 聯發科,2019/6/6,211.2187,211.2187,206.8183,207.8338,"6,168"
2454 聯發科,2019/6/10,211.8957,214.2651,209.8647,213.9266,"8,082"
2454 聯發科,2019/6/11,209.8647,212.5726,208.5107,208.5107,"8,924"
2454 聯發科,2019/6/12,208.8492,211.5572,207.4953,209.5262,"4,508"
2454 聯發科,2019/6/13,209.5262,214.2651,208.8492,209.5262,"6,906"
2454 聯發科,2019/6/14,210.5417,211.5572,207.1568,207.8338,"4,800"
2454 聯發科,2019/6/17,206.4798,207.8338,203.0949,203.4334,"7,844"
2454 聯發科,2019/6/18,205.8028,209.1877,205.8028,208.8492,"6,585"
2454 聯發科,2019/6/19,212.9111,213.2496,208.1722,208.8492,"8,662"
2454 聯發科,2019/6/20,210.5417,211.8957,208.5107,209.8647,"4,674"
2454 聯發科,2019/6/21,211.2187,213.9266,209.8647,212.2341,"9,233"
2454 聯發科,2019/6/24,210.8802,213.5881,209.8647,213.5881,"4,462"
2454 聯發科,2019/6/25,212.2341,213.2496,209.1877,210.8802,"3,262"
2454 聯發科,2019/6/26,211.5572,211.8957,209.5262,210.2032,"3,335"
2454 聯發科,2019/6/27,212.5726,213.5881,211.5572,211.8957,"5,593"
2454 聯發科,2019/6/28,212.5726,213.5881,210.5417,212.5726,"4,718"
2454 聯發科,2019/7/1,213.2496,214.6036,211.5572,212.5726,"8,268"
2454 聯發科,2019/7/2,212.5726,215.9576,212.2341,215.9576,"7,822"
2454 聯發科,2019/7/3,217.9885,221.0349,213.9266,214.9421,"8,818"
2454 聯發科,2019/7/4,216.6345,216.973,214.9421,215.9576,"4,090"
2454 聯發科,2019/7/5,216.296,217.9885,215.6191,217.3115,"6,690"
2454 聯發科,2019/7/8,217.3114,219.7492,217.3114,218.7045,"5,706"
2454 聯發科,2019/7/9,219.0527,220.0975,218.0079,218.3562,"3,738"
2454 聯發科,2019/7/10,220.794,222.187,219.7492,221.4905,"4,383"
2454 聯發科,2019/7/11,222.8835,225.6696,222.187,224.6248,"6,720"
2454 聯發科,2019/7/12,223.9283,224.2765,221.4905,221.4905,"3,255"
2454 聯發科,2019/7/15,221.8388,222.187,218.3562,219.0527,"5,194"
2454 聯發科,2019/7/16,219.7492,221.1422,218.0079,218.7045,"5,075"
2454 聯發科,2019/7/17,218.0079,218.7045,214.8736,215.9184,"7,544"
2454 聯發科,2019/7/18,216.6149,216.6149,209.6498,210.3463,"9,627"
2454 聯發科,2019/7/19,214.1771,214.5254,210.6946,212.0876,"7,333"
2454 聯發科,2019/7/22,213.1324,215.5702,212.7841,214.8736,"7,703"
2454 聯發科,2019/7/23,215.9184,219.401,215.9184,219.0527,"7,586"
2454 聯發科,2019/7/24,219.401,219.7492,214.1771,214.5254,"8,578"
2454 聯發科,2019/7/25,215.9184,218.0079,214.5254,218.0079,"5,665"
2454 聯發科,2019/7/26,215.5702,219.401,214.5254,218.3562,"4,494"
2454 聯發科,2019/7/29,216.6149,222.5353,215.9184,222.187,"9,083"
2454 聯發科,2019/7/30,224.2765,228.4556,223.2318,226.7143,"17,119"
2454 聯發科,2019/7/31,224.2765,224.2765,215.2219,219.0527,"17,759"
2454 聯發科,2019/8/1,221.4905,228.1074,218.7045,218.7045,"24,478"
2454 聯發科,2019/8/2,216.2667,220.4457,215.5702,220.0975,"13,587"
2454 聯發科,2019/8/5,218.0079,219.7492,215.2219,217.3114,"9,440"
2454 聯發科,2019/8/6,212.4359,218.0079,211.7393,215.2219,"10,859"
2454 聯發科,2019/8/7,218.0079,222.5353,217.6597,221.4905,"13,326"
2454 聯發科,2019/8/8,220.4457,223.2318,219.0527,220.4457,"7,158"
2454 聯發科,2019/8/12,221.8388,224.9731,221.4905,224.9731,"8,148"
2454 聯發科,2019/8/13,223.9283,224.2765,220.794,221.4905,"3,973"
2454 聯發科,2019/8/14,224.2765,224.9731,221.8388,222.5353,"4,361"
2454 聯發科,2019/8/15,219.0527,220.794,218.3562,220.4457,"5,639"
2454 聯發科,2019/8/16,220.794,226.0178,220.794,224.2765,"8,208"
2454 聯發科,2019/8/19,228.4556,245.8684,227.4108,245.8684,"30,578"
2454 聯發科,2019/8/20,244.8236,246.5649,241.6893,244.4754,"13,464"
2454 聯發科,2019/8/21,244.4754,248.3062,241.6893,241.6893,"11,451"
2454 聯發科,2019/8/22,243.0823,245.1719,238.555,240.2963,"9,351"
2454 聯發科,2019/8/23,242.0376,245.1719,238.555,238.555,"8,018"
2454 聯發科,2019/8/26,235.0725,239.948,234.0277,238.9033,"5,594"
2454 聯發科,2019/8/27,241.6893,242.3858,238.9033,240.6446,"10,359"
2454 聯發科,2019/8/28,247.6097,255.9678,247.2614,254.923,"21,836"
2454 聯發科,2019/8/29,253.8783,254.923,251.7887,254.5748,"8,989"
2454 聯發科,2019/8/30,258.0573,260.1469,254.2265,255.9678,"10,557"
2454 聯發科,2019/9/2,255.9678,258.7538,253.53,258.0573,"5,333"
2454 聯發科,2019/9/3,258.0573,258.0573,252.8335,253.53,"5,274"
2454 聯發科,2019/9/4,254.2265,257.0126,252.137,254.2265,"6,380"
2454 聯發科,2019/9/5,256.6643,257.3608,253.8783,255.9678,"4,485"
2454 聯發科,2019/9/6,258.4056,263.2812,256.316,260.8434,"14,046"
2454 聯發科,2019/9/9,265.7189,271.291,263.2812,266.4155,"19,604"
2454 聯發科,2019/9/10,264.6742,266.0672,261.5399,263.2812,"9,046"
2454 聯發科,2019/9/11,261.8881,264.3259,259.4503,260.8434,"7,656"
2454 聯發科,2019/9/12,265.3707,266.7637,259.7986,261.1916,"9,899"
2454 聯發科,2019/9/16,261.5399,267.8085,261.5399,266.0672,"10,976"
2454 聯發科,2019/9/17,268.1567,270.2463,266.4155,266.7637,"9,510"
2454 聯發科,2019/9/18,266.7637,267.4602,263.9777,266.0672,"7,371"
2454 聯發科,2019/9/19,269.5498,270.2463,265.0224,265.0224,"8,439"
2454 聯發科,2019/9/20,265.7189,270.2463,265.7189,269.2015,"9,398"
2454 聯發科,2019/9/23,268.505,272.3358,267.8085,270.2463,"4,616"
2454 聯發科,2019/9/24,270.2463,270.9428,267.8085,269.5498,"4,040"
2454 聯發科,2019/9/25,266.4155,268.1567,263.9777,264.6742,"8,943"
2454 聯發科,2019/9/26,266.0672,267.4602,260.4951,261.8881,"8,219"
2454 聯發科,2019/9/27,261.8881,263.2812,256.6643,257.0126,"9,126"
2454 聯發科,2019/10/1,257.3608,262.2364,257.0126,262.2364,"7,417"
2454 聯發科,2019/10/2,260.4951,261.5399,259.1021,259.1021,"3,950"
2454 聯發科,2019/10/3,259.1021,265.3707,255.9678,264.3259,"8,891"
2454 聯發科,2019/10/4,266.4155,269.5498,266.0672,268.505,"7,691"
2454 聯發科,2019/10/7,269.2015,270.2463,265.7189,267.4602,"5,092"
2454 聯發科,2019/10/8,267.4602,268.505,266.7637,267.8085,"5,088"
2454 聯發科,2019/10/9,266.0672,266.4155,259.1021,259.1021,"8,426"
2454 聯發科,2019/10/14,258.4056,261.1916,256.316,258.0573,"14,688"
2454 聯發科,2019/10/15,257.7091,258.7538,254.923,255.6195,"9,994"
2454 聯發科,2019/10/16,257.7091,259.1021,250.0474,250.744,"12,208"
2454 聯發科,2019/10/17,253.53,259.1021,252.137,258.4056,"8,885"
2454 聯發科,2019/10/18,260.1469,260.4951,257.0126,257.7091,"5,956"
2454 聯發科,2019/10/21,259.7986,260.8434,256.6643,257.0126,"4,625"
2454 聯發科,2019/10/22,257.3608,259.1021,255.9678,258.7538,"4,971"
2454 聯發科,2019/10/23,258.0573,259.1021,256.316,259.1021,"4,064"
2454 聯發科,2019/10/24,262.2364,265.7189,261.8881,265.7189,"12,750"
2454 聯發科,2019/10/25,268.1567,268.8532,263.9777,263.9777,"8,223"
2454 聯發科,2019/10/28,266.4155,269.5498,265.3707,269.5498,"7,243"
2454 聯發科,2019/10/29,273.7288,275.4701,268.505,273.7288,"13,697"
2454 聯發科,2019/10/30,273.7288,277.9079,271.291,276.1666,"11,199"
2454 聯發科,2019/10/31,276.1666,286.9625,275.4701,284.1765,"24,248"
2454 聯發科,2019/11/1,285.5695,288.0073,281.0422,282.087,"10,327"
2454 聯發科,2019/11/4,282.087,286.9625,281.7387,286.9625,"8,229"
2454 聯發科,2019/11/5,286.6143,296.7137,286.6143,296.0172,"11,961"
2454 聯發科,2019/11/6,296.3654,302.2858,294.6242,302.2858,"14,687"
2454 聯發科,2019/11/7,298.1067,300.1962,293.2311,296.0172,"12,569"
2454 聯發科,2019/11/8,296.0172,298.1067,286.266,288.3556,"13,226"
2454 聯發科,2019/11/11,286.9625,286.9625,280.6939,281.0422,"8,447"
2454 聯發科,2019/11/12,282.087,287.3108,282.087,285.5695,"5,316"
2454 聯發科,2019/11/13,281.3904,288.7038,281.3904,284.1765,"5,132"
2454 聯發科,2019/11/14,285.2213,287.659,282.087,285.9178,"4,915"
2454 聯發科,2019/11/15,288.3556,296.7137,288.0073,293.9276,"9,908"
2454 聯發科,2019/11/18,291.4899,293.2311,290.0968,292.1864,"3,777"
2454 聯發科,2019/11/19,292.5346,294.6242,290.4451,293.2311,"3,798"
2454 聯發科,2019/11/20,293.2311,293.2311,287.659,288.7038,"6,027"
2454 聯發科,2019/11/21,285.5695,287.3108,277.2114,283.48,"11,781"
2454 聯發科,2019/11/22,281.3904,286.9625,281.3904,286.266,"7,319"
2454 聯發科,2019/11/25,292.5346,294.2759,289.7486,291.4899,"9,091"
2454 聯發科,2019/11/26,296.0172,297.7585,291.4899,292.5346,"11,090"
2454 聯發科,2019/11/27,295.3207,296.7137,292.5346,294.2759,"6,115"
2454 聯發科,2019/11/28,296.0172,301.241,294.6242,300.5445,"9,884"
2454 聯發科,2019/11/29,302.2858,304.3753,292.5346,293.5794,"11,677"
2454 聯發科,2019/12/2,291.4899,296.0172,286.9625,290.0968,"6,767"
2454 聯發科,2019/12/3,290.0968,296.0172,290.0968,291.1416,"7,340"
2454 聯發科,2019/12/4,291.1416,295.6689,290.0968,295.6689,"6,155"
2454 聯發科,2019/12/5,296.0172,296.7137,292.5346,292.5346,"6,035"
2454 聯發科,2019/12/6,292.8829,293.9276,289.0521,289.0521,"5,400"
2454 聯發科,2019/12/9,291.8381,297.7585,291.1416,297.0619,"10,360"
2454 聯發科,2019/12/10,297.4102,297.4102,294.9724,296.0172,"3,307"
2454 聯發科,2019/12/11,294.6242,298.8032,294.6242,298.8032,"6,041"
2454 聯發科,2019/12/12,299.848,301.241,297.0619,297.7585,"10,296"
2454 聯發科,2019/12/13,299.848,302.2858,298.1067,301.241,"8,981"
2454 聯發科,2019/12/16,303.3305,308.9026,301.5893,307.8579,"11,206"
2454 聯發科,2019/12/17,309.2509,323.1811,308.5544,320.7433,"16,791"
2454 聯發科,2019/12/18,320.3951,320.3951,315.5195,317.9573,"11,852"
2454 聯發科,2019/12/19,317.2608,317.609,314.4747,316.5642,"9,032"
2454 聯發科,2019/12/20,316.5642,316.5642,307.8579,310.6439,"14,495"
2454 聯發科,2019/12/23,310.2957,313.43,307.8579,312.7334,"5,692"
2454 聯發科,2019/12/24,312.0369,312.0369,309.5991,309.9474,"3,108"
2454 聯發科,2019/12/25,309.2509,315.5195,309.2509,314.823,"2,911"
2454 聯發科,2019/12/26,320.0468,320.7433,312.7334,312.7334,"5,855"
2454 聯發科,2019/12/27,314.4747,315.1712,310.6439,310.9922,"4,173"
2454 聯發科,2019/12/30,310.9922,311.6887,309.9474,310.9922,"2,909"
2454 聯發科,2019/12/31,308.9026,310.9922,307.1614,308.9026,"5,710"
2454 聯發科,2020/1/2,309.9474,310.6439,306.8131,307.5096,"6,237"
2454 聯發科,2020/1/3,309.9474,310.2957,294.6242,302.634,"12,375"
2454 聯發科,2020/1/6,298.1067,300.5445,295.3207,295.3207,"8,520"
2454 聯發科,2020/1/7,298.1067,300.1962,291.1416,296.7137,"11,707"
2454 聯發科,2020/1/8,296.7137,304.0271,295.3207,299.848,"9,695"
2454 聯發科,2020/1/9,302.9823,305.7683,301.241,304.3753,"7,061"
2454 聯發科,2020/1/10,306.1166,307.1614,296.7137,300.8928,"7,882"
2454 聯發科,2020/1/13,300.8928,302.9823,293.9276,293.9276,"10,239"
2454 聯發科,2020/1/14,294.2759,295.6689,287.3108,289.7486,"19,437"
2454 聯發科,2020/1/15,284.873,291.8381,283.1317,289.7486,"26,086"
2454 聯發科,2020/1/16,291.8381,294.9724,289.0521,293.2311,"13,075"
2454 聯發科,2020/1/17,298.1067,298.1067,291.4899,292.8829,"8,818"
2454 聯發科,2020/1/20,293.2311,293.9276,290.4451,291.8381,"6,172"
2454 聯發科,2020/1/30,278.6044,278.9527,266.4155,267.112,"22,330"
2454 聯發科,2020/1/31,268.1567,273.7288,266.0672,270.2463,"10,439"
2454 聯發科,2020/2/3,262.2364,269.5498,259.7986,266.0672,"10,641"
2454 聯發科,2020/2/4,267.4602,276.1666,267.4602,271.9875,"9,511"
2454 聯發科,2020/2/5,271.9875,271.9875,263.6294,265.3707,"16,355"
2454 聯發科,2020/2/6,265.3707,271.9875,264.6742,266.0672,"10,507"
2454 聯發科,2020/2/7,265.0224,268.505,263.9777,265.3707,"10,226"
2454 聯發科,2020/2/10,262.9329,269.2015,261.1916,264.6742,"11,049"
2454 聯發科,2020/2/11,266.0672,272.6841,266.0672,271.6393,"11,384"
2454 聯發科,2020/2/12,277.2114,281.0422,275.1218,279.6492,"13,600"
2454 聯發科,2020/2/13,284.5247,286.9625,283.1317,284.5247,"15,526"
2454 聯發科,2020/2/14,283.48,284.1765,281.0422,282.4352,"9,177"
2454 聯發科,2020/2/17,276.8631,278.2561,274.4253,277.2114,"9,237"
2454 聯發科,2020/2/18,274.4253,276.1666,273.0323,273.0323,"7,500"
2454 聯發科,2020/2/19,275.1218,275.8184,269.898,270.5945,"9,008"
2454 聯發科,2020/2/20,272.6841,274.4253,269.898,274.4253,"8,177"
2454 聯發科,2020/2/21,274.4253,274.4253,270.2463,270.2463,"7,800"
2454 聯發科,2020/2/24,266.4155,267.8085,261.8881,262.5846,"13,117"
2454 聯發科,2020/2/25,260.8434,266.7637,258.4056,263.6294,"10,230"
2454 聯發科,2020/2/26,261.1916,264.6742,259.7986,261.1916,"10,994"
2454 聯發科,2020/2/27,261.8881,263.2812,250.744,250.744,"14,733"
2454 聯發科,2020/3/2,247.9579,256.316,246.2166,252.8335,"11,727"
2454 聯發科,2020/3/3,259.7986,263.6294,258.4056,259.1021,"10,014"
2454 聯發科,2020/3/4,258.7538,259.4503,253.53,258.0573,"10,894"
2454 聯發科,2020/3/5,262.9329,268.1567,261.8881,268.1567,"11,305"
2454 聯發科,2020/3/6,264.6742,266.4155,262.2364,263.6294,"7,682"
2454 聯發科,2020/3/9,256.6643,258.4056,251.4405,255.2713,"11,652"
2454 聯發科,2020/3/10,253.1817,260.1469,252.137,260.1469,"11,832"
2454 聯發科,2020/3/11,260.1469,262.5846,252.137,252.8335,"9,371"
2454 聯發科,2020/3/12,247.9579,249.6992,234.0277,234.0277,"19,312"
2454 聯發科,2020/3/13,214.1771,242.3858,212.4359,237.5103,"23,633"
2454 聯發科,2020/3/16,231.9382,238.555,222.8835,222.8835,"12,157"
2454 聯發科,2020/3/17,214.5254,228.8039,214.5254,219.7492,"14,400"
2454 聯發科,2020/3/18,219.7492,223.9283,209.9981,209.9981,"14,131"
2454 聯發科,2020/3/19,202.6847,207.9085,190.1475,190.844,"25,712"
2454 聯發科,2020/3/20,206.1673,209.6498,199.8987,209.6498,"17,586"
2454 聯發科,2020/3/23,213.8289,218.7045,206.1673,214.5254,"21,198"
2454 聯發科,2020/3/24,234.0277,235.769,227.0626,229.8486,"13,447"
2454 聯發科,2020/3/25,242.3858,245.8684,229.8486,232.9829,"20,283"
2454 聯發科,2020/3/26,236.1172,240.2963,228.4556,239.2515,"11,554"
2454 聯發科,2020/3/27,250.3957,250.3957,234.376,236.8137,"13,224"
2454 聯發科,2020/3/30,229.5004,234.376,224.9731,234.376,"11,164"
2454 聯發科,2020/3/31,236.1172,239.2515,227.0626,228.1074,"10,956"
2454 聯發科,2020/4/1,231.9382,232.6347,226.7143,232.6347,"6,677"
2454 聯發科,2020/4/6,240.9928,240.9928,234.376,237.5103,"8,234"
2454 聯發科,2020/4/7,242.3858,243.7789,240.9928,241.6893,"10,214"
2454 聯發科,2020/4/8,240.9928,245.1719,240.2963,243.4306,"6,885"
2454 聯發科,2020/4/9,247.9579,247.9579,242.0376,244.8236,"8,237"
2454 聯發科,2020/4/10,245.5201,245.5201,242.3858,243.7789,"6,619"
2454 聯發科,2020/4/13,243.0823,246.9131,242.7341,244.8236,"7,148"
2454 聯發科,2020/4/14,246.5649,256.6643,246.2166,254.5748,"13,578"
2454 聯發科,2020/4/15,257.7091,258.0573,253.1817,254.5748,"8,890"
2454 聯發科,2020/4/16,251.4405,254.5748,251.0922,251.7887,"6,871"
2454 聯發科,2020/4/17,263.9777,263.9777,252.8335,256.316,"13,317"
2454 聯發科,2020/4/20,258.4056,260.1469,255.2713,257.7091,"5,979"
2454 聯發科,2020/4/21,255.6195,255.6195,245.1719,246.2166,"11,421"
2454 聯發科,2020/4/22,243.7789,245.1719,238.2068,240.9928,"12,142"
2454 聯發科,2020/4/23,242.0376,244.4754,239.5998,244.4754,"8,791"
2454 聯發科,2020/4/24,244.4754,245.8684,242.3858,242.7341,"6,025"
2454 聯發科,2020/4/27,248.6544,260.4951,247.6097,259.1021,"13,194"
2454 聯發科,2020/4/28,260.8434,261.1916,253.1817,261.1916,"10,769"
2454 聯發科,2020/4/29,278.6044,278.6044,269.2015,277.2114,"31,507"
2454 聯發科,2020/4/30,286.9624,289.4001,282.0868,289.0519,"22,045"
2454 聯發科,2020/5/4,281.3903,282.0868,277.2112,278.256,"11,748"
2454 聯發科,2020/5/5,281.042,282.435,275.8182,279.649,"7,287"
2454 聯發科,2020/5/6,282.0868,285.2211,279.649,284.1763,"10,340"
2454 聯發科,2020/5/7,286.9624,289.0519,286.2658,286.2658,"8,184"
2454 聯發科,2020/5/8,289.0519,291.1414,286.6141,286.6141,"6,884"
2454 聯發科,2020/5/11,289.4001,289.4001,283.4798,285.5693,"6,480"
2454 聯發科,2020/5/12,284.1763,285.2211,281.3903,283.4798,"5,093"
2454 聯發科,2020/5/13,284.5246,292.5344,283.4798,292.5344,"11,287"
2454 聯發科,2020/5/14,290.4449,291.8379,283.1315,286.2658,"8,304"
2454 聯發科,2020/5/15,288.3554,289.4001,281.7385,286.2658,"5,826"
2454 聯發科,2020/5/18,314.8228,314.8228,304.0269,306.8129,"25,672"
2454 聯發科,2020/5/19,322.1361,323.1809,319.0018,321.7879,"23,381"
2454 聯發科,2020/5/20,325.2704,333.6286,323.1809,327.36,"18,969"
2454 聯發科,2020/5/21,327.36,328.753,320.7431,323.5292,"9,455"
2454 聯發科,2020/5/22,310.992,316.9123,306.4646,307.8577,"15,484"
2454 聯發科,2020/5/25,314.4745,320.3949,312.7332,320.3949,"11,364"
2454 聯發科,2020/5/26,320.3949,325.9669,319.0018,320.3949,"6,684"
2454 聯發科,2020/5/27,323.8774,324.5739,320.0466,323.5292,"8,859"
2454 聯發科,2020/5/28,325.9669,326.6635,315.8675,320.3949,"10,968"
2454 聯發科,2020/5/29,320.3949,325.2704,315.8675,322.4844,"9,592"
2454 聯發科,2020/6/1,325.9669,327.36,320.3949,321.4396,"8,808"
2454 聯發科,2020/6/2,339.8972,341.6384,333.9768,337.8076,"17,040"
2454 聯發科,2020/6/3,342.6832,343.728,339.2006,341.2902,"9,783"
2454 聯發科,2020/6/4,337.8076,343.3797,335.7181,341.2902,"8,538"
2454 聯發科,2020/6/5,343.3797,346.514,341.9867,344.0762,"8,958"
2454 聯發科,2020/6/8,345.121,351.7378,343.3797,344.4245,"9,669"
2454 聯發科,2020/6/9,341.9867,347.907,339.5489,346.514,"7,942"
2454 聯發科,2020/6/10,345.121,350.3448,344.7727,348.2553,"6,677"
2454 聯發科,2020/6/11,348.2553,354.5239,345.4692,345.8175,"11,175"
2454 聯發科,2020/6/12,329.4495,345.121,329.4495,343.0315,"12,644"
2454 聯發科,2020/6/15,346.8623,351.7378,343.0315,343.0315,"7,204"
2454 聯發科,2020/6/16,342.6832,355.2204,342.3349,355.2204,"11,665"
2454 聯發科,2020/6/17,355.9169,359.3994,351.7378,355.2204,"7,132"
2454 聯發科,2020/6/18,358.7029,358.7029,353.8274,357.3099,"5,601"
2454 聯發科,2020/6/19,362.1855,390.0459,360.7925,380.2948,"22,189"
2454 聯發科,2020/6/22,385.1703,401.1901,380.2948,401.1901,"17,896"
2454 聯發科,2020/6/23,403.9761,413.7273,388.6529,399.7971,"16,106"
2454 聯發科,2020/6/24,398.404,406.7622,395.618,403.9761,"9,137"
2454 聯發科,2020/6/29,394.225,401.1901,392.1354,393.5285,"12,360"
2454 聯發科,2020/6/30,396.3145,403.2796,395.618,403.2796,"9,477"
2454 聯發科,2020/7/1,410.9412,413.7273,400.4936,401.8866,"7,704"
2454 聯發科,2020/7/2,401.8866,405.3691,399.1006,399.7971,"6,031"
2454 聯發科,2020/7/3,400.4936,408.8517,400.4936,407.4587,"8,709"
2454 聯發科,2020/7/6,416.3315,417.75,411.3667,417.75,"7,257"
2454 聯發科,2020/7/7,424.1333,448.2479,422.0055,438.3184,"19,739"
2454 聯發科,2020/7/8,446.1201,478.0365,443.2831,468.8162,"23,384"
2454 聯發科,2020/7/9,468.8162,470.2347,453.9219,461.7237,"17,228"
2454 聯發科,2020/7/10,454.6312,458.8867,436.8998,436.8998,"17,015"
2454 聯發科,2020/7/13,443.9924,453.2127,438.3184,446.1201,"10,446"
2454 聯發科,2020/7/14,444.7016,445.4109,432.6443,433.3536,"9,446"
2454 聯發科,2020/7/15,434.0628,438.3184,424.1333,431.9351,"14,729"
2454 聯發科,2020/7/16,426.2611,434.0628,424.8425,424.8425,"7,417"
2454 聯發科,2020/7/17,424.1333,431.2258,422.7148,430.5166,"8,994"
2454 聯發科,2020/7/20,431.9351,433.3536,418.4593,426.2611,"9,008"
2454 聯發科,2020/7/21,434.0628,456.0497,434.0628,451.7942,"15,777"
2454 聯發科,2020/7/22,467.3977,475.1995,461.7237,470.944,"17,852"
2454 聯發科,2020/7/23,466.6885,487.2568,463.1422,480.1643,"17,793"
2454 聯發科,2020/7/24,480.1643,498.6049,475.1995,478.7458,"24,419"
2454 聯發科,2020/7/27,492.9308,522.7195,490.0938,516.3362,"21,431"
2454 聯發科,2020/7/28,525.5565,541.16,482.292,482.292,"36,378"
2454 聯發科,2020/7/29,484.4198,492.2216,473.0718,483.7105,"14,628"
2454 聯發科,2020/7/30,486.5476,492.2216,475.1995,484.4198,"13,796"
2454 聯發科,2020/7/31,480.8735,501.4419,475.1995,497.1864,"15,072"
2454 聯發科,2020/8/3,526.975,526.975,492.9308,493.6401,"25,733"
2454 聯發科,2020/8/4,498.6049,519.1732,496.4771,519.1732,"19,275"
2454 聯發科,2020/8/5,521.301,524.138,512.0807,517.7547,"13,153"
2454 聯發科,2020/8/6,522.0102,534.0675,517.7547,519.1732,"12,890"
2454 聯發科,2020/8/7,517.7547,522.0102,499.3141,500.0234,"14,627"
2454 聯發科,2020/8/10,493.6401,506.4066,493.6401,500.7326,"11,142"
2454 聯發科,2020/8/11,495.0586,502.1511,490.0938,491.5123,"9,919"
2454 聯發科,2020/8/12,485.1291,489.3846,478.0365,482.292,"11,143"
2454 聯發科,2020/8/13,496.4771,497.8956,475.9088,485.1291,"11,410"
2454 聯發科,2020/8/14,475.1995,484.4198,475.1995,482.292,"9,672"
2454 聯發科,2020/8/17,485.1291,488.6753,480.1643,485.8383,"6,056"
2454 聯發科,2020/8/18,437.6091,455.3404,437.6091,437.6091,"42,389"
2454 聯發科,2020/8/19,438.3184,443.9924,429.0981,431.9351,"23,597"
2454 聯發科,2020/8/20,427.6796,433.3536,390.7984,400.7279,"34,547"
2454 聯發科,2020/8/21,413.4945,429.8073,412.076,428.3888,"21,528"
2454 聯發科,2020/8/24,424.8425,425.5518,413.4945,414.913,"14,910"
2454 聯發科,2020/8/25,419.8778,421.2963,414.2038,417.75,"9,904"
2454 聯發科,2020/8/26,414.913,415.6223,406.402,409.9482,"10,781"
2454 聯發科,2020/8/27,413.4945,415.6223,393.6354,395.7632,"15,405"
2454 聯發科,2020/8/28,395.7632,407.8205,392.2169,407.1112,"13,150"
2454 聯發科,2020/8/31,411.3667,413.4945,391.5077,394.3447,"17,151"
2454 聯發科,2020/9/1,396.4724,409.239,392.2169,408.5297,"11,319"
2454 聯發科,2020/9/2,429.0981,431.9351,418.4593,422.7148,"18,844"
2454 聯發科,2020/9/3,435.4813,436.1906,424.1333,427.6796,"13,567"
2454 聯發科,2020/9/4,417.75,432.6443,412.7852,427.6796,"13,800"
2454 聯發科,2020/9/7,431.2258,434.7721,420.587,424.1333,"7,096"
2454 聯發科,2020/9/8,426.9703,435.4813,424.1333,428.3888,"6,683"
2454 聯發科,2020/9/9,421.2963,424.8425,415.6223,422.0055,"10,536"
2454 聯發科,2020/9/10,426.2611,430.5166,424.1333,424.8425,"7,308"
2454 聯發科,2020/9/11,424.1333,427.6796,415.6223,422.0055,"7,837"
2454 聯發科,2020/9/14,422.7148,432.6443,417.75,431.9351,"8,675"
2454 聯發科,2020/9/15,431.9351,435.4813,427.6796,433.3536,"8,056"
2454 聯發科,2020/9/16,438.3184,445.4109,436.8998,437.6091,"10,738"
2454 聯發科,2020/9/17,432.6443,433.3536,420.587,424.8425,"12,572"
2454 聯發科,2020/9/18,424.8425,433.3536,419.1685,433.3536,"11,402"
2454 聯發科,2020/9/21,435.4813,442.5739,432.6443,436.8998,"8,306"
2454 聯發科,2020/9/22,435.4813,436.1906,426.9703,427.6796,"7,641"
2454 聯發科,2020/9/23,431.9351,439.0276,431.9351,437.6091,"6,545"
2454 聯發科,2020/9/24,429.8073,436.8998,425.5518,425.5518,"8,632"
2454 聯發科,2020/9/25,429.0981,431.2258,412.076,414.913,"9,004"
2454 聯發科,2020/9/28,413.4945,430.5166,412.076,427.6796,"8,878"
2454 聯發科,2020/9/29,429.8073,435.4813,429.8073,432.6443,"6,297"
2454 聯發科,2020/9/30,436.1906,438.3184,430.5166,430.5166,"6,064"
2454 聯發科,2020/10/5,435.4813,437.6091,432.6443,433.3536,"5,000"
2454 聯發科,2020/10/6,438.3184,439.0276,434.0628,436.1906,"3,949"
2454 聯發科,2020/10/7,437.6091,466.6885,434.7721,458.8867,"17,770"
2454 聯發科,2020/10/8,468.107,480.1643,461.0145,475.1995,"15,705"
2454 聯發科,2020/10/12,503.5696,512.0807,495.7678,506.4066,"22,052"
2454 聯發科,2020/10/13,504.9881,504.9881,491.5123,495.7678,"7,971"
2454 聯發科,2020/10/14,490.8031,495.0586,487.2568,488.6753,"6,302"
2454 聯發科,2020/10/15,491.5123,501.4419,488.6753,488.6753,"7,045"
2454 聯發科,2020/10/16,488.6753,492.9308,482.292,482.292,"5,020"
2454 聯發科,2020/10/19,484.4198,492.9308,484.4198,490.8031,"3,933"
2454 聯發科,2020/10/20,487.9661,494.3493,484.4198,494.3493,"4,936"
2454 聯發科,2020/10/21,499.3141,503.5696,487.2568,490.0938,"5,171"
2454 聯發科,2020/10/22,487.9661,493.6401,485.8383,487.9661,"5,130"
2454 聯發科,2020/10/23,488.6753,492.2216,480.8735,480.8735,"4,854"
2454 聯發科,2020/10/26,482.292,486.5476,476.618,478.0365,"4,340"
2454 聯發科,2020/10/27,478.0365,487.9661,476.618,485.8383,"6,628"
2454 聯發科,2020/10/28,485.8383,488.6753,478.7458,483.0013,"6,124"
2454 聯發科,2020/10/29,475.1995,487.2568,472.3625,485.1291,"4,542"
2454 聯發科,2020/10/30,480.8735,483.7105,475.1995,480.8735,"6,389"
2454 聯發科,2020/11/2,489.3846,489.3846,461.0145,463.1422,"14,039"
2454 聯發科,2020/11/3,468.8162,479.455,468.107,471.6532,"8,279"
2454 聯發科,2020/11/4,475.9088,485.8383,468.8162,480.1643,"9,310"
2454 聯發科,2020/11/5,485.8383,493.6401,481.5828,493.6401,"11,771"
2454 聯發科,2020/11/6,497.1864,499.3141,490.8031,496.4771,"7,383"
2454 聯發科,2020/11/9,503.5696,506.4066,491.5123,497.8956,"6,643"
2454 聯發科,2020/11/10,497.8956,497.8956,483.0013,486.5476,"6,061"
2454 聯發科,2020/11/11,469.5255,483.7105,469.5255,479.455,"8,075"
2454 聯發科,2020/11/12,480.1643,484.4198,475.9088,477.3273,"4,845"
2454 聯發科,2020/11/13,475.9088,480.1643,473.0718,478.7458,"4,707"
2454 聯發科,2020/11/16,485.8383,492.9308,483.0013,492.2216,"6,340"
2454 聯發科,2020/11/17,497.1864,498.6049,490.0938,493.6401,"6,537"
2454 聯發科,2020/11/18,497.8956,516.3362,497.1864,516.3362,"21,267"
2454 聯發科,2020/11/19,519.1732,523.4287,515.6269,519.8824,"9,175"
2454 聯發科,2020/11/20,519.1732,534.7768,512.7899,529.812,"11,660"
2454 聯發科,2020/11/23,534.7768,537.6138,523.4287,526.975,"7,122"
2454 聯發科,2020/11/24,533.3583,533.3583,520.5917,526.2657,"5,788"
2454 聯發科,2020/11/25,529.1027,530.5212,513.4992,513.4992,"7,168"
2454 聯發科,2020/11/26,519.8824,522.7195,514.2084,517.7547,"3,674"
2454 聯發科,2020/11/27,514.2084,518.4639,511.3714,514.2084,"3,520"
2454 聯發科,2020/11/30,504.2789,509.2437,498.6049,499.3141,"14,282"
2454 聯發科,2020/12/1,496.4771,502.1511,491.5123,494.3493,"8,546"
2454 聯發科,2020/12/2,500.7326,508.5344,492.9308,504.9881,"8,951"
2454 聯發科,2020/12/3,507.1159,507.1159,495.0586,496.4771,"7,043"
2454 聯發科,2020/12/4,496.4771,501.4419,493.6401,500.0234,"5,447"
2454 聯發科,2020/12/7,500.0234,502.1511,492.9308,499.3141,"5,507"
2454 聯發科,2020/12/8,498.6049,518.4639,497.8956,517.7547,"10,092"
2454 聯發科,2020/12/9,521.301,529.1027,517.7547,520.5917,"7,934"
2454 聯發科,2020/12/10,517.7547,517.7547,500.7326,502.8604,"7,890"
2454 聯發科,2020/12/11,510.6622,512.0807,497.1864,501.4419,"7,743"
2454 聯發科,2020/12/14,500.7326,503.5696,495.7678,497.8956,"3,923"
2454 聯發科,2020/12/15,497.8956,500.7326,493.6401,497.1864,"5,126"
2454 聯發科,2020/12/16,504.2789,506.4066,497.1864,497.1864,"6,278"
2454 聯發科,2020/12/17,498.6049,504.2789,495.7678,499.3141,"6,085"
2454 聯發科,2020/12/18,499.3141,502.1511,495.7678,495.7678,"4,932"
2454 聯發科,2020/12/21,495.0586,502.1511,488.6753,502.1511,"5,459"
2454 聯發科,2020/12/22,502.1511,512.0807,498.6049,498.6049,"6,455"
2454 聯發科,2020/12/23,502.1511,512.0807,500.0234,510.6622,"5,391"
2454 聯發科,2020/12/24,513.4992,514.2084,506.4066,506.4066,"3,363"
2454 聯發科,2020/12/25,510.6622,512.0807,504.9881,507.1159,"2,222"
2454 聯發科,2020/12/28,513.4992,525.5565,512.7899,524.8472,"10,682"
2454 聯發科,2020/12/29,525.5565,529.1027,520.5917,520.5917,"4,621"
2454 聯發科,2020/12/30,524.8472,529.1027,521.301,529.1027,"5,673"
2454 聯發科,2020/12/31,529.812,534.0675,526.2657,529.812,"4,667"
2454 聯發科,2021/1/4,535.486,565.9839,533.3583,561.7284,"14,143"
2454 聯發科,2021/1/5,564.5654,570.2394,549.6711,565.2746,"9,450"
2454 聯發科,2021/1/6,568.8209,577.3319,556.7636,561.7284,"9,331"
2454 聯發科,2021/1/7,563.1469,573.0764,556.7636,566.6931,"7,755"
2454 聯發科,2021/1/8,574.4949,598.6095,568.8209,594.354,"13,336"
2454 聯發科,2021/1/11,597.9003,607.1206,592.2263,603.5743,"8,031"
2454 聯發科,2021/1/12,607.8298,615.6316,597.191,600.028,"10,441"
2454 聯發科,2021/1/13,606.4113,637.6184,602.8651,626.9797,"16,971"
2454 聯發科,2021/1/14,618.4686,624.8519,605.7021,610.6668,"11,667"
2454 聯發科,2021/1/15,622.7241,625.5611,597.191,602.8651,"9,997"
2454 聯發科,2021/1/18,602.8651,603.5743,579.4597,598.6095,"9,010"
2454 聯發科,2021/1/19,610.6668,624.1426,605.7021,623.4334,"8,072"
2454 聯發科,2021/1/20,627.6889,636.9092,617.0501,618.4686,"11,111"
2454 聯發科,2021/1/21,631.2352,663.1516,629.8167,662.4423,"17,720"
2454 聯發科,2021/1/22,648.2572,670.9533,644.0017,650.385,"16,584"
2454 聯發科,2021/1/25,650.385,656.059,631.9444,645.4202,"9,057"
2454 聯發科,2021/1/26,648.2572,653.9313,617.7594,617.7594,"10,311"
2454 聯發科,2021/1/27,624.8519,641.874,617.7594,636.1999,"11,567"
2454 聯發科,2021/1/28,614.2131,624.1426,612.0853,616.3409,"18,167"
2454 聯發科,2021/1/29,630.5259,640.4555,620.5964,620.5964,"18,258"
2454 聯發科,2021/2/1,628.3982,644.711,620.5964,641.874,"13,638"
2454 聯發科,2021/2/2,656.059,675.2089,652.5128,660.3145,"14,757"
2454 聯發科,2021/2/3,671.6626,680.1736,668.1163,673.7904,"11,707"
2454 聯發科,2021/2/4,661.733,675.9181,648.9665,670.9533,"13,251"
2454 聯發科,2021/2/5,677.3366,700.0327,673.7904,673.7904,"15,508"
2454 聯發科,2021/2/17,709.253,716.3455,688.6847,695.0679,"11,965"
2454 聯發科,2021/2/18,695.0679,700.0327,686.5569,693.6494,"6,379"
2454 聯發科,2021/2/19,688.6847,691.5217,675.9181,683.7199,"7,991"
2454 聯發科,2021/2/22,689.3939,695.0679,674.4996,674.4996,"7,565"
2454 聯發科,2021/2/23,670.2441,686.5569,661.0238,684.4291,"8,565"
2454 聯發科,2021/2/24,672.3718,685.8477,666.6978,666.6978,"8,417"
2454 聯發科,2021/2/25,673.7904,677.3366,659.6053,669.5348,"8,044"
2454 聯發科,2021/2/26,654.6405,660.3145,635.4907,635.4907,"15,572"
2454 聯發科,2021/3/2,652.5128,665.9886,638.3277,638.3277,"14,215"
2454 聯發科,2021/3/3,648.9665,659.6053,634.7814,659.6053,"9,625"
2454 聯發科,2021/3/4,651.8035,651.8035,634.7814,636.1999,"12,469"
2454 聯發科,2021/3/5,622.0149,632.6537,617.0501,626.2704,"10,585"
2454 聯發科,2021/3/8,639.037,644.711,614.2131,614.9224,"9,984"
2454 聯發科,2021/3/9,609.9576,627.6889,605.7021,623.4334,"9,503"
2454 聯發科,2021/3/10,631.2352,632.6537,609.9576,612.7946,"9,564"
2454 聯發科,2021/3/11,616.3409,634.7814,613.5038,629.8167,"9,536"
2454 聯發科,2021/3/12,638.3277,648.9665,632.6537,637.6184,"8,342"
2454 聯發科,2021/3/15,638.3277,648.2572,638.3277,643.2925,"6,870"
2454 聯發科,2021/3/16,650.385,651.8035,642.5832,651.8035,"6,819"
2454 聯發科,2021/3/17,655.3498,656.059,639.7462,644.0017,"6,095"
2454 聯發科,2021/3/18,648.2572,652.5128,640.4555,640.4555,"4,643"
2454 聯發科,2021/3/19,634.7814,635.4907,624.1426,627.6889,"7,815"
2454 聯發科,2021/3/22,624.1426,631.9444,618.4686,624.8519,"7,242"
2454 聯發科,2021/3/23,631.2352,632.6537,617.0501,617.0501,"8,634"
2454 聯發科,2021/3/24,618.4686,634.7814,614.2131,634.0722,"7,176"
2454 聯發科,2021/3/25,641.1647,673.7904,635.4907,673.0811,"16,822"
2454 聯發科,2021/3/26,674.4996,677.3366,659.6053,668.8256,"11,990"
2454 聯發科,2021/3/29,675.9181,687.9754,667.4071,667.4071,"9,733"
2454 聯發科,2021/3/30,679.4644,692.9402,667.4071,688.6847,"12,775"
2454 聯發科,2021/3/31,689.3939,697.905,680.8829,687.2662,"9,308"
2454 聯發科,2021/4/1,693.6494,698.6142,681.5921,681.5921,"5,773"
2454 聯發科,2021/4/6,698.6142,716.3455,697.905,705.7067,"12,518"
2454 聯發科,2021/4/7,712.7993,716.3455,700.742,707.8345,"5,555"
2454 聯發科,2021/4/8,700.742,730.5306,698.6142,723.4381,"8,167"
2454 聯發科,2021/4/9,726.9843,730.5306,708.5437,708.5437,"6,835"
2454 聯發科,2021/4/12,707.1252,712.7993,678.0459,680.8829,"10,591"
2454 聯發科,2021/4/13,690.1032,697.905,675.2089,681.5921,"9,936"
2454 聯發科,2021/4/14,684.4291,687.2662,663.1516,684.4291,"8,837"
2454 聯發科,2021/4/15,688.6847,698.6142,678.7551,698.6142,"6,003"
2454 聯發科,2021/4/16,702.1605,702.1605,685.8477,691.5217,"6,494"
2454 聯發科,2021/4/19,698.6142,698.6142,682.3014,683.0106,"4,616"
2454 聯發科,2021/4/20,685.1384,716.3455,683.0106,707.8345,"11,068"
2454 聯發科,2021/4/21,716.3455,716.3455,697.1957,700.742,"6,767"
2454 聯發科,2021/4/22,708.5437,716.3455,697.905,697.905,"6,178"
2454 聯發科,2021/4/23,695.0679,734.0769,695.0679,734.0769,"11,303"
2454 聯發科,2021/4/26,758.9007,773.0858,730.5306,758.9007,"11,479"
2454 聯發科,2021/4/27,762.447,780.1783,748.2619,755.3544,"8,769"
2454 聯發科,2021/4/28,762.447,773.0858,748.2619,765.9932,"9,050"
2454 聯發科,2021/4/29,840.4648,840.4648,840.4648,840.4648,"6,567"
2454 聯發科,2021/5/3,833.3723,833.3723,765.9932,783.7246,"26,691"
2454 聯發科,2021/5/4,780.1783,783.7246,726.9843,769.5395,"18,231"
2454 聯發科,2021/5/5,773.0858,780.1783,708.5437,712.7993,"14,706"
2454 聯發科,2021/5/6,730.5306,755.3544,709.253,748.2619,"14,707"
2454 聯發科,2021/5/7,748.2619,755.3544,723.4381,751.8082,"10,404"
2454 聯發科,2021/5/10,719.8918,726.9843,694.3587,694.3587,"19,770"
2454 聯發科,2021/5/11,639.037,664.5701,636.9092,646.1295,"25,311"
2454 聯發科,2021/5/12,638.3277,651.8035,582.2967,629.8167,"31,743"
2454 聯發科,2021/5/13,628.3982,641.874,610.6668,619.1779,"16,914"
2454 聯發科,2021/5/14,634.0722,652.5128,629.8167,634.7814,"11,955"
2454 聯發科,2021/5/17,624.1426,664.5701,616.3409,648.2572,"16,387"
2454 聯發科,2021/5/18,666.6979,704.9975,652.5128,704.9975,"16,451"
2454 聯發科,2021/5/19,697.1958,703.579,668.8256,668.8256,"12,726"
2454 聯發科,2021/5/20,665.2794,673.0812,656.7683,659.6054,"11,288"
2454 聯發科,2021/5/21,681.5922,690.1032,663.8609,677.3367,"13,888"
2454 聯發科,2021/5/24,673.7904,680.1737,665.2794,668.8256,"6,117"
2454 聯發科,2021/5/25,677.3367,687.2662,671.6627,675.2089,"8,851"
2454 聯發科,2021/5/26,680.8829,686.557,671.6627,674.4997,"5,897"
2454 聯發科,2021/5/27,670.2441,675.2089,660.3146,663.1516,"9,408"
2454 聯發科,2021/5/28,673.7904,686.557,665.2794,681.5922,"7,683"
2454 聯發科,2021/5/31,688.6847,716.3456,680.1737,705.7068,"9,735"
2454 聯發科,2021/6/1,712.7993,719.8919,692.231,692.9402,"7,359"
2454 聯發科,2021/6/2,695.7773,700.742,678.7552,680.1737,"7,280"
2454 聯發科,2021/6/3,686.557,697.905,684.4292,695.7773,"5,997"
2454 聯發科,2021/6/4,688.6847,692.9402,685.1385,692.9402,"4,084"
2454 聯發科,2021/6/7,688.6847,692.231,672.3719,690.1032,"5,423"
2454 聯發科,2021/6/8,691.5217,692.9402,685.1385,685.1385,"3,584"
2454 聯發科,2021/6/9,683.0107,697.905,683.0107,685.8477,"3,982"
2454 聯發科,2021/6/10,695.068,712.7993,692.9402,707.8346,"9,223"
2454 聯發科,2021/6/11,712.7993,716.3456,695.068,695.068,"6,101"
2454 聯發科,2021/6/15,703.579,712.7993,698.6143,701.4513,"5,500"
2454 聯發科,2021/6/16,705.7068,705.7068,695.7773,698.6143,"5,172"
2454 聯發科,2021/6/17,693.6495,694.3588,686.557,693.6495,"6,313"
2454 聯發科,2021/6/18,695.068,702.1605,684.4292,684.4292,"6,077"
2454 聯發科,2021/6/21,680.8829,681.5922,651.0943,651.0943,"11,806"
2454 聯發科,2021/6/22,639.7463,649.6758,631.2352,640.4555,"14,408"
2454 聯發科,2021/6/23,640.4555,667.4071,636.9093,667.4071,"8,988"
2454 聯發科,2021/6/24,670.2441,671.6627,657.4776,658.8961,"3,582"
2454 聯發科,2021/6/25,666.6979,675.2089,657.4776,657.4776,"5,050"
2454 聯發科,2021/6/28,658.8961,663.1516,653.9313,663.1516,"3,891"
2454 聯發科,2021/6/29,668.1164,673.0812,663.1516,663.1516,"5,525"
2454 聯發科,2021/6/30,670.2441,693.6495,668.8256,682.3014,"10,667"
2454 聯發科,2021/7/1,688.6847,692.231,672.3719,677.3367,"5,621"
2454 聯發科,2021/7/2,683.0107,683.72,675.9182,678.7552,"4,790"
2454 聯發科,2021/7/5,680.8829,691.5217,678.7552,678.7552,"7,532"
2454 聯發科,2021/7/6,691.297,693.5104,678.7548,680.2304,"7,187"
2454 聯發科,2021/7/7,683.1815,684.6571,676.5415,676.5415,"5,379"
2454 聯發科,2021/7/8,678.7548,685.3948,674.3282,678.7548,"6,530"
2454 聯發科,2021/7/9,675.066,685.3948,672.1148,678.0171,"5,186"
2454 聯發科,2021/7/12,693.5104,694.2482,686.1326,689.8215,"5,706"
2454 聯發科,2021/7/13,693.5104,696.4615,683.1815,683.1815,"7,219"
2454 聯發科,2021/7/14,685.3948,692.0348,682.4437,686.1326,"3,410"
2454 聯發科,2021/7/15,689.8215,702.3637,686.1326,701.6259,"7,490"
2454 聯發科,2021/7/16,699.4126,708.2659,694.2482,706.0526,"6,055"
2454 聯發科,2021/7/19,694.2482,697.1993,675.066,678.0171,"7,197"
2454 聯發科,2021/7/20,676.5415,684.6571,675.066,678.7548,"3,177"
2454 聯發科,2021/7/21,683.1815,686.8704,668.426,672.8526,"5,054"
2454 聯發科,2021/7/22,675.066,686.8704,675.066,678.0171,"4,257"
2454 聯發科,2021/7/23,687.6082,689.0837,681.7059,688.3459,"4,544"
2454 聯發科,2021/7/26,693.5104,693.5104,678.7548,680.9682,"5,040"
2454 聯發科,2021/7/27,684.6571,699.4126,681.7059,692.0348,"8,669"
2454 聯發科,2021/7/28,686.8704,687.6082,654.4082,656.6215,"17,046"
2454 聯發科,2021/7/29,675.066,689.8215,666.2126,688.3459,"10,421"
2454 聯發科,2021/7/30,689.8215,691.297,669.1637,671.3771,"6,139"
2454 聯發科,2021/8/2,681.7059,689.0837,678.7548,689.0837,"4,122"
2454 聯發科,2021/8/3,699.4126,699.4126,686.1326,692.0348,"3,168"
2454 聯發科,2021/8/4,699.4126,703.1015,694.2482,700.8882,"6,227"
2454 聯發科,2021/8/5,708.2659,711.217,702.3637,709.0037,"7,656"
2454 聯發科,2021/8/6,705.3148,706.0526,689.8215,690.5593,"3,869"
2454 聯發科,2021/8/9,684.6571,684.6571,672.1148,679.4926,"4,439"
2454 聯發科,2021/8/10,686.1326,686.1326,675.8037,680.2304,"2,513"
2454 聯發科,2021/8/11,673.5904,675.8037,668.426,671.3771,"4,585"
2454 聯發科,2021/8/12,680.9682,680.9682,664.7371,666.9504,"4,309"
2454 聯發科,2021/8/13,670.6393,675.8037,664.7371,671.3771,"5,316"
2454 聯發科,2021/8/16,671.3771,677.2793,663.9993,664.7371,"3,748"
2454 聯發科,2021/8/17,666.2126,667.6882,649.2438,649.2438,"5,619"
2454 聯發科,2021/8/18,641.866,672.8526,638.1771,672.8526,"6,112"
2454 聯發科,2021/8/19,669.9015,674.3282,650.7193,655.146,"5,605"
2454 聯發科,2021/8/20,663.2615,666.9504,641.866,644.0793,"5,568"
2454 聯發科,2021/8/23,650.7193,675.066,650.7193,672.1148,"5,355"
2454 聯發科,2021/8/24,678.7548,678.7548,666.2126,670.6393,"3,669"
2454 聯發科,2021/8/25,675.066,675.066,663.9993,672.1148,"4,529"
2454 聯發科,2021/8/26,668.426,669.1637,641.866,655.146,"9,982"
2454 聯發科,2021/8/27,644.0793,661.0482,644.0793,661.0482,"5,541"
2454 聯發科,2021/8/30,665.4749,672.8526,662.5237,672.8526,"4,321"
2454 聯發科,2021/8/31,676.5415,676.5415,652.9326,664.7371,"7,759"
2454 聯發科,2021/9/1,676.5415,686.1326,668.426,683.9193,"9,426"
2454 聯發科,2021/9/2,686.1326,697.1993,683.9193,688.3459,"5,835"
2454 聯發科,2021/9/3,692.0348,692.0348,676.5415,678.0171,"5,982"
2454 聯發科,2021/9/6,669.1637,676.5415,660.3104,661.0482,"8,507"
2454 聯發科,2021/9/7,664.7371,669.1637,661.786,666.2126,"3,756"
2454 聯發科,2021/9/8,663.2615,674.3282,660.3104,672.8526,"5,405"
2454 聯發科,2021/9/9,666.2126,669.9015,662.5237,664.7371,"6,326"
2454 聯發科,2021/9/10,666.2126,682.4437,665.4749,682.4437,"4,863"
2454 聯發科,2021/9/13,677.2793,687.6082,677.2793,683.9193,"3,014"
2454 聯發科,2021/9/14,687.6082,700.1504,687.6082,698.6748,"8,536"
2454 聯發科,2021/9/15,695.7237,697.1993,684.6571,689.8215,"5,483"
2454 聯發科,2021/9/16,686.1326,690.5593,683.1815,690.5593,"4,041"
2454 聯發科,2021/9/17,693.5104,702.3637,690.5593,693.5104,"7,362"
2454 聯發科,2021/9/22,677.2793,682.4437,663.9993,672.1148,"8,480"
2454 聯發科,2021/9/23,678.0171,679.4926,667.6882,675.066,"5,320"
2454 聯發科,2021/9/24,677.2793,680.9682,672.8526,678.7548,"4,848"
2454 聯發科,2021/9/27,679.4926,707.5281,679.4926,707.5281,"11,010"
2454 聯發科,2021/9/28,707.5281,714.9059,697.1993,706.0526,"7,353"
2454 聯發科,2021/9/29,693.5104,695.7237,673.5904,673.5904,"8,807"
2454 聯發科,2021/9/30,673.5904,675.066,661.0482,667.6882,"8,747"
2454 聯發科,2021/10/1,667.6882,667.6882,650.7193,652.9326,"6,601"
2454 聯發科,2021/10/4,658.0971,663.2615,647.7682,658.0971,"4,625"
2454 聯發科,2021/10/5,643.3415,647.7682,630.7993,639.6527,"9,075"
2454 聯發科,2021/10/6,645.5549,656.6215,642.6038,642.6038,"5,437"
2454 聯發科,2021/10/7,652.9326,674.3282,651.4571,672.1148,"7,536"
2454 聯發科,2021/10/8,678.0171,682.4437,668.426,671.3771,"4,815"
2454 聯發科,2021/10/12,669.1637,669.9015,652.9326,654.4082,"9,179"
2454 聯發科,2021/10/13,657.3593,658.8349,635.9638,635.9638,"5,792"
2454 聯發科,2021/10/14,641.866,644.0793,618.9949,619.7327,"8,950"
2454 聯發科,2021/10/15,629.3238,633.7504,624.8971,632.2749,"6,522"
2454 聯發科,2021/10/18,635.9638,647.7682,634.4882,639.6527,"6,064"
2454 聯發科,2021/10/19,647.0304,663.9993,643.3415,662.5237,"6,912"
2454 聯發科,2021/10/20,671.3771,677.2793,664.7371,664.7371,"4,559"
2454 聯發科,2021/10/21,672.8526,681.7059,666.2126,673.5904,"6,120"
2454 聯發科,2021/10/22,673.5904,683.1815,668.426,683.1815,"4,750"
2454 聯發科,2021/10/25,684.6571,696.4615,675.8037,692.0348,"5,842"
2454 聯發科,2021/10/26,701.6259,702.3637,693.5104,697.937,"6,475"
2454 聯發科,2021/10/27,700.1504,706.7904,687.6082,694.9859,"8,154"
2454 聯發科,2021/10/28,694.9859,698.6748,683.9193,690.5593,"3,849"
2454 聯發科,2021/10/29,692.0348,692.7726,673.5904,673.5904,"5,549"
2454 聯發科,2021/11/1,682.4437,686.1326,676.5415,680.2304,"2,963"
2454 聯發科,2021/11/2,685.3948,689.0837,678.0171,684.6571,"2,965"
2454 聯發科,2021/11/3,689.0837,692.7726,685.3948,687.6082,"3,089"
2454 聯發科,2021/11/4,697.1993,697.1993,683.1815,684.6571,"3,142"
2454 聯發科,2021/11/5,692.7726,693.5104,683.9193,693.5104,"3,922"
2454 聯發科,2021/11/8,698.6748,725.2348,696.4615,723.0215,"10,948"
2454 聯發科,2021/11/9,737.777,737.777,720.0704,721.5459,"7,326"
2454 聯發科,2021/11/10,717.1192,721.5459,706.7904,706.7904,"3,607"
2454 聯發科,2021/11/11,690.5593,708.2659,690.5593,703.8393,"3,976"
2454 聯發科,2021/11/12,711.217,728.9237,705.3148,725.2348,"4,506"
2454 聯發科,2021/11/15,745.1548,763.5992,737.777,756.2214,"11,863"
2454 聯發科,2021/11/16,756.2214,770.977,745.1548,763.5992,"5,968"
2454 聯發科,2021/11/17,782.0436,793.1103,752.5325,759.9103,"7,313"
2454 聯發科,2021/11/18,782.0436,811.5547,774.6659,800.488,"13,199"
2454 聯發科,2021/11/19,822.6214,826.3102,782.0436,804.1769,"10,562"
2454 聯發科,2021/11/22,811.5547,818.9325,796.7992,796.7992,"5,357"
2454 聯發科,2021/11/23,789.4214,804.1769,774.6659,778.3547,"6,209"
2454 聯發科,2021/11/24,770.977,782.0436,756.2214,767.2881,"4,303"
2454 聯發科,2021/11/25,770.977,778.3547,752.5325,763.5992,"3,042"
2454 聯發科,2021/11/26,752.5325,756.2214,734.8259,741.4659,"4,570"
2454 聯發科,2021/11/29,736.3014,759.9103,731.137,759.9103,"3,878"
2454 聯發科,2021/11/30,774.6659,782.0436,745.1548,745.1548,"8,407"
2454 聯發科,2021/12/1,752.5325,789.4214,745.1548,785.7325,"6,547"
2454 聯發科,2021/12/2,770.977,800.488,767.2881,796.7992,"7,194"
2454 聯發科,2021/12/3,796.7992,804.1769,778.3547,782.0436,"4,782"
2454 聯發科,2021/12/6,782.0436,800.488,767.2881,800.488,"4,650"
2454 聯發科,2021/12/7,782.0436,796.7992,774.6659,785.7325,"6,286"
2454 聯發科,2021/12/8,800.488,818.9325,796.7992,807.8658,"7,553"
2454 聯發科,2021/12/9,807.8658,811.5547,793.1103,800.488,"3,406"
2454 聯發科,2021/12/10,793.1103,800.488,785.7325,793.1103,"3,190"
2454 聯發科,2021/12/13,789.4214,807.8658,789.4214,793.1103,"3,450"
2454 聯發科,2021/12/14,789.4214,793.1103,774.6659,789.4214,"4,197"
2454 聯發科,2021/12/15,785.7325,793.1103,770.977,782.0436,"3,025"
2454 聯發科,2021/12/16,800.488,804.1769,793.1103,804.1769,"3,900"
2454 聯發科,2021/12/17,793.1103,807.8658,789.4214,793.1103,"5,577"
2454 聯發科,2021/12/20,789.4214,793.1103,778.3547,778.3547,"3,333"
2454 聯發科,2021/12/21,818.9325,818.9325,789.4214,804.1769,"4,476"
2454 聯發科,2021/12/22,807.8658,807.8658,796.7992,800.488,"1,375"
2454 聯發科,2021/12/23,804.1769,815.2436,800.488,807.8658,"2,771"
2454 聯發科,2021/12/24,811.5547,833.688,807.8658,826.3102,"5,416"
2454 聯發科,2021/12/27,829.9991,874.2657,826.3102,844.7547,"8,596"
2454 聯發科,2021/12/28,855.8213,870.5769,852.1324,866.888,"5,042"
2454 聯發科,2021/12/29,870.5769,885.3324,863.1991,874.2657,"5,160"
2454 聯發科,2021/12/30,885.3324,885.3324,866.888,877.9546,"3,858"
2454 聯發科,2022/1/3,889.0213,896.3991,844.7547,848.4436,"7,574"
2454 聯發科,2022/1/4,859.5102,866.888,844.7547,859.5102,"6,761"
2454 聯發科,2022/1/5,863.1991,877.9546,848.4436,866.888,"7,170"
2454 聯發科,2022/1/6,848.4436,852.1324,818.9325,837.3769,"8,411"
2454 聯發科,2022/1/7,833.688,844.7547,804.1769,811.5547,"8,690"
2454 聯發科,2022/1/10,796.7992,807.8658,789.4214,807.8658,"7,452"
2454 聯發科,2022/1/11,804.1769,807.8658,785.7325,796.7992,"4,807"
2454 聯發科,2022/1/12,807.8658,807.8658,789.4214,800.488,"3,084"
2454 聯發科,2022/1/13,804.1769,818.9325,800.488,811.5547,"5,091"
2454 聯發科,2022/1/14,804.1769,804.1769,778.3547,785.7325,"5,753"
2454 聯發科,2022/1/17,793.1103,826.3102,789.4214,822.6214,"5,568"
2454 聯發科,2022/1/18,818.9325,844.7547,815.2436,815.2436,"4,961"
2454 聯發科,2022/1/19,807.8658,826.3102,804.1769,811.5547,"4,814"
2454 聯發科,2022/1/20,815.2436,818.9325,789.4214,804.1769,"5,412"
2454 聯發科,2022/1/21,782.0436,796.7992,778.3547,789.4214,"6,033"
2454 聯發科,2022/1/24,782.0436,804.1769,774.6659,804.1769,"5,104"
2454 聯發科,2022/1/25,796.7992,804.1769,789.4214,800.488,"4,536"
2454 聯發科,2022/1/26,789.4214,807.8658,789.4214,793.1103,"5,220"
2454 聯發科,2022/2/7,833.688,833.688,793.1103,811.5547,"18,948"
2454 聯發科,2022/2/8,829.9991,829.9991,804.1769,807.8658,"9,138"
2454 聯發科,2022/2/9,829.9991,837.3769,807.8658,833.688,"8,215"
2454 聯發科,2022/2/10,841.0658,859.5102,829.9991,855.8213,"8,726"
2454 聯發科,2022/2/11,848.4436,863.1991,844.7547,848.4436,"5,058"
2454 聯發科,2022/2/14,826.3102,829.9991,811.5547,815.2436,"5,789"
2454 聯發科,2022/2/15,818.9325,826.3102,804.1769,811.5547,"3,322"
2454 聯發科,2022/2/16,833.688,833.688,822.6214,833.688,"2,940"
2454 聯發科,2022/2/17,833.688,837.3769,826.3102,833.688,"3,047"
2454 聯發科,2022/2/18,822.6214,829.9991,815.2436,826.3102,"2,777"
2454 聯發科,2022/2/21,822.6214,837.3769,818.9325,833.688,"3,249"
2454 聯發科,2022/2/22,822.6214,826.3102,804.1769,818.9325,"4,981"
2454 聯發科,2022/2/23,818.9325,826.3102,811.5547,826.3102,"3,590"
2454 聯發科,2022/2/24,807.8658,815.2436,778.3547,782.0436,"8,155"
2454 聯發科,2022/2/25,793.1103,807.8658,782.0436,800.488,"7,392"
2454 聯發科,2022/3/1,815.2436,826.3102,807.8658,811.5547,"5,544"
2454 聯發科,2022/3/2,815.2436,815.2436,789.4214,796.7992,"3,703"
2454 聯發科,2022/3/3,800.488,811.5547,785.7325,796.7992,"3,873"
2454 聯發科,2022/3/4,782.0436,782.0436,756.2214,756.2214,"6,621"
2454 聯發科,2022/3/7,726.7103,734.0881,715.6437,717.1192,"11,348"
2454 聯發科,2022/3/8,697.1993,727.4481,695.7237,710.4793,"7,471"
2454 聯發科,2022/3/9,716.3815,720.0704,705.3148,712.6926,"6,282"
2454 聯發科,2022/3/10,730.3992,741.4659,724.497,734.0881,"5,992"
2454 聯發科,2022/3/11,737.777,737.777,709.0037,710.4793,"6,396"
2454 聯發科,2022/3/14,717.857,719.3326,689.0837,696.4615,"8,927"
2454 聯發科,2022/3/15,688.3459,689.8215,664.7371,666.9504,"10,994"
2454 聯發科,2022/3/16,686.1326,686.8704,663.9993,669.1637,"7,790"
2454 聯發科,2022/3/17,701.6259,721.5459,700.1504,714.1681,"9,926"
2454 聯發科,2022/3/18,716.3815,718.5948,704.577,714.9059,"7,194"
2454 聯發科,2022/3/21,726.7103,726.7103,720.8081,721.5459,"4,146"
2454 聯發科,2022/3/22,716.3815,723.0215,713.4304,719.3326,"3,993"
2454 聯發科,2022/3/23,728.9237,734.0881,720.0704,720.8081,"4,955"
2454 聯發科,2022/3/24,721.5459,721.5459,713.4304,717.1192,"4,765"
2454 聯發科,2022/3/25,719.3326,720.0704,711.9548,716.3815,"5,031"
2454 聯發科,2022/3/28,700.8882,711.217,697.937,711.217,"2,814"
2454 聯發科,2022/3/29,686.8704,701.6259,666.2126,672.8526,"14,174"
2454 聯發科,2022/3/30,672.8526,680.9682,666.2126,675.066,"11,786"
2454 聯發科,2022/3/31,663.9993,678.0171,663.9993,667.6882,"8,830"
2454 聯發科,2022/4/1,663.9993,666.9504,658.8349,663.9993,"11,812"
2454 聯發科,2022/4/6,633.0127,651.4571,630.7993,650.7193,"14,330"
2454 聯發科,2022/4/7,633.0127,643.3415,627.1105,627.1105,"19,182"
2454 聯發科,2022/4/8,627.8482,633.7504,615.306,619.7327,"14,333"
2454 聯發科,2022/4/11,618.9949,624.8971,613.8305,616.7816,"6,422"
2454 聯發科,2022/4/12,619.7327,625.6349,612.3549,621.2082,"8,125"
2454 聯發科,2022/4/13,626.3727,650.7193,624.8971,649.2438,"10,355"
2454 聯發科,2022/4/14,644.8171,644.8171,635.226,635.226,"6,810"
2454 聯發科,2022/4/15,627.8482,628.586,613.0927,613.8305,"7,666"
2454 聯發科,2022/4/18,610.1416,622.6838,610.1416,614.5682,"4,094"
2454 聯發科,2022/4/19,630.7993,635.9638,618.2571,618.2571,"6,379"
2454 聯發科,2022/4/20,624.8971,631.5371,620.4705,631.5371,"5,567"
2454 聯發科,2022/4/21,630.0616,643.3415,627.1105,640.3904,"5,096"
2454 聯發科,2022/4/22,625.6349,632.2749,624.1593,630.0616,"6,109"
2454 聯發科,2022/4/25,614.5682,618.2571,613.0927,617.5193,"6,665"
2454 聯發科,2022/4/26,614.5682,617.5193,608.666,614.5682,"7,337"
2454 聯發科,2022/4/27,594.6484,602.0262,588.0084,596.124,"8,869"
2454 聯發科,2022/4/28,616.0439,629.3239,605.7151,610.8795,"13,045"
2454 聯發科,2022/4/29,627.1106,627.1106,612.3551,612.3551,"6,766"
2454 聯發科,2022/5/3,612.3551,614.5684,596.124,604.9773,"8,551"
2454 聯發科,2022/5/4,611.6173,616.0439,608.6662,611.6173,"3,612"
2454 聯發科,2022/5/5,621.9462,625.6351,617.5195,620.4706,"7,049"
2454 聯發科,2022/5/6,596.8617,615.3062,596.124,615.3062,"5,758"
2454 聯發科,2022/5/9,605.7151,610.1417,599.8128,599.8128,"3,222"
2454 聯發科,2022/5/10,590.9595,607.9284,590.9595,604.9773,"6,325"
2454 聯發科,2022/5/11,600.5506,613.0928,599.8128,611.6173,"3,922"
2454 聯發科,2022/5/12,610.8795,616.0439,604.9773,604.9773,"4,176"
2454 聯發科,2022/5/13,613.0928,623.4217,610.8795,621.9462,"4,717"
2454 聯發科,2022/5/16,626.3728,633.0128,608.6662,608.6662,"5,271"
2454 聯發科,2022/5/17,618.2573,624.8973,612.3551,620.4706,"4,072"
2454 聯發科,2022/5/18,630.0617,630.7995,623.4217,630.7995,"5,519"
2454 聯發科,2022/5/19,618.9951,624.8973,616.0439,623.4217,"5,322"
2454 聯發科,2022/5/20,620.4706,627.1106,616.7817,624.1595,"3,553"
2454 聯發科,2022/5/23,630.0617,632.275,621.9462,621.9462,"3,264"
2454 聯發科,2022/5/24,625.6351,625.6351,612.3551,612.3551,"2,984"
2454 聯發科,2022/5/25,614.5684,625.6351,609.404,621.9462,"3,361"
2454 聯發科,2022/5/26,626.3728,626.3728,613.8306,614.5684,"3,510"
2454 聯發科,2022/5/27,621.2084,628.5862,618.2573,627.8484,"3,370"
2454 聯發科,2022/5/30,638.1773,647.7684,637.4395,647.7684,"5,414"
2454 聯發科,2022/5/31,646.2928,667.6883,639.6528,667.6883,"10,757"
2454 聯發科,2022/6/1,666.2128,672.8528,661.0484,667.6883,"5,422"
2454 聯發科,2022/6/2,663.2617,668.4261,661.7861,662.5239,"3,955"
2454 聯發科,2022/6/6,661.0484,672.8528,656.6217,667.6883,"5,946"
2454 聯發科,2022/6/7,663.9995,664.7372,656.6217,656.6217,"5,947"
2454 聯發科,2022/6/8,666.2128,688.3461,663.9995,686.1328,"10,728"
2454 聯發科,2022/6/9,683.9194,689.8217,678.755,681.7061,"5,984"
2454 聯發科,2022/6/10,675.0661,689.0839,674.3283,686.1328,"5,318"
2454 聯發科,2022/6/13,665.475,669.1639,652.9328,654.4084,"9,022"
2454 聯發科,2022/6/14,641.8661,650.7195,638.915,649.2439,"6,584"
2454 聯發科,2022/6/15,649.2439,658.835,647.7684,652.195,"5,067"
2454 聯發科,2022/6/16,668.4261,669.9017,641.1284,644.0795,"5,021"
2454 聯發科,2022/6/17,624.8973,631.5373,613.0928,613.0928,"13,752"
2454 聯發科,2022/6/20,618.2573,628.5862,613.8306,619.7328,"7,147"
2454 聯發科,2022/6/21,635.2262,640.3906,624.8973,640.3906,"7,646"
2454 聯發科,2022/6/22,625.6351,628.5862,593.9106,595.3862,"15,085"
2454 聯發科,2022/6/23,592.9609,600.2614,550.7804,558.892,"32,333"
2454 聯發科,2022/6/24,553.2138,564.5701,542.6687,543.4799,"15,415"
2454 聯發科,2022/6/27,555.6473,563.759,549.9692,549.9692,"13,100"
2454 聯發科,2022/6/28,543.4799,549.9692,524.0119,528.0678,"16,972"
2454 聯發科,2022/6/29,522.3896,541.8576,519.145,536.1794,"14,778"
2454 聯發科,2022/6/30,531.3124,536.9906,524.8231,528.0678,"10,036"
2454 聯發科,2022/7/1,528.8789,531.3124,494.81,496.4324,"10,444"
2454 聯發科,2022/7/4,493.9989,505.3552,491.5654,495.6212,"9,444"
2454 聯發科,2022/7/5,506.1663,511.0333,484.2649,498.8659,"9,082"
2454 聯發科,2022/7/6,500.4882,502.1105,489.1319,490.7542,"7,751"
2454 聯發科,2022/7/7,496.4324,517.5226,491.5654,515.9003,"8,855"
2454 聯發科,2022/7/8,527.2566,532.9347,520.7673,528.0678,"9,192"
2454 聯發科,2022/7/11,531.3124,532.1236,515.0891,516.7115,"5,167"
2454 聯發科,2022/7/12,509.411,510.2222,493.1877,498.0547,"7,529"
2454 聯發科,2022/7/13,527.2566,528.8789,511.8445,514.278,"6,699"
2454 聯發科,2022/7/14,510.2222,528.8789,506.9775,524.0119,"5,577"
2454 聯發科,2022/7/15,524.0119,528.8789,517.5226,525.6343,"7,813"
2454 聯發科,2022/7/18,528.8789,545.9134,527.2566,536.1794,"7,954"
2454 聯發科,2022/7/19,533.7459,541.0464,531.3124,536.9906,"4,731"
2454 聯發科,2022/7/20,551.5915,557.2697,541.0464,544.291,"8,248"
2454 聯發科,2022/7/21,552.4027,580.7934,549.9692,580.7934,"12,111"
2454 聯發科,2022/7/22,582.4158,584.8492,568.626,571.8706,"8,431"
2454 聯發科,2022/7/25,563.759,566.1925,557.2697,558.0808,"6,110"
2454 聯發科,2022/7/26,550.7804,564.5701,547.5357,552.4027,"5,427"
2454 聯發科,2022/7/27,536.1794,549.158,535.3682,549.158,"6,722"
2454 聯發科,2022/7/28,562.1367,562.1367,549.9692,553.2138,"4,804"
2454 聯發科,2022/7/29,559.7032,569.4371,548.3469,554.025,"7,074"
2454 聯發科,2022/8/1,554.8362,564.5701,546.7245,562.9478,"6,498"
2454 聯發科,2022/8/2,550.7804,559.7032,545.1022,554.025,"6,232"
2454 聯發科,2022/8/3,555.6473,558.892,549.9692,556.4585,"3,594"
2454 聯發科,2022/8/4,558.892,561.3255,551.5915,554.8362,"3,502"
2454 聯發科,2022/8/5,567.8148,581.6046,566.1925,581.6046,"7,340"
2454 聯發科,2022/8/8,578.3599,584.0381,572.6818,575.1153,"5,124"
2454 聯發科,2022/8/9,569.4371,572.6818,559.7032,562.9478,"5,387"
2454 聯發科,2022/8/10,549.158,551.5915,541.8576,541.8576,"6,662"
2454 聯發科,2022/8/11,543.4799,548.3469,537.8017,543.4799,"9,463"
2454 聯發科,2022/8/12,546.7245,554.8362,543.4799,554.8362,"4,506"
2454 聯發科,2022/8/15,558.0808,575.1153,556.4585,572.6818,"5,002"
2454 聯發科,2022/8/16,575.1153,581.6046,571.8706,572.6818,"5,593"
2454 聯發科,2022/8/17,573.4929,576.7376,567.0036,570.2483,"4,721"
2454 聯發科,2022/8/18,569.4371,571.8706,560.5143,569.4371,"4,254"
2454 聯發科,2022/8/19,568.626,568.626,562.1367,562.1367,"4,994"
2454 聯發科,2022/8/22,553.2138,554.025,545.1022,545.1022,"5,870"
2454 聯發科,2022/8/23,541.8576,550.7804,539.4241,548.3469,"3,574"
2454 聯發科,2022/8/24,551.5915,554.025,541.0464,541.0464,"4,170"
2454 聯發科,2022/8/25,543.4799,549.158,540.2352,543.4799,"3,040"
2454 聯發科,2022/8/26,550.7804,557.2697,547.5357,549.9692,"3,037"
2454 聯發科,2022/8/29,532.9347,534.5571,528.0678,529.6901,"4,913"
2454 聯發科,2022/8/30,529.6901,535.3682,525.6343,532.9347,"4,614"
2454 聯發科,2022/8/31,531.3124,544.291,528.8789,541.0464,"4,275"
2454 聯發科,2022/9/1,531.3124,536.1794,521.5785,525.6343,"7,390"
2454 聯發科,2022/9/2,519.145,523.2008,502.9217,502.9217,"10,901"
2454 聯發科,2022/9/5,499.677,516.7115,499.677,511.8445,"5,910"
2454 聯發科,2022/9/6,513.4668,515.9003,508.5998,510.2222,"4,176"
2454 聯發科,2022/9/7,502.9217,506.9775,493.9989,502.1105,"5,355"
2454 聯發科,2022/9/8,504.544,507.7887,500.4882,505.3552,"3,442"
2454 聯發科,2022/9/12,514.278,520.7673,507.7887,508.5998,"5,127"
2454 聯發科,2022/9/13,511.8445,515.9003,506.9775,507.7887,"4,689"
2454 聯發科,2022/9/14,489.1319,500.4882,488.3207,498.8659,"6,259"
2454 聯發科,2022/9/15,495.6212,502.9217,495.6212,499.677,"3,853"
2454 聯發科,2022/9/16,492.3765,495.6212,486.6984,486.6984,"8,391"
2454 聯發科,2022/9/19,491.5654,495.6212,487.5096,489.9431,"4,322"
2454 聯發科,2022/9/20,492.3765,495.6212,489.1319,490.7542,"3,254"
2454 聯發科,2022/9/21,494.81,494.81,487.5096,490.7542,"4,364"
2454 聯發科,2022/9/22,485.0761,486.6984,476.1533,479.3979,"5,723"
2454 聯發科,2022/9/23,479.3979,481.8314,470.4751,470.4751,"4,343"
2454 聯發科,2022/9/26,464.797,467.2305,457.4965,461.5523,"5,278"
2454 聯發科,2022/9/27,463.1746,465.6081,456.6853,460.7412,"4,472"
2454 聯發科,2022/9/28,463.9858,467.2305,442.0844,442.0844,"7,440"
2454 聯發科,2022/9/29,452.6295,456.6853,438.0286,440.4621,"8,115"
2454 聯發科,2022/9/30,434.7839,449.3849,432.3504,446.9514,"5,860"
2454 聯發科,2022/10/3,440.4621,451.0072,438.8397,444.5179,"3,271"
2454 聯發科,2022/10/4,457.4965,464.797,457.4965,464.797,"4,517"
2454 聯發科,2022/10/5,483.4537,493.1877,480.2091,485.8872,"9,728"
2454 聯發科,2022/10/6,489.1319,489.9431,474.5309,476.1533,"7,405"
2454 聯發科,2022/10/7,471.2863,472.0974,457.4965,459.1188,"6,707"
2454 聯發科,2022/10/11,442.8955,458.3077,438.8397,448.5737,"8,122"
2454 聯發科,2022/10/12,451.8183,451.8183,438.8397,445.329,"6,851"
2454 聯發科,2022/10/13,446.1402,449.3849,436.4062,441.2732,"7,943"
2454 聯發科,2022/10/14,455.8742,476.9644,453.4407,474.5309,"9,366"
2454 聯發科,2022/10/17,460.7412,470.4751,458.3077,468.8528,"6,597"
2454 聯發科,2022/10/18,481.0203,482.6426,467.2305,476.9644,"6,538"
2454 聯發科,2022/10/19,474.5309,479.3979,468.0416,468.0416,"5,894"
2454 聯發科,2022/10/20,459.1188,462.3635,452.6295,462.3635,"9,114"
2454 聯發科,2022/10/21,459.93,469.664,458.3077,459.93,"5,295"
2454 聯發科,2022/10/24,476.1533,483.4537,474.5309,476.9644,"6,109"
2454 聯發科,2022/10/25,479.3979,480.2091,456.6853,456.6853,"6,720"
2454 聯發科,2022/10/26,461.5523,472.0974,458.3077,469.664,"6,569"
2454 聯發科,2022/10/27,477.7756,480.2091,472.9086,477.7756,"6,098"
2454 聯發科,2022/10/28,472.0974,474.5309,457.4965,458.3077,"6,162"
2454 聯發科,2022/10/31,474.5309,489.9431,467.2305,478.5868,"17,458"
2454 聯發科,2022/11/1,480.2091,489.9431,478.5868,485.8872,"8,454"
2454 聯發科,2022/11/2,482.6426,492.3765,481.0203,485.8872,"6,841"
2454 聯發科,2022/11/3,476.1533,488.3207,476.1533,486.6984,"6,419"
2454 聯發科,2022/11/4,486.6984,486.6984,475.3421,484.2649,"4,423"
2454 聯發科,2022/11/7,493.1877,505.3552,487.5096,502.9217,"8,262"
2454 聯發科,2022/11/8,512.6556,512.6556,499.677,502.9217,"7,912"
2454 聯發科,2022/11/9,509.411,532.1236,507.7887,527.2566,"12,934"
2454 聯發科,2022/11/10,525.6343,535.3682,519.9561,535.3682,"7,376"
2454 聯發科,2022/11/11,566.1925,567.8148,551.5915,567.8148,"17,001"
2454 聯發科,2022/11/14,571.8706,575.9264,562.9478,565.3813,"9,849"
2454 聯發科,2022/11/15,571.0595,596.2055,567.8148,585.6604,"13,979"
2454 聯發科,2022/11/16,593.772,598.639,583.2269,591.3386,"10,399"
2454 聯發科,2022/11/17,600.2614,600.2614,580.7934,588.0939,"6,928"
2454 聯發科,2022/11/18,593.772,601.8837,580.7934,585.6604,"5,558"
2454 聯發科,2022/11/21,580.7934,585.6604,575.1153,584.0381,"4,436"
2454 聯發科,2022/11/22,573.4929,579.9823,570.2483,578.3599,"6,289"
2454 聯發科,2022/11/23,585.6604,585.6604,571.8706,571.8706,"3,202"
2454 聯發科,2022/11/24,579.9823,597.0167,576.7376,590.5274,"7,750"
2454 聯發科,2022/11/25,591.3386,597.0167,586.4716,589.7162,"5,847"
2454 聯發科,2022/11/28,570.2483,583.2269,570.2483,570.2483,"5,606"
2454 聯發科,2022/11/29,563.759,582.4158,563.759,578.3599,"5,160"
2454 聯發科,2022/11/30,579.1711,598.639,576.7376,594.5832,"9,728"
2454 聯發科,2022/12/1,608.373,613.24,598.639,601.0725,"6,932"
2454 聯發科,2022/12/2,592.1497,606.7507,592.1497,599.4502,"4,119"
2454 聯發科,2022/12/5,599.4502,612.4288,599.4502,599.4502,"4,535"
2454 聯發科,2022/12/6,599.4502,603.506,584.0381,588.0939,"5,041"
2454 聯發科,2022/12/7,581.6046,590.5274,578.3599,580.7934,"5,325"
2454 聯發科,2022/12/8,587.2827,588.0939,571.8706,571.8706,"4,204"
2454 聯發科,2022/12/9,579.1711,591.3386,576.7376,591.3386,"4,613"
2454 聯發科,2022/12/12,579.9823,580.7934,571.8706,577.5488,"5,234"
2454 聯發科,2022/12/13,581.6046,585.6604,574.3041,575.1153,"6,051"
2454 聯發科,2022/12/14,581.6046,587.2827,579.1711,582.4158,"4,980"
2454 聯發科,2022/12/15,570.2483,572.6818,552.4027,552.4027,"14,093"
2454 聯發科,2022/12/16,529.6901,539.4241,528.0678,535.3682,"13,076"
2454 聯發科,2022/12/19,527.2566,536.9906,527.2566,532.1236,"6,975"
2454 聯發科,2022/12/20,527.2566,535.3682,524.0119,524.0119,"6,420"
2454 聯發科,2022/12/21,526.4454,536.1794,524.0119,530.5013,"6,274"
2454 聯發科,2022/12/22,539.4241,541.8576,536.1794,536.1794,"4,093"
2454 聯發科,2022/12/23,528.0678,536.1794,525.6343,535.3682,"2,430"
2454 聯發科,2022/12/26,536.1794,536.1794,528.0678,528.0678,"1,515"
2454 聯發科,2022/12/27,530.5013,538.6129,529.6901,532.1236,"1,969"
2454 聯發科,2022/12/28,526.4454,526.4454,503.7328,517.5226,"9,053"
2454 聯發科,2022/12/29,511.0333,511.8445,505.3552,510.2222,"3,690"
2454 聯發科,2022/12/30,515.0891,519.145,506.9775,506.9775,"2,648"
2454 聯發科,2023/1/3,505.3552,523.2008,503.7328,522.3896,"4,509"
2454 聯發科,2023/1/4,518.3338,522.3896,515.0891,515.9003,"3,081"
2454 聯發科,2023/1/5,517.5226,519.9561,506.9775,511.8445,"5,429"
2454 聯發科,2023/1/6,514.278,535.3682,514.278,535.3682,"7,951"
2454 聯發科,2023/1/9,544.291,547.5357,539.4241,547.5357,"7,084"
2454 聯發科,2023/1/10,554.8362,564.5701,552.4027,562.9478,"8,836"
2454 聯發科,2023/1/11,567.8148,573.4929,562.9478,573.4929,"7,050"
2454 聯發科,2023/1/12,575.9264,584.0381,574.3041,579.9823,"6,557"
2454 聯發科,2023/1/13,585.6604,588.9051,560.5143,562.9478,"7,897"
2454 聯發科,2023/1/16,573.4929,577.5488,568.626,571.0595,"5,310"
2454 聯發科,2023/1/17,572.6818,575.1153,562.1367,562.1367,"4,750"
2454 聯發科,2023/1/30,595.3944,599.4502,575.1153,599.4502,"18,980"
2454 聯發科,2023/1/31,595.3944,609.9953,580.7934,582.4158,"13,095"
2454 聯發科,2023/2/1,587.2827,590.5274,582.4158,587.2827,"5,815"
2454 聯發科,2023/2/2,605.9395,610.8065,597.8279,605.9395,"11,416"
2454 聯發科,2023/2/3,601.8837,610.8065,601.0725,609.1842,"6,601"
2454 聯發科,2023/2/6,604.3172,607.5618,592.1497,592.9609,"7,693"
2454 聯發科,2023/2/7,599.4502,599.4502,580.7934,581.6046,"7,367"
2454 聯發科,2023/2/8,588.9051,605.9395,588.0939,603.506,"7,991"
2454 聯發科,2023/2/9,600.2614,607.5618,597.0167,607.5618,"4,016"
2454 聯發科,2023/2/10,607.5618,607.5618,599.4502,600.2614,"3,235"
2454 聯發科,2023/2/13,596.2055,597.8279,588.9051,592.9609,"4,171"
2454 聯發科,2023/2/14,597.8279,601.8837,592.9609,593.772,"3,487"
2454 聯發科,2023/2/15,592.1497,592.1497,574.3041,575.9264,"6,977"
2454 聯發科,2023/2/16,580.7934,582.4158,572.6818,576.7376,"5,178"
2454 聯發科,2023/2/17,574.3041,586.4716,573.4929,586.4716,"3,610"
2454 聯發科,2023/2/20,588.0939,593.772,583.2269,588.9051,"2,619"
2454 聯發科,2023/2/21,590.5274,595.3944,587.2827,588.0939,"2,746"
2454 聯發科,2023/2/22,582.4158,585.6604,578.3599,578.3599,"4,610"
2454 聯發科,2023/2/23,587.2827,604.3172,585.6604,604.3172,"8,227"
2454 聯發科,2023/2/24,609.1842,609.9953,586.4716,586.4716,"8,209"
2454 聯發科,2023/3/1,597.8279,644.8754,592.9609,641.6307,"16,624"
2454 聯發科,2023/3/2,640.8196,640.8196,627.0298,628.6521,"9,729"
2454 聯發科,2023/3/3,631.0856,640.0084,625.4074,628.6521,"6,642"
2454 聯發科,2023/3/6,636.7637,644.8754,630.2744,635.9526,"7,685"
2454 聯發科,2023/3/7,640.0084,640.8196,635.1414,639.1972,"5,202"
2454 聯發科,2023/3/8,634.3302,635.9526,620.5405,622.974,"8,741"
2454 聯發科,2023/3/9,623.7851,628.6521,622.1628,622.1628,"5,335"
2454 聯發科,2023/3/10,615.6735,617.2958,610.8065,613.24,"6,008"
2454 聯發科,2023/3/13,613.24,619.7293,602.6949,619.7293,"5,327"
2454 聯發科,2023/3/14,607.5618,622.974,607.5618,617.2958,"6,588"
2454 聯發科,2023/3/15,621.3516,627.0298,614.0511,614.8623,"5,292"
2454 聯發科,2023/3/16,609.1842,620.5405,606.7507,613.24,"6,000"
2454 聯發科,2023/3/17,624.5963,630.2744,621.3516,627.0298,"6,841"
2454 聯發科,2023/3/20,627.0298,632.7079,622.974,624.5963,"5,321"
2454 聯發科,2023/3/21,629.4633,631.8968,618.9181,625.4074,"5,445"
2454 聯發科,2023/3/22,630.2744,636.7637,629.4633,633.5191,"5,659"
2454 聯發科,2023/3/23,632.7079,644.0642,631.0856,643.2531,"4,865"
2454 聯發科,2023/3/24,640.8196,644.0642,636.7637,640.8196,"4,406"
2454 聯發科,2023/3/27,640.0084,640.8196,631.8968,632.7079,"3,071"
2454 聯發科,2023/3/28,628.6521,632.7079,621.3516,621.3516,"4,137"
2454 聯發科,2023/3/29,627.8409,628.6521,620.5405,627.0298,"2,981"
2454 聯發科,2023/3/30,632.7079,635.1414,628.6521,631.0856,"3,614"
2454 聯發科,2023/3/31,631.0856,640.0084,631.0856,638.3861,"4,496"
2454 聯發科,2023/4/6,627.8409,630.2744,609.1842,610.8065,"9,301"
2454 聯發科,2023/4/7,607.5618,609.9953,602.6949,607.5618,"4,618"
2454 聯發科,2023/4/10,606.7507,608.373,599.4502,601.8837,"5,956"
2454 聯發科,2023/4/11,602.6949,615.6735,602.6949,613.24,"4,665"
2454 聯發科,2023/4/12,613.24,616.4846,609.9953,614.8623,"4,555"
2454 聯發科,2023/4/13,615.6735,616.4846,607.5618,608.373,"5,815"
2454 聯發科,2023/4/14,611.6177,614.8623,605.1283,606.7507,"5,990"
2454 聯發科,2023/4/17,571.8706,575.9264,562.9478,575.1153,"14,840"
2454 聯發科,2023/4/18,569.4371,570.2483,555.6473,558.0808,"15,093"
2454 聯發科,2023/4/19,553.2138,555.6473,547.5357,547.5357,"11,632"
2454 聯發科,2023/4/20,536.1794,554.8362,536.1794,545.9134,"10,238"
2454 聯發科,2023/4/21,548.3469,550.7804,539.4241,539.4241,"5,480"
2454 聯發科,2023/4/24,537.8017,552.4027,537.8017,548.3469,"4,802"
2454 聯發科,2023/4/25,549.9692,549.9692,527.2566,527.2566,"9,007"
2454 聯發科,2023/4/26,519.9561,528.8789,517.5226,526.4454,"7,417"
2454 聯發科,2023/4/27,530.5013,541.0464,529.6901,536.9906,"4,770"
2454 聯發科,2023/4/28,541.8576,546.7245,537.8017,539.4241,"6,790"
2454 聯發科,2023/5/2,530.5013,545.9134,530.5013,544.291,"6,448"
2454 聯發科,2023/5/3,546.7245,551.5915,541.8576,551.5915,"6,817"
2454 聯發科,2023/5/4,546.7245,546.7245,540.2352,541.8576,"5,752"
2454 聯發科,2023/5/5,547.5357,549.9692,545.1022,547.5357,"3,271"
2454 聯發科,2023/5/8,552.4027,554.8362,546.7245,547.5357,"3,131"
2454 聯發科,2023/5/9,552.4027,552.4027,546.7245,549.158,"2,224"
2454 聯發科,2023/5/10,549.158,549.158,540.2352,541.8576,"3,945"
2454 聯發科,2023/5/11,540.2352,546.7245,538.6129,541.8576,"3,193"
2454 聯發科,2023/5/12,545.9134,548.3469,536.1794,545.9134,"5,310"
2454 聯發科,2023/5/15,548.3469,553.2138,545.9134,551.5915,"3,670"
2454 聯發科,2023/5/16,558.0809,558.0809,551.5916,551.5916,"3,837"
2454 聯發科,2023/5/17,551.5916,558.892,549.1581,555.6474,"8,035"
2454 聯發科,2023/5/18,559.7032,562.9479,555.6474,558.892,"4,642"
2454 聯發科,2023/5/19,560.5144,566.1925,559.7032,566.1925,"5,282"
2454 聯發科,2023/5/22,569.4372,575.1153,568.626,571.8707,"4,735"
2454 聯發科,2023/5/23,575.9265,585.6605,574.3042,580.7935,"5,482"
2454 聯發科,2023/5/24,578.36,578.36,568.626,576.7376,"5,846"
2454 聯發科,2023/5/25,574.3042,582.4158,572.6818,574.3042,"4,795"
2454 聯發科,2023/5/26,574.3042,597.8279,574.3042,592.1498,"11,322"
2454 聯發科,2023/5/29,612.4289,614.8624,598.6391,598.6391,"10,781"
2454 聯發科,2023/5/30,615.6735,627.0298,614.0512,618.9182,"18,933"
2454 聯發科,2023/5/31,614.0512,622.1628,606.7507,615.6735,"12,616"
2454 聯發科,2023/6/1,612.4289,617.2959,606.7507,606.7507,"6,475"
2454 聯發科,2023/6/2,611.6177,618.107,608.373,609.1842,"6,602"
2454 聯發科,2023/6/5,614.0512,622.1628,614.0512,615.6735,"5,479"
2454 聯發科,2023/6/6,616.4847,619.7293,609.9954,614.0512,"4,539"
2454 聯發科,2023/6/7,615.6735,623.7852,613.24,622.974,"5,460"
2454 聯發科,2023/6/8,624.5963,628.6521,618.9182,622.974,"7,438"
2454 聯發科,2023/6/9,622.974,624.5963,617.2959,619.7293,"4,669"
2454 聯發科,2023/6/12,623.7852,623.7852,618.9182,622.1628,"3,946"
2454 聯發科,2023/6/13,624.5963,634.3303,622.974,631.8968,"7,414"
2454 聯發科,2023/6/14,633.5191,634.3303,629.4633,632.708,"5,431"
2454 聯發科,2023/6/15,630.2745,631.8968,620.5405,621.3517,"8,544"
2454 聯發科,2023/6/16,616.4847,620.5405,609.1842,609.1842,"10,727"
2454 聯發科,2023/6/19,623.7852,643.2531,619.7293,636.7638,"20,318"
2454 聯發科,2023/6/20,635.8746,651.1428,620.6064,620.6064,"28,362"
2454 聯發科,2023/6/21,618.8102,625.0971,613.4214,622.4027,"17,552"
2454 聯發科,2023/6/26,617.9121,619.7083,615.2177,615.2177,"4,807"
2454 聯發科,2023/6/27,610.727,617.9121,610.727,611.6252,"4,722"
2454 聯發科,2023/6/28,621.5046,625.9952,615.2177,624.199,"6,520"
2454 聯發科,2023/6/29,632.2821,633.1802,624.199,625.0971,"5,304"
2454 聯發科,2023/6/30,621.5046,621.5046,616.1158,617.9121,"5,442"
2454 聯發科,2023/7/3,621.5046,626.8933,619.7083,620.6064,"3,088"
2454 聯發科,2023/7/4,625.0971,630.4859,620.6064,628.6896,"3,880"
2454 聯發科,2023/7/5,631.384,631.384,625.0971,625.9952,"3,803"
2454 聯發科,2023/7/6,621.5046,627.7915,617.9121,619.7083,"4,539"
2454 聯發科,2023/7/7,616.1158,616.1158,610.727,612.5233,"4,819"
2454 聯發科,2023/7/10,610.727,616.1158,604.4401,604.4401,"6,111"
2454 聯發科,2023/7/11,612.5233,617.0139,607.1345,616.1158,"3,472"
2454 聯發科,2023/7/12,618.8102,618.8102,610.727,615.2177,"4,353"
2454 聯發科,2023/7/13,621.5046,622.4027,610.727,610.727,"5,685"
2454 聯發科,2023/7/14,616.1158,626.8933,615.2177,621.5046,"6,182"
2454 聯發科,2023/7/17,621.5046,621.5046,611.6252,613.4214,"4,524"
2454 聯發科,2023/7/18,610.727,616.1158,608.9308,613.4214,"4,934"
2454 聯發科,2023/7/19,619.7083,627.7915,618.8102,625.0971,"6,475"
2454 聯發科,2023/7/20,625.9952,625.9952,618.8102,621.5046,"2,629"
2454 聯發科,2023/7/21,608.0327,613.4214,585.5795,612.5233,"11,982"
2454 聯發科,2023/7/24,609.8289,619.7083,604.4401,606.2364,"7,662"
2454 聯發科,2023/7/25,606.2364,609.8289,597.2551,597.2551,"7,473"
2454 聯發科,2023/7/26,597.2551,601.7458,587.3757,588.2738,"7,778"
2454 聯發科,2023/7/27,590.9682,593.6626,587.3757,590.9682,"4,857"
2454 聯發科,2023/7/28,592.7645,598.1532,588.2738,590.9682,"4,310"
2454 聯發科,2023/7/31,620.6064,626.8933,614.3196,619.7083,"17,202"
2454 聯發科,2023/8/1,628.6896,642.1615,624.199,640.3653,"14,701"
2454 聯發科,2023/8/2,639.4671,646.6522,632.2821,636.7728,"9,248"
2454 聯發科,2023/8/4,637.6709,638.569,627.7915,634.0784,"7,295"
2454 聯發科,2023/8/7,636.7728,639.4671,631.384,634.0784,"5,595"
2454 聯發科,2023/8/8,633.1802,633.1802,619.7083,619.7083,"5,805"
2454 聯發科,2023/8/9,618.8102,630.4859,616.1158,629.5877,"3,247"
2454 聯發科,2023/8/10,630.4859,631.384,617.9121,622.4027,"4,544"
2454 聯發科,2023/8/11,617.9121,618.8102,606.2364,609.8289,"5,202"
2454 聯發科,2023/8/14,603.542,604.4401,598.1532,603.542,"3,774"
2454 聯發科,2023/8/15,612.5233,614.3196,607.1345,608.9308,"2,827"
2454 聯發科,2023/8/16,626.8933,626.8933,613.4214,618.8102,"6,070"
2454 聯發科,2023/8/17,610.727,611.6252,604.4401,605.3383,"4,930"
2454 聯發科,2023/8/18,601.7458,609.8289,600.8476,605.3383,"3,292"
2454 聯發科,2023/8/21,608.9308,609.8289,599.0514,600.8476,"2,756"
2454 聯發科,2023/8/22,606.2364,612.5233,599.9495,603.542,"3,767"
2454 聯發科,2023/8/23,603.542,607.1345,601.7458,602.6439,"2,124"
2454 聯發科,2023/8/24,612.5233,621.5046,610.727,620.6064,"6,428"
2454 聯發科,2023/8/25,621.5046,624.199,617.0139,623.3008,"5,811"
2454 聯發科,2023/8/28,628.6896,636.7728,626.8933,629.5877,"6,133"
2454 聯發科,2023/8/29,641.2634,643.0596,630.4859,637.6709,"5,358"
2454 聯發科,2023/8/30,641.2634,642.1615,630.4859,636.7728,"4,407"
2454 聯發科,2023/8/31,633.1802,641.2634,632.2821,633.1802,"6,359"
2454 聯發科,2023/9/1,634.9765,639.4671,629.5877,637.6709,"3,098"
2454 聯發科,2023/9/4,640.3653,640.3653,633.1802,638.569,"2,522"
2454 聯發科,2023/9/5,639.4671,644.8559,638.569,644.8559,"5,279"
2454 聯發科,2023/9/6,647.5503,648.4484,639.4671,639.4671,"3,242"
2454 聯發科,2023/9/7,636.7728,644.8559,635.8746,643.9578,"3,316"
2454 聯發科,2023/9/8,633.1802,637.6709,629.5877,636.7728,"4,521"
2454 聯發科,2023/9/11,642.1615,642.1615,635.8746,641.2634,"2,183"
2454 聯發科,2023/9/12,637.6709,654.7353,636.7728,653.8372,"7,009"
2454 聯發科,2023/9/13,663.7166,668.2072,654.7353,657.4297,"9,660"
2454 聯發科,2023/9/14,660.1241,660.1241,651.1428,658.3278,"5,768"
2454 聯發科,2023/9/15,665.5128,685.2717,661.9203,685.2717,"17,615"
2454 聯發科,2023/9/18,674.4941,711.3174,673.596,702.3361,"12,668"
2454 聯發科,2023/9/19,702.3361,702.3361,686.1698,694.2529,"6,470"
2454 聯發科,2023/9/20,687.0679,687.966,674.4941,681.6792,"5,579"
2454 聯發科,2023/9/21,675.3923,684.3735,668.2072,670.0035,"5,238"
2454 聯發科,2023/9/22,660.1241,671.7997,653.8372,670.0035,"7,898"
2454 聯發科,2023/9/25,665.5128,684.3735,665.5128,678.0866,"4,731"
2454 聯發科,2023/9/26,671.7997,678.0866,661.0222,661.9203,"3,992"
2454 聯發科,2023/9/27,653.8372,661.9203,653.8372,661.9203,"3,938"
2454 聯發科,2023/9/28,663.7166,665.5128,655.6334,660.1241,"4,663"
2454 聯發科,2023/10/2,670.9016,671.7997,664.6147,669.1054,"3,984"
2454 聯發科,2023/10/3,688.8642,704.1324,687.966,693.3548,"10,858"
2454 聯發科,2023/10/4,692.4567,703.2342,686.1698,700.5398,"8,115"
2454 聯發科,2023/10/5,703.2342,705.9286,696.9473,705.9286,"6,094"
2454 聯發科,2023/10/6,709.5211,709.5211,701.438,705.9286,"3,120"
2454 聯發科,2023/10/11,709.5211,732.8724,709.5211,731.0762,"14,131"
2454 聯發科,2023/10/12,733.7706,735.5668,722.993,731.9743,"7,541"
2454 聯發科,2023/10/13,736.465,756.2238,734.6687,756.2238,"10,447"
2454 聯發科,2023/10/16,752.6313,762.5107,747.2425,754.4275,"5,985"
2454 聯發科,2023/10/17,758.9182,767.0013,736.465,740.9556,"8,686"
2454 聯發科,2023/10/18,718.5024,738.2612,718.5024,730.1781,"7,906"
2454 聯發科,2023/10/19,728.3818,752.6313,728.3818,745.4462,"7,862"
2454 聯發科,2023/10/20,746.3444,751.7331,729.2799,743.65,"8,706"
2454 聯發科,2023/10/23,740.9556,744.5481,732.8724,737.3631,"5,392"
2454 聯發科,2023/10/24,737.3631,739.1593,722.0949,732.8724,"5,162"
2454 聯發科,2023/10/25,734.6687,747.2425,732.8724,738.2612,"6,590"
2454 聯發科,2023/10/26,731.9743,733.7706,728.3818,733.7706,"5,768"
2454 聯發科,2023/10/27,740.0577,740.0577,718.5027,719.4008,"7,422"
2454 聯發科,2023/10/30,735.5671,775.9829,734.669,769.696,"16,750"
2454 聯發科,2023/10/31,772.3904,773.2885,749.039,756.224,"12,015"
2454 聯發科,2023/11/1,767.0016,768.7978,747.2428,759.8166,"6,970"
2454 聯發科,2023/11/2,775.0847,787.6585,767.8997,779.5754,"10,079"
2454 聯發科,2023/11/3,783.1679,786.7604,775.9829,781.3716,"5,808"
2454 聯發科,2023/11/6,789.4548,799.3342,784.066,792.1492,"7,492"
2454 聯發科,2023/11/7,799.3342,807.4174,789.4548,797.538,"7,289"
2454 聯發科,2023/11/8,806.5192,822.6855,803.8249,820.8893,"9,834"
2454 聯發科,2023/11/9,819.9912,819.9912,807.4174,812.8061,"6,965"
2454 聯發科,2023/11/10,808.3155,811.908,793.9454,793.9454,"7,983"
2454 聯發科,2023/11/13,816.3986,830.7687,812.8061,813.7043,"9,776"
2454 聯發科,2023/11/14,822.6855,823.5837,810.1117,812.8061,"4,874"
2454 聯發科,2023/11/15,830.7687,830.7687,808.3155,815.5005,"8,644"
2454 聯發科,2023/11/16,820.8893,820.8893,800.2323,802.0286,"8,055"
2454 聯發科,2023/11/17,804.723,812.8061,802.0286,811.908,"4,982"
2454 聯發科,2023/11/20,826.2781,829.8706,811.908,819.093,"7,092"
2454 聯發科,2023/11/21,828.0743,838.8519,821.7874,831.6668,"9,993"
2454 聯發科,2023/11/22,833.4631,846.0369,830.7687,846.0369,"6,698"
2454 聯發科,2023/11/23,854.12,854.12,834.3612,835.2593,"5,460"
2454 聯發科,2023/11/24,839.75,853.2219,837.0556,848.7313,"4,669"
2454 聯發科,2023/11/27,849.6294,854.12,836.1575,836.1575,"6,360"
2454 聯發科,2023/11/28,834.3612,846.0369,830.7687,846.0369,"5,755"
2454 聯發科,2023/11/29,845.1388,852.3238,840.6481,851.4257,"5,410"
2454 聯發科,2023/11/30,852.3238,855.9163,843.3425,848.7313,"7,863"
2454 聯發科,2023/12/1,846.0369,850.5275,842.4444,850.5275,"3,529"
2454 聯發科,2023/12/4,848.7313,849.6294,835.2593,837.9537,"5,265"
2454 聯發科,2023/12/5,830.7687,837.9537,827.1762,834.3612,"5,372"
2454 聯發科,2023/12/6,830.7687,837.9537,830.7687,832.565,"3,170"
2454 聯發科,2023/12/7,837.9537,846.935,832.565,836.1575,"3,086"
2454 聯發科,2023/12/8,845.1388,849.6294,841.5462,846.935,"5,198"
2454 聯發科,2023/12/11,846.0369,847.8331,837.0556,845.1388,"5,744"
2454 聯發科,2023/12/12,853.2219,853.2219,839.75,843.3425,"4,720"
2454 聯發科,2023/12/13,847.8331,857.7125,843.3425,857.7125,"6,227"
2454 聯發科,2023/12/14,863.1013,870.2863,855.9163,867.592,"6,861"
2454 聯發科,2023/12/15,875.6751,896.3321,872.0826,894.5358,"12,593"
2454 聯發科,2023/12/18,893.6377,895.4339,881.0639,888.2489,"4,945"
2454 聯發科,2023/12/19,877.4714,892.7396,877.4714,890.9433,"5,132"
2454 聯發科,2023/12/20,891.8414,893.6377,882.8601,882.8601,"6,529"
2454 聯發科,2023/12/21,872.9807,882.8601,872.9807,876.5732,"4,676"
2454 聯發科,2023/12/22,880.1658,889.147,879.2676,889.147,"3,389"
2454 聯發科,2023/12/25,890.0452,896.3321,886.4527,893.6377,"3,423"
2454 聯發科,2023/12/26,897.2302,902.619,893.6377,898.1283,"3,482"
2454 聯發科,2023/12/27,907.1096,943.0347,907.1096,934.0535,"8,968"
2454 聯發科,2023/12/28,938.5441,947.5254,920.5815,920.5815,"5,646"
2454 聯發科,2023/12/29,920.5815,925.0722,907.1096,911.6002,"5,190"
2454 聯發科,2024/1/2,907.1096,911.6002,880.1658,881.0639,"10,668"
2454 聯發科,2024/1/3,876.5732,877.4714,855.9163,855.9163,"13,403"
2454 聯發科,2024/1/4,866.6104,873.0639,850.0158,855.5473,"9,628"
2454 聯發科,2024/1/5,856.4693,862.0008,849.0938,849.0938,"5,851"
2454 聯發科,2024/1/8,857.3912,862.9227,846.3281,848.1719,"6,035"
2454 聯發科,2024/1/9,864.7666,866.6104,853.7035,855.5473,"5,893"
2454 聯發科,2024/1/10,862.0008,862.0008,850.0158,851.8596,"4,380"
2454 聯發科,2024/1/11,859.235,863.8447,848.1719,848.1719,"7,008"
2454 聯發科,2024/1/12,848.1719,856.4693,844.4842,853.7035,"4,936"
2454 聯發科,2024/1/15,862.0008,862.0008,847.25,850.0158,"4,413"
2454 聯發科,2024/1/16,843.5623,845.4061,825.1238,825.1238,"11,367"
2454 聯發科,2024/1/17,820.5141,832.4992,810.373,810.373,"12,081"
2454 聯發科,2024/1/18,814.9826,826.9676,814.9826,826.9676,"6,915"
2454 聯發科,2024/1/19,848.1719,848.1719,836.1869,848.1719,"9,409"
2454 聯發科,2024/1/22,855.5473,869.3762,848.1719,850.0158,"9,745"
2454 聯發科,2024/1/23,846.3281,850.0158,838.0307,839.8746,"6,388"
2454 聯發科,2024/1/24,844.4842,862.9227,843.5623,862.9227,"8,378"
2454 聯發科,2024/1/25,865.6885,875.8297,860.157,869.3762,"9,340"
2454 聯發科,2024/1/26,862.9227,865.6885,855.5473,862.9227,"5,458"
2454 聯發科,2024/1/29,871.2201,871.2201,853.7035,864.7666,"7,208"
2454 聯發科,2024/1/30,864.7666,897.034,864.7666,887.8147,"9,996"
2454 聯發科,2024/1/31,899.7998,900.7217,883.2051,890.5805,"9,456"
2454 聯發科,2024/2/1,876.7516,876.7516,850.0158,857.3912,"17,458"
2454 聯發科,2024/2/2,858.3131,862.9227,853.7035,862.9227,"8,662"
2454 聯發科,2024/2/5,856.4693,866.6104,855.5473,863.8447,"5,880"
2454 聯發科,2024/2/15,906.2533,906.2533,876.7516,896.1121,"12,555"
2454 聯發科,2024/2/16,899.7998,900.7217,887.8147,894.2682,"4,761"
2454 聯發科,2024/2/19,897.034,897.034,876.7516,887.8147,"4,384"
2454 聯發科,2024/2/20,885.049,908.0971,885.049,905.3313,"8,929"
2454 聯發科,2024/2/21,896.1121,909.019,896.1121,904.4094,"5,894"
2454 聯發科,2024/2/22,910.8629,940.3645,910.8629,935.7549,"11,143"
2454 聯發科,2024/2/23,954.1934,"1,014.12",931.1453,"1,014.12","24,851"
2454 聯發科,2024/2/26,"1,004.90","1,032.56",977.2416,"1,027.95","12,802"
2454 聯發科,2024/2/27,"1,037.17","1,069.43","1,018.73","1,027.95","17,764"
2454 聯發科,2024/2/29,"1,027.95","1,055.61","1,023.34","1,051.00","9,629"
2454 聯發科,2024/3/1,"1,074.04","1,074.04","1,009.51","1,018.73","12,340"
2454 聯發科,2024/3/4,"1,027.95","1,064.82","1,018.73","1,060.21","12,662"
2454 聯發科,2024/3/5,"1,060.21","1,069.43","1,041.78","1,064.82","8,791"
2454 聯發科,2024/3/6,"1,055.61","1,106.31","1,051.00","1,097.09","10,101"
2454 聯發科,2024/3/7,"1,124.75","1,161.63","1,120.14","1,133.97","15,486"
2454 聯發科,2024/3/8,"1,161.63","1,175.46","1,101.70","1,133.97","16,879"
2454 聯發科,2024/3/11,"1,138.58","1,147.80","1,110.92","1,129.36","5,890"
2454 聯發科,2024/3/12,"1,106.31","1,129.36","1,097.09","1,120.14","5,763"
2454 聯發科,2024/3/13,"1,147.80","1,161.63","1,115.53","1,120.14","7,058"
2454 聯發科,2024/3/14,"1,124.75","1,133.97","1,051.00","1,060.21","13,127"
2454 聯發科,2024/3/15,"1,046.39","1,060.21","1,032.56","1,046.39","8,765"
2454 聯發科,2024/3/18,"1,046.39","1,087.87","1,046.39","1,078.65","6,022"
2454 聯發科,2024/3/19,"1,060.21","1,074.04","1,046.39","1,060.21","8,911"
2454 聯發科,2024/3/20,"1,055.61","1,083.26","1,032.56","1,041.78","6,413"
2454 聯發科,2024/3/21,"1,069.43","1,069.43","1,037.17","1,051.00","6,662"
2454 聯發科,2024/3/22,"1,051.00","1,055.61","1,023.34","1,037.17","6,420"
2454 聯發科,2024/3/25,"1,032.56","1,051.00","1,027.95","1,032.56","3,339"
2454 聯發科,2024/3/26,"1,051.00","1,078.65","1,032.56","1,041.78","6,780"
2454 聯發科,2024/3/27,"1,046.39","1,083.26","1,037.17","1,074.04","6,243"
2454 聯發科,2024/3/28,"1,069.43","1,087.87","1,046.39","1,069.43","7,545"
2454 聯發科,2024/3/29,"1,069.43","1,106.31","1,069.43","1,101.70","8,549"
2454 聯發科,2024/4/1,"1,097.09","1,106.31","1,064.82","1,069.43","5,481"
2454 聯發科,2024/4/2,"1,078.65","1,092.48","1,069.43","1,074.04","4,324"
2454 聯發科,2024/4/3,"1,060.21","1,083.26","1,051.00","1,069.43","4,204"
2454 聯發科,2024/4/8,"1,083.26","1,087.87","1,055.61","1,060.21","4,137"
2454 聯發科,2024/4/9,"1,069.43","1,083.26","1,060.21","1,069.43","3,400"
2454 聯發科,2024/4/10,"1,078.65","1,120.14","1,074.04","1,101.70","6,687"
2454 聯發科,2024/4/11,"1,110.92","1,133.97","1,092.48","1,106.31","6,406"
2454 聯發科,2024/4/12,"1,097.09","1,106.31","1,074.04","1,087.87","5,339"
2454 聯發科,2024/4/15,"1,069.43","1,069.43","1,023.34","1,023.34","9,660"
2454 聯發科,2024/4/16,981.8512,"1,004.90",972.6319,972.6319,"13,458"
2454 聯發科,2024/4/17,981.8512,991.0705,963.4127,968.0223,"8,144"
2454 聯發科,2024/4/18,963.4127,977.2416,940.3645,968.0223,"7,339"
2454 聯發科,2024/4/19,940.3645,949.5838,894.2682,915.4725,"16,604"
2454 聯發科,2024/4/22,907.1752,911.7848,890.5805,890.5805,"9,681"
2454 聯發科,2024/4/23,911.7848,911.7848,894.2682,896.1121,"6,158"
2454 聯發科,2024/4/24,917.3164,940.3645,916.3944,931.1453,"6,424"
2454 聯發科,2024/4/25,918.2383,926.5356,899.7998,904.4094,"6,733"
2454 聯發科,2024/4/26,913.6281,926.535,909.9404,926.535,"5,856"
2454 聯發科,2024/4/29,972.6313,972.6313,926.535,935.7543,"8,251"
2454 聯發科,2024/4/30,935.7543,949.5832,914.55,914.55,"6,311"
2454 聯發科,2024/5/2,912.7062,940.3639,905.3307,921.9254,"5,508"
2454 聯發科,2024/5/3,958.8024,968.0217,949.5832,958.8024,"6,978"
2454 聯發科,2024/5/6,977.2409,977.2409,954.1928,954.1928,"4,644"
2454 聯發科,2024/5/7,968.0217,972.6313,954.1928,963.412,"3,238"
2454 聯發科,2024/5/8,995.6794,"1,014.12",977.2409,"1,009.51","10,343"
2454 聯發科,2024/5/9,"1,014.12","1,037.17","1,004.90","1,009.51","7,989"
2454 聯發科,2024/5/10,"1,018.73","1,018.73",995.6794,"1,009.51","4,664"
2454 聯發科,2024/5/13,"1,027.95","1,032.56","1,014.12","1,027.95","4,261"
2454 聯發科,2024/5/14,"1,027.95","1,069.43","1,023.34","1,064.82","7,954"
2454 聯發科,2024/5/15,"1,078.65","1,083.26","1,055.60","1,064.82","5,734"
2454 聯發科,2024/5/16,"1,087.87","1,115.53","1,083.26","1,097.09","10,452"
2454 聯發科,2024/5/17,"1,087.87","1,092.48","1,074.04","1,074.04","6,555"
2454 聯發科,2024/5/20,"1,074.04","1,101.70","1,074.04","1,097.09","6,368"
2454 聯發科,2024/5/21,"1,087.87","1,097.09","1,074.04","1,083.26","3,544"
2454 聯發科,2024/5/22,"1,097.09","1,097.09","1,069.43","1,092.48","4,592"
2454 聯發科,2024/5/23,"1,101.70","1,115.53","1,092.48","1,110.92","6,526"
2454 聯發科,2024/5/24,"1,097.09","1,110.92","1,097.09","1,101.70","4,139"
2454 聯發科,2024/5/27,"1,152.41","1,207.72","1,138.58","1,184.67","16,451"
2454 聯發科,2024/5/28,"1,198.50","1,216.94","1,184.67","1,207.72","10,732"
2454 聯發科,2024/5/29,"1,207.72","1,212.33","1,175.45","1,189.28","8,661"
2454 聯發科,2024/5/30,"1,157.02","1,198.50","1,152.41","1,189.28","8,581"
2454 聯發科,2024/5/31,"1,212.33","1,212.33","1,129.36","1,138.58","15,194"
2454 聯發科,2024/6/3,"1,166.24","1,170.85","1,143.19","1,170.85","6,400"
2454 聯發科,2024/6/4,"1,161.63","1,170.85","1,124.75","1,143.19","7,219"
2454 聯發科,2024/6/5,"1,143.19","1,147.80","1,124.75","1,133.97","6,012"
2454 聯發科,2024/6/6,"1,157.02","1,198.50","1,138.58","1,189.28","10,328"
2454 聯發科,2024/6/7,"1,189.28","1,189.28","1,170.85","1,175.45","5,092"
2454 聯發科,2024/6/11,"1,170.85","1,180.06","1,152.41","1,170.85","5,846"
2454 聯發科,2024/6/12,"1,170.85","1,207.72","1,166.24","1,198.50","8,015"
2454 聯發科,2024/6/13,"1,235.38","1,290.70","1,221.55","1,276.87","13,667"
2454 聯發科,2024/6/14,"1,286.09","1,286.09","1,258.43","1,286.09","6,250"
2454 聯發科,2024/6/17,"1,267.65","1,281.48","1,258.43","1,272.26","4,762"
2454 聯發科,2024/6/18,"1,267.65","1,295.31","1,267.65","1,295.31","7,868"
2454 聯發科,2024/6/19,"1,313.74","1,369.06","1,309.13","1,369.06","12,145"
2454 聯發科,2024/6/20,"1,369.06","1,382.89","1,346.01","1,382.89","7,215"
2454 聯發科,2024/6/21,"1,355.23","1,378.28","1,332.18","1,373.67","12,105"
2454 聯發科,2024/6/24,"1,341.40","1,350.62","1,295.31","1,299.91","9,608"
2454 聯發科,2024/6/25,"1,263.04","1,290.70","1,258.43","1,276.87","9,815"
2454 聯發科,2024/6/26,"1,286.09","1,318.35","1,286.09","1,295.31","5,222"
2454 聯發科,2024/6/27,"1,272.26","1,299.91","1,272.26","1,286.09","5,022"
2454 聯發科,2024/6/28,"1,290.70","1,295.31","1,267.65","1,290.70","7,091"
2454 聯發科,2024/7/1,"1,295.31","1,327.57","1,295.31","1,304.52","5,231"
2454 聯發科,2024/7/2,"1,299.91","1,304.52","1,281.48","1,299.91","5,192"
2454 聯發科,2024/7/3,"1,318.35","1,318.35","1,281.48","1,295.31","6,507"
2454 聯發科,2024/7/4,"1,300.40","1,319.25","1,295.69","1,295.69","7,932"
2454 聯發科,2024/7/5,"1,300.40","1,305.11","1,258.00","1,272.13","7,046"
2454 聯發科,2024/7/8,"1,262.71","1,338.10","1,258.00","1,338.10","8,013"
2454 聯發科,2024/7/9,"1,366.37","1,375.79","1,333.38","1,375.79","9,919"
2454 聯發科,2024/7/10,"1,371.08","1,375.79","1,328.67","1,352.23","5,691"
2454 聯發科,2024/7/11,"1,352.23","1,375.79","1,333.38","1,338.10","5,549"
2454 聯發科,2024/7/12,"1,286.27","1,305.11","1,272.13","1,281.56","7,528"
2454 聯發科,2024/7/15,"1,290.98","1,300.40","1,272.13","1,276.85","3,700"
2454 聯發科,2024/7/16,"1,276.85","1,286.27","1,248.58","1,267.42","5,267"
2454 聯發科,2024/7/17,"1,258.00","1,267.42","1,229.73","1,248.58","6,370"
2454 聯發科,2024/7/18,"1,196.75","1,215.59","1,177.90","1,206.17","10,515"
2454 聯發科,2024/7/19,"1,187.32","1,210.88","1,187.32","1,187.32","6,157"
2454 聯發科,2024/7/22,"1,182.61","1,187.32","1,126.07","1,154.34","7,568"
2454 聯發科,2024/7/23,"1,182.61","1,201.46","1,168.48","1,201.46","6,609"
2454 聯發科,2024/7/26,"1,121.36","1,182.61","1,116.65","1,173.19","10,546"
2454 聯發科,2024/7/29,"1,192.04","1,206.17","1,159.05","1,168.48","5,212"
2454 聯發科,2024/7/30,"1,159.05","1,182.61","1,140.21","1,182.61","4,562"
2454 聯發科,2024/7/31,"1,159.05","1,163.77","1,130.79","1,149.63","7,646"
2454 聯發科,2024/8/1,"1,144.92","1,163.77","1,111.94","1,111.94","12,859"
2454 聯發科,2024/8/2,"1,064.82","1,074.25","1,027.13","1,027.13","14,592"
2454 聯發科,2024/8/5,937.6094,961.1674,924.4169,933.8401,"23,157"
2454 聯發科,2024/8/6,"1,027.13","1,027.13",975.3022,"1,013.00","16,842"
2454 聯發科,2024/8/7,"1,027.13","1,083.67","1,017.71","1,083.67","10,786"
2454 聯發科,2024/8/8,"1,055.40","1,074.25","1,036.55","1,050.69","8,260"
2454 聯發科,2024/8/9,"1,083.67","1,088.38","1,055.40","1,060.11","7,138"
2454 聯發科,2024/8/12,"1,078.96","1,107.23","1,074.25","1,107.23","4,732"
2454 聯發科,2024/8/13,"1,111.94","1,116.65","1,083.67","1,093.09","3,893"
2454 聯發科,2024/8/14,"1,107.23","1,121.36","1,102.52","1,116.65","4,566"
2454 聯發科,2024/8/15,"1,102.52","1,111.94","1,088.38","1,088.38","3,208"
2454 聯發科,2024/8/16,"1,116.65","1,168.48","1,116.65","1,159.05","7,309"
2454 聯發科,2024/8/19,"1,168.48","1,192.04","1,159.05","1,182.61","6,237"
2454 聯發科,2024/8/20,"1,196.75","1,196.75","1,168.48","1,177.90","4,411"
2454 聯發科,2024/8/21,"1,149.63","1,168.48","1,140.21","1,149.63","4,669"
2454 聯發科,2024/8/22,"1,159.05","1,168.48","1,144.92","1,159.05","3,087"
2454 聯發科,2024/8/23,"1,135.50","1,154.34","1,121.36","1,154.34","4,319"
2454 聯發科,2024/8/26,"1,173.19","1,173.19","1,140.21","1,144.92","3,784"
2454 聯發科,2024/8/27,"1,130.79","1,144.92","1,121.36","1,140.21","3,963"
2454 聯發科,2024/8/28,"1,135.50","1,149.63","1,116.65","1,130.79","4,883"
2454 聯發科,2024/8/29,"1,107.23","1,182.61","1,107.23","1,177.90","5,628"
2454 聯發科,2024/8/30,"1,187.32","1,187.32","1,154.34","1,168.48","6,035"
2454 聯發科,2024/9/2,"1,168.48","1,177.90","1,144.92","1,154.34","3,294"
2454 聯發科,2024/9/3,"1,154.34","1,154.34","1,130.79","1,149.63","3,534"
2454 聯發科,2024/9/4,"1,069.53","1,102.52","1,064.82","1,069.53","10,457"
2454 聯發科,2024/9/5,"1,055.40","1,064.82","1,041.26","1,045.98","9,432"
2454 聯發科,2024/9/6,"1,045.98","1,083.67","1,041.26","1,078.96","5,340"
2454 聯發科,2024/9/9,"1,036.55","1,050.69","1,027.13","1,041.26","7,455"
2454 聯發科,2024/9/10,"1,050.69","1,064.82","1,036.55","1,064.82","5,893"
2454 聯發科,2024/9/11,"1,060.11","1,069.53","1,045.98","1,045.98","4,096"
2454 聯發科,2024/9/12,"1,083.67","1,088.38","1,069.53","1,088.38","4,719"
2454 聯發科,2024/9/13,"1,093.09","1,097.80","1,060.11","1,060.11","3,546"
2454 聯發科,2024/9/16,"1,055.40","1,064.82","1,036.55","1,064.82","3,821"
2454 聯發科,2024/9/18,"1,050.69","1,055.40","1,031.84","1,041.26","7,611"
2454 聯發科,2024/9/19,"1,041.26","1,064.82","1,017.71","1,055.40","7,911"
2454 聯發科,2024/9/20,"1,078.96","1,088.38","1,060.11","1,060.11","9,138"
2454 聯發科,2024/9/23,"1,060.11","1,083.67","1,055.40","1,078.96","4,562"
2454 聯發科,2024/9/24,"1,069.53","1,126.07","1,069.53","1,126.07","7,297"
2454 聯發科,2024/9/25,"1,149.63","1,159.05","1,135.50","1,154.34","11,480"
2454 聯發科,2024/9/26,"1,163.77","1,206.17","1,159.05","1,196.75","9,967"
2454 聯發科,2024/9/27,"1,206.17","1,229.73","1,177.90","1,187.32","9,319"
2454 聯發科,2024/9/30,"1,163.77","1,163.77","1,107.23","1,107.23","8,944"
2454 聯發科,2024/10/1,"1,126.07","1,159.05","1,121.36","1,140.21","6,670"
2454 聯發科,2024/10/4,"1,130.79","1,168.48","1,130.79","1,159.05","7,601"
2454 聯發科,2024/10/7,"1,177.90","1,220.31","1,159.05","1,177.90","9,261"
2454 聯發科,2024/10/8,"1,168.48","1,177.90","1,154.34","1,154.34","4,746"
2454 聯發科,2024/10/9,"1,187.32","1,201.46","1,168.48","1,173.19","5,671"
2454 聯發科,2024/10/11,"1,192.04","1,234.44","1,192.04","1,225.02","10,811"
2454 聯發科,2024/10/14,"1,234.44","1,234.44","1,210.88","1,215.59","4,125"
2454 聯發科,2024/10/15,"1,234.44","1,234.44","1,215.59","1,225.02","6,492"
2454 聯發科,2024/10/16,"1,187.32","1,220.31","1,187.32","1,201.46","7,425"
2454 聯發科,2024/10/17,"1,220.31","1,220.31","1,192.04","1,201.46","4,514"
2454 聯發科,2024/10/18,"1,225.02","1,253.29","1,220.31","1,229.73","8,916"
2454 聯發科,2024/10/21,"1,234.44","1,267.42","1,234.44","1,253.29","6,706"
2454 聯發科,2024/10/22,"1,234.44","1,239.15","1,220.31","1,234.44","5,500"
2454 聯發科,2024/10/23,"1,206.17","1,248.58","1,201.46","1,225.02","5,639"
2454 聯發科,2024/10/24,"1,225.02","1,229.73","1,196.75","1,196.75","4,698"
2454 聯發科,2024/10/25,"1,196.75","1,248.58","1,196.75","1,239.15","7,326"
2454 聯發科,2024/10/28,"1,253.29","1,262.71","1,239.15","1,258.00","5,720"
2454 聯發科,2024/10/29,"1,239.15","1,239.15","1,210.88","1,225.02","5,519"
2454 聯發科,2024/10/30,"1,215.59","1,239.15","1,210.88","1,215.59","5,528"
2454 聯發科,2024/11/1,"1,149.63","1,225.02","1,149.63","1,215.59","9,461"
2454 聯發科,2024/11/4,"1,210.88","1,229.73","1,206.17","1,220.31","3,513"
2454 聯發科,2024/11/5,"1,210.88","1,225.02","1,206.17","1,215.59","3,688"
2454 聯發科,2024/11/6,"1,215.59","1,243.86","1,215.59","1,229.73","3,881"
2454 聯發科,2024/11/7,"1,253.29","1,253.29","1,225.02","1,229.73","4,517"
2454 聯發科,2024/11/8,"1,234.44","1,243.86","1,206.17","1,206.17","4,299"
2454 聯發科,2024/11/11,"1,225.02","1,234.44","1,206.17","1,220.31","2,878"
2454 聯發科,2024/11/12,"1,206.17","1,220.31","1,192.04","1,192.04","4,326"
2454 聯發科,2024/11/13,"1,192.04","1,201.46","1,182.61","1,182.61","4,182"
2454 聯發科,2024/11/14,"1,187.32","1,192.04","1,159.05","1,163.77","4,605"
2454 聯發科,2024/11/15,"1,168.48","1,201.46","1,159.05","1,196.75","4,349"
2454 聯發科,2024/11/18,"1,187.32","1,192.04","1,159.05","1,168.48","3,985"
2454 聯發科,2024/11/19,"1,182.61","1,215.59","1,173.19","1,210.88","4,531"
2454 聯發科,2024/11/20,"1,210.88","1,225.02","1,187.32","1,201.46","4,926"
2454 聯發科,2024/11/21,"1,192.04","1,196.75","1,182.61","1,192.04","2,634"
2454 聯發科,2024/11/22,"1,206.17","1,234.44","1,196.75","1,234.44","6,437"
2454 聯發科,2024/11/25,"1,248.58","1,253.29","1,206.17","1,206.17","7,734"
2454 聯發科,2024/11/26,"1,206.17","1,215.59","1,196.75","1,206.17","3,272"
2454 聯發科,2024/11/27,"1,196.75","1,210.88","1,177.90","1,177.90","3,069"
2454 聯發科,2024/11/28,"1,187.32","1,192.04","1,168.48","1,182.61","4,374"
2454 聯發科,2024/11/29,"1,163.77","1,196.75","1,154.34","1,182.61","4,324"
2454 聯發科,2024/12/2,"1,201.46","1,239.15","1,196.75","1,234.44","4,705"
2454 聯發科,2024/12/3,"1,248.58","1,253.29","1,220.31","1,239.15","6,211"
2454 聯發科,2024/12/4,"1,239.15","1,248.58","1,229.73","1,243.86","4,844"
2454 聯發科,2024/12/5,"1,248.58","1,258.00","1,234.44","1,248.58","5,559"
2454 聯發科,2024/12/6,"1,248.58","1,262.71","1,225.02","1,229.73","4,364"
2454 聯發科,2024/12/9,"1,243.86","1,248.58","1,225.02","1,248.58","4,592"
2454 聯發科,2024/12/10,"1,239.15","1,281.56","1,234.44","1,272.13","8,230"
2454 聯發科,2024/12/11,"1,243.86","1,276.85","1,229.73","1,272.13","7,633"
2454 聯發科,2024/12/12,"1,290.98","1,319.25","1,290.98","1,300.40","8,447"
2454 聯發科,2024/12/13,"1,305.11","1,328.67","1,286.27","1,328.67","6,733"
2454 聯發科,2024/12/16,"1,352.23","1,356.94","1,305.11","1,305.11","7,521"
2454 聯發科,2024/12/17,"1,309.83","1,361.65","1,309.83","1,342.81","9,362"
2454 聯發科,2024/12/18,"1,347.52","1,347.52","1,323.96","1,338.10","6,198"
2454 聯發科,2024/12/19,"1,319.25","1,347.52","1,314.54","1,338.10","6,719"
2454 聯發科,2024/12/20,"1,338.10","1,342.81","1,309.83","1,309.83","5,731"
2454 聯發科,2024/12/23,"1,323.96","1,342.81","1,319.25","1,328.67","4,417"
2454 聯發科,2024/12/24,"1,347.52","1,347.52","1,323.96","1,323.96","3,278"
2454 聯發科,2024/12/25,"1,338.10","1,347.52","1,328.67","1,328.67","2,449"
2454 聯發科,2024/12/26,"1,338.10","1,347.52","1,333.38","1,338.10","2,448"
2454 聯發科,2024/12/27,"1,338.10","1,356.94","1,338.10","1,347.52","2,406"
2454 聯發科,2024/12/30,"1,347.52","1,352.23","1,338.10","1,338.10","2,890"
2454 聯發科,2024/12/31,"1,328.67","1,342.81","1,319.25","1,333.38","3,371"
2454 聯發科,2025/1/2,"1,342.04","1,346.85","1,284.32","1,298.75","7,374"
2454 聯發科,2025/1/3,"1,313.18","1,317.99","1,284.32","1,313.18","6,413"
2454 聯發科,2025/1/6,"1,337.23","1,370.90","1,337.23","1,370.90","7,760"
2454 聯發科,2025/1/7,"1,390.14","1,443.06","1,361.28","1,433.44","13,043"
2454 聯發科,2025/1/8,"1,443.06","1,443.06","1,404.58","1,414.20","11,341"
2454 聯發科,2025/1/9,"1,414.20","1,423.82","1,385.33","1,385.33","7,283"
2454 聯發科,2025/1/10,"1,404.58","1,438.25","1,390.14","1,409.39","7,456"
2454 聯發科,2025/1/13,"1,380.52","1,404.58","1,332.42","1,337.23","10,467"
2454 聯發科,2025/1/14,"1,332.42","1,361.28","1,327.61","1,346.85","5,672"
2454 聯發科,2025/1/15,"1,337.23","1,390.14","1,337.23","1,366.09","6,608"
2454 聯發科,2025/1/16,"1,394.96","1,414.20","1,375.71","1,404.58","7,526"
2454 聯發科,2025/1/17,"1,394.96","1,399.77","1,366.09","1,375.71","5,593"
2454 聯發科,2025/1/20,"1,370.90","1,399.77","1,370.90","1,390.14","4,054"
2454 聯發科,2025/1/21,"1,385.33","1,419.01","1,380.52","1,409.39","4,729"
2454 聯發科,2025/1/22,"1,423.82","1,438.25","1,409.39","1,409.39","6,939"
2454 聯發科,2025/2/3,"1,366.09","1,467.11","1,361.28","1,443.06","19,472"
2454 聯發科,2025/2/4,"1,452.68","1,471.92","1,423.82","1,433.44","8,418"
2454 聯發科,2025/2/5,"1,447.87","1,471.92","1,433.44","1,467.11","9,272"
2454 聯發科,2025/2/6,"1,471.92","1,510.40","1,462.30","1,467.11","9,633"
2454 聯發科,2025/2/7,"1,467.11","1,471.92","1,447.87","1,467.11","7,062"
2454 聯發科,2025/2/10,"1,447.87","1,452.68","1,419.01","1,423.82","9,291"
2454 聯發科,2025/2/11,"1,433.44","1,471.92","1,433.44","1,452.68","8,734"
2454 聯發科,2025/2/12,"1,471.92","1,481.54","1,423.82","1,428.63","8,078"
2454 聯發科,2025/2/13,"1,438.25","1,462.30","1,428.63","1,462.30","4,801"
2454 聯發科,2025/2/14,"1,457.49","1,476.73","1,447.87","1,447.87","4,867"
2454 聯發科,2025/2/17,"1,457.49","1,486.35","1,452.68","1,486.35","8,095"
2454 聯發科,2025/2/18,"1,491.16","1,491.16","1,462.30","1,476.73","5,461"
2454 聯發科,2025/2/19,"1,476.73","1,486.35","1,467.11","1,481.54","4,710"
2454 聯發科,2025/2/20,"1,486.35","1,486.35","1,443.06","1,443.06","7,150"
2454 聯發科,2025/2/21,"1,443.06","1,467.11","1,433.44","1,452.68","5,756"
2454 聯發科,2025/2/24,"1,443.06","1,486.35","1,438.25","1,486.35","6,497"
2454 聯發科,2025/2/25,"1,467.11","1,500.78","1,452.68","1,491.16","8,502"
2454 聯發科,2025/2/26,"1,495.97","1,515.21","1,467.11","1,500.78","8,063"
2454 聯發科,2025/2/27,"1,495.97","1,515.21","1,457.49","1,457.49","12,022"
2454 聯發科,2025/3/3,"1,433.44","1,438.25","1,409.39","1,414.20","11,544"
2454 聯發科,2025/3/4,"1,380.52","1,452.68","1,380.52","1,447.87","8,330"
2454 聯發科,2025/3/5,"1,447.87","1,471.92","1,433.44","1,447.87","6,674"
2454 聯發科,2025/3/6,"1,447.87","1,452.68","1,428.63","1,438.25","3,240"
2454 聯發科,2025/3/7,"1,419.01","1,428.63","1,394.96","1,409.39","5,873"
2454 聯發科,2025/3/10,"1,394.96","1,404.58","1,342.04","1,342.04","10,835"
2454 聯發科,2025/3/11,"1,269.89","1,337.23","1,269.89","1,332.42","10,487"
2454 聯發科,2025/3/12,"1,322.80","1,370.90","1,322.80","1,356.47","8,365"
2454 聯發科,2025/3/13,"1,375.71","1,385.33","1,337.23","1,337.23","7,308"
2454 聯發科,2025/3/14,"1,346.85","1,375.71","1,337.23","1,346.85","7,265"
2454 聯發科,2025/3/17,"1,361.28","1,385.33","1,361.28","1,370.90","5,027"
2454 聯發科,2025/3/18,"1,394.96","1,443.06","1,390.14","1,419.01","10,558"
2454 聯發科,2025/3/19,"1,443.06","1,457.49","1,404.58","1,409.39","8,043"
2454 聯發科,2025/3/20,"1,438.25","1,443.06","1,409.39","1,428.63","6,559"
2454 聯發科,2025/3/21,"1,438.25","1,443.06","1,419.01","1,423.82","4,914"
2454 聯發科,2025/3/24,"1,443.06","1,447.87","1,423.82","1,423.82","4,129"
2454 聯發科,2025/3/25,"1,447.87","1,481.54","1,447.87","1,467.11","8,622"
2454 聯發科,2025/3/26,"1,476.73","1,481.54","1,457.49","1,457.49","4,039"
2454 聯發科,2025/3/27,"1,443.06","1,452.68","1,423.82","1,428.63","4,922"
2454 聯發科,2025/3/28,"1,414.20","1,438.25","1,399.77","1,409.39","4,752"
2454 聯發科,2025/3/31,"1,366.09","1,385.33","1,337.23","1,337.23","8,456"
2454 聯發科,2025/4/1,"1,356.47","1,404.58","1,356.47","1,404.58","6,663"
2454 聯發科,2025/4/2,"1,404.58","1,404.58","1,380.52","1,380.52","4,680"
2454 聯發科,2025/4/7,"1,245.84","1,245.84","1,245.84","1,245.84","2,148"
2454 聯發科,2025/4/8,"1,207.36","1,250.65","1,178.50","1,212.17","19,252"
2454 聯發科,2025/4/9,"1,202.55","1,207.36","1,096.72","1,140.02","20,017"
2454 聯發科,2025/4/10,"1,250.65","1,250.65","1,250.65","1,250.65","2,039"
2454 聯發科,2025/4/11,"1,231.41","1,342.04","1,202.55","1,332.42","17,343"
2454 聯發科,2025/4/14,"1,356.47","1,370.90","1,332.42","1,346.85","12,977"
2454 聯發科,2025/4/15,"1,351.66","1,361.28","1,322.80","1,332.42","6,829"
2454 聯發科,2025/4/16,"1,317.99","1,332.42","1,313.18","1,313.18","5,794"
2454 聯發科,2025/4/17,"1,289.13","1,298.75","1,265.08","1,289.13","6,954"
2454 聯發科,2025/4/18,"1,298.75","1,327.61","1,293.94","1,313.18","3,602"
2454 聯發科,2025/4/21,"1,303.56","1,303.56","1,274.70","1,293.94","3,123"
2454 聯發科,2025/4/22,"1,279.51","1,303.56","1,250.65","1,250.65","5,199"
2454 聯發科,2025/4/23,"1,289.13","1,322.80","1,289.13","1,317.99","6,303"
2454 聯發科,2025/4/24,"1,322.80","1,322.80","1,274.70","1,279.51","6,331"
2454 聯發科,2025/4/25,"1,322.80","1,337.23","1,317.99","1,327.61","7,381"
2454 聯發科,2025/4/28,"1,332.42","1,337.23","1,298.75","1,298.75","5,546"
2454 聯發科,2025/4/29,"1,298.75","1,317.99","1,284.32","1,317.99","5,933"
2454 聯發科,2025/4/30,"1,317.99","1,317.99","1,298.75","1,298.75","5,687"
2454 聯發科,2025/5/2,"1,317.99","1,317.99","1,241.03","1,250.65","17,916"
2454 聯發科,2025/5/5,"1,260.27","1,284.32","1,241.03","1,245.84","7,473"
2454 聯發科,2025/5/6,"1,245.84","1,250.65","1,226.60","1,231.41","7,890"
2454 聯發科,2025/5/7,"1,236.22","1,250.65","1,216.98","1,226.60","6,119"
2454 聯發科,2025/5/8,"1,236.22","1,255.46","1,226.60","1,241.03","6,304"
2454 聯發科,2025/5/9,"1,245.84","1,274.70","1,231.41","1,274.70","6,740"
2454 聯發科,2025/5/12,"1,269.89","1,274.70","1,255.46","1,265.08","5,353"
2454 聯發科,2025/5/13,"1,298.75","1,313.18","1,293.94","1,303.56","10,308"
2454 聯發科,2025/5/14,"1,317.99","1,322.80","1,293.94","1,308.37","6,786"
2454 聯發科,2025/5/15,"1,313.18","1,327.61","1,298.75","1,317.99","5,860"
2454 聯發科,2025/5/16,"1,313.18","1,322.80","1,308.37","1,313.18","3,651"
2454 聯發科,2025/5/19,"1,293.94","1,298.75","1,260.27","1,260.27","7,591"
2454 聯發科,2025/5/20,"1,279.51","1,298.75","1,265.08","1,265.08","5,952"
2454 聯發科,2025/5/21,"1,274.70","1,293.94","1,269.89","1,289.13","4,523"
2454 聯發科,2025/5/22,"1,274.70","1,289.13","1,269.89","1,274.70","3,388"
2454 聯發科,2025/5/23,"1,284.32","1,289.13","1,260.27","1,265.08","4,462"
2454 聯發科,2025/5/26,"1,255.46","1,255.46","1,226.60","1,231.41","7,955"
2454 聯發科,2025/5/27,"1,231.41","1,241.03","1,221.79","1,231.41","6,608"
2454 聯發科,2025/5/28,"1,250.65","1,255.46","1,221.79","1,231.41","8,817"
2454 聯發科,2025/5/29,"1,236.22","1,255.46","1,212.17","1,212.17","20,205"
2454 聯發科,2025/6/2,"1,202.55","1,221.79","1,183.31","1,212.17","11,219"
2454 聯發科,2025/6/3,"1,221.79","1,241.03","1,216.98","1,226.60","5,807"
2454 聯發科,2025/6/4,"1,231.41","1,241.03","1,212.17","1,226.60","10,763"
2454 聯發科,2025/6/5,"1,212.17","1,216.98","1,188.12","1,197.74","16,144"
2454 聯發科,2025/6/6,"1,202.55","1,231.41","1,197.74","1,231.41","10,993"
2454 聯發科,2025/6/9,"1,241.03","1,250.65","1,226.60","1,236.22","8,132"
2454 聯發科,2025/6/10,"1,250.65","1,284.32","1,250.65","1,284.32","11,936"
2454 聯發科,2025/6/11,"1,289.13","1,293.94","1,255.46","1,265.08","12,029"
2454 聯發科,2025/6/12,"1,250.65","1,255.46","1,231.41","1,236.22","11,678"
2454 聯發科,2025/6/13,"1,207.36","1,216.98","1,202.55","1,202.55","9,534"
2454 聯發科,2025/6/16,"1,212.17","1,221.79","1,202.55","1,207.36","4,284"
2454 聯發科,2025/6/17,"1,212.17","1,231.41","1,212.17","1,226.60","5,831"
2454 聯發科,2025/6/18,"1,216.98","1,241.03","1,212.17","1,236.22","5,972"
2454 聯發科,2025/6/19,"1,231.41","1,236.22","1,216.98","1,216.98","4,944"
2454 聯發科,2025/6/20,"1,216.98","1,226.60","1,197.74","1,202.55","5,606"
2454 聯發科,2025/6/23,"1,183.31","1,212.17","1,178.50","1,207.36","4,528"
2454 聯發科,2025/6/24,"1,226.60","1,236.22","1,212.17","1,221.79","4,576"
2454 聯發科,2025/6/25,"1,231.41","1,250.65","1,231.41","1,245.84","6,418"
2454 聯發科,2025/6/26,"1,245.84","1,250.65","1,236.22","1,241.03","5,312"
2454 聯發科,2025/6/27,"1,236.22","1,250.65","1,231.41","1,236.22","5,979"
2454 聯發科,2025/6/30,"1,241.03","1,250.65","1,202.55","1,202.55","7,970"
2454 聯發科,2025/7/1,"1,216.98","1,255.46","1,216.98","1,226.60","8,803"
2454 聯發科,2025/7/2,"1,245.84","1,250.65","1,226.60","1,245.84","7,261"
2454 聯發科,2025/7/3,"1,275.28","1,275.28","1,245.85","1,245.85","11,872"
2454 聯發科,2025/7/4,"1,265.47","1,280.18","1,260.56","1,265.47","7,363"
2454 聯發科,2025/7/7,"1,275.28","1,275.28","1,255.66","1,255.66","4,549"
2454 聯發科,2025/7/8,"1,255.66","1,255.66","1,240.94","1,245.85","3,658"
2454 聯發科,2025/7/9,"1,255.66","1,334.14","1,255.66","1,329.23","14,460"
2454 聯發科,2025/7/10,"1,348.85","1,373.38","1,334.14","1,373.38","12,339"
2454 聯發科,2025/7/11,"1,378.28","1,393.00","1,363.57","1,393.00","10,428"
2454 聯發科,2025/7/14,"1,383.19","1,383.19","1,358.66","1,358.66","6,067"
2454 聯發科,2025/7/15,"1,358.66","1,378.28","1,353.76","1,368.47","4,659"
2454 聯發科,2025/7/16,"1,368.47","1,388.09","1,368.47","1,383.19","6,099"
2454 聯發科,2025/7/17,"1,378.28","1,393.00","1,358.66","1,363.57","5,516"
2454 聯發科,2025/7/18,"1,378.28","1,383.19","1,373.38","1,383.19","5,064"
2454 聯發科,2025/7/21,"1,388.09","1,417.52","1,383.19","1,397.90","6,030"
2454 聯發科,2025/7/22,"1,412.62","1,427.33","1,397.90","1,402.81","8,242"
2454 聯發科,2025/7/23,"1,427.33","1,427.33","1,397.90","1,402.81","5,013"
2454 聯發科,2025/7/24,"1,417.52","1,422.43","1,393.00","1,402.81","5,122"
2454 聯發科,2025/7/25,"1,402.81","1,417.52","1,388.09","1,402.81","5,942"
2454 聯發科,2025/7/28,"1,407.71","1,412.62","1,358.66","1,373.38","7,334"
2454 聯發科,2025/7/29,"1,363.57","1,368.47","1,324.33","1,334.14","10,316"
2454 聯發科,2025/7/30,"1,339.04","1,358.66","1,334.14","1,353.76","5,754"
2454 聯發科,2025/7/31,"1,334.14","1,358.66","1,314.52","1,343.95","9,291"
2454 聯發科,2025/8/1,"1,324.33","1,348.85","1,324.33","1,324.33","6,495"
2454 聯發科,2025/8/4,"1,314.52","1,324.33","1,304.71","1,304.71","5,214"
2454 聯發科,2025/8/5,"1,324.33","1,329.23","1,314.52","1,314.52","3,858"
2454 聯發科,2025/8/6,"1,314.52","1,324.33","1,294.90","1,294.90","5,970"
2454 聯發科,2025/8/7,"1,319.42","1,339.04","1,319.42","1,329.23","5,689"
2454 聯發科,2025/8/8,"1,329.23","1,334.14","1,309.61","1,324.33","5,865"
2454 聯發科,2025/8/11,"1,324.33","1,343.95","1,314.52","1,329.23","3,971"
2454 聯發科,2025/8/12,"1,334.14","1,343.95","1,324.33","1,334.14","3,496"
2454 聯發科,2025/8/13,"1,343.95","1,358.66","1,334.14","1,343.95","8,333"
2454 聯發科,2025/8/14,"1,343.95","1,368.47","1,339.04","1,363.57","4,747"
2454 聯發科,2025/8/15,"1,368.47","1,373.38","1,343.95","1,343.95","4,475"
2454 聯發科,2025/8/18,"1,348.85","1,383.19","1,348.85","1,383.19","7,238"
2454 聯發科,2025/8/19,"1,388.09","1,402.81","1,363.57","1,363.57","6,589"
2454 聯發科,2025/8/20,"1,353.76","1,363.57","1,324.33","1,329.23","7,113"
2454 聯發科,2025/8/21,"1,324.33","1,348.85","1,319.42","1,339.04","4,554"
2454 聯發科,2025/8/22,"1,339.04","1,348.85","1,329.23","1,339.04","2,800"
2454 聯發科,2025/8/25,"1,358.66","1,383.19","1,353.76","1,383.19","5,280"
2454 聯發科,2025/8/26,"1,378.28","1,383.19","1,353.76","1,373.38","5,465"
2454 聯發科,2025/8/27,"1,378.28","1,383.19","1,368.47","1,373.38","3,506"
2454 聯發科,2025/8/28,"1,368.47","1,378.28","1,358.66","1,358.66","3,889"
2454 聯發科,2025/8/29,"1,363.57","1,378.28","1,343.95","1,343.95","4,055"
2454 聯發科,2025/9/1,"1,343.95","1,353.76","1,324.33","1,334.14","3,937"
2454 聯發科,2025/9/2,"1,334.14","1,353.76","1,334.14","1,334.14","3,365"
2454 聯發科,2025/9/3,"1,353.76","1,373.38","1,343.95","1,368.47","4,795"
2454 聯發科,2025/9/4,"1,378.28","1,378.28","1,353.76","1,358.66","3,501"
2454 聯發科,2025/9/5,"1,373.38","1,407.71","1,368.47","1,407.71","9,434"
2454 聯發科,2025/9/8,"1,422.43","1,432.24","1,397.90","1,402.81","6,680"
2454 聯發科,2025/9/9,"1,417.52","1,486.19","1,407.71","1,481.29","11,956"
2454 聯發科,2025/9/10,"1,491.10","1,491.10","1,456.76","1,461.67","6,863"
2454 聯發科,2025/9/11,"1,476.38","1,481.29","1,451.86","1,451.86","4,767"
2454 聯發科,2025/9/12,"1,466.57","1,471.48","1,442.05","1,456.76","4,412"
2454 聯發科,2025/9/15,"1,461.67","1,466.57","1,451.86","1,456.76","2,858"
2454 聯發科,2025/9/16,"1,471.48","1,515.62","1,466.57","1,505.81","8,933"
2454 聯發科,2025/9/17,"1,515.62","1,515.62","1,481.29","1,481.29","4,850"
2454 聯發科,2025/9/18,"1,496.00","1,500.91","1,466.57","1,481.29","3,898"
2454 聯發科,2025/9/19,"1,471.48","1,476.38","1,412.62","1,412.62","14,627"
2454 聯發科,2025/9/22,"1,397.90","1,402.81","1,373.38","1,378.28","9,812"
2454 聯發科,2025/9/23,"1,363.57","1,378.28","1,348.85","1,348.85","12,576"
2454 聯發科,2025/9/24,"1,319.42","1,329.23","1,304.71","1,304.71","12,755"
2454 聯發科,2025/9/25,"1,304.71","1,339.04","1,304.71","1,319.42","8,286"
2454 聯發科,2025/9/26,"1,319.42","1,324.33","1,285.09","1,285.09","7,611"
2454 聯發科,2025/9/30,"1,285.09","1,299.80","1,265.47","1,289.99","8,306"
2454 聯發科,2025/10/1,"1,280.18","1,280.18","1,260.56","1,260.56","7,751"
2454 聯發科,2025/10/2,"1,265.47","1,275.28","1,255.66","1,255.66","10,088"
2454 聯發科,2025/10/3,"1,260.56","1,299.80","1,260.56","1,294.90","7,236"
2454 聯發科,2025/10/7,"1,299.80","1,309.61","1,280.18","1,299.80","7,486"
2454 聯發科,2025/10/8,"1,304.71","1,324.33","1,299.80","1,309.61","5,299"
2454 聯發科,2025/10/9,"1,324.33","1,343.95","1,309.61","1,319.42","5,265"
2454 聯發科,2025/10/13,"1,304.71","1,304.71","1,275.28","1,289.99","8,122"
2454 聯發科,2025/10/14,"1,304.71","1,314.52","1,275.28","1,280.18","5,948"
2454 聯發科,2025/10/15,"1,299.80","1,304.71","1,275.28","1,289.99","4,631"
2454 聯發科,2025/10/16,"1,294.90","1,314.52","1,294.90","1,304.71","4,051"
2454 聯發科,2025/10/17,"1,314.52","1,334.14","1,299.80","1,304.71","8,663"
2454 聯發科,2025/10/20,"1,309.61","1,319.42","1,299.80","1,314.52","3,725"
2454 聯發科,2025/10/21,"1,324.33","1,329.23","1,309.61","1,314.52","4,220"
2454 聯發科,2025/10/22,"1,309.61","1,319.42","1,299.80","1,304.71","3,868"
2454 聯發科,2025/10/23,"1,299.80","1,304.71","1,265.47","1,270.37","8,788"
2454 聯發科,2025/10/27,"1,294.90","1,314.52","1,285.09","1,309.61","5,937"
2454 聯發科,2025/10/28,"1,304.71","1,309.61","1,285.09","1,289.99","5,361"
2454 聯發科,2025/10/29,"1,280.18","1,304.71","1,275.28","1,275.28","8,508"
2454 聯發科,2025/10/30,"1,280.18","1,299.80","1,275.28","1,285.09","5,817"
2454 聯發科,2025/10/31,"1,275.28","1,299.80","1,265.47","1,285.09","7,731"
2454 聯發科,2025/11/3,"1,285.09","1,299.80","1,255.66","1,275.28","11,818"
2454 聯發科,2025/11/4,"1,265.47","1,289.99","1,260.56","1,289.99","6,554"
2454 聯發科,2025/11/5,"1,270.37","1,304.71","1,260.56","1,304.71","7,083"
2454 聯發科,2025/11/6,"1,294.90","1,304.71","1,265.47","1,265.47","8,025"
2454 聯發科,2025/11/7,"1,260.56","1,270.37","1,236.04","1,236.04","8,573"
2454 聯發科,2025/11/10,"1,226.23","1,236.04","1,226.23","1,226.23","5,623"
2454 聯發科,2025/11/11,"1,226.23","1,245.85","1,216.42","1,216.42","6,110"
2454 聯發科,2025/11/12,"1,216.42","1,236.04","1,216.42","1,221.33","4,410"
2454 聯發科,2025/11/13,"1,216.42","1,231.13","1,211.52","1,221.33","3,456"
2454 聯發科,2025/11/14,"1,206.61","1,231.13","1,201.71","1,206.61","4,560"
2454 聯發科,2025/11/17,"1,206.61","1,226.23","1,201.71","1,206.61","4,963"
2454 聯發科,2025/11/18,"1,196.80","1,196.80","1,147.75","1,147.75","10,222"
2454 聯發科,2025/11/19,"1,128.13","1,172.28","1,128.13","1,137.94","7,084"
2454 聯發科,2025/11/20,"1,157.56","1,182.09","1,147.75","1,162.47","7,617"
2454 聯發科,2025/11/21,"1,108.51","1,133.04","1,108.51","1,123.23","7,912"
2454 聯發科,2025/11/24,"1,133.04","1,147.75","1,123.23","1,128.13","10,115"
2454 聯發科,2025/11/25,"1,152.66","1,182.09","1,152.66","1,162.47","7,621"
2454 聯發科,2025/11/26,"1,196.80","1,275.28","1,191.90","1,275.28","12,757"
2454 聯發科,2025/11/27,"1,334.14","1,343.95","1,299.80","1,314.52","20,617"
2454 聯發科,2025/11/28,"1,348.85","1,383.19","1,339.04","1,368.47","20,747"
2454 聯發科,2025/12/1,"1,393.00","1,422.43","1,373.38","1,417.52","20,715"
2454 聯發科,2025/12/2,"1,417.52","1,432.24","1,383.19","1,388.09","11,909"
2454 聯發科,2025/12/3,"1,378.28","1,407.71","1,373.38","1,373.38","10,101"
2454 聯發科,2025/12/4,"1,378.28","1,388.09","1,358.66","1,378.28","6,588"
2454 聯發科,2025/12/5,"1,393.00","1,417.52","1,378.28","1,397.90","7,989"
2454 聯發科,2025/12/8,"1,402.81","1,412.62","1,378.28","1,412.62","6,112"
2454 聯發科,2025/12/9,"1,407.71","1,412.62","1,388.09","1,393.00","5,330"
2454 聯發科,2025/12/10,"1,407.71","1,432.24","1,397.90","1,432.24","9,199"
2454 聯發科,2025/12/11,"1,417.52","1,422.43","1,368.47","1,368.47","10,005"
2454 聯發科,2025/12/12,"1,363.57","1,388.09","1,353.76","1,378.28","5,427"
2454 聯發科,2025/12/15,"1,358.66","1,422.43","1,358.66","1,393.00","10,012"
2454 聯發科,2025/12/16,"1,393.00","1,422.43","1,388.09","1,393.00","9,341"
2454 聯發科,2025/12/17,"1,407.71","1,427.33","1,397.90","1,397.90","9,223"
2454 聯發科,2025/12/18,"1,397.90","1,417.52","1,388.09","1,393.00","5,601"
2454 聯發科,2025/12/19,"1,412.62","1,417.52","1,383.19","1,383.19","8,310"
2454 聯發科,2025/12/22,"1,402.81","1,407.71","1,363.57","1,373.38","6,073"
2454 聯發科,2025/12/23,"1,378.28","1,378.28","1,353.76","1,363.57","5,671"
2454 聯發科,2025/12/24,"1,368.47","1,373.38","1,353.76","1,353.76","3,385"
2454 聯發科,2025/12/26,"1,363.57","1,368.47","1,353.76","1,358.66","3,219"
2454 聯發科,2025/12/29,"1,363.57","1,397.90","1,353.76","1,393.00","6,672"
2454 聯發科,2025/12/30,"1,378.28","1,402.81","1,373.38","1,393.00","4,492"
2454 聯發科,2025/12/31,"1,393.00","1,422.43","1,388.09","1,402.81","6,748"
