證券代碼,年月日,開盤價(元),最高價(元),最低價(元),收盤價(元),成交量(千股)
3037 欣興,2025/12/31,220,223.5,219,220,"12,816"
3037 欣興,2025/12/30,221.5,224,218,219.5,"11,167"
3037 欣興,2025/12/29,222.5,222.5,217.5,220.5,"11,127"
3037 欣興,2025/12/26,218.5,224,216.5,220.5,"16,204"
3037 欣興,2025/12/24,218.5,220.5,215,217,"13,473"
3037 欣興,2025/12/23,220,220,214.5,215.5,"15,591"
3037 欣興,2025/12/22,219.5,221,213,220.5,"25,048"
3037 欣興,2025/12/19,211,216.5,209,215,"26,149"
3037 欣興,2025/12/18,209,213,204.5,207,"18,715"
3037 欣興,2025/12/17,220,221,211.5,212,"21,114"
3037 欣興,2025/12/16,220,221,211.5,214,"23,424"
3037 欣興,2025/12/15,220,224.5,219.5,221.5,"12,347"
3037 欣興,2025/12/12,228,229.5,222,225,"19,839"
3037 欣興,2025/12/11,230,235,224.5,225,"36,200"
3037 欣興,2025/12/10,227.5,230,222.5,227.5,"36,724"
3037 欣興,2025/12/9,221.5,234,221.5,226,"72,841"
3037 欣興,2025/12/8,215.5,224,212,220.5,"53,880"
3037 欣興,2025/12/5,202.5,218,201.5,215,"80,682"
3037 欣興,2025/12/4,197,204,197,198.5,"34,051"
3037 欣興,2025/12/3,197,203,195,196.5,"30,774"
3037 欣興,2025/12/2,200,204,194.5,196,"43,927"
3037 欣興,2025/12/1,190,201,190,197,"71,599"
3037 欣興,2025/11/28,187.5,188,184,186.5,"20,954"
3037 欣興,2025/11/27,179,189.5,178,187,"55,318"
3037 欣興,2025/11/26,175,183,174,178.5,"51,502"
3037 欣興,2025/11/25,168,178,166.5,176,"45,898"
3037 欣興,2025/11/24,163,164,157.5,164,"25,032"
3037 欣興,2025/11/21,163.5,165.5,158,160,"34,009"
3037 欣興,2025/11/20,166.5,175,166.5,171.5,"28,955"
3037 欣興,2025/11/19,164,165.5,160,160.5,"38,610"
3037 欣興,2025/11/18,167.5,179,167.5,170,"50,213"
3037 欣興,2025/11/17,174,177,167.5,167.5,"19,686"
3037 欣興,2025/11/14,172.5,175.5,168.5,171.5,"23,311"
3037 欣興,2025/11/13,168.752,178.1546,168.2572,176.67,"48,910"
3037 欣興,2025/11/12,166.2777,171.2264,165.2879,165.7828,"16,832"
3037 欣興,2025/11/11,164.2982,168.2572,162.3187,164.793,"17,169"
3037 欣興,2025/11/10,160.8341,164.793,156.3802,162.8135,"23,211"
3037 欣興,2025/11/7,162.3187,164.2982,158.3597,159.8443,"13,676"
3037 欣興,2025/11/6,165.7828,165.7828,160.3392,163.8033,"20,317"
3037 欣興,2025/11/5,161.8238,164.2982,159.3494,162.3187,"31,267"
3037 欣興,2025/11/4,175.1854,175.6803,166.2777,166.7725,"52,986"
3037 欣興,2025/11/3,166.2777,177.6598,165.2879,176.67,"90,228"
3037 欣興,2025/10/31,159.8443,167.2674,158.8546,161.8238,"20,577"
3037 欣興,2025/10/30,166.2777,167.2674,157.3699,158.3597,"23,973"
3037 欣興,2025/10/29,162.8135,165.2879,160.3392,164.2982,"22,661"
3037 欣興,2025/10/28,161.3289,161.8238,156.3802,160.8341,"17,893"
3037 欣興,2025/10/27,159.8443,163.8033,159.3494,161.8238,"27,029"
3037 欣興,2025/10/23,155.8853,158.3597,153.4109,154.4007,"14,103"
3037 欣興,2025/10/22,158.8546,160.3392,155.8853,157.3699,"13,392"
3037 欣興,2025/10/21,159.3494,161.3289,157.8648,158.3597,"18,055"
3037 欣興,2025/10/20,161.3289,161.8238,156.8751,158.3597,"16,913"
3037 欣興,2025/10/17,163.8033,164.2982,158.8546,158.8546,"24,087"
3037 欣興,2025/10/16,158.3597,166.2777,158.3597,163.8033,"66,717"
3037 欣興,2025/10/15,146.9776,157.8648,146.9776,156.8751,"40,885"
3037 欣興,2025/10/14,153.9058,155.8853,144.5032,144.5032,"24,470"
3037 欣興,2025/10/13,149.4519,152.9161,148.9571,151.9263,"31,538"
3037 欣興,2025/10/9,159.3494,165.7828,158.8546,159.3494,"49,101"
3037 欣興,2025/10/8,154.4007,158.8546,152.4212,158.3597,"15,608"
3037 欣興,2025/10/7,158.3597,159.3494,155.3904,156.3802,"18,875"
3037 欣興,2025/10/3,152.4212,155.3904,151.4314,154.4007,"18,510"
3037 欣興,2025/10/2,155.3904,155.8853,149.4519,151.4314,"19,461"
3037 欣興,2025/10/1,151.4314,157.8648,150.4417,153.4109,"19,127"
3037 欣興,2025/9/30,150.9366,151.4314,148.9571,149.9468,"12,365"
3037 欣興,2025/9/26,153.9058,154.8956,146.4827,147.4725,"22,663"
3037 欣興,2025/9/25,154.8956,157.8648,153.4109,155.3904,"18,732"
3037 欣興,2025/9/24,157.8648,158.3597,152.9161,155.3904,"22,247"
3037 欣興,2025/9/23,158.3597,163.3084,157.3699,157.3699,"49,227"
3037 欣興,2025/9/22,157.3699,157.8648,154.8956,156.8751,"28,067"
3037 欣興,2025/9/19,153.4109,159.8443,152.9161,155.8853,"77,040"
3037 欣興,2025/9/18,148.4622,148.4622,143.5135,146.9776,"27,918"
3037 欣興,2025/9/17,150.4417,150.4417,145.493,145.9878,"22,731"
3037 欣興,2025/9/16,142.5237,151.4314,141.0391,150.4417,"64,156"
3037 欣興,2025/9/15,144.0083,144.0083,140.0493,140.5442,"12,585"
3037 欣興,2025/9/12,144.0083,145.9878,142.0288,143.0186,"29,762"
3037 欣興,2025/9/11,143.0186,144.9981,140.0493,141.0391,"36,645"
3037 欣興,2025/9/10,135.5955,141.534,133.616,140.0493,"34,188"
3037 欣興,2025/9/9,133.616,134.6057,132.1314,133.616,"9,786"
3037 欣興,2025/9/8,133.616,134.1109,129.1621,132.1314,"18,119"
3037 欣興,2025/9/5,134.6057,136.0904,131.6365,132.6262,"16,038"
3037 欣興,2025/9/4,133.1211,134.1109,130.6467,132.1314,"18,638"
3037 欣興,2025/9/3,130.6467,131.6365,129.657,131.1416,"15,310"
3037 欣興,2025/9/2,133.616,134.1109,128.1724,129.657,"30,783"
3037 欣興,2025/9/1,142.0288,142.5237,131.6365,133.1211,"45,628"
3037 欣興,2025/8/29,150.9366,151.9263,143.0186,143.0186,"45,478"
3037 欣興,2025/8/28,149.9468,151.9263,145.493,148.4622,"56,299"
3037 欣興,2025/8/27,144.0083,150.4417,143.5135,150.4417,"78,875"
3037 欣興,2025/8/26,139.5545,144.5032,138.5647,140.5442,"55,622"
3037 欣興,2025/8/25,136.5852,139.0596,136.5852,138.5647,"26,238"
3037 欣興,2025/8/22,132.6262,134.1109,131.1416,133.616,"12,823"
3037 欣興,2025/8/21,131.1416,134.1109,131.1416,132.1314,"18,224"
3037 欣興,2025/8/20,135.5955,137.575,131.6365,132.1314,"28,473"
3037 欣興,2025/8/19,142.5237,144.0083,137.0801,137.575,"32,549"
3037 欣興,2025/8/18,132.6262,141.0391,132.6262,140.5442,"53,936"
3037 欣興,2025/8/15,138.0698,140.5442,133.616,134.1109,"29,696"
3037 欣興,2025/8/14,138.5647,143.0186,136.0904,136.5852,"31,770"
3037 欣興,2025/8/13,139.0596,140.5442,134.6057,136.5852,"28,204"
3037 欣興,2025/8/12,141.0391,141.0391,136.5852,137.0801,"21,474"
3037 欣興,2025/8/11,136.5852,141.534,136.0904,141.0391,"38,683"
3037 欣興,2025/8/8,135.1006,137.0801,135.1006,135.5955,"15,522"
3037 欣興,2025/8/7,135.1006,137.575,134.1109,134.6057,"20,357"
3037 欣興,2025/8/6,134.1109,134.6057,132.1314,132.6262,"17,282"
3037 欣興,2025/8/5,135.1006,137.575,134.1109,134.1109,"17,520"
3037 欣興,2025/8/4,135.1006,135.5955,133.616,133.616,"19,078"
3037 欣興,2025/8/1,132.1314,139.5545,131.6365,137.0801,"33,207"
3037 欣興,2025/7/31,137.575,138.0698,135.1006,136.0904,"45,007"
3037 欣興,2025/7/30,140.5442,141.0391,135.1006,140.5442,"58,375"
3037 欣興,2025/7/29,136.5852,143.5135,136.0904,138.5647,"114,489"
3037 欣興,2025/7/28,131.1416,133.1211,130.1519,131.6365,"22,930"
3037 欣興,2025/7/25,130.6467,133.616,129.657,129.657,"34,519"
3037 欣興,2025/7/24,131.6365,132.1314,129.657,131.1416,"26,492"
3037 欣興,2025/7/23,128.6672,133.1211,127.1826,130.1519,"45,854"
3037 欣興,2025/7/22,132.6262,133.616,126.1929,127.1826,"46,116"
3037 欣興,2025/7/21,131.6365,134.1109,130.1519,132.1314,"28,460"
3037 欣興,2025/7/18,133.1211,133.616,130.1519,131.6365,"33,368"
3037 欣興,2025/7/17,135.5955,137.0801,130.6467,132.1314,"59,690"
3037 欣興,2025/7/16,132.1314,140.0493,128.6672,134.1109,"178,875"
3037 欣興,2025/7/15,118.7698,130.6467,118.7698,130.6467,"96,095"
3037 欣興,2025/7/14,122.2339,122.7288,118.2749,118.7698,"24,231"
3037 欣興,2025/7/11,125.2031,126.1929,122.2339,122.7288,"24,649"
3037 欣興,2025/7/10,122.7288,126.6877,120.7493,124.2134,"68,131"
3037 欣興,2025/7/9,113.8843,121.2159,112.9067,119.7496,"55,036"
3037 欣興,2025/7/8,111.4404,113.8843,110.4629,113.3955,"11,351"
3037 欣興,2025/7/7,117.3057,117.7945,112.4179,112.4179,"25,206"
3037 欣興,2025/7/4,115.8394,118.2832,113.3955,115.3506,"56,011"
3037 欣興,2025/7/3,111.4404,116.8169,110.9516,114.373,"73,400"
3037 欣興,2025/7/2,109.4853,110.9516,108.9965,109.4853,"9,382"
3037 欣興,2025/7/1,111.4404,113.3955,109.4853,109.4853,"22,898"
3037 欣興,2025/6/30,110.9516,112.4179,108.9965,111.4404,"14,542"
3037 欣興,2025/6/27,111.4404,112.4179,108.019,110.4629,"21,443"
3037 欣興,2025/6/26,111.4404,112.9067,109.9741,111.4404,"18,058"
3037 欣興,2025/6/25,111.4404,113.3955,109.9741,111.4404,"36,948"
3037 欣興,2025/6/24,110.4629,113.8843,108.019,108.9965,"83,917"
3037 欣興,2025/6/23,96.7772,107.5302,96.0929,107.5302,"61,005"
3037 欣興,2025/6/20,99.2211,100.6874,97.7547,97.7547,"37,735"
3037 欣興,2025/6/19,100.6874,101.1762,98.2435,98.2435,"9,799"
3037 欣興,2025/6/18,99.2211,101.6649,98.7323,101.1762,"11,830"
3037 欣興,2025/6/17,101.6649,102.6425,97.7547,99.2211,"15,853"
3037 欣興,2025/6/16,99.7098,100.6874,98.7323,100.6874,"8,617"
3037 欣興,2025/6/13,103.1312,103.62,100.1986,100.1986,"14,132"
3037 欣興,2025/6/12,106.0639,106.0639,104.1088,104.5976,"10,436"
3037 欣興,2025/6/11,104.5976,107.5302,103.1312,106.5527,"24,252"
3037 欣興,2025/6/10,99.2211,105.0863,99.2211,104.5976,"25,944"
3037 欣興,2025/6/9,100.6874,100.6874,95.8974,97.7547,"19,438"
3037 欣興,2025/6/6,100.1986,102.1537,99.7098,100.6874,"6,846"
3037 欣興,2025/6/5,100.6874,101.6649,99.7098,100.6874,"11,706"
3037 欣興,2025/6/4,101.1762,103.1312,99.2211,100.6874,"22,324"
3037 欣興,2025/6/3,100.6874,101.1762,99.2211,99.7098,"10,973"
3037 欣興,2025/6/2,101.6649,102.1537,98.2435,98.7323,"18,463"
3037 欣興,2025/5/29,108.9965,108.9965,103.62,103.62,"31,984"
3037 欣興,2025/5/28,109.4853,112.4179,103.1312,107.0414,"74,406"
3037 欣興,2025/5/27,103.62,109.9741,102.1537,108.019,"68,253"
3037 欣興,2025/5/26,103.62,104.1088,101.1762,101.6649,"18,075"
3037 欣興,2025/5/23,99.7098,106.0639,99.2211,103.62,"37,781"
3037 欣興,2025/5/22,99.2211,100.1986,98.2435,99.7098,"8,702"
3037 欣興,2025/5/21,98.7323,100.6874,97.7547,100.1986,"10,029"
3037 欣興,2025/5/20,98.2435,101.1762,97.657,98.2435,"13,218"
3037 欣興,2025/5/19,99.7098,100.1986,96.7772,96.7772,"9,640"
3037 欣興,2025/5/16,100.1986,101.1762,98.7323,99.7098,"12,034"
3037 欣興,2025/5/15,99.7098,99.7098,97.7547,98.7323,"10,258"
3037 欣興,2025/5/14,99.2211,101.1762,97.7547,100.1986,"19,040"
3037 欣興,2025/5/13,101.6649,103.62,97.1682,97.5592,"31,457"
3037 欣興,2025/5/12,93.0625,99.7098,92.9648,98.7323,"28,936"
3037 欣興,2025/5/9,91.4984,92.2805,89.8366,91.7917,"9,669"
3037 欣興,2025/5/8,89.5433,91.1074,89.2501,90.5209,"9,222"
3037 欣興,2025/5/7,90.5209,91.1074,88.468,88.8591,"9,800"
3037 欣興,2025/5/6,88.9568,91.1074,88.9568,90.2276,"8,914"
3037 欣興,2025/5/5,93.3558,94.0401,88.5658,90.4231,"24,571"
3037 欣興,2025/5/2,92.867,94.2356,92.085,92.476,"16,011"
3037 欣興,2025/4/30,93.0626,94.5289,91.4985,91.7918,"17,472"
3037 欣興,2025/4/29,93.3558,94.2356,92.476,93.8446,"23,188"
3037 欣興,2025/4/28,91.4007,93.8446,90.7165,93.1603,"28,567"
3037 欣興,2025/4/25,88.7614,92.2805,88.5658,90.5209,"37,166"
3037 欣興,2025/4/24,86.8063,87.295,83.8736,84.5579,"23,310"
3037 欣興,2025/4/23,84.3624,87.0995,84.2646,86.8063,"31,939"
3037 欣興,2025/4/22,77.6173,81.6253,77.5196,79.1814,"11,446"
3037 欣興,2025/4/21,82.6028,82.9938,79.1814,79.3769,"10,509"
3037 欣興,2025/4/18,82.7983,84.4601,82.4073,83.2871,"8,575"
3037 欣興,2025/4/17,81.8208,83.1893,80.8432,82.7983,"12,533"
3037 欣興,2025/4/16,84.4601,85.8287,83.2871,83.2871,"18,142"
3037 欣興,2025/4/15,85.0467,88.2726,84.7534,86.8063,"29,483"
3037 欣興,2025/4/14,82.7006,84.1669,81.5275,82.7983,"27,575"
3037 欣興,2025/4/11,74.2936,78.9859,71.752,76.542,"37,134"
3037 欣興,2025/4/10,75.6622,75.6622,75.0757,75.6622,"15,838"
3037 欣興,2025/4/9,69.8947,72.7296,68.8194,68.8194,"27,967"
3037 欣興,2025/4/8,76.7375,78.6926,76.4443,76.4443,"16,644"
3037 欣興,2025/4/7,84.8512,84.8512,84.8512,84.8512,"1,726"
3037 欣興,2025/4/2,92.3783,94.2356,90.912,94.2356,"14,472"
3037 欣興,2025/4/1,92.476,93.6491,90.1299,93.2581,"19,448"
3037 欣興,2025/3/31,92.3783,94.4311,89.9344,90.4232,"29,117"
3037 欣興,2025/3/28,101.1762,101.1762,95.7997,96.7773,"32,220"
3037 欣興,2025/3/27,103.1313,103.1313,101.1762,102.1538,"8,408"
3037 欣興,2025/3/26,104.5976,106.064,104.5976,104.5976,"5,758"
3037 欣興,2025/3/25,106.064,107.0415,103.6201,103.6201,"9,140"
3037 欣興,2025/3/24,108.5078,108.9966,104.1089,104.1089,"8,092"
3037 欣興,2025/3/21,107.0415,108.5078,105.5752,107.5303,"12,050"
3037 欣興,2025/3/20,104.1089,107.0415,103.6201,107.0415,"11,968"
3037 欣興,2025/3/19,104.5976,106.064,101.665,102.1538,"15,478"
3037 欣興,2025/3/18,105.0864,106.5527,105.0864,105.5752,"7,220"
3037 欣興,2025/3/17,104.5976,106.064,103.1313,105.0864,"20,912"
3037 欣興,2025/3/14,104.5976,105.0864,101.1762,103.6201,"30,754"
3037 欣興,2025/3/13,110.9517,111.9292,105.0864,105.0864,"18,285"
3037 欣興,2025/3/12,107.5303,110.4629,107.0415,109.4854,"9,461"
3037 欣興,2025/3/11,106.5527,107.0415,103.6201,107.0415,"23,006"
3037 欣興,2025/3/10,111.4405,112.9068,110.4629,110.4629,"11,730"
3037 欣興,2025/3/7,109.4854,111.9292,108.9966,109.4854,"14,395"
3037 欣興,2025/3/6,113.8843,113.8843,110.9517,110.9517,"11,822"
3037 欣興,2025/3/5,112.418,113.8843,110.9517,113.3956,"15,317"
3037 欣興,2025/3/4,108.9966,111.4405,108.0191,110.9517,"27,221"
3037 欣興,2025/3/3,111.4405,114.3731,110.4629,111.4405,"23,385"
3037 欣興,2025/2/27,121.216,122.1935,114.8619,115.3507,"48,884"
3037 欣興,2025/2/26,123.6598,124.1486,121.216,122.6823,"24,594"
3037 欣興,2025/2/25,126.1037,128.5476,126.1037,126.5925,"14,615"
3037 欣興,2025/2/24,126.1037,129.0363,125.6149,127.57,"15,619"
3037 欣興,2025/2/21,124.6374,130.5027,124.1486,128.5476,"30,653"
3037 欣興,2025/2/20,128.5476,129.0363,124.1486,124.6374,"20,451"
3037 欣興,2025/2/19,126.1037,130.9914,125.6149,127.0812,"32,826"
3037 欣興,2025/2/18,122.6823,125.6149,122.1935,125.1261,"13,749"
3037 欣興,2025/2/17,122.6823,123.6598,121.216,122.1935,"21,050"
3037 欣興,2025/2/14,125.6149,125.6149,122.6823,123.6598,"12,917"
3037 欣興,2025/2/13,119.7496,125.1261,119.2609,125.1261,"18,484"
3037 欣興,2025/2/12,122.6823,124.1486,119.2609,119.2609,"14,365"
3037 欣興,2025/2/11,121.7047,124.1486,121.216,121.7047,"9,656"
3037 欣興,2025/2/10,122.6823,123.171,120.7272,120.7272,"10,442"
3037 欣興,2025/2/7,120.7272,122.6823,120.2384,122.1935,"10,376"
3037 欣興,2025/2/6,120.7272,122.1935,120.2384,120.7272,"11,631"
3037 欣興,2025/2/5,119.2609,122.1935,117.7945,120.2384,"18,573"
3037 欣興,2025/2/4,124.1486,124.6374,118.7721,118.7721,"32,050"
3037 欣興,2025/2/3,131.969,132.9465,122.6823,123.6598,"42,372"
3037 欣興,2025/1/22,135.8792,136.8567,133.9241,135.8792,"21,541"
3037 欣興,2025/1/21,137.8343,137.8343,135.3904,136.3679,"15,671"
3037 欣興,2025/1/20,140.2781,140.7669,137.3455,137.8343,"9,395"
3037 欣興,2025/1/17,139.7894,140.2781,137.8343,138.8118,"3,867"
3037 欣興,2025/1/16,138.323,140.2781,138.323,138.8118,"6,829"
3037 欣興,2025/1/15,136.3679,137.8343,134.9016,135.3904,"8,373"
3037 欣興,2025/1/14,136.8567,138.323,136.3679,137.3455,"7,594"
3037 欣興,2025/1/13,140.7669,140.7669,134.4129,136.8567,"14,729"
3037 欣興,2025/1/10,142.2332,144.6771,141.2557,141.7445,"6,873"
3037 欣興,2025/1/9,148.0985,148.5873,142.2332,142.2332,"15,474"
3037 欣興,2025/1/8,149.5648,151.0312,149.0761,149.5648,"9,635"
3037 欣興,2025/1/7,151.5199,152.4975,149.5648,150.5424,"19,438"
3037 欣興,2025/1/6,148.0985,150.0536,146.1434,148.0985,"17,611"
3037 欣興,2025/1/3,146.6322,148.0985,143.2108,146.1434,"23,601"
3037 欣興,2025/1/2,138.8118,146.1434,137.8343,143.6996,"23,662"
3037 欣興,2024/12/31,137.3455,138.8118,136.3679,137.8343,"8,225"
3037 欣興,2024/12/30,141.2557,141.2557,137.8343,138.323,"8,208"
3037 欣興,2024/12/27,142.2332,144.6771,141.7445,141.7445,"7,264"
3037 欣興,2024/12/26,143.6996,144.1883,141.7445,142.2332,"8,253"
3037 欣興,2024/12/25,144.1883,144.6771,140.7669,141.7445,"10,150"
3037 欣興,2024/12/24,144.1883,148.0985,141.7445,142.2332,"20,492"
3037 欣興,2024/12/23,140.2781,144.1883,139.3006,142.2332,"15,387"
3037 欣興,2024/12/20,138.323,140.7669,137.3455,137.8343,"9,444"
3037 欣興,2024/12/19,136.8567,139.3006,135.8792,138.323,"12,258"
3037 欣興,2024/12/18,138.8118,140.7669,137.3455,139.7894,"10,009"
3037 欣興,2024/12/17,135.3904,140.2781,135.3904,138.323,"12,941"
3037 欣興,2024/12/16,138.8118,139.3006,133.9241,134.4129,"18,665"
3037 欣興,2024/12/13,143.2108,144.1883,136.8567,138.323,"23,241"
3037 欣興,2024/12/12,146.6322,149.5648,143.6996,143.6996,"12,392"
3037 欣興,2024/12/11,144.1883,147.121,143.2108,144.6771,"6,203"
3037 欣興,2024/12/10,146.1434,148.0985,144.6771,144.6771,"6,819"
3037 欣興,2024/12/9,146.6322,147.6097,143.6996,145.1659,"12,496"
3037 欣興,2024/12/6,150.5424,152.0087,147.6097,148.0985,"11,072"
3037 欣興,2024/12/5,147.6097,152.4975,145.6547,150.0536,"20,272"
3037 欣興,2024/12/4,147.121,148.5873,145.6547,146.6322,"10,924"
3037 欣興,2024/12/3,147.6097,149.5648,145.1659,145.6547,"12,007"
3037 欣興,2024/12/2,147.6097,148.0985,145.1659,145.1659,"8,955"
3037 欣興,2024/11/29,141.7445,147.6097,140.7669,145.6547,"10,490"
3037 欣興,2024/11/28,146.6322,147.121,140.7669,143.6996,"25,955"
3037 欣興,2024/11/27,155.4301,155.4301,146.6322,146.6322,"21,475"
3037 欣興,2024/11/26,154.9414,158.8516,153.9638,154.9414,"10,666"
3037 欣興,2024/11/25,158.3628,160.8066,155.4301,155.4301,"12,937"
3037 欣興,2024/11/22,158.3628,159.3403,156.4077,157.3852,"9,591"
3037 欣興,2024/11/21,152.4975,158.8516,152.0087,156.8965,"10,808"
3037 欣興,2024/11/20,156.4077,157.3852,152.9863,153.9638,"9,946"
3037 欣興,2024/11/19,157.3852,158.8516,155.4301,155.9189,"9,143"
3037 欣興,2024/11/18,159.3403,159.3403,152.9863,155.4301,"18,093"
3037 欣興,2024/11/15,162.7617,163.7393,158.3628,159.8291,"12,161"
3037 欣興,2024/11/14,164.7168,166.1832,160.3179,162.273,"14,952"
3037 欣興,2024/11/13,164.7168,167.1607,161.2954,165.6944,"20,879"
3037 欣興,2024/11/12,163.7393,167.6495,162.7617,163.7393,"18,870"
3037 欣興,2024/11/11,170.5821,171.0709,165.6944,166.6719,"16,041"
3037 欣興,2024/11/8,174.9811,174.9811,169.1158,170.0934,"35,813"
3037 欣興,2024/11/7,163.2505,173.026,162.273,172.5372,"53,432"
3037 欣興,2024/11/6,161.7842,164.2281,160.8066,162.273,"11,714"
3037 欣興,2024/11/5,159.8291,164.2281,159.8291,161.2954,"18,447"
3037 欣興,2024/11/4,163.2505,163.7393,158.8516,159.8291,"19,924"
3037 欣興,2024/11/1,152.4975,162.7617,152.0087,162.273,"32,368"
3037 欣興,2024/10/30,156.4077,162.7617,152.4975,157.874,"44,861"
3037 欣興,2024/10/29,161.2954,161.2954,156.8965,159.8291,"24,513"
3037 欣興,2024/10/28,163.2505,163.7393,157.874,162.273,"29,840"
3037 欣興,2024/10/25,160.8066,163.7393,158.3628,162.273,"25,735"
3037 欣興,2024/10/24,164.2281,164.2281,157.3852,157.874,"33,665"
3037 欣興,2024/10/23,162.7617,165.2056,160.3179,163.7393,"68,085"
3037 欣興,2024/10/22,152.9863,162.273,152.0087,159.8291,"78,605"
3037 欣興,2024/10/21,142.722,150.5424,142.2332,148.0985,"39,756"
3037 欣興,2024/10/18,146.1434,146.6322,140.2781,141.2557,"16,944"
3037 欣興,2024/10/17,141.2557,147.121,140.7669,143.6996,"24,954"
3037 欣興,2024/10/16,139.3006,141.7445,138.323,139.3006,"13,235"
3037 欣興,2024/10/15,141.2557,142.2332,139.7894,141.7445,"11,120"
3037 欣興,2024/10/14,138.8118,140.7669,137.3455,140.2781,"8,012"
3037 欣興,2024/10/11,139.3006,140.7669,137.3455,137.8343,"13,304"
3037 欣興,2024/10/9,136.3679,142.722,136.3679,139.3006,"21,627"
3037 欣興,2024/10/8,136.8567,137.8343,133.9241,133.9241,"19,032"
3037 欣興,2024/10/7,138.323,138.8118,136.8567,138.323,"14,518"
3037 欣興,2024/10/4,140.7669,140.7669,136.8567,137.3455,"17,255"
3037 欣興,2024/10/1,141.7445,142.722,139.7894,141.2557,"9,207"
3037 欣興,2024/9/30,143.6996,146.1434,140.7669,140.7669,"18,645"
3037 欣興,2024/9/27,145.1659,152.0087,145.1659,145.6547,"35,877"
3037 欣興,2024/9/26,145.1659,147.6097,142.2332,143.2108,"18,713"
3037 欣興,2024/9/25,144.6771,146.1434,143.2108,143.2108,"13,199"
3037 欣興,2024/9/24,144.6771,144.6771,140.7669,141.7445,"12,260"
3037 欣興,2024/9/23,145.6547,146.1434,143.2108,146.1434,"7,394"
3037 欣興,2024/9/20,146.6322,149.0761,143.6996,143.6996,"14,811"
3037 欣興,2024/9/19,140.7669,144.6771,138.323,143.6996,"14,102"
3037 欣興,2024/9/18,143.6996,143.6996,138.8118,139.7894,"11,602"
3037 欣興,2024/9/16,144.6771,146.1434,142.2332,143.2108,"8,305"
3037 欣興,2024/9/13,144.1883,146.6322,141.7445,144.1883,"12,352"
3037 欣興,2024/9/12,139.7894,143.6996,139.3006,142.722,"14,073"
3037 欣興,2024/9/11,137.3455,137.3455,134.4129,134.9016,"9,729"
3037 欣興,2024/9/10,139.7894,141.2557,134.9016,136.3679,"17,557"
3037 欣興,2024/9/9,135.8792,140.2781,135.8792,138.8118,"9,589"
3037 欣興,2024/9/6,139.3006,141.2557,138.323,139.3006,"11,313"
3037 欣興,2024/9/5,140.7669,142.2332,138.8118,138.8118,"20,257"
3037 欣興,2024/9/4,142.2332,144.1883,138.8118,139.7894,"39,366"
3037 欣興,2024/9/3,158.8516,160.8066,152.4975,152.9863,"20,844"
3037 欣興,2024/9/2,160.8066,162.273,156.8965,158.8516,"13,456"
3037 欣興,2024/8/30,163.2505,166.6719,158.8516,159.8291,"28,757"
3037 欣興,2024/8/29,152.9863,162.273,152.0087,160.8066,"22,630"
3037 欣興,2024/8/28,157.3852,157.874,153.9638,155.4301,"7,163"
3037 欣興,2024/8/27,155.4301,156.8965,153.475,156.4077,"8,226"
3037 欣興,2024/8/26,159.3403,160.3179,156.4077,156.8965,"10,207"
3037 欣興,2024/8/23,157.3852,159.8291,153.475,158.8516,"18,978"
3037 欣興,2024/8/22,151.0312,160.8066,150.5424,157.874,"33,537"
3037 欣興,2024/8/21,153.475,154.4526,148.5873,149.5648,"19,536"
3037 欣興,2024/8/20,156.4077,157.3852,154.4526,154.4526,"8,919"
3037 欣興,2024/8/19,155.9189,156.4077,152.9863,154.9414,"12,801"
3037 欣興,2024/8/16,157.3852,159.8291,155.4301,155.9189,"15,870"
3037 欣興,2024/8/15,155.4301,157.3852,152.4975,153.475,"10,819"
3037 欣興,2024/8/14,156.8965,158.3628,153.475,155.9189,"20,052"
3037 欣興,2024/8/13,156.8965,158.8516,153.475,153.9638,"19,613"
3037 欣興,2024/8/12,146.6322,157.874,146.6322,154.4526,"30,661"
3037 欣興,2024/8/9,147.121,148.0985,143.2108,144.6771,"47,799"
3037 欣興,2024/8/8,139.7894,142.722,138.323,140.7669,"22,189"
3037 欣興,2024/8/7,139.3006,147.121,138.323,145.1659,"41,217"
3037 欣興,2024/8/6,147.6097,149.5648,132.4578,137.3455,"57,902"
3037 欣興,2024/8/5,148.0985,150.0536,146.1434,146.1434,"29,213"
3037 欣興,2024/8/2,169.6046,172.5372,161.7842,162.273,"55,829"
3037 欣興,2024/8/1,179.8688,186.2229,176.4474,178.8913,"36,654"
3037 欣興,2024/7/31,174.4923,177.9137,169.1158,175.4699,"35,950"
3037 欣興,2024/7/30,176.9362,180.8464,171.5597,179.3801,"24,170"
3037 欣興,2024/7/29,189.6443,191.1106,176.9362,176.9362,"27,088"
3037 欣興,2024/7/26,182.3127,189.1555,181.3352,186.7117,"25,977"
3037 欣興,2024/7/23,191.5994,197.9535,188.6668,190.1331,"42,980"
3037 欣興,2024/7/22,190.6219,192.577,183.779,186.2229,"34,895"
3037 欣興,2024/7/19,200.8861,202.3524,186.7117,188.178,"51,796"
3037 欣興,2024/7/18,203.8188,213.1055,197.9535,200.3973,"59,562"
3037 欣興,2024/7/17,193.5545,212.1279,192.0882,210.6616,"76,796"
3037 欣興,2024/7/16,188.178,195.0208,187.6892,193.5545,"39,618"
3037 欣興,2024/7/15,189.1555,189.6443,183.2903,186.7117,"25,703"
3037 欣興,2024/7/12,183.779,194.0433,182.3127,185.7341,"73,670"
3037 欣興,2024/7/11,171.5597,185.2453,171.0709,185.2453,"68,014"
3037 欣興,2024/7/10,168.6173,170.0584,166.6957,168.6173,"23,885"
3037 欣興,2024/7/9,173.9016,174.8623,170.0584,170.0584,"13,867"
3037 欣興,2024/7/8,172.4604,174.3819,171.0192,173.9016,"8,232"
3037 欣興,2024/7/5,175.3427,176.3035,171.4996,171.4996,"14,629"
3037 欣興,2024/7/4,178.7055,180.1466,173.4212,174.3819,"20,718"
3037 欣興,2024/7/3,172.4604,175.8231,171.98,175.8231,"8,801"
3037 欣興,2024/7/2,171.4996,173.9016,170.0584,171.4996,"9,714"
3037 欣興,2024/7/1,173.9016,174.3819,171.0192,172.4604,"5,934"
3037 欣興,2024/6/28,171.98,173.9016,171.0192,172.9408,"15,060"
3037 欣興,2024/6/27,171.4996,173.4212,168.6173,171.4996,"12,210"
3037 欣興,2024/6/26,173.9016,175.8231,172.4604,172.9408,"13,898"
3037 欣興,2024/6/25,177.2643,177.2643,172.4604,172.9408,"27,195"
3037 欣興,2024/6/24,179.1859,180.627,176.7839,178.7055,"6,957"
3037 欣興,2024/6/21,181.1074,181.5878,177.7447,179.6662,"11,870"
3037 欣興,2024/6/20,183.029,185.4309,181.1074,183.029,"5,901"
3037 欣興,2024/6/19,185.4309,187.3525,181.1074,181.5878,"12,196"
3037 欣興,2024/6/18,178.7055,183.9898,177.7447,182.5486,"14,937"
3037 欣興,2024/6/17,176.3035,177.7447,174.8623,176.7839,"5,102"
3037 欣興,2024/6/14,177.7447,178.2251,174.8623,175.3427,"10,690"
3037 欣興,2024/6/13,180.627,181.5878,176.7839,176.7839,"10,276"
3037 欣興,2024/6/12,176.3035,182.0682,176.3035,178.2251,"10,499"
3037 欣興,2024/6/11,176.7839,177.7447,174.8623,175.3427,"6,573"
3037 欣興,2024/6/7,182.5486,183.5094,176.3035,176.7839,"11,161"
3037 欣興,2024/6/6,180.1466,184.4702,180.1466,180.1466,"8,552"
3037 欣興,2024/6/5,180.627,181.5878,176.7839,178.2251,"5,690"
3037 欣興,2024/6/4,181.5878,183.029,179.1859,180.1466,"10,223"
3037 欣興,2024/6/3,179.6662,185.4309,179.6662,181.1074,"12,463"
3037 欣興,2024/5/31,181.5878,183.029,175.3427,175.3427,"16,978"
3037 欣興,2024/5/30,183.029,183.029,178.7055,180.1466,"10,607"
3037 欣興,2024/5/29,186.3917,194.5584,183.5094,183.5094,"35,818"
3037 欣興,2024/5/28,183.5094,185.4309,180.627,184.4702,"7,264"
3037 欣興,2024/5/27,182.0682,185.4309,180.627,184.4702,"12,160"
3037 欣興,2024/5/24,181.1074,182.5486,179.6662,181.5878,"6,951"
3037 欣興,2024/5/23,174.8623,183.5094,174.8623,183.5094,"21,295"
3037 欣興,2024/5/22,173.9016,176.7839,173.4212,175.3427,"5,995"
3037 欣興,2024/5/21,173.9016,175.8231,172.4604,174.8623,"5,687"
3037 欣興,2024/5/20,174.8623,175.8231,171.98,173.4212,"10,359"
3037 欣興,2024/5/17,175.8231,177.2643,174.3819,176.3035,"4,947"
3037 欣興,2024/5/16,178.7055,181.1074,175.8231,175.8231,"9,899"
3037 欣興,2024/5/15,176.7839,177.7447,174.8623,175.3427,"8,164"
3037 欣興,2024/5/14,177.7447,178.7055,175.8231,176.3035,"7,121"
3037 欣興,2024/5/13,181.5878,182.5486,177.7447,179.1859,"9,040"
3037 欣興,2024/5/10,182.0682,183.9898,179.6662,182.5486,"8,744"
3037 欣興,2024/5/9,181.1074,186.3917,179.6662,183.029,"18,397"
3037 欣興,2024/5/8,173.9016,182.5486,171.98,181.5878,"20,229"
3037 欣興,2024/5/7,178.7055,179.1859,173.4212,174.8623,"7,694"
3037 欣興,2024/5/6,171.98,178.2251,171.4996,176.7839,"13,453"
3037 欣興,2024/5/3,173.4212,174.3819,169.0976,169.0976,"8,413"
3037 欣興,2024/5/2,173.4212,176.3035,171.0192,171.0192,"10,608"
3037 欣興,2024/4/30,175.8231,179.6662,174.8623,174.8623,"7,778"
3037 欣興,2024/4/29,175.8231,177.7447,174.3819,176.7839,"7,272"
3037 欣興,2024/4/26,179.1858,179.6662,172.9408,175.3427,"17,397"
3037 欣興,2024/4/25,182.5486,186.3917,175.8231,176.7839,"39,120"
3037 欣興,2024/4/24,171.0192,179.6662,170.5388,179.6662,"21,799"
3037 欣興,2024/4/23,163.8133,165.7349,162.3722,163.3329,"9,496"
3037 欣興,2024/4/22,163.3329,164.7741,159.9702,160.931,"11,506"
3037 欣興,2024/4/19,170.0584,171.4996,161.4114,163.3329,"21,435"
3037 欣興,2024/4/18,170.0584,173.4212,169.0976,171.4996,"7,840"
3037 欣興,2024/4/17,169.0976,173.4212,167.1761,171.98,"16,431"
3037 欣興,2024/4/16,172.4604,176.7839,169.0976,170.0584,"15,974"
3037 欣興,2024/4/15,182.5486,182.5486,174.8623,175.3427,"21,881"
3037 欣興,2024/4/12,183.5094,187.3525,182.0682,186.3917,"8,218"
3037 欣興,2024/4/11,183.029,185.4309,181.5878,184.9505,"6,146"
3037 欣興,2024/4/10,185.4309,187.3525,183.9898,183.9898,"6,908"
3037 欣興,2024/4/9,192.1564,192.1564,184.4701,185.9113,"12,046"
3037 欣興,2024/4/8,187.8329,192.1564,187.3525,191.1956,"22,897"
3037 欣興,2024/4/3,183.9898,186.3917,181.5878,184.4701,"7,896"
3037 欣興,2024/4/2,186.3917,188.7937,184.4701,185.9113,"8,067"
3037 欣興,2024/4/1,184.9505,191.1956,184.9505,185.4309,"13,532"
3037 欣興,2024/3/29,182.5486,187.3525,181.5878,183.5094,"11,593"
3037 欣興,2024/3/28,183.9898,185.4309,181.1074,182.5486,"9,080"
3037 欣興,2024/3/27,182.5486,185.4309,181.1074,183.9898,"11,972"
3037 欣興,2024/3/26,192.1564,195.0387,182.0682,182.5486,"24,935"
3037 欣興,2024/3/25,191.676,191.676,187.3525,190.2348,"11,699"
3037 欣興,2024/3/22,192.1564,192.6368,187.3525,192.1564,"18,315"
3037 欣興,2024/3/21,191.676,195.9995,190.2348,192.1564,"34,134"
3037 欣興,2024/3/20,186.8721,191.1956,185.4309,188.7937,"39,497"
3037 欣興,2024/3/19,181.5878,186.8721,179.6662,184.9505,"42,743"
3037 欣興,2024/3/18,167.6565,180.1466,167.6565,179.6662,"36,261"
3037 欣興,2024/3/15,169.0976,170.5388,165.2545,165.2545,"16,935"
3037 欣興,2024/3/14,170.5388,173.9015,169.0976,170.5388,"8,823"
3037 欣興,2024/3/13,176.3035,176.7839,170.0584,170.5388,"11,377"
3037 欣興,2024/3/12,170.0584,174.8623,170.0584,174.8623,"15,583"
3037 欣興,2024/3/11,165.7349,171.0192,165.7349,170.0584,"10,271"
3037 欣興,2024/3/8,166.2153,170.0584,164.7741,166.6957,"16,563"
3037 欣興,2024/3/7,168.1369,169.0976,165.7349,165.7349,"14,873"
3037 欣興,2024/3/6,168.1369,169.0976,166.2153,167.1761,"16,762"
3037 欣興,2024/3/5,174.8623,176.3035,171.0192,171.0192,"8,770"
3037 欣興,2024/3/4,172.9408,174.8623,172.4604,173.4212,"10,036"
3037 欣興,2024/3/1,172.4604,173.9015,170.5388,171.0192,"10,886"
3037 欣興,2024/2/29,168.1369,172.4604,165.7349,172.4604,"30,093"
3037 欣興,2024/2/27,183.9898,183.9898,170.0584,171.98,"66,445"
3037 欣興,2024/2/26,181.5878,188.7937,181.1074,188.3133,"38,275"
3037 欣興,2024/2/23,183.5094,184.9505,179.6662,180.627,"16,253"
3037 欣興,2024/2/22,184.9505,185.9113,178.7055,181.5878,"15,943"
3037 欣興,2024/2/21,183.5094,184.9505,180.627,182.0682,"14,128"
3037 欣興,2024/2/20,185.9113,185.9113,180.627,183.029,"23,405"
3037 欣興,2024/2/19,175.8231,187.8329,174.3819,184.9505,"46,875"
3037 欣興,2024/2/16,174.8623,175.8231,172.9408,174.8623,"10,622"
3037 欣興,2024/2/15,175.8231,175.8231,169.0976,173.4212,"14,862"
3037 欣興,2024/2/5,171.98,172.4604,169.0976,169.578,"8,801"
3037 欣興,2024/2/2,171.4996,172.9408,170.5388,172.9408,"10,036"
3037 欣興,2024/2/1,168.1369,170.5388,167.6565,170.5388,"7,836"
3037 欣興,2024/1/31,170.0584,171.0192,168.6172,169.0976,"8,167"
3037 欣興,2024/1/30,172.9408,173.4212,170.0584,171.0192,"14,695"
3037 欣興,2024/1/29,165.2545,171.4996,164.7741,171.0192,"21,122"
3037 欣興,2024/1/26,168.1369,168.6172,164.7741,164.7741,"16,660"
3037 欣興,2024/1/25,167.1761,169.578,166.2153,168.6172,"31,784"
3037 欣興,2024/1/24,166.2153,166.2153,162.3722,162.8525,"19,091"
3037 欣興,2024/1/23,168.1369,168.6172,164.2937,167.6565,"13,715"
3037 欣興,2024/1/22,165.7349,168.1369,164.7741,168.1369,"22,326"
3037 欣興,2024/1/19,153.7251,162.8525,153.7251,162.8525,"24,771"
3037 欣興,2024/1/18,153.2447,153.7251,149.4016,150.8428,"10,629"
3037 欣興,2024/1/17,154.6859,156.1271,152.2839,152.2839,"12,869"
3037 欣興,2024/1/16,152.7643,156.6075,152.2839,155.6467,"7,822"
3037 欣興,2024/1/15,154.2055,155.1663,150.8428,153.2447,"10,172"
3037 欣興,2024/1/12,154.2055,155.1663,152.2839,152.7643,"8,960"
3037 欣興,2024/1/11,156.6075,157.0879,153.7251,154.2055,"9,845"
3037 欣興,2024/1/10,155.6467,157.0879,153.7251,156.1271,"12,740"
3037 欣興,2024/1/9,156.1271,159.4898,155.1663,156.1271,"10,107"
3037 欣興,2024/1/8,154.2055,157.0879,154.2055,154.6859,"5,854"
3037 欣興,2024/1/5,157.0879,158.0486,153.7251,153.7251,"16,668"
3037 欣興,2024/1/4,162.8525,163.3329,157.5682,158.0486,"13,673"
3037 欣興,2024/1/3,164.2937,164.7741,161.4114,163.3329,"11,153"
3037 欣興,2024/1/2,169.0976,170.0584,165.2545,166.2153,"9,013"
3037 欣興,2023/12/29,168.6172,169.578,167.1761,169.0976,"6,756"
3037 欣興,2023/12/28,171.4996,171.98,168.6172,168.6172,"4,981"
3037 欣興,2023/12/27,170.5388,171.98,170.0584,171.0192,"5,558"
3037 欣興,2023/12/26,169.0976,171.4996,168.1369,170.5388,"7,210"
3037 欣興,2023/12/25,168.6172,170.5388,167.6565,168.1369,"4,296"
3037 欣興,2023/12/22,171.0192,171.98,168.1369,168.1369,"9,369"
3037 欣興,2023/12/21,163.8133,172.9408,163.8133,171.98,"16,808"
3037 欣興,2023/12/20,167.6565,170.0584,166.2153,166.2153,"12,609"
3037 欣興,2023/12/19,169.578,171.0192,166.6957,167.6565,"10,653"
3037 欣興,2023/12/18,174.8623,175.3427,169.0976,169.0976,"14,087"
3037 欣興,2023/12/15,175.8231,175.8231,171.98,174.8623,"23,727"
3037 欣興,2023/12/14,170.5388,173.4212,170.0584,173.4212,"17,287"
3037 欣興,2023/12/13,169.578,171.0192,168.1369,170.0584,"7,579"
3037 欣興,2023/12/12,172.4604,172.9408,168.6172,169.0976,"12,921"
3037 欣興,2023/12/11,174.3819,174.8623,169.578,171.0192,"27,852"
3037 欣興,2023/12/8,164.7741,168.1369,164.7741,167.6565,"9,656"
3037 欣興,2023/12/7,163.3329,165.7349,161.8918,161.8918,"5,937"
3037 欣興,2023/12/6,165.7349,166.2153,163.3329,163.3329,"7,225"
3037 欣興,2023/12/5,168.1369,169.0976,164.7741,164.7741,"15,262"
3037 欣興,2023/12/4,169.0976,170.5388,166.2153,170.0584,"10,883"
3037 欣興,2023/12/1,167.6565,171.0192,167.1761,169.0976,"12,617"
3037 欣興,2023/11/30,169.578,170.0584,166.2153,170.0584,"19,955"
3037 欣興,2023/11/29,164.7741,168.6172,163.3329,168.1369,"21,887"
3037 欣興,2023/11/28,159.4898,164.2937,158.0486,163.3329,"16,163"
3037 欣興,2023/11/27,161.4114,161.8918,158.0486,158.0486,"7,345"
3037 欣興,2023/11/24,161.4114,162.8525,159.9702,160.4506,"7,930"
3037 欣興,2023/11/23,164.2937,164.7741,160.4506,161.4114,"14,616"
3037 欣興,2023/11/22,160.931,165.2545,159.0094,164.2937,"25,515"
3037 欣興,2023/11/21,156.6075,162.8525,156.1271,161.8918,"36,285"
3037 欣興,2023/11/20,152.7643,156.6075,152.2839,153.7251,"18,008"
3037 欣興,2023/11/17,149.882,153.2447,149.4016,152.7643,"15,207"
3037 欣興,2023/11/16,149.882,151.3232,147.48,148.9212,"9,759"
3037 欣興,2023/11/15,150.3624,151.3232,147.9604,148.4408,"15,819"
3037 欣興,2023/11/14,148.9212,149.882,146.0389,146.9996,"10,822"
3037 欣興,2023/11/13,147.48,151.3232,146.9996,149.882,"14,349"
3037 欣興,2023/11/10,146.5193,146.5193,143.6369,145.0781,"13,158"
3037 欣興,2023/11/9,148.4408,148.9212,146.0389,148.4408,"7,868"
3037 欣興,2023/11/8,147.48,149.882,146.9996,148.4408,"9,345"
3037 欣興,2023/11/7,150.3624,150.8428,146.9996,147.48,"10,586"
3037 欣興,2023/11/6,150.8428,152.7643,148.9212,151.8036,"10,811"
3037 欣興,2023/11/3,146.0389,149.882,145.0781,149.4016,"18,386"
3037 欣興,2023/11/2,141.235,145.0781,141.235,145.0781,"17,285"
3037 欣興,2023/11/1,138.833,140.7546,136.431,138.833,"9,639"
3037 欣興,2023/10/31,141.235,142.1957,137.3918,137.3918,"13,317"
3037 欣興,2023/10/30,140.7546,143.1565,139.3134,139.7938,"14,694"
3037 欣興,2023/10/27,144.5977,146.0389,140.7546,141.235,"24,471"
3037 欣興,2023/10/26,146.5193,147.9604,142.1957,143.1565,"30,317"
3037 欣興,2023/10/25,152.7643,155.1663,150.3624,150.8428,"14,277"
3037 欣興,2023/10/24,151.3232,151.3232,146.0389,150.8428,"24,650"
3037 欣興,2023/10/23,152.2839,156.1271,152.2839,152.2839,"8,938"
3037 欣興,2023/10/20,151.3232,154.6859,149.4016,154.6859,"11,634"
3037 欣興,2023/10/19,151.3232,155.1663,149.882,153.7251,"14,288"
3037 欣興,2023/10/18,159.0094,159.4898,153.2447,153.7251,"20,955"
3037 欣興,2023/10/17,160.931,163.3329,159.4898,159.9702,"13,419"
3037 欣興,2023/10/16,160.931,161.4114,155.6467,158.0486,"20,908"
3037 欣興,2023/10/13,164.2937,164.7741,161.4114,162.3722,"14,342"
3037 欣興,2023/10/12,165.7349,166.2153,163.8133,164.7741,"10,593"
3037 欣興,2023/10/11,167.1761,170.5388,164.2937,164.7741,"21,771"
3037 欣興,2023/10/6,167.1761,167.1761,164.2937,165.7349,"9,782"
3037 欣興,2023/10/5,168.6172,168.6172,165.7349,165.7349,"10,518"
3037 欣興,2023/10/4,166.6957,167.6565,165.2545,167.1761,"10,699"
3037 欣興,2023/10/3,171.0192,172.9408,168.6172,168.6172,"9,054"
3037 欣興,2023/10/2,168.6172,173.4212,168.1369,171.4996,"16,207"
3037 欣興,2023/9/28,167.6565,170.0584,166.2153,166.6957,"15,126"
3037 欣興,2023/9/27,167.1761,168.6172,165.7349,166.6957,"15,876"
3037 欣興,2023/9/26,171.0192,172.9408,169.0976,169.0976,"8,917"
3037 欣興,2023/9/25,172.4604,173.4212,170.0584,171.4996,"13,238"
3037 欣興,2023/9/22,170.5388,173.9015,168.1369,173.9015,"20,052"
3037 欣興,2023/9/21,175.3427,175.3427,172.9408,173.4212,"14,722"
3037 欣興,2023/9/20,181.5878,181.5878,175.8231,176.3035,"21,114"
3037 欣興,2023/9/19,177.2643,183.5094,176.7839,181.1074,"26,096"
3037 欣興,2023/9/18,180.627,182.0682,176.7839,177.2643,"19,375"
3037 欣興,2023/9/15,179.1858,183.9898,179.1858,183.029,"35,666"
3037 欣興,2023/9/14,176.3035,180.627,175.8231,178.7055,"14,608"
3037 欣興,2023/9/13,178.7055,179.1858,173.9015,174.3819,"12,895"
3037 欣興,2023/9/12,173.4212,178.7055,170.5388,177.7447,"13,622"
3037 欣興,2023/9/11,174.8623,176.3035,172.4604,172.4604,"9,966"
3037 欣興,2023/9/8,176.3035,176.3035,173.4212,173.9015,"8,878"
3037 欣興,2023/9/7,178.2251,179.1858,176.7839,177.2643,"7,586"
3037 欣興,2023/9/6,180.1466,180.627,177.2643,179.6662,"10,698"
3037 欣興,2023/9/5,177.2643,179.1858,175.8231,179.1858,"10,147"
3037 欣興,2023/9/4,176.7839,177.7447,173.9015,177.7447,"10,602"
3037 欣興,2023/9/1,179.1858,179.6662,174.8623,174.8623,"11,009"
3037 欣興,2023/8/31,177.2643,179.1858,175.3427,178.2251,"14,308"
3037 欣興,2023/8/30,179.6662,180.627,175.8231,176.7839,"18,126"
3037 欣興,2023/8/29,172.4604,179.1858,171.98,176.7839,"28,205"
3037 欣興,2023/8/28,173.9015,174.3819,169.0976,169.0976,"14,105"
3037 欣興,2023/8/25,177.7447,178.2251,171.98,172.4604,"30,569"
3037 欣興,2023/8/24,175.8231,183.9898,172.9408,181.5878,"50,438"
3037 欣興,2023/8/23,169.0976,170.5388,167.6565,170.0584,"12,258"
3037 欣興,2023/8/22,167.1761,170.0584,163.3329,169.0976,"16,823"
3037 欣興,2023/8/21,167.6565,170.0584,165.7349,165.7349,"8,745"
3037 欣興,2023/8/18,172.4604,173.4212,166.2153,167.6565,"13,375"
3037 欣興,2023/8/17,171.0192,173.9015,169.0976,173.4212,"18,171"
3037 欣興,2023/8/16,169.0976,173.4212,168.1369,171.0192,"21,851"
3037 欣興,2023/8/15,168.1369,170.5388,166.6957,168.6172,"15,112"
3037 欣興,2023/8/14,166.2153,166.6957,160.931,163.8133,"16,199"
3037 欣興,2023/8/11,172.4604,172.9408,167.1761,167.6565,"14,513"
3037 欣興,2023/8/10,174.3819,175.3427,168.1369,170.0584,"22,522"
3037 欣興,2023/8/9,172.4604,180.1466,171.98,176.7839,"32,276"
3037 欣興,2023/8/8,175.8231,176.3035,170.0584,171.4996,"17,637"
3037 欣興,2023/8/7,171.4996,175.3427,169.578,174.8623,"17,449"
3037 欣興,2023/8/4,170.0584,172.4604,167.1761,170.5388,"25,448"
3037 欣興,2023/8/2,178.7055,183.5094,170.0584,172.9408,"43,572"
3037 欣興,2023/8/1,178.7055,182.0682,177.2643,178.7055,"17,729"
3037 欣興,2023/7/31,185.4309,186.3917,176.3035,177.2643,"32,636"
3037 欣興,2023/7/28,183.9898,185.4309,180.627,183.5094,"30,428"
3037 欣興,2023/7/27,182.5486,188.7937,182.0682,183.029,"50,246"
3037 欣興,2023/7/26,192.1564,196.4799,187.8329,189.7544,"60,888"
3037 欣興,2023/7/25,194.5584,199.8427,187.3525,187.8329,"74,145"
3037 欣興,2023/7/24,184.4701,193.5976,183.029,191.676,"46,989"
3037 欣興,2023/7/21,182.0682,185.9113,180.627,183.029,"41,209"
3037 欣興,2023/7/20,195.0387,197.4407,187.3525,188.7937,"48,554"
3037 欣興,2023/7/19,197.9211,199.8427,189.2741,195.0387,"97,121"
3037 欣興,2023/7/18,176.7839,192.1564,175.8231,192.1564,"92,145"
3037 欣興,2023/7/17,181.5878,183.5094,174.8623,174.8623,"37,582"
3037 欣興,2023/7/14,177.7447,181.1074,173.9015,179.6662,"57,474"
3037 欣興,2023/7/13,161.4114,171.98,161.4114,168.6172,"60,499"
3037 欣興,2023/7/12,156.1495,157.0653,154.3178,156.6074,"23,527"
3037 欣興,2023/7/11,154.7757,156.6074,154.3178,154.7757,"11,280"
3037 欣興,2023/7/10,157.0653,157.5232,152.9441,152.9441,"12,532"
3037 欣興,2023/7/7,153.8599,157.5232,152.4862,155.6916,"21,214"
3037 欣興,2023/7/6,160.2707,160.7287,153.8599,154.7757,"34,382"
3037 欣興,2023/7/5,164.8499,168.9711,162.1024,163.0182,"21,064"
3037 欣興,2023/7/4,164.392,165.3078,161.6445,164.8499,"13,063"
3037 欣興,2023/7/3,162.5603,165.7657,158.897,164.392,"17,003"
3037 欣興,2023/6/30,158.4391,161.1866,156.6074,161.1866,"12,395"
3037 欣興,2023/6/29,159.8128,161.6445,157.5232,159.3549,"15,191"
3037 欣興,2023/6/28,163.9341,165.3078,157.5232,158.4391,"18,236"
3037 欣興,2023/6/27,163.4762,165.7657,159.3549,162.1024,"21,831"
3037 欣興,2023/6/26,166.2236,168.5132,164.392,164.8499,"19,934"
3037 欣興,2023/6/21,172.6345,174.0082,170.8028,171.2607,"14,466"
3037 欣興,2023/6/20,170.3449,172.6345,167.5974,172.6345,"21,360"
3037 欣興,2023/6/19,173.0924,174.4661,169.4291,169.887,"16,652"
3037 欣興,2023/6/16,170.3449,173.5503,168.0553,173.5503,"26,681"
3037 欣興,2023/6/15,166.2236,170.8028,165.3078,170.8028,"29,464"
3037 欣興,2023/6/14,164.392,165.7657,162.1024,165.3078,"18,705"
3037 欣興,2023/6/13,159.8128,165.7657,159.8128,164.8499,"37,124"
3037 欣興,2023/6/12,157.0653,159.8128,153.8599,157.9812,"20,002"
3037 欣興,2023/6/9,150.6545,157.5232,150.6545,157.0653,"27,924"
3037 欣興,2023/6/8,159.3549,159.3549,151.5703,152.9441,"54,272"
3037 欣興,2023/6/7,161.1866,163.9341,158.897,161.1866,"32,379"
3037 欣興,2023/6/6,167.5974,167.5974,161.1866,162.1024,"20,515"
3037 欣興,2023/6/5,166.6816,168.9711,164.392,165.7657,"21,131"
3037 欣興,2023/6/2,166.6816,168.5132,164.8499,166.6816,"24,032"
3037 欣興,2023/6/1,163.4762,167.1395,163.0182,165.7657,"20,647"
3037 欣興,2023/5/31,166.2236,168.0553,163.4762,165.3078,"34,483"
3037 欣興,2023/5/30,166.2236,166.6816,163.0182,164.8499,"26,880"
3037 欣興,2023/5/29,173.0924,174.0082,164.392,167.1395,"47,420"
3037 欣興,2023/5/26,174.0083,176.7558,166.6816,169.887,"56,200"
3037 欣興,2023/5/25,160.2708,168.0554,157.5233,165.3079,"77,703"
3037 欣興,2023/5/24,152.0283,154.3179,150.1966,153.402,"18,797"
3037 欣興,2023/5/23,149.7387,152.9441,148.8229,152.9441,"30,372"
3037 欣興,2023/5/22,154.3179,154.3179,146.9912,147.4491,"40,936"
3037 欣興,2023/5/19,155.2337,155.6916,152.0283,155.6916,"25,978"
3037 欣興,2023/5/18,155.2337,157.0654,152.4862,153.402,"43,513"
3037 欣興,2023/5/17,147.4491,152.4862,146.9912,151.1124,"44,718"
3037 欣興,2023/5/16,145.1595,148.3649,144.7016,147.4491,"26,735"
3037 欣興,2023/5/15,145.1595,146.0754,142.8699,142.8699,"17,746"
3037 欣興,2023/5/12,142.412,146.9912,141.0383,146.5333,"26,970"
3037 欣興,2023/5/11,145.6174,147.4491,142.8699,142.8699,"22,690"
3037 欣興,2023/5/10,145.6174,146.0754,142.412,144.7016,"21,744"
3037 欣興,2023/5/9,147.907,148.3649,143.7858,146.9912,"33,185"
3037 欣興,2023/5/8,144.7016,148.3649,143.7858,147.4491,"65,659"
3037 欣興,2023/5/5,135.0854,140.1224,134.6275,139.6645,"42,508"
3037 欣興,2023/5/4,133.7116,136.0012,131.88,136.0012,"29,408"
3037 欣興,2023/5/3,130.9641,135.5433,129.5904,134.6275,"32,763"
3037 欣興,2023/5/2,131.88,136.0012,130.5062,131.422,"40,388"
3037 欣興,2023/4/28,128.6745,133.7116,128.2166,132.7958,"60,170"
3037 欣興,2023/4/27,125.927,126.8429,123.6375,125.0112,"21,899"
3037 欣興,2023/4/26,122.2637,128.6745,122.2637,127.3008,"37,295"
3037 欣興,2023/4/25,128.6745,129.5904,123.6375,123.6375,"26,407"
3037 欣興,2023/4/24,124.5533,127.7587,124.0954,127.7587,"17,762"
3037 欣興,2023/4/21,124.5533,127.3008,124.0954,125.0112,"22,921"
3037 欣興,2023/4/20,120.432,125.927,120.432,124.0954,"21,483"
3037 欣興,2023/4/19,124.5533,125.0112,120.89,121.3479,"22,654"
3037 欣興,2023/4/18,127.7587,128.2166,124.5533,125.0112,"15,503"
3037 欣興,2023/4/17,127.3008,128.2166,125.4691,127.3008,"11,789"
3037 欣興,2023/4/14,129.1325,129.1325,126.8429,127.3008,"11,189"
3037 欣興,2023/4/13,129.1325,130.5062,127.3008,127.7587,"18,223"
3037 欣興,2023/4/12,131.88,131.88,129.1325,130.0483,"13,408"
3037 欣興,2023/4/11,132.7958,133.7116,130.9641,130.9641,"11,189"
3037 欣興,2023/4/10,132.3379,133.2537,130.9641,132.3379,"7,736"
3037 欣興,2023/4/7,132.7958,133.7116,131.88,132.3379,"10,989"
3037 欣興,2023/4/6,133.2537,133.7116,130.0483,131.88,"20,838"
3037 欣興,2023/3/31,136.4591,138.2908,134.6275,135.0854,"34,816"
3037 欣興,2023/3/30,131.422,136.0012,130.9641,135.0854,"44,885"
3037 欣興,2023/3/29,127.7587,130.0483,127.7587,128.6745,"16,463"
3037 欣興,2023/3/28,132.7958,133.2537,126.385,126.8429,"43,994"
3037 欣興,2023/3/27,136.4591,136.917,131.88,133.2537,"27,097"
3037 欣興,2023/3/24,136.4591,138.2908,134.1695,135.5433,"56,380"
3037 欣興,2023/3/23,128.2166,133.7116,127.3008,133.7116,"42,478"
3037 欣興,2023/3/22,129.1325,130.9641,127.7587,128.2166,"32,564"
3037 欣興,2023/3/21,125.4691,127.7587,124.5533,126.8429,"30,443"
3037 欣興,2023/3/20,123.1795,124.5533,122.2637,124.0954,"14,501"
3037 欣興,2023/3/17,120.432,122.7216,119.9741,122.7216,"15,386"
3037 欣興,2023/3/16,119.5162,120.89,118.1425,118.6004,"11,662"
3037 欣興,2023/3/15,121.3479,121.8058,119.9741,119.9741,"9,348"
3037 欣興,2023/3/14,119.9741,121.8058,119.0583,119.5162,"14,530"
3037 欣興,2023/3/13,119.0583,122.7216,118.1425,122.2637,"17,671"
3037 欣興,2023/3/10,122.7216,124.0954,119.9741,120.432,"20,235"
3037 欣興,2023/3/9,126.8429,126.8429,124.0954,124.5533,"20,469"
3037 欣興,2023/3/8,123.6375,126.8429,122.7216,125.4691,"20,125"
3037 欣興,2023/3/7,126.385,126.385,123.6375,125.0112,"17,618"
3037 欣興,2023/3/6,127.3008,127.7587,125.4691,126.8429,"22,111"
3037 欣興,2023/3/3,124.5533,127.7587,124.0954,125.0112,"43,647"
3037 欣興,2023/3/2,119.0583,123.6375,118.1425,122.7216,"26,518"
3037 欣興,2023/3/1,115.395,120.432,113.5633,120.432,"32,915"
3037 欣興,2023/2/24,121.8058,122.2637,117.2266,117.2266,"50,247"
3037 欣興,2023/2/23,121.8058,124.0954,121.8058,122.7216,"25,471"
3037 欣興,2023/2/22,123.6375,124.5533,122.2637,122.2637,"27,076"
3037 欣興,2023/2/21,125.4691,126.8429,123.6375,125.927,"14,877"
3037 欣興,2023/2/20,125.4691,126.8429,124.5533,125.0112,"11,724"
3037 欣興,2023/2/17,125.0112,126.385,123.6375,124.5533,"19,483"
3037 欣興,2023/2/16,127.7587,128.6745,124.0954,126.8429,"34,635"
3037 欣興,2023/2/15,119.9741,125.927,119.5162,125.927,"28,379"
3037 欣興,2023/2/14,119.5162,121.8058,119.0583,120.432,"15,927"
3037 欣興,2023/2/13,118.1425,119.5162,117.2266,117.6845,"9,258"
3037 欣興,2023/2/10,120.89,121.3479,118.1425,118.1425,"17,324"
3037 欣興,2023/2/9,119.5162,121.8058,119.0583,121.3479,"16,136"
3037 欣興,2023/2/8,120.432,120.89,119.0583,120.432,"18,094"
3037 欣興,2023/2/7,117.6845,120.432,117.6845,119.0583,"21,779"
3037 欣興,2023/2/6,121.3479,121.8058,118.1425,118.1425,"32,183"
3037 欣興,2023/2/3,130.9641,130.9641,125.0112,125.4691,"32,488"
3037 欣興,2023/2/2,131.88,132.7958,128.6745,131.422,"40,037"
3037 欣興,2023/2/1,127.3008,130.5062,126.385,129.5904,"35,751"
3037 欣興,2023/1/31,124.0954,126.385,123.6375,125.0112,"24,953"
3037 欣興,2023/1/30,119.9741,124.5533,118.1425,124.5533,"43,181"
3037 欣興,2023/1/17,117.2266,117.6845,115.395,116.3108,"18,085"
3037 欣興,2023/1/16,115.395,119.9741,115.395,117.2266,"26,225"
3037 欣興,2023/1/13,116.3108,119.0583,114.937,115.395,"29,226"
3037 欣興,2023/1/12,117.6845,118.1425,114.4791,114.4791,"17,048"
3037 欣興,2023/1/11,116.3108,117.6845,115.395,117.2266,"13,343"
3037 欣興,2023/1/10,115.395,116.3108,114.4791,115.8529,"16,631"
3037 欣興,2023/1/9,114.4791,116.7687,113.5633,116.7687,"31,998"
3037 欣興,2023/1/6,108.9841,113.5633,108.5262,112.6475,"26,640"
3037 欣興,2023/1/5,110.3579,111.7316,107.6104,108.9841,"24,089"
3037 欣興,2023/1/4,111.2737,112.1895,108.0683,109.9,"23,101"
3037 欣興,2023/1/3,109.442,112.1895,108.9841,111.7316,"11,471"
3037 欣興,2022/12/30,113.1054,113.5633,109.9,109.9,"16,703"
3037 欣興,2022/12/29,108.5262,111.7316,108.5262,111.2737,"16,172"
3037 欣興,2022/12/28,110.8158,113.1054,109.442,109.9,"16,239"
3037 欣興,2022/12/27,113.1054,114.4791,111.7316,112.1895,"12,820"
3037 欣興,2022/12/26,114.0212,114.0212,111.7316,112.6475,"13,749"
3037 欣興,2022/12/23,109.9,114.4791,108.0683,114.4791,"35,224"
3037 欣興,2022/12/22,112.6475,114.0212,110.3579,111.7316,"35,434"
3037 欣興,2022/12/21,112.6475,115.395,109.9,110.3579,"68,104"
3037 欣興,2022/12/20,121.3479,123.1795,115.8529,115.8529,"64,996"
3037 欣興,2022/12/19,128.6745,131.422,127.3008,128.6745,"19,176"
3037 欣興,2022/12/16,132.3379,132.3379,130.0483,130.0483,"28,186"
3037 欣興,2022/12/15,134.1695,136.4591,134.1695,136.4591,"12,139"
3037 欣興,2022/12/14,134.1695,135.5433,132.7958,135.0854,"22,681"
3037 欣興,2022/12/13,138.7487,139.2066,132.7958,133.7116,"31,777"
3037 欣興,2022/12/12,135.5433,138.2908,134.1695,137.375,"12,951"
3037 欣興,2022/12/9,138.7487,139.6645,135.0854,136.917,"27,939"
3037 欣興,2022/12/8,136.4591,138.7487,134.1695,136.917,"35,187"
3037 欣興,2022/12/7,147.907,147.907,136.917,137.375,"66,480"
3037 欣興,2022/12/6,150.6545,153.402,149.2808,149.2808,"32,406"
3037 欣興,2022/12/5,148.3649,154.3179,148.3649,152.0283,"53,535"
3037 欣興,2022/12/2,145.1595,147.907,144.7016,146.9912,"24,128"
3037 欣興,2022/12/1,147.4491,153.402,145.6174,146.0754,"92,007"
3037 欣興,2022/11/30,138.2908,142.412,137.8329,142.412,"18,927"
3037 欣興,2022/11/29,141.4962,141.9541,137.375,138.2908,"32,350"
3037 欣興,2022/11/28,141.0383,144.7016,140.1224,142.412,"16,512"
3037 欣興,2022/11/25,144.2437,147.4491,142.8699,143.3279,"31,719"
3037 欣興,2022/11/24,141.0383,144.2437,139.6645,144.2437,"23,096"
3037 欣興,2022/11/23,144.2437,144.7016,140.1224,140.5804,"24,279"
3037 欣興,2022/11/22,144.2437,145.6174,141.9541,142.8699,"23,328"
3037 欣興,2022/11/21,141.4962,145.1595,140.1224,143.7858,"21,474"
3037 欣興,2022/11/18,145.1595,146.5333,140.1224,141.0383,"42,573"
3037 欣興,2022/11/17,147.907,149.7387,144.7016,145.1595,"36,531"
3037 欣興,2022/11/16,147.4491,148.3649,144.2437,147.907,"38,714"
3037 欣興,2022/11/15,145.1595,148.3649,143.3279,147.4491,"45,159"
3037 欣興,2022/11/14,146.0754,149.7387,143.3279,145.1595,"68,128"
3037 欣興,2022/11/11,147.4491,147.907,143.7858,144.7016,"106,436"
3037 欣興,2022/11/10,130.5062,134.6275,130.0483,134.6275,"53,541"
3037 欣興,2022/11/9,125.4691,133.2537,125.0112,132.7958,"97,390"
3037 欣興,2022/11/8,119.5162,125.4691,119.0583,121.8058,"62,842"
3037 欣興,2022/11/7,119.5162,119.9741,114.937,117.2266,"34,886"
3037 欣興,2022/11/4,115.8529,118.1425,113.5633,118.1425,"36,710"
3037 欣興,2022/11/3,114.4791,117.6845,114.0212,116.7687,"28,177"
3037 欣興,2022/11/2,114.4791,117.6845,113.5633,116.7687,"37,431"
3037 欣興,2022/11/1,113.5633,115.395,113.1054,114.4791,"23,587"
3037 欣興,2022/10/31,115.8529,116.7687,112.1895,114.0212,"45,228"
3037 欣興,2022/10/28,108.5262,114.0212,108.5262,112.1895,"46,972"
3037 欣興,2022/10/27,110.3579,112.1895,108.5262,110.3579,"42,012"
3037 欣興,2022/10/26,113.1054,113.5633,105.7787,108.5262,"67,815"
3037 欣興,2022/10/25,112.6475,113.1054,109.9,111.2737,"45,841"
3037 欣興,2022/10/24,111.2737,116.7687,111.2737,111.7316,"70,814"
3037 欣興,2022/10/21,106.6945,109.9,105.7787,106.6945,"37,835"
3037 欣興,2022/10/20,110.3579,110.8158,103.4891,106.6945,"61,289"
3037 欣興,2022/10/19,110.3579,115.395,109.9,112.1895,"45,760"
3037 欣興,2022/10/18,113.1054,114.0212,108.0683,110.8158,"45,724"
3037 欣興,2022/10/17,107.1525,109.9,103.0312,109.442,"54,968"
3037 欣興,2022/10/14,103.947,108.0683,103.0312,108.0683,"24,245"
3037 欣興,2022/10/13,103.4891,104.405,97.5362,98.452,"25,063"
3037 欣興,2022/10/12,103.0312,104.8629,101.6575,103.4891,"29,374"
3037 欣興,2022/10/11,104.8629,107.1525,101.6575,102.5733,"30,180"
3037 欣興,2022/10/7,111.2737,113.5633,108.9841,109.9,"26,506"
3037 欣興,2022/10/6,111.2737,114.0212,110.3579,113.1054,"19,843"
3037 欣興,2022/10/5,114.4791,115.395,109.9,111.2737,"36,088"
3037 欣興,2022/10/4,112.6475,113.5633,108.0683,112.1895,"37,535"
3037 欣興,2022/10/3,104.8629,109.9,103.4891,107.6104,"25,316"
3037 欣興,2022/9/30,99.8258,107.6104,98.91,107.6104,"35,184"
3037 欣興,2022/9/29,108.5262,109.442,102.5733,103.4891,"28,869"
3037 欣興,2022/9/28,112.6475,113.1054,104.8629,105.3208,"36,556"
3037 欣興,2022/9/27,110.3579,113.1054,108.0683,113.1054,"28,987"
3037 欣興,2022/9/26,110.8158,112.6475,107.1525,108.0683,"32,414"
3037 欣興,2022/9/23,113.1054,114.937,112.6475,112.6475,"16,751"
3037 欣興,2022/9/22,114.0212,115.8529,111.7316,113.5633,"25,278"
3037 欣興,2022/9/21,117.6845,119.5162,115.395,116.7687,"18,460"
3037 欣興,2022/9/20,122.2637,122.7216,117.6845,118.1425,"26,447"
3037 欣興,2022/9/19,119.9741,122.7216,117.6845,120.432,"21,017"
3037 欣興,2022/9/16,120.89,122.7216,119.0583,119.0583,"23,884"
3037 欣興,2022/9/15,124.5533,125.4691,121.3479,121.8058,"18,887"
3037 欣興,2022/9/14,121.3479,125.0112,120.89,124.0954,"33,925"
3037 欣興,2022/9/13,132.3379,133.2537,126.385,127.3008,"30,204"
3037 欣興,2022/9/12,131.422,133.7116,129.5904,130.5062,"21,545"
3037 欣興,2022/9/8,129.1325,130.5062,125.0112,127.7587,"23,707"
3037 欣興,2022/9/7,125.927,128.2166,119.9741,127.3008,"41,292"
3037 欣興,2022/9/6,128.2166,130.0483,126.385,127.3008,"16,489"
3037 欣興,2022/9/5,128.6745,130.9641,125.927,126.385,"25,151"
3037 欣興,2022/9/2,128.2166,129.5904,125.0112,126.8429,"41,118"
3037 欣興,2022/9/1,134.6275,135.0854,125.4691,126.385,"63,058"
3037 欣興,2022/8/31,137.8329,139.6645,137.375,138.7487,"15,998"
3037 欣興,2022/8/30,140.1224,141.0383,138.2908,140.1224,"13,804"
3037 欣興,2022/8/29,137.375,139.6645,135.5433,138.7487,"25,869"
3037 欣興,2022/8/26,143.7858,145.1595,142.8699,143.3279,"15,993"
3037 欣興,2022/8/25,142.412,144.2437,141.0383,141.4962,"17,472"
3037 欣興,2022/8/24,141.0383,142.8699,138.2908,141.4962,"27,773"
3037 欣興,2022/8/23,146.9912,147.907,141.0383,141.4962,"40,641"
3037 欣興,2022/8/22,146.9912,153.8599,146.9912,149.7387,"36,133"
3037 欣興,2022/8/19,145.6174,151.1124,145.6174,149.7387,"28,289"
3037 欣興,2022/8/18,142.8699,146.9912,140.1224,146.5333,"33,019"
3037 欣興,2022/8/17,148.8229,149.7387,144.7016,145.6174,"26,526"
3037 欣興,2022/8/16,150.1966,150.6545,147.4491,148.8229,"21,086"
3037 欣興,2022/8/15,146.5333,152.0283,146.5333,149.7387,"51,091"
3037 欣興,2022/8/12,141.0383,145.6174,141.0383,144.7016,"33,673"
3037 欣興,2022/8/11,141.4962,142.412,139.2066,139.6645,"28,892"
3037 欣興,2022/8/10,140.1224,142.412,137.375,137.375,"22,673"
3037 欣興,2022/8/9,139.6645,142.8699,138.2908,141.0383,"28,053"
3037 欣興,2022/8/8,136.917,140.1224,134.6275,140.1224,"19,441"
3037 欣興,2022/8/5,136.0012,141.0383,135.0854,137.8329,"40,722"
3037 欣興,2022/8/4,135.5433,136.917,130.5062,133.7116,"44,073"
3037 欣興,2022/8/3,137.375,138.2908,133.2537,135.0854,"44,478"
3037 欣興,2022/8/2,140.5804,140.5804,132.7958,135.5433,"55,600"
3037 欣興,2022/8/1,143.7858,145.6174,139.6645,141.9541,"58,963"
3037 欣興,2022/7/29,144.7016,148.3649,143.3279,145.1595,"75,510"
3037 欣興,2022/7/28,158.897,158.897,148.3649,148.3649,"85,102"
3037 欣興,2022/7/27,158.4391,164.8499,155.2337,164.392,"64,743"
3037 欣興,2022/7/26,161.1866,161.6445,152.4862,155.6916,"36,843"
3037 欣興,2022/7/25,161.1866,163.9341,157.9812,161.1866,"24,035"
3037 欣興,2022/7/22,162.5604,165.3079,160.2708,162.1024,"30,874"
3037 欣興,2022/7/21,157.5233,163.4762,156.1495,162.5604,"40,678"
3037 欣興,2022/7/20,154.7758,158.4391,152.4862,156.1495,"46,418"
3037 欣興,2022/7/19,149.2808,153.402,148.8229,150.1966,"30,590"
3037 欣興,2022/7/18,144.7016,152.9441,141.9541,149.7387,"38,850"
3037 欣興,2022/7/15,141.4962,146.0754,137.8329,143.3279,"35,880"
3037 欣興,2022/7/14,133.4365,139.2576,131.6455,137.4665,"26,236"
3037 欣興,2022/7/13,140.1532,142.8398,133.8843,133.8843,"24,732"
3037 欣興,2022/7/12,134.7799,139.2576,132.541,132.9888,"23,303"
3037 欣興,2022/7/11,142.8398,143.2876,136.571,137.0187,"26,993"
3037 欣興,2022/7/8,142.8398,145.9742,138.8098,141.0487,"43,913"
3037 欣興,2022/7/7,136.571,143.2876,132.0932,140.1532,"41,524"
3037 欣興,2022/7/6,136.1232,139.2576,132.0932,132.0932,"30,716"
3037 欣興,2022/7/5,136.571,140.1532,133.4365,137.4665,"42,046"
3037 欣興,2022/7/4,135.2276,137.9143,132.0932,133.4365,"38,497"
3037 欣興,2022/7/1,141.9442,142.8398,129.4066,130.7499,"49,603"
3037 欣興,2022/6/30,144.1831,144.6309,140.1532,141.9442,"22,700"
3037 欣興,2022/6/29,142.392,146.8698,141.0487,145.5264,"22,726"
3037 欣興,2022/6/28,148.2131,148.6609,140.6009,144.1831,"32,833"
3037 欣興,2022/6/27,147.3175,152.6908,147.3175,150.0042,"30,111"
3037 欣興,2022/6/24,144.6309,147.3175,141.9442,143.7353,"27,606"
3037 欣興,2022/6/23,145.0787,145.0787,138.8098,142.392,"30,103"
3037 欣興,2022/6/22,150.4519,150.4519,141.0487,141.4965,"42,796"
3037 欣興,2022/6/21,146.8698,152.243,145.5264,151.7953,"49,578"
3037 欣興,2022/6/20,149.1086,149.5564,140.1532,141.0487,"38,596"
3037 欣興,2022/6/17,147.7653,150.0042,141.4965,148.6609,"92,286"
3037 欣興,2022/6/16,163.4374,165.2285,148.2131,148.2131,"126,625"
3037 欣興,2022/6/15,180.005,181.7961,162.9896,163.8852,"51,421"
3037 欣興,2022/6/14,178.6617,181.3483,176.4228,180.4528,"18,938"
3037 欣興,2022/6/13,179.5572,181.3483,178.2139,179.1095,"19,853"
3037 欣興,2022/6/10,183.1394,185.8261,181.7961,184.9305,"12,078"
3037 欣興,2022/6/9,184.4827,187.6172,183.5872,184.9305,"22,830"
3037 欣興,2022/6/8,181.7961,184.4827,180.005,183.1394,"19,618"
3037 欣興,2022/6/7,183.1394,184.035,178.2139,179.1095,"19,735"
3037 欣興,2022/6/6,184.035,185.8261,181.3483,182.2439,"18,922"
3037 欣興,2022/6/2,181.3483,184.9305,180.9006,182.2439,"27,299"
3037 欣興,2022/6/1,188.0649,189.4083,183.5872,184.035,"38,507"
3037 欣興,2022/5/31,191.6471,194.3338,189.856,192.9904,"23,224"
3037 欣興,2022/5/30,184.4827,193.4382,184.035,190.7516,"37,682"
3037 欣興,2022/5/27,183.5872,185.3783,180.005,180.4528,"26,809"
3037 欣興,2022/5/26,189.856,190.7516,180.005,180.4528,"37,810"
3037 欣興,2022/5/25,185.3783,191.1993,181.3483,190.7516,"29,249"
3037 欣興,2022/5/24,193.886,194.3338,182.6916,182.6916,"27,926"
3037 欣興,2022/5/23,195.2293,197.0204,192.5427,193.4382,"11,025"
3037 欣興,2022/5/20,197.916,198.3637,194.3338,194.3338,"12,439"
3037 欣興,2022/5/19,194.3338,196.5726,191.6471,196.1249,"20,266"
3037 欣興,2022/5/18,202.3937,204.1848,198.8115,199.2593,"25,628"
3037 欣興,2022/5/17,195.2293,197.4682,192.0949,196.5726,"20,817"
3037 欣興,2022/5/16,197.0204,200.1548,191.6471,192.0949,"23,945"
3037 欣興,2022/5/13,191.1993,193.4382,188.9605,192.5427,"19,892"
3037 欣興,2022/5/12,188.0649,192.9904,186.7216,186.7216,"18,903"
3037 欣興,2022/5/11,193.886,194.3338,188.9605,189.856,"17,428"
3037 欣興,2022/5/10,183.5872,193.886,181.7961,193.886,"27,654"
3037 欣興,2022/5/9,186.7216,192.9904,186.2738,188.9605,"28,043"
3037 欣興,2022/5/6,188.5127,190.7516,185.3783,186.2738,"24,375"
3037 欣興,2022/5/5,201.4981,203.2892,195.2293,195.2293,"35,672"
3037 欣興,2022/5/4,193.4382,198.8115,192.0949,194.7815,"26,541"
3037 欣興,2022/5/3,190.7516,193.886,189.4083,191.1993,"19,738"
3037 欣興,2022/4/29,188.5127,193.4382,185.8261,190.7516,"40,325"
3037 欣興,2022/4/28,190.7516,192.9904,183.5872,184.035,"47,221"
3037 欣興,2022/4/27,174.6317,196.1249,171.9451,193.886,"63,792"
3037 欣興,2022/4/26,185.8261,186.2738,176.4228,178.6617,"24,161"
3037 欣興,2022/4/25,180.9006,186.2738,178.2139,180.9006,"24,244"
3037 欣興,2022/4/22,190.7516,193.886,187.1694,188.0649,"25,506"
3037 欣興,2022/4/21,193.4382,197.916,192.9904,197.0204,"22,552"
3037 欣興,2022/4/20,191.6471,197.0204,191.6471,197.0204,"23,840"
3037 欣興,2022/4/19,188.9605,190.7516,187.1694,188.5127,"15,334"
3037 欣興,2022/4/18,178.2139,188.0649,177.3184,184.9305,"20,116"
3037 欣興,2022/4/15,190.7516,191.1993,183.5872,183.5872,"20,742"
3037 欣興,2022/4/14,196.5726,198.8115,194.3338,194.7815,"11,081"
3037 欣興,2022/4/13,196.1249,197.0204,190.7516,193.886,"18,162"
3037 欣興,2022/4/12,188.9605,197.916,188.5127,192.5427,"18,348"
3037 欣興,2022/4/11,203.737,203.737,190.7516,191.1993,"30,127"
3037 欣興,2022/4/8,207.3192,208.6625,202.3937,206.8714,"17,229"
3037 欣興,2022/4/7,204.1848,211.3492,203.2892,203.2892,"29,447"
3037 欣興,2022/4/6,209.5581,211.7969,205.9759,206.4237,"31,197"
3037 欣興,2022/4/1,220.3046,220.3046,215.8269,218.0658,"23,064"
3037 欣興,2022/3/31,222.9913,223.8868,217.618,222.9913,"19,364"
3037 欣興,2022/3/30,222.0957,225.6779,220.3046,222.5435,"30,475"
3037 欣興,2022/3/29,219.8569,222.9913,214.9314,218.5135,"23,542"
3037 欣興,2022/3/28,215.8269,217.618,213.588,215.8269,"19,124"
3037 欣興,2022/3/25,215.8269,220.3046,212.6925,220.3046,"33,893"
3037 欣興,2022/3/24,211.7969,215.8269,210.9014,213.588,"20,258"
3037 欣興,2022/3/23,213.588,215.3791,210.4536,214.0358,"26,922"
3037 欣興,2022/3/22,200.6026,207.767,200.1548,207.767,"19,900"
3037 欣興,2022/3/21,199.2593,205.9759,199.2593,202.3937,"21,527"
3037 欣興,2022/3/18,198.8115,199.2593,194.3338,196.5726,"23,171"
3037 欣興,2022/3/17,199.707,204.1848,196.5726,201.9459,"34,118"
3037 欣興,2022/3/16,201.0504,201.4981,188.0649,190.3038,"30,353"
3037 欣興,2022/3/15,200.1548,201.4981,191.1993,194.7815,"37,435"
3037 欣興,2022/3/14,211.3492,214.4836,198.8115,201.4981,"47,316"
3037 欣興,2022/3/11,215.8269,215.8269,209.1103,210.9014,"25,146"
3037 欣興,2022/3/10,213.588,216.2747,210.0058,215.8269,"38,470"
3037 欣興,2022/3/9,201.0504,203.737,196.1249,203.2892,"35,910"
3037 欣興,2022/3/8,191.6471,205.5281,190.7516,193.4382,"41,909"
3037 欣興,2022/3/7,212.2447,212.6925,197.916,198.8115,"45,140"
3037 欣興,2022/3/4,220.3046,226.5735,218.0658,219.4091,"30,244"
3037 欣興,2022/3/3,226.5735,228.8123,220.3046,220.3046,"26,160"
3037 欣興,2022/3/2,222.5435,224.7824,215.8269,223.8868,"31,846"
3037 欣興,2022/3/1,230.6034,233.2901,220.7524,220.7524,"53,817"
3037 欣興,2022/2/25,227.469,233.7378,226.1257,227.469,"66,414"
3037 欣興,2022/2/24,213.588,227.469,210.0058,217.618,"90,931"
3037 欣興,2022/2/23,208.6625,215.8269,208.2147,215.3791,"38,012"
3037 欣興,2022/2/22,212.6925,212.6925,212.6925,212.6925,0
3037 欣興,2022/2/21,214.4836,218.9613,210.9014,212.6925,"32,745"
3037 欣興,2022/2/18,208.6625,221.648,207.3192,216.7224,"58,539"
3037 欣興,2022/2/17,210.0058,213.1403,206.8714,210.0058,"27,431"
3037 欣興,2022/2/16,205.9759,212.2447,205.0803,209.1103,"38,530"
3037 欣興,2022/2/15,197.0204,203.2892,196.5726,199.2593,"23,078"
3037 欣興,2022/2/14,194.7815,196.5726,192.5427,194.7815,"13,712"
3037 欣興,2022/2/11,192.5427,201.0504,192.5427,198.8115,"27,542"
3037 欣興,2022/2/10,200.1548,201.4981,193.4382,194.7815,"30,957"
3037 欣興,2022/2/9,187.1694,198.8115,186.7216,198.3637,"44,888"
3037 欣興,2022/2/8,182.2439,187.1694,181.7961,184.035,"26,548"
3037 欣興,2022/2/7,182.6916,184.4827,177.3184,181.7961,"19,851"
3037 欣興,2022/1/26,179.5572,182.6916,178.2139,179.1095,"17,876"
3037 欣興,2022/1/25,180.9006,184.035,178.2139,179.5572,"27,785"
3037 欣興,2022/1/24,175.975,186.2738,173.7362,185.3783,"36,189"
3037 欣興,2022/1/21,192.5427,193.4382,179.5572,180.005,"45,271"
3037 欣興,2022/1/20,192.5427,198.8115,191.1993,198.8115,"17,642"
3037 欣興,2022/1/19,194.3338,196.5726,191.1993,192.9904,"20,382"
3037 欣興,2022/1/18,199.2593,203.737,197.4682,198.8115,"19,261"
3037 欣興,2022/1/17,199.2593,201.9459,197.916,198.3637,"23,283"
3037 欣興,2022/1/14,193.886,197.4682,189.4083,197.0204,"20,733"
3037 欣興,2022/1/13,192.9904,197.0204,190.3038,195.2293,"22,506"
3037 欣興,2022/1/12,192.9904,194.7815,189.856,193.4382,"31,060"
3037 欣興,2022/1/11,184.9305,189.856,184.4827,186.7216,"25,479"
3037 欣興,2022/1/10,190.7516,193.4382,185.3783,187.6172,"33,270"
3037 欣興,2022/1/7,198.8115,200.1548,190.3038,194.7815,"34,146"
3037 欣興,2022/1/6,204.1848,204.1848,197.0204,197.916,"32,633"
3037 欣興,2022/1/5,212.2447,214.0358,205.9759,205.9759,"20,977"
3037 欣興,2022/1/4,210.0058,213.1403,207.3192,212.2447,"23,913"
3037 欣興,2022/1/3,210.4536,215.3791,206.8714,206.8714,"30,680"
3037 欣興,2021/12/30,207.767,211.3492,205.0803,206.8714,"18,284"
3037 欣興,2021/12/29,214.0358,214.9314,208.6625,208.6625,"15,250"
3037 欣興,2021/12/28,214.4836,214.9314,211.3492,214.0358,"13,274"
3037 欣興,2021/12/27,215.3791,221.648,211.3492,211.3492,"34,465"
3037 欣興,2021/12/24,215.8269,217.618,211.7969,214.0358,"26,940"
3037 欣興,2021/12/23,205.9759,214.9314,205.0803,214.9314,"55,627"
3037 欣興,2021/12/22,200.6026,205.0803,198.8115,203.737,"28,680"
3037 欣興,2021/12/21,196.5726,199.2593,192.5427,199.2593,"18,310"
3037 欣興,2021/12/20,197.916,201.4981,194.7815,195.2293,"19,801"
3037 欣興,2021/12/17,201.9459,207.3192,195.2293,198.8115,"55,442"
3037 欣興,2021/12/16,201.4981,202.3937,197.0204,201.4981,"20,857"
3037 欣興,2021/12/15,195.2293,200.6026,193.4382,198.3637,"22,989"
3037 欣興,2021/12/14,197.0204,198.8115,192.9904,193.4382,"16,757"
3037 欣興,2021/12/13,202.3937,203.2892,196.1249,197.4682,"22,632"
3037 欣興,2021/12/10,194.3338,201.4981,192.5427,201.0504,"28,312"
3037 欣興,2021/12/9,201.0504,204.1848,194.7815,195.2293,"32,434"
3037 欣興,2021/12/8,198.8115,201.4981,196.1249,197.916,"26,337"
3037 欣興,2021/12/7,197.0204,203.2892,192.5427,193.886,"31,057"
3037 欣興,2021/12/6,195.6771,197.4682,192.0949,196.1249,"21,679"
3037 欣興,2021/12/3,192.5427,195.2293,189.856,194.7815,"28,237"
3037 欣興,2021/12/2,200.6026,204.1848,190.7516,190.7516,"51,805"
3037 欣興,2021/12/1,201.4981,202.8415,197.916,200.1548,"33,173"
3037 欣興,2021/11/30,194.3338,205.5281,192.0949,204.1848,"69,052"
3037 欣興,2021/11/29,184.9305,191.6471,180.9006,190.7516,"49,109"
3037 欣興,2021/11/26,188.0649,190.3037,180.4527,185.826,"60,771"
3037 欣興,2021/11/25,179.1094,189.856,178.6616,188.5126,"65,189"
3037 欣興,2021/11/24,175.975,182.2438,174.1839,177.7661,"37,299"
3037 欣興,2021/11/23,173.7361,178.2139,172.3928,176.4228,"19,989"
3037 欣興,2021/11/22,173.2883,175.975,169.7062,175.5272,"16,318"
3037 欣興,2021/11/19,174.1839,176.4228,172.8406,175.0794,"17,127"
3037 欣興,2021/11/18,175.975,176.4228,169.2584,172.3928,"30,431"
3037 欣興,2021/11/17,175.5272,177.3183,172.8406,177.3183,"18,149"
3037 欣興,2021/11/16,176.8705,178.6616,172.3928,174.6317,"31,333"
3037 欣興,2021/11/15,183.5871,184.9305,174.6317,175.5272,"53,708"
3037 欣興,2021/11/12,177.7661,184.4827,175.0794,180.9005,"52,134"
3037 欣興,2021/11/11,175.5272,181.796,173.7361,174.6317,"44,492"
3037 欣興,2021/11/10,171.0495,180.4527,171.0495,178.6616,"42,275"
3037 欣興,2021/11/9,172.8406,178.2139,172.3928,172.3928,"48,392"
3037 欣興,2021/11/8,171.4973,171.945,167.4673,170.1539,"27,862"
3037 欣興,2021/11/5,170.6017,175.5272,163.4373,174.6317,"54,345"
3037 欣興,2021/11/4,171.945,175.0794,169.2584,170.1539,"48,998"
3037 欣興,2021/11/3,176.8705,177.3183,163.4373,167.9151,"72,174"
3037 欣興,2021/11/2,172.3928,179.5572,169.2584,175.5272,"91,361"
3037 欣興,2021/11/1,176.8705,177.7661,168.8106,169.2584,"71,674"
3037 欣興,2021/10/29,160.7507,171.0495,158.064,170.1539,"98,455"
3037 欣興,2021/10/28,157.6163,162.5418,154.9296,159.8551,"133,831"
3037 欣興,2021/10/27,153.1385,153.5863,149.5563,153.5863,"52,290"
3037 欣興,2021/10/26,140.6009,143.7353,136.5709,139.7053,"83,852"
3037 欣興,2021/10/25,128.0632,137.0187,127.6154,134.7798,"56,328"
3037 欣興,2021/10/22,129.8543,131.6454,126.7199,128.511,"43,985"
3037 欣興,2021/10/21,130.3021,132.0932,125.3766,127.1677,"50,600"
3037 欣興,2021/10/20,127.6154,135.2276,126.2721,130.3021,"121,515"
3037 欣興,2021/10/19,119.1078,126.7199,118.66,126.7199,"84,087"
3037 欣興,2021/10/18,116.4211,117.7644,113.2867,115.5256,"36,425"
3037 欣興,2021/10/15,107.9134,115.0778,107.0179,112.8389,"35,503"
3037 欣興,2021/10/14,103.8835,107.0179,102.9879,104.779,"25,300"
3037 欣興,2021/10/13,111.9434,112.3911,103.8835,103.8835,"29,165"
3037 欣興,2021/10/12,114.63,116.4211,110.1523,111.0478,"14,146"
3037 欣興,2021/10/8,114.1822,116.8689,113.2867,116.4211,"17,331"
3037 欣興,2021/10/7,109.7045,115.0778,109.2567,113.2867,"25,776"
3037 欣興,2021/10/6,112.8389,113.7345,107.9134,108.809,"15,736"
3037 欣興,2021/10/5,106.1223,114.63,104.3312,112.3911,"30,754"
3037 欣興,2021/10/4,115.5256,116.4211,109.2567,109.7045,"26,136"
3037 欣興,2021/10/1,115.5256,118.2122,112.3911,114.1822,"20,122"
3037 欣興,2021/9/30,117.7644,119.1078,112.8389,118.2122,"29,736"
3037 欣興,2021/9/29,117.7644,119.5555,116.4211,117.3167,"23,890"
3037 欣興,2021/9/28,120.0033,124.0333,117.3167,122.6899,"28,528"
3037 欣興,2021/9/27,127.1677,127.6154,122.6899,123.5855,"25,472"
3037 欣興,2021/9/24,128.9588,129.8543,127.6154,128.0632,"14,250"
3037 欣興,2021/9/23,128.9588,130.7499,127.1677,127.1677,"16,576"
3037 欣興,2021/9/22,127.6154,130.3021,126.2721,126.2721,"16,765"
3037 欣興,2021/9/17,129.8543,132.541,128.0632,132.0932,"15,774"
3037 欣興,2021/9/16,128.0632,132.0932,127.6154,130.3021,"22,778"
3037 欣興,2021/9/15,127.6154,128.9588,126.2721,126.7199,"8,251"
3037 欣興,2021/9/14,129.4065,130.7499,127.1677,127.6154,"9,822"
3037 欣興,2021/9/13,129.8543,131.1976,128.0632,129.4065,"8,444"
3037 欣興,2021/9/10,129.4065,130.3021,126.7199,130.3021,"13,447"
3037 欣興,2021/9/9,126.2721,130.7499,125.3766,128.9588,"19,635"
3037 欣興,2021/9/8,131.1976,131.6454,124.0333,128.0632,"41,651"
3037 欣興,2021/9/7,138.8098,139.7053,128.0632,132.9887,"40,552"
3037 欣興,2021/9/6,138.8098,141.9442,135.6754,138.362,"36,396"
3037 欣興,2021/9/3,133.8843,139.7053,132.541,138.8098,"44,160"
3037 欣興,2021/9/2,133.4365,135.2276,131.6454,132.0932,"22,816"
3037 欣興,2021/9/1,131.6454,135.6754,130.3021,132.9887,"21,327"
3037 欣興,2021/8/31,132.541,132.9887,129.8543,132.0932,"15,732"
3037 欣興,2021/8/30,131.1976,133.8843,129.8543,132.541,"27,645"
3037 欣興,2021/8/27,125.3766,131.6454,123.5855,129.4065,"34,183"
3037 欣興,2021/8/26,128.1078,128.5511,123.2317,123.675,"19,559"
3037 欣興,2021/8/25,123.2317,129.4377,122.7885,126.3347,"29,890"
3037 欣興,2021/8/24,125.4481,125.4481,121.0153,121.0153,"16,348"
3037 欣興,2021/8/23,120.5721,123.675,120.1288,122.3452,"19,588"
3037 欣興,2021/8/20,118.3557,120.1288,115.2527,118.7989,"19,234"
3037 欣興,2021/8/19,119.6855,121.0153,115.696,116.1393,"18,095"
3037 欣興,2021/8/18,111.2632,122.3452,109.4901,122.3452,"33,627"
3037 欣興,2021/8/17,121.9019,121.9019,113.4796,113.9229,"21,646"
3037 欣興,2021/8/16,119.2422,121.4586,117.0258,121.0153,"19,365"
3037 欣興,2021/8/13,126.3347,126.778,118.3557,119.6855,"29,022"
3037 欣興,2021/8/12,123.2317,125.8914,122.3452,125.8914,"12,093"
3037 欣興,2021/8/11,124.1183,125.8914,119.6855,122.7885,"21,078"
3037 欣興,2021/8/10,128.1078,129.4377,123.2317,125.0049,"23,965"
3037 欣興,2021/8/9,129.4377,131.2108,127.6645,128.5511,"12,071"
3037 欣興,2021/8/6,130.7675,131.2108,128.1078,129.4377,"16,364"
3037 欣興,2021/8/5,131.2108,134.757,130.3242,131.6541,"25,096"
3037 欣興,2021/8/4,132.5406,133.4272,129.4377,130.3242,"24,363"
3037 欣興,2021/8/3,129.4377,133.4272,127.6645,132.9839,"40,793"
3037 欣興,2021/8/2,131.2108,131.6541,127.6645,128.9944,"18,614"
3037 欣興,2021/7/30,135.2003,135.6436,128.1078,129.4377,"64,969"
3037 欣興,2021/7/29,127.6645,134.3137,126.778,134.3137,"103,246"
3037 欣興,2021/7/28,123.2317,124.1183,113.9229,122.3452,"49,188"
3037 欣興,2021/7/27,130.3242,131.2108,122.3452,125.8914,"35,475"
3037 欣興,2021/7/26,125.8914,130.7675,122.7885,129.4377,"38,737"
3037 欣興,2021/7/23,133.8705,134.3137,122.3452,123.675,"50,858"
3037 欣興,2021/7/22,125.0049,131.6541,124.5616,129.8809,"51,767"
3037 欣興,2021/7/21,127.6645,129.8809,120.5721,121.9019,"41,892"
3037 欣興,2021/7/20,125.0049,128.1078,122.7885,125.4481,"25,276"
3037 欣興,2021/7/19,126.778,128.5511,124.1183,125.8914,"18,375"
3037 欣興,2021/7/16,126.3347,128.5511,125.4481,127.2213,"17,663"
3037 欣興,2021/7/15,127.2213,128.9944,125.0049,127.2213,"36,176"
3037 欣興,2021/7/14,123.675,127.6645,121.4586,126.778,"39,320"
3037 欣興,2021/7/13,126.778,128.9944,119.6855,120.5721,"39,618"
3037 欣興,2021/7/12,130.7675,131.2108,124.1183,124.5616,"51,974"
3037 欣興,2021/7/9,123.2317,128.5511,122.3452,126.3347,"54,525"
3037 欣興,2021/7/8,123.2317,132.5406,122.3452,125.0049,"110,187"
3037 欣興,2021/7/7,120.1288,124.5616,118.7989,121.4586,"68,194"
3037 欣興,2021/7/6,117.4691,121.4586,115.696,117.4691,"35,116"
3037 欣興,2021/7/5,113.0363,120.1288,112.1498,117.0258,"46,469"
3037 欣興,2021/7/2,109.4901,114.3661,109.0468,112.1498,"22,274"
3037 欣興,2021/7/1,113.9229,114.3661,106.3871,109.4901,"36,250"
3037 欣興,2021/6/30,113.9229,115.2527,113.0363,114.3661,"13,074"
3037 欣興,2021/6/29,115.696,116.5825,112.593,113.0363,"17,519"
3037 欣興,2021/6/28,112.1498,114.8094,111.2632,114.3661,"23,653"
3037 欣興,2021/6/25,117.4691,118.3557,112.593,113.0363,"33,143"
3037 欣興,2021/6/24,118.7989,121.0153,114.3661,116.1393,"49,572"
3037 欣興,2021/6/23,121.9019,123.675,115.696,117.0258,"53,804"
3037 欣興,2021/6/22,119.6855,125.0049,116.5825,119.2422,"87,578"
3037 欣興,2021/6/21,116.1393,120.1288,114.3661,116.1393,"45,791"
3037 欣興,2021/6/18,119.6855,124.1183,115.2527,115.2527,"65,876"
3037 欣興,2021/6/17,112.1498,120.5721,111.7065,118.7989,"56,353"
3037 欣興,2021/6/16,111.7065,117.4691,111.2632,111.7065,"39,757"
3037 欣興,2021/6/15,111.7065,114.8094,111.2632,112.593,"25,502"
3037 欣興,2021/6/11,114.3661,115.2527,109.9334,110.3766,"38,976"
3037 欣興,2021/6/10,113.4796,114.8094,110.8199,114.3661,"48,087"
3037 欣興,2021/6/9,112.593,116.5825,110.8199,112.593,"70,703"
3037 欣興,2021/6/8,114.3661,119.6855,109.9334,111.2632,"127,334"
3037 欣興,2021/6/7,106.3871,114.3661,101.9543,113.0363,"105,633"
3037 欣興,2021/6/4,105.9438,106.3871,102.8409,104.1707,"54,261"
3037 欣興,2021/6/3,100.1812,107.717,99.2946,107.717,"62,919"
3037 欣興,2021/6/2,101.9543,103.7274,96.1917,97.9648,"28,680"
3037 欣興,2021/6/1,101.9543,102.3976,98.4081,100.1812,"31,839"
3037 欣興,2021/5/31,95.3051,101.0678,93.9753,99.7379,"49,125"
3037 欣興,2021/5/28,90.8723,94.4186,89.9858,92.6454,"23,426"
3037 欣興,2021/5/27,90.429,90.8723,88.4786,89.5425,"21,019"
3037 欣興,2021/5/26,95.7484,95.7484,90.429,91.3156,"20,406"
3037 欣興,2021/5/25,93.0887,96.635,91.3156,93.532,"45,726"
3037 欣興,2021/5/24,88.6559,92.2022,87.7694,91.7589,"33,940"
3037 欣興,2021/5/21,86.1736,89.0992,85.6416,89.0992,"40,284"
3037 欣興,2021/5/20,86.5282,89.0992,83.4252,83.8685,"29,430"
3037 欣興,2021/5/19,88.124,89.9858,86.0849,86.9715,"25,549"
3037 欣興,2021/5/18,86.4395,89.5425,84.2231,88.39,"48,276"
3037 欣興,2021/5/17,78.3718,88.3013,78.2832,82.5387,"55,257"
3037 欣興,2021/5/14,84.9324,92.2022,83.7799,84.2231,"49,297"
3037 欣興,2021/5/13,77.5739,85.553,75.5349,83.8685,"41,915"
3037 欣興,2021/5/12,85.6416,87.0601,76.9533,80.8542,"46,854"
3037 欣興,2021/5/11,85.9963,90.429,84.2231,85.4643,"30,667"
3037 欣興,2021/5/10,95.3051,96.635,88.6559,89.9858,"22,608"
3037 欣興,2021/5/7,94.4186,97.0782,93.0887,94.4186,"39,789"
3037 欣興,2021/5/6,88.6559,95.7484,87.5921,94.4186,"52,466"
3037 欣興,2021/5/5,92.6454,94.8618,87.3261,87.7694,"34,367"
3037 欣興,2021/5/4,97.5215,98.8514,87.5034,92.6454,"53,440"
3037 欣興,2021/5/3,103.2842,105.5006,96.1917,97.0782,"47,152"
3037 欣興,2021/4/29,101.9543,107.2737,98.8514,101.9543,"122,819"
3037 欣興,2021/4/28,94.8618,99.7379,93.532,99.7379,"52,575"
3037 欣興,2021/4/27,91.3156,92.6454,88.6559,90.8723,"50,337"
3037 欣興,2021/4/26,86.8828,89.0992,83.8685,88.4786,"90,431"
3037 欣興,2021/4/23,81.2088,83.6025,80.2336,83.5139,"29,069"
3037 欣興,2021/4/22,82.716,83.9572,80.0563,80.4996,"28,490"
3037 欣興,2021/4/21,82.9819,83.3366,82.0067,82.0954,"18,072"
3037 欣興,2021/4/20,82.8933,83.3366,81.8294,82.716,"20,632"
3037 欣興,2021/4/19,82.2727,83.0706,81.5635,82.6273,"40,977"
3037 欣興,2021/4/16,77.9286,80.2336,77.5739,79.879,"19,453"
3037 欣興,2021/4/15,77.9286,78.6378,76.776,77.9286,"12,841"
3037 欣興,2021/4/14,78.5492,79.0811,75.0029,77.5739,"36,230"
3037 欣興,2021/4/13,79.4357,80.4109,78.0172,78.0172,"31,861"
3037 欣興,2021/4/12,81.8294,82.0067,79.4357,79.4357,"20,453"
3037 欣興,2021/4/9,82.6273,83.0706,80.7656,81.2975,"30,693"
3037 欣興,2021/4/8,81.2088,82.6273,80.0563,82.3614,"21,782"
3037 欣興,2021/4/7,83.4252,83.5139,80.7656,81.0315,"26,165"
3037 欣興,2021/4/6,82.6273,83.1593,81.3861,82.5387,"21,170"
3037 欣興,2021/4/1,81.9181,83.1593,80.6769,81.2088,"30,409"
3037 欣興,2021/3/31,81.5635,81.9181,80.8542,81.1202,"26,751"
3037 欣興,2021/3/30,79.9676,83.0706,79.9676,80.8542,"59,026"
3037 欣興,2021/3/29,80.6769,81.2975,78.9924,79.613,"24,269"
3037 欣興,2021/3/26,77.1307,80.5882,76.776,79.7017,"39,615"
3037 欣興,2021/3/25,78.2832,79.1697,75.9781,76.1554,"34,501"
3037 欣興,2021/3/24,77.9286,79.5244,77.6626,77.9286,"20,648"
3037 欣興,2021/3/23,78.2832,80.2336,77.6626,78.0172,"25,940"
3037 欣興,2021/3/22,78.4605,78.7265,77.2193,77.7512,"21,082"
3037 欣興,2021/3/19,81.2975,81.3861,78.6378,78.9038,"31,517"
3037 欣興,2021/3/18,81.4748,83.1593,81.2975,81.6521,"24,737"
3037 欣興,2021/3/17,81.1202,81.4748,80.4109,80.5882,"10,620"
3037 欣興,2021/3/16,80.9429,81.7408,80.2336,80.4109,"13,322"
3037 欣興,2021/3/15,81.0315,81.8294,79.9676,80.3223,"17,897"
3037 欣興,2021/3/12,82.9819,83.6025,80.6769,81.1202,"26,368"
3037 欣興,2021/3/11,78.9924,82.3614,78.9924,82.3614,"24,624"
3037 欣興,2021/3/10,77.7512,79.5244,77.6626,78.6378,"22,306"
3037 欣興,2021/3/9,79.7903,80.2336,76.6874,76.776,"38,164"
3037 欣興,2021/3/8,82.0067,82.8046,79.879,79.9676,"21,455"
3037 欣興,2021/3/5,80.6769,82.6273,79.4357,80.8542,"29,836"
3037 欣興,2021/3/4,81.5635,83.1593,80.6769,82.184,"38,261"
3037 欣興,2021/3/3,84.1345,84.6664,79.879,81.3861,"40,925"
3037 欣興,2021/3/2,88.3013,89.0992,83.4252,83.6025,"43,458"
3037 欣興,2021/2/26,82.6273,87.0601,82.6273,86.4395,"47,734"
3037 欣興,2021/2/25,88.39,89.9858,84.2231,84.7551,"64,480"
3037 欣興,2021/2/24,88.4786,91.7589,85.553,85.9963,"109,059"
3037 欣興,2021/2/23,85.1097,90.8723,84.5778,88.3013,"105,705"
3037 欣興,2021/2/22,82.3614,85.9963,81.7408,84.5778,"45,627"
3037 欣興,2021/2/19,80.6769,82.45,80.3223,81.2088,"22,429"
3037 欣興,2021/2/18,80.4996,82.0067,79.879,81.2088,"21,774"
3037 欣興,2021/2/17,81.1202,82.45,79.7903,81.2088,"47,279"
3037 欣興,2021/2/5,74.5596,79.5244,72.9638,79.5244,"83,025"
3037 欣興,2021/2/4,76.0668,77.6626,70.9247,74.5596,"91,244"
3037 欣興,2021/2/3,79.3471,79.7903,76.3328,76.5101,"28,986"
3037 欣興,2021/2/2,77.042,79.4357,76.776,78.6378,"32,710"
3037 欣興,2021/2/1,76.776,77.5739,74.471,76.0668,"29,449"
3037 欣興,2021/1/29,79.0811,79.613,76.6874,76.6874,"27,815"
3037 欣興,2021/1/28,78.1945,80.4996,78.0172,78.1059,"39,140"
3037 欣興,2021/1/27,83.9572,84.2231,81.7408,82.0954,"36,624"
3037 欣興,2021/1/26,85.3757,87.3261,83.3366,83.3366,"44,745"
3037 欣興,2021/1/25,88.2126,90.429,84.1345,84.8437,"55,929"
3037 欣興,2021/1/22,85.021,90.429,84.0458,89.5425,"73,381"
3037 欣興,2021/1/21,83.1593,85.4643,82.0954,84.7551,"35,563"
3037 欣興,2021/1/20,85.9076,86.5282,81.6521,81.9181,"39,610"
3037 欣興,2021/1/19,84.9324,86.1736,84.4004,85.4643,"26,115"
3037 欣興,2021/1/18,88.3013,88.3013,84.0458,84.2231,"58,694"
3037 欣興,2021/1/15,86.4395,89.0992,85.553,88.6559,"62,175"
3037 欣興,2021/1/14,86.5282,88.39,85.287,85.7303,"32,667"
3037 欣興,2021/1/13,89.5425,91.7589,86.5282,86.5282,"74,422"
3037 欣興,2021/1/12,84.2231,88.5673,82.8046,88.124,"98,307"
3037 欣興,2021/1/11,80.2336,84.2231,79.3471,84.1345,"48,852"
3037 欣興,2021/1/8,82.0067,82.45,78.9924,79.9676,"40,095"
3037 欣興,2021/1/7,81.5635,83.5139,80.7656,81.6521,"47,179"
3037 欣興,2021/1/6,84.6664,86.8828,80.2336,80.7656,"114,758"
3037 欣興,2021/1/5,80.9429,83.6025,78.4605,83.6025,"81,051"
3037 欣興,2021/1/4,78.7265,82.6273,77.8399,80.2336,"85,694"
3037 欣興,2020/12/31,78.0172,78.4605,76.5101,77.4853,"30,599"
3037 欣興,2020/12/30,76.9533,77.8399,76.3328,77.042,"32,849"
3037 欣興,2020/12/29,75.4462,77.308,74.7369,75.9781,"36,623"
3037 欣興,2020/12/28,74.7369,76.0668,74.205,75.6235,"17,000"
3037 欣興,2020/12/25,75.6235,76.0668,74.0277,74.471,"15,368"
3037 欣興,2020/12/24,76.4214,76.6874,74.8256,74.9143,"24,407"
3037 欣興,2020/12/23,73.2298,77.5739,72.8752,76.4214,"46,462"
3037 欣興,2020/12/22,74.1164,75.5349,72.7865,72.7865,"25,103"
3037 欣興,2020/12/21,75.8895,76.2441,72.3432,74.8256,"45,090"
3037 欣興,2020/12/18,76.776,77.5739,75.8895,75.8895,"35,407"
3037 欣興,2020/12/17,78.1059,79.4357,75.6235,76.2441,"85,744"
3037 欣興,2020/12/16,78.0172,79.5244,76.6874,76.8647,"111,045"
3037 欣興,2020/12/15,74.7369,76.2441,74.2937,76.0668,"70,522"
3037 欣興,2020/12/14,73.2298,74.8256,72.4319,74.2937,"27,044"
3037 欣興,2020/12/11,73.4958,75.0916,72.2546,72.3432,"53,083"
3037 欣興,2020/12/10,73.3185,74.1164,72.4319,72.8752,"19,487"
3037 欣興,2020/12/9,75.4462,75.8895,73.4958,73.7617,"35,720"
3037 欣興,2020/12/8,72.8752,74.9143,72.6979,74.9143,"31,780"
3037 欣興,2020/12/7,72.6979,74.2937,72.0773,72.6979,"32,254"
3037 欣興,2020/12/4,74.0277,74.471,71.8113,72.0773,"56,212"
3037 欣興,2020/12/3,76.0668,76.1554,73.7617,74.205,"40,251"
3037 欣興,2020/12/2,75.4462,77.308,75.2689,75.5349,"47,552"
3037 欣興,2020/12/1,80.0563,80.4109,74.9143,75.0916,"91,641"
3037 欣興,2020/11/30,81.5635,82.8933,79.7017,79.7017,"184,078"
3037 欣興,2020/11/27,80.2336,81.9181,78.6378,80.145,"117,243"
3037 欣興,2020/11/26,74.205,79.7017,73.939,79.4357,"149,709"
3037 欣興,2020/11/25,74.471,75.3575,71.4567,73.6731,"72,270"
3037 欣興,2020/11/24,70.9247,74.3823,70.7474,72.6979,"100,707"
3037 欣興,2020/11/23,69.1516,70.3042,67.9991,69.7722,"68,660"
3037 欣興,2020/11/20,66.4033,67.2012,66.1373,67.1125,"22,437"
3037 欣興,2020/11/19,67.2012,67.7331,66.3146,66.4033,"29,308"
3037 欣興,2020/11/18,66.4919,67.1125,65.8714,66.9352,"25,763"
3037 欣興,2020/11/17,66.4919,67.3785,66.0487,66.1373,"38,848"
3037 欣興,2020/11/16,66.4919,66.6693,65.4281,66.1373,"31,963"
3037 欣興,2020/11/13,64.7188,65.7827,63.4776,65.694,"32,764"
3037 欣興,2020/11/12,66.4033,67.0239,64.3642,64.3642,"54,361"
3037 欣興,2020/11/11,64.8075,66.0487,64.1869,65.8714,"83,998"
3037 欣興,2020/11/10,61.6159,64.8075,61.4386,63.389,"86,121"
3037 欣興,2020/11/9,62.5024,62.7684,61.4386,61.6159,"32,851"
3037 欣興,2020/11/6,61.4386,63.123,60.9953,60.9953,"64,914"
3037 欣興,2020/11/5,61.3499,61.8818,60.1974,60.9953,"49,663"
3037 欣興,2020/11/4,59.3995,60.9953,58.4243,60.9953,"67,756"
3037 欣興,2020/11/3,58.9562,60.0201,57.8037,58.7789,"61,612"
3037 欣興,2020/11/2,61.0839,61.6159,57.6264,57.8037,"84,517"
3037 欣興,2020/10/30,60.3747,62.5024,59.8428,60.4633,"105,431"
3037 欣興,2020/10/29,59.8428,62.7684,59.8428,60.1974,"184,275"
3037 欣興,2020/10/28,70.1268,70.5701,65.3394,66.4033,"136,100"
3037 欣興,2020/10/27,74.471,75.2689,72.2546,72.3432,"62,942"
3037 欣興,2020/10/26,75.7122,75.9781,73.7617,75.7122,"37,314"
3037 欣興,2020/10/23,77.3966,77.4853,75.3575,75.4462,"33,391"
3037 欣興,2020/10/22,76.1554,77.4853,75.0916,77.3966,"45,930"
3037 欣興,2020/10/21,78.9038,79.3471,75.7122,76.5987,"62,430"
3037 欣興,2020/10/20,75.8008,78.0172,75.0916,78.0172,"52,960"
3037 欣興,2020/10/19,75.6235,77.7512,75.3575,75.8008,"60,483"
3037 欣興,2020/10/16,76.776,77.9286,73.939,74.205,"60,837"
3037 欣興,2020/10/15,76.1554,78.5492,75.5349,75.8008,"58,056"
3037 欣興,2020/10/14,75.8895,77.1307,74.9143,75.8895,"51,547"
3037 欣興,2020/10/13,75.9781,76.6874,73.6731,75.8008,"41,588"
3037 欣興,2020/10/12,76.2441,77.8399,74.1164,75.5349,"89,574"
3037 欣興,2020/10/8,70.9247,75.7122,70.1268,75.1802,"124,914"
3037 欣興,2020/10/7,68.6197,70.3042,68.4424,70.0382,"35,045"
3037 欣興,2020/10/6,70.1268,70.8361,68.4424,68.8857,"55,005"
3037 欣興,2020/10/5,65.5167,69.3289,65.4281,69.3289,"61,783"
3037 欣興,2020/9/30,66.8466,66.9352,64.6302,65.96,"39,072"
3037 欣興,2020/9/29,69.5062,70.2155,65.694,65.694,"67,272"
3037 欣興,2020/9/28,64.8961,69.4176,64.7188,68.7083,"57,542"
3037 欣興,2020/9/25,66.1373,66.7579,62.5024,64.2755,"48,059"
3037 欣興,2020/9/24,67.1125,67.9991,65.3394,65.4281,"42,244"
3037 欣興,2020/9/23,69.2403,69.6836,68.531,68.531,"25,427"
3037 欣興,2020/9/22,69.5949,70.9247,67.9991,68.6197,"50,430"
3037 欣興,2020/9/21,69.1516,70.3928,68.3537,69.9495,"37,567"
3037 欣興,2020/9/18,71.1021,71.1021,69.3289,69.3289,"37,030"
3037 欣興,2020/9/17,69.3289,71.1021,69.063,71.1021,"50,868"
3037 欣興,2020/9/16,68.4424,69.7722,68.0878,69.063,"42,684"
3037 欣興,2020/9/15,67.1125,70.6588,66.4919,67.6445,"86,957"
3037 欣興,2020/9/14,64.5415,67.3785,64.5415,67.3785,"45,467"
3037 欣興,2020/9/11,64.1869,65.2508,62.5024,64.0982,"39,026"
3037 欣興,2020/9/10,66.0487,66.3146,63.9209,64.6302,"33,925"
3037 欣興,2020/9/9,63.389,65.6054,62.7684,65.5167,"30,867"
3037 欣興,2020/9/8,65.6054,66.3146,64.2755,64.8961,"40,526"
3037 欣興,2020/9/7,67.2012,67.8218,62.2365,63.9209,"69,231"
3037 欣興,2020/9/4,67.4672,68.7083,67.0239,67.1125,"52,343"
3037 欣興,2020/9/3,69.5949,70.7474,69.1516,69.6836,"57,061"
3037 欣興,2020/9/2,69.3289,69.4176,67.1125,68.0878,"59,733"
3037 欣興,2020/9/1,65.5167,69.4176,64.0096,68.6197,"99,504"
3037 欣興,2020/8/31,67.1125,67.9991,65.1621,65.2508,"42,298"
3037 欣興,2020/8/28,68.531,68.8857,65.6054,66.0487,"69,516"
3037 欣興,2020/8/27,71.4567,72.0773,68.4424,68.531,"58,963"
3037 欣興,2020/8/26,69.3289,71.634,68.8857,70.5701,"44,093"
3037 欣興,2020/8/25,71.368,72.1659,69.7722,69.7722,"62,674"
3037 欣興,2020/8/24,71.8113,72.3432,67.6445,70.2155,"100,074"
3037 欣興,2020/8/21,70.9247,73.5844,70.1268,71.4567,"132,515"
3037 欣興,2020/8/20,78.9038,79.0811,70.6588,70.6588,"122,075"
3037 欣興,2020/8/19,75.7122,78.9038,75.4462,78.4605,"103,063"
3037 欣興,2020/8/18,73.8504,76.5101,73.5844,74.5596,"82,069"
3037 欣興,2020/8/17,76.776,77.3966,72.7865,73.5844,"93,665"
3037 欣興,2020/8/14,72.2546,77.042,70.0382,75.3575,"163,925"
3037 欣興,2020/8/13,79.0811,83.7799,71.1021,71.4567,"236,260"
3037 欣興,2020/8/12,73.2298,79.4357,73.2298,78.9038,"179,504"
3037 欣興,2020/8/11,68.7083,74.0277,67.8218,72.3432,"141,534"
3037 欣興,2020/8/10,66.9352,69.7722,66.1373,67.3785,"61,928"
3037 欣興,2020/8/7,66.9352,68.0878,66.0487,66.9352,"59,214"
3037 欣興,2020/8/6,66.1373,68.4424,65.6054,67.4672,"106,237"
3037 欣興,2020/8/5,61.1726,65.3394,60.7293,65.3394,"117,264"
3037 欣興,2020/8/4,57.0944,60.552,56.7398,59.3995,"74,308"
3037 欣興,2020/8/3,57.2717,57.449,56.2079,56.2079,"35,102"
3037 欣興,2020/7/31,55.8532,57.715,55.144,57.0058,"76,014"
3037 欣興,2020/7/30,53.1936,56.2079,52.3957,55.7646,"110,404"
3037 欣興,2020/7/29,53.5482,53.9915,50.6225,52.307,"66,669"
3037 欣興,2020/7/28,51.4204,52.7503,50.2679,52.6616,"96,564"
3037 欣興,2020/7/27,49.736,50.7112,48.9381,50.0906,"44,133"
3037 欣興,2020/7/24,49.5587,50.2679,47.8742,48.4948,"32,778"
3037 欣興,2020/7/23,50.4452,51.1545,49.6473,49.9133,"30,269"
3037 欣興,2020/7/22,49.3814,50.9772,49.204,50.0906,"48,939"
3037 欣興,2020/7/21,48.4948,50.7112,48.4061,50.1793,"83,441"
3037 欣興,2020/7/20,45.9238,47.4309,45.5691,47.3423,"43,497"
3037 欣興,2020/7/17,46.7217,47.2536,44.8599,45.0372,"34,513"
3037 欣興,2020/7/16,46.2784,46.9876,45.9238,46.4557,"16,069"
3037 欣興,2020/7/15,46.4557,48.0515,45.7465,45.9238,"35,299"
3037 欣興,2020/7/14,46.5182,46.9522,45.0428,45.3032,"36,883"
3037 欣興,2020/7/13,47.7333,48.7747,46.6918,46.7786,"26,656"
3037 欣興,2020/7/10,49.469,49.7294,46.8654,47.2125,"34,044"
3037 欣興,2020/7/9,49.469,49.903,48.8615,49.0351,"38,052"
3037 欣興,2020/7/8,48.9483,49.903,48.6011,48.8615,"35,132"
3037 欣興,2020/7/7,50.0765,50.5105,47.2993,48.5144,"69,644"
3037 欣興,2020/7/6,47.7333,50.4237,46.9522,49.7294,"90,386"
3037 欣興,2020/7/3,44.3485,47.039,43.6542,46.4314,"81,571"
3037 欣興,2020/7/2,43.3939,44.0882,43.2203,44.0882,"38,332"
3037 欣興,2020/7/1,44.4353,44.9561,42.8731,42.9165,"85,259"
3037 欣興,2020/6/30,41.0506,44.175,40.7902,43.4807,"127,815"
3037 欣興,2020/6/29,40.1827,41.1808,40.1393,40.1827,"35,038"
3037 欣興,2020/6/24,41.4845,42.0487,40.2261,40.7902,"95,545"
3037 欣興,2020/6/23,40.5299,40.6601,39.7488,40.0092,"40,630"
3037 欣興,2020/6/22,39.6186,40.1827,39.5318,39.7922,"29,204"
3037 欣興,2020/6/19,40.0525,40.2695,39.2715,39.879,"32,951"
3037 欣興,2020/6/18,39.445,40.0525,38.8809,39.7054,"52,488"
3037 欣興,2020/6/17,39.2281,39.6186,38.8375,39.0545,"36,729"
3037 欣興,2020/6/16,39.1413,39.662,38.7073,39.0545,"39,415"
3037 欣興,2020/6/15,38.8375,39.3149,38.1866,38.1866,"35,626"
3037 欣興,2020/6/12,37.7961,39.4884,37.7527,38.8809,"54,434"
3037 欣興,2020/6/11,39.3582,40.9638,38.447,38.7507,"110,094"
3037 欣興,2020/6/10,37.5357,39.6186,37.4055,39.2281,"86,257"
3037 欣興,2020/6/9,38.3168,38.3602,37.5357,37.5791,"23,719"
3037 欣興,2020/6/8,39.1847,39.3582,38.0564,38.0564,"38,413"
3037 欣興,2020/6/5,39.2281,39.445,38.7507,38.8809,"36,068"
3037 欣興,2020/6/4,38.5772,39.0545,38.23,38.8809,"38,065"
3037 欣興,2020/6/3,37.9262,38.3602,37.1886,38.013,"36,877"
3037 欣興,2020/6/2,39.4884,40.0525,37.5791,37.6659,"108,498"
3037 欣興,2020/6/1,36.0169,38.2734,35.7999,38.2734,"78,810"
3037 欣興,2020/5/29,35.149,35.4094,34.6283,34.8019,"16,562"
3037 欣興,2020/5/28,35.0189,36.1471,34.8019,35.0623,"35,601"
3037 欣興,2020/5/27,35.149,35.3226,34.5849,34.6283,"17,384"
3037 欣興,2020/5/26,34.6717,35.2792,34.3679,34.7151,"30,249"
3037 欣興,2020/5/25,34.1076,34.4981,33.0661,34.1944,"25,319"
3037 欣興,2020/5/22,35.2358,35.2792,33.717,33.9774,"36,624"
3037 欣興,2020/5/21,35.0623,35.4094,34.7585,35.366,"36,597"
3037 欣興,2020/5/20,34.2812,35.1056,33.7604,34.3679,"51,407"
3037 欣興,2020/5/19,34.4981,35.0623,31.7209,33.934,"106,180"
3037 欣興,2020/5/18,36.2339,36.8848,34.3246,34.3246,"75,117"
3037 欣興,2020/5/15,38.013,38.5772,36.4509,38.0998,"36,075"
3037 欣興,2020/5/14,38.6205,39.0545,36.9716,37.1452,"32,090"
3037 欣興,2020/5/13,39.1413,39.4884,38.5338,38.7941,"27,425"
3037 欣興,2020/5/12,38.7073,39.5318,38.447,39.0545,"28,759"
3037 欣興,2020/5/11,39.4016,39.9224,38.8809,39.0111,"33,192"
3037 欣興,2020/5/8,38.7073,39.3149,38.5338,38.7941,"46,740"
3037 欣興,2020/5/7,37.8829,38.9243,37.6659,38.447,"56,397"
3037 欣興,2020/5/6,37.1886,37.7093,36.798,37.3621,"31,384"
3037 欣興,2020/5/5,37.6659,38.1432,36.6244,36.8848,"33,732"
3037 欣興,2020/5/4,35.9301,37.5357,35.6264,37.3187,"33,146"
3037 欣興,2020/4/30,37.2319,37.7527,36.7546,37.1886,"59,548"
3037 欣興,2020/4/29,34.6717,37.4055,34.6717,36.4509,"94,570"
3037 欣興,2020/4/28,33.8472,34.3246,33.4133,34.2378,"45,808"
3037 欣興,2020/4/27,32.936,33.5869,32.8058,33.2397,"27,274"
3037 欣興,2020/4/24,32.8058,32.936,32.3718,32.502,"16,167"
3037 欣興,2020/4/23,32.502,33.2831,32.1983,32.6322,"25,113"
3037 欣興,2020/4/22,31.2002,32.502,30.9832,32.502,"29,309"
3037 欣興,2020/4/21,32.719,33.3699,31.504,31.8077,"39,232"
3037 欣興,2020/4/20,33.0661,33.4133,32.8058,33.0661,"19,489"
3037 欣興,2020/4/17,34.1076,34.3679,32.719,33.0661,"46,197"
3037 欣興,2020/4/16,31.9379,33.5869,31.8945,33.0661,"41,182"
3037 欣興,2020/4/15,33.6736,34.6283,32.4586,32.4586,"57,832"
3037 欣興,2020/4/14,31.6341,33.717,31.287,33.1095,"58,954"
3037 欣興,2020/4/13,31.07,31.9379,30.6795,30.853,"60,777"
3037 欣興,2020/4/10,30.2021,30.3757,29.638,30.3757,"26,329"
3037 欣興,2020/4/9,30.3757,31.1134,29.5512,30.1153,"61,310"
3037 欣興,2020/4/8,29.2041,29.6814,28.7701,29.5078,"54,416"
3037 欣興,2020/4/7,28.206,29.2475,27.8589,28.7701,"64,423"
3037 欣興,2020/4/6,27.7721,28.0758,26.6438,27.208,"40,463"
3037 欣興,2020/4/1,27.5985,27.9023,27.3381,27.5117,"32,897"
3037 欣興,2020/3/31,27.5985,29.0739,27.208,27.7721,"76,347"
3037 欣興,2020/3/30,25.342,26.8174,25.1684,26.8174,"26,101"
3037 欣興,2020/3/27,27.6853,27.9457,26.2533,26.2533,"48,965"
3037 欣興,2020/3/26,27.4249,27.4683,26.0797,26.9042,"39,909"
3037 欣興,2020/3/25,26.4703,27.2514,26.2967,26.991,"50,104"
3037 欣興,2020/3/24,24.4741,25.559,24.3006,24.8213,"36,622"
3037 欣興,2020/3/23,22.6082,24.0402,22.1309,23.4761,"43,902"
3037 欣興,2020/3/20,23.1723,23.4761,22.6082,23.4761,"27,863"
3037 欣興,2020/3/19,22.5648,23.4761,20.5253,21.3498,"71,791"
3037 欣興,2020/3/18,23.7798,24.3006,22.7384,22.7384,"40,064"
3037 欣興,2020/3/17,23.4327,24.8213,22.9554,22.9988,"46,154"
3037 欣興,2020/3/16,27.1646,27.6419,24.6477,24.6477,"36,863"
3037 欣興,2020/3/13,26.3401,27.3381,26.3401,27.2947,"44,992"
3037 欣興,2020/3/12,31.9379,31.9379,29.2475,29.2475,"67,001"
3037 欣興,2020/3/11,34.1076,34.7151,32.4586,32.4586,"40,124"
3037 欣興,2020/3/10,33.6303,34.4981,32.6756,33.8038,"49,533"
3037 欣興,2020/3/9,35.7566,36.3207,34.2812,34.2812,"33,854"
3037 欣興,2020/3/6,35.8433,36.5376,35.8433,36.1037,"14,802"
3037 欣興,2020/3/5,36.6244,37.4923,36.0169,36.3641,"64,813"
3037 欣興,2020/3/4,36.0169,36.581,35.583,35.9301,"28,075"
3037 欣興,2020/3/3,35.2358,36.7546,34.9755,35.9735,"43,747"
3037 欣興,2020/3/2,33.6736,34.8453,33.2831,34.0642,"27,736"
3037 欣興,2020/2/27,36.1037,36.3207,34.0208,34.7151,"31,297"
3037 欣興,2020/2/26,35.8433,36.8848,35.6264,35.7999,"23,766"
3037 欣興,2020/2/25,36.4942,36.798,36.1905,36.2339,"19,099"
3037 欣興,2020/2/24,35.4094,36.8414,35.4094,36.8414,"21,795"
3037 欣興,2020/2/21,36.3207,36.798,36.1905,36.1905,"22,592"
3037 欣興,2020/2/20,36.581,37.1886,36.3641,36.4509,"22,564"
3037 欣興,2020/2/19,35.8433,36.581,35.8433,36.2339,"18,911"
3037 欣興,2020/2/18,35.583,36.1037,35.4094,35.6698,"13,744"
3037 欣興,2020/2/17,35.583,36.3207,35.4962,35.8867,"17,283"
3037 欣興,2020/2/14,36.3207,36.9282,36.0169,36.0169,"29,431"
3037 欣興,2020/2/13,37.3187,37.4055,36.4509,36.4942,"33,634"
3037 欣興,2020/2/12,35.2358,37.2319,35.0189,37.1886,"61,654"
3037 欣興,2020/2/11,34.9755,35.366,34.4547,34.9755,"25,867"
3037 欣興,2020/2/10,31.2436,34.5849,31.2436,34.5849,"43,809"
3037 欣興,2020/2/7,34.2812,34.5415,33.717,33.7604,"20,366"
3037 欣興,2020/2/6,34.4547,35.1924,34.1944,34.8887,"30,604"
3037 欣興,2020/2/5,35.4528,35.4528,33.934,33.9774,"38,062"
3037 欣興,2020/2/4,32.6756,34.9321,32.2416,34.9321,"57,378"
3037 欣興,2020/2/3,31.6775,32.7624,30.5927,31.8945,"44,675"
3037 欣興,2020/1/31,34.8019,35.4094,32.1983,33.5435,"53,858"
3037 欣興,2020/1/30,35.0623,35.4528,35.0189,35.0189,"33,662"
3037 欣興,2020/1/20,37.9696,38.8809,37.8829,38.8809,"31,951"
3037 欣興,2020/1/17,37.9696,38.5772,37.4489,37.5357,"28,452"
3037 欣興,2020/1/16,38.7073,38.7073,37.7961,37.8395,"49,209"
3037 欣興,2020/1/15,39.2281,39.5752,38.5338,38.8375,"36,881"
3037 欣興,2020/1/14,39.0545,39.9224,38.6205,39.4016,"80,918"
3037 欣興,2020/1/13,37.3187,38.0998,37.015,38.0998,"33,550"
3037 欣興,2020/1/10,35.9301,36.798,35.7999,36.798,"28,099"
3037 欣興,2020/1/9,35.583,36.0603,35.5396,35.6264,"16,333"
3037 欣興,2020/1/8,35.1924,35.583,34.9755,35.1056,"15,980"
3037 欣興,2020/1/7,36.1905,36.2773,35.6698,35.8433,"17,381"
3037 欣興,2020/1/6,36.4075,36.4509,35.4528,35.8867,"25,307"
3037 欣興,2020/1/3,38.3602,38.4036,36.7112,36.8848,"28,586"
3037 欣興,2020/1/2,36.7112,38.0564,36.6244,37.8395,"39,321"
3037 欣興,2019/12/31,36.3641,36.6244,36.1037,36.4509,"10,162"
3037 欣興,2019/12/30,36.1037,36.3641,36.0169,36.2773,"9,545"
3037 欣興,2019/12/27,35.9301,36.2339,35.8867,36.1471,"12,171"
3037 欣興,2019/12/26,35.9735,36.1905,35.583,35.6698,"21,180"
3037 欣興,2019/12/25,36.4509,36.5376,35.8433,36.0169,"26,473"
3037 欣興,2019/12/24,36.0169,36.7112,35.3226,36.6678,"40,537"
3037 欣興,2019/12/23,38.23,38.23,35.7566,36.0169,"51,398"
3037 欣興,2019/12/20,38.0998,38.3602,37.5791,38.2734,"16,565"
3037 欣興,2019/12/19,39.0545,39.2715,38.013,38.0998,"27,626"
3037 欣興,2019/12/18,39.5318,39.5318,38.7507,38.8809,"14,966"
3037 欣興,2019/12/17,39.9224,40.1827,39.6186,39.7054,"25,791"
3037 欣興,2019/12/16,38.7507,39.4016,38.3602,39.4016,"21,604"
3037 欣興,2019/12/13,39.1847,39.2281,37.7527,38.447,"23,069"
3037 欣興,2019/12/12,38.5772,39.1847,38.5772,38.8375,"23,695"
3037 欣興,2019/12/11,38.3602,38.4904,37.9696,38.0998,"13,018"
3037 欣興,2019/12/10,38.3602,38.447,37.7093,38.1866,"21,792"
3037 欣興,2019/12/9,39.0979,39.1847,38.447,38.4904,"11,486"
3037 欣興,2019/12/6,38.9677,39.445,38.7941,38.8375,"15,208"
3037 欣興,2019/12/5,38.6639,39.1413,38.6639,38.7073,"17,436"
3037 欣興,2019/12/4,38.8809,38.8809,38.2734,38.3602,"15,499"
3037 欣興,2019/12/3,37.9262,38.9677,37.7093,38.8809,"24,313"
3037 欣興,2019/12/2,39.9224,40.0092,38.0998,38.3168,"48,809"
3037 欣興,2019/11/29,41.0506,41.1808,39.9224,40.0525,"26,863"
3037 欣興,2019/11/28,41.0506,42.0053,40.7902,40.7902,"39,545"
3037 欣興,2019/11/27,40.6167,41.0506,40.4431,40.7902,"20,365"
3037 欣興,2019/11/26,40.9204,41.2676,40.2261,40.2261,"25,580"
3037 欣興,2019/11/25,41.0506,41.2242,40.1827,40.2261,"24,718"
3037 欣興,2019/11/22,41.9185,41.9185,40.6167,40.7902,"24,512"
3037 欣興,2019/11/21,41.6581,41.9185,41.3978,41.6581,"18,288"
3037 欣興,2019/11/20,42.0053,42.3958,41.3978,42.3524,"29,114"
3037 欣興,2019/11/19,43.0901,43.1335,42.0921,42.1355,"32,264"
3037 欣興,2019/11/18,42.6996,43.4807,42.4392,43.0901,"34,119"
3037 欣興,2019/11/15,42.4392,43.6542,42.0053,42.0921,"49,574"
3037 欣興,2019/11/14,42.1788,42.526,41.7449,41.7449,"24,604"
3037 欣興,2019/11/13,41.5713,42.5694,41.3978,41.9185,"47,504"
3037 欣興,2019/11/12,41.4845,43.3939,41.1374,43.3939,"76,339"
3037 欣興,2019/11/11,40.9638,41.8751,40.5299,40.877,"56,346"
3037 欣興,2019/11/8,39.9224,40.2695,39.5318,39.9224,"18,857"
3037 欣興,2019/11/7,38.8809,39.8356,38.8375,39.8356,"27,868"
3037 欣興,2019/11/6,41.2242,41.311,39.0545,39.2281,"54,719"
3037 欣興,2019/11/5,41.4412,41.9185,41.1808,41.2242,"18,434"
3037 欣興,2019/11/4,41.2676,41.7883,41.094,41.1374,"18,679"
3037 欣興,2019/11/1,40.7035,41.094,40.4865,40.9638,"13,650"
3037 欣興,2019/10/31,42.0053,42.0487,40.9204,40.9204,"21,531"
3037 欣興,2019/10/30,40.9204,42.2222,40.8336,41.8751,"38,365"
3037 欣興,2019/10/29,41.311,41.4845,40.1393,40.7035,"24,956"
3037 欣興,2019/10/28,41.8751,42.2222,41.2242,41.2242,"20,276"
3037 欣興,2019/10/25,41.8317,42.2656,41.0072,41.8317,"25,431"
3037 欣興,2019/10/24,42.309,43.0901,41.311,41.7883,"49,004"
3037 欣興,2019/10/23,41.7015,42.309,41.3978,41.8751,"31,659"
3037 欣興,2019/10/22,40.5733,42.1788,40.3997,41.8751,"75,812"
3037 欣興,2019/10/21,39.8356,40.3997,39.7488,39.7922,"15,660"
3037 欣興,2019/10/18,41.0506,41.1374,40.0959,40.0959,"25,426"
3037 欣興,2019/10/17,41.3978,41.7883,40.5733,40.7902,"40,804"
3037 欣興,2019/10/16,41.1374,41.7883,40.6167,41.4845,"54,564"
3037 欣興,2019/10/15,40.2261,41.0506,39.6186,40.3997,"33,243"
3037 欣興,2019/10/14,38.7941,40.5299,38.1432,40.2261,"45,497"
3037 欣興,2019/10/9,38.7941,38.7941,37.4055,37.4055,"35,449"
3037 欣興,2019/10/8,40.5733,40.7035,39.5752,39.5752,"22,498"
3037 欣興,2019/10/7,39.5318,40.7902,39.4884,40.2695,"30,375"
3037 欣興,2019/10/4,39.3582,40.0959,39.2715,39.3149,"28,949"
3037 欣興,2019/10/3,38.1866,39.2281,38.013,39.1847,"18,851"
3037 欣興,2019/10/2,37.9262,38.9677,37.7093,38.8809,"20,234"
3037 欣興,2019/10/1,38.23,38.6639,37.7093,38.3602,"27,193"
3037 欣興,2019/9/27,39.0545,39.7488,37.7961,37.8829,"33,143"
3037 欣興,2019/9/26,40.0092,40.1827,39.1413,39.2281,"17,593"
3037 欣興,2019/9/25,40.4431,40.6601,39.0545,39.4884,"33,186"
3037 欣興,2019/9/24,41.3544,41.7015,40.4431,40.4865,"26,348"
3037 欣興,2019/9/23,40.3563,42.0053,40.1393,41.3544,"40,870"
3037 欣興,2019/9/20,40.1393,40.3563,39.4016,40.3563,"33,983"
3037 欣興,2019/9/19,40.3997,40.7035,40.0092,40.3563,"28,603"
3037 欣興,2019/9/18,40.1827,40.7468,39.8356,40.1827,"39,305"
3037 欣興,2019/9/17,40.0959,40.877,39.662,40.0092,"46,654"
3037 欣興,2019/9/16,38.5338,40.6167,38.013,40.6167,"78,393"
3037 欣興,2019/9/12,38.3168,39.0111,38.013,39.0111,"44,978"
3037 欣興,2019/9/11,37.4055,38.0564,37.4055,37.5357,"20,694"
3037 欣興,2019/9/10,38.1866,38.2734,37.2319,37.3621,"50,090"
3037 欣興,2019/9/9,38.3602,39.0979,37.4489,38.8809,"44,817"
3037 欣興,2019/9/6,39.9224,39.9224,37.8395,38.0564,"58,384"
3037 欣興,2019/9/5,36.8414,39.2281,36.6244,38.7507,"137,971"
3037 欣興,2019/9/4,34.9321,35.9301,34.7585,35.7999,"41,826"
3037 欣興,2019/9/3,35.7999,36.5376,34.4113,34.5415,"77,852"
3037 欣興,2019/9/2,34.1076,34.9755,34.0208,34.7151,"23,616"
3037 欣興,2019/8/30,34.3679,34.6717,33.8906,33.8906,"22,293"
3037 欣興,2019/8/29,33.9774,34.2812,33.5435,33.8906,"20,547"
3037 欣興,2019/8/28,33.7604,33.9774,33.2831,33.717,"14,267"
3037 欣興,2019/8/27,34.1944,34.3679,33.4567,33.4567,"24,491"
3037 欣興,2019/8/26,34.1076,34.2812,33.6303,33.6736,"32,919"
3037 欣興,2019/8/23,36.0169,36.2339,34.8453,35.2792,"40,050"
3037 欣興,2019/8/22,34.7585,35.8433,34.6283,35.6698,"74,659"
3037 欣興,2019/8/21,34.8019,35.1056,34.0642,34.3246,"31,235"
3037 欣興,2019/8/20,34.6717,35.3226,34.3679,34.6283,"44,006"
3037 欣興,2019/8/19,34.7151,34.7151,34.1076,34.4547,"19,123"
3037 欣興,2019/8/16,35.1056,35.4528,33.9774,34.0642,"45,084"
3037 欣興,2019/8/15,32.9793,34.9321,32.9793,34.5849,"69,927"
3037 欣興,2019/8/14,33.8472,34.8019,33.5869,33.8472,"89,616"
3037 欣興,2019/8/13,32.9793,32.9793,32.1983,32.1983,"25,908"
3037 欣興,2019/8/12,33.3265,33.5001,32.719,33.0227,"38,172"
3037 欣興,2019/8/8,31.6342,33.1095,31.6342,33.1095,"53,612"
3037 欣興,2019/8/7,31.7643,32.502,31.4606,31.5474,"56,640"
3037 欣興,2019/8/6,28.6834,31.1134,28.6834,31.0266,"48,534"
3037 欣興,2019/8/5,32.0681,32.3718,31.07,31.1568,"30,649"
3037 欣興,2019/8/2,31.5474,32.1983,30.2022,31.8077,"67,483"
3037 欣興,2019/8/1,32.2851,33.0228,32.1549,32.3285,"24,793"
3037 欣興,2019/7/31,33.5869,33.8038,32.8058,32.9794,"34,446"
3037 欣興,2019/7/30,35.1491,35.4528,33.1963,33.5869,"34,335"
3037 欣興,2019/7/29,35.1491,35.7132,34.8887,34.8887,"26,354"
3037 欣興,2019/7/26,34.7124,35.1804,34.4572,35.0102,"27,411"
3037 欣興,2019/7/25,34.287,35.0953,34.0318,34.5423,"37,538"
3037 欣興,2019/7/24,34.5423,35.1378,33.5639,33.6064,"43,720"
3037 欣興,2019/7/23,35.5632,35.5632,34.2019,34.2019,"52,486"
3037 欣興,2019/7/22,34.5423,35.5207,34.3721,35.5207,"51,898"
3037 欣興,2019/7/19,35.0953,35.9886,34.2445,34.5423,"104,094"
3037 欣興,2019/7/18,32.4153,34.755,32.1175,33.6064,"135,596"
3037 欣興,2019/7/17,31.6496,32.4153,31.3943,31.607,"58,539"
3037 欣興,2019/7/16,31.8623,32.075,31.2667,31.3518,"23,432"
3037 欣興,2019/7/15,31.3943,31.9048,30.7988,31.6496,"26,177"
3037 欣興,2019/7/12,32.0324,32.4578,31.2242,31.2242,"41,598"
3037 欣興,2019/7/11,30.9689,32.2026,30.6711,31.9048,"54,436"
3037 欣興,2019/7/10,30.6286,31.054,30.3308,30.4584,"44,082"
3037 欣興,2019/7/9,31.607,31.6921,30.0331,30.0331,"41,500"
3037 欣興,2019/7/8,31.5645,31.8197,31.3518,31.607,"23,952"
3037 欣興,2019/7/5,31.8197,32.16,31.5219,31.8623,"25,665"
3037 欣興,2019/7/4,31.9048,32.2877,31.3518,31.7346,"35,393"
3037 欣興,2019/7/3,32.5004,32.5854,31.2667,31.6496,"47,228"
3037 欣興,2019/7/2,32.8407,33.3512,32.3302,32.7556,"42,159"
3037 欣興,2019/7/1,32.3302,32.9683,31.9899,32.9683,"80,371"
3037 欣興,2019/6/28,30.4584,30.8838,29.9905,29.9905,"42,338"
3037 欣興,2019/6/27,29.6077,30.7137,29.48,30.2032,"61,087"
3037 欣興,2019/6/26,29.0546,29.5651,28.7143,29.3524,"32,272"
3037 欣興,2019/6/25,29.3524,29.5651,28.8419,28.927,"23,082"
3037 欣興,2019/6/24,29.6502,29.6927,28.7994,29.4375,"23,824"
3037 欣興,2019/6/21,30.3734,30.5861,29.1823,29.395,"53,395"
3037 欣興,2019/6/20,30.1607,30.4584,29.6502,30.1181,"96,138"
3037 欣興,2019/6/19,28.0762,29.5651,27.9486,29.5651,"81,328"
3037 欣興,2019/6/18,27.4381,27.5657,26.3746,26.8851,"33,572"
3037 欣興,2019/6/17,27.2254,27.9061,26.9702,27.2254,"43,049"
3037 欣興,2019/6/14,28.0762,28.2889,26.9702,27.0553,"36,582"
3037 欣興,2019/6/13,28.0337,28.6292,27.4807,27.7359,"45,966"
3037 欣興,2019/6/12,28.5016,28.8419,27.7784,28.0337,"48,815"
3037 欣興,2019/6/11,26.8,28.7143,26.4597,28.5016,"102,868"
3037 欣興,2019/6/10,24.9708,26.3746,24.8432,26.3746,"58,145"
3037 欣興,2019/6/6,24.2476,24.6305,24.0349,24.3753,"26,274"
3037 欣興,2019/6/5,25.8216,26.0769,24.4178,24.4178,"54,412"
3037 欣興,2019/6/4,24.673,25.3537,24.588,25.0559,"31,720"
3037 欣興,2019/6/3,25.141,25.141,24.3327,24.4178,"35,294"
3037 欣興,2019/5/31,24.12,25.6515,24.12,25.4813,"39,902"
3037 欣興,2019/5/30,24.588,24.9283,24.2051,24.3327,"45,923"
3037 欣興,2019/5/29,23.3118,24.3753,22.8864,24.3753,"34,096"
3037 欣興,2019/5/28,24.2051,24.3753,23.8223,23.8223,"27,706"
3037 欣興,2019/5/27,24.5029,24.6305,23.7372,23.9499,"37,847"
3037 欣興,2019/5/24,24.5029,24.8007,23.6946,23.8223,"60,061"
3037 欣興,2019/5/23,25.0984,25.2261,23.3969,24.0775,"69,134"
3037 欣興,2019/5/22,26.6299,27.353,25.7791,25.9067,"51,895"
3037 欣興,2019/5/21,26.1619,26.6299,25.4813,26.5023,"44,404"
3037 欣興,2019/5/20,27.1404,27.5657,25.4388,25.9067,"66,804"
3037 欣興,2019/5/17,29.9905,30.2032,26.8851,26.8851,"88,255"
3037 欣興,2019/5/16,31.8197,31.9899,29.5226,29.5226,"84,113"
3037 欣興,2019/5/15,30.3734,31.9048,30.2883,31.9048,"72,899"
3037 欣興,2019/5/14,29.8629,30.7988,29.4375,29.7778,"43,987"
3037 欣興,2019/5/13,29.7778,30.4584,29.4375,30.4584,"46,155"
3037 欣興,2019/5/10,29.7778,30.4584,28.7569,29.2673,"65,047"
3037 欣興,2019/5/9,30.3734,30.7137,28.5442,28.7569,"40,681"
3037 欣興,2019/5/8,28.5867,30.3733,28.5016,30.2883,"46,433"
3037 欣興,2019/5/7,28.7568,29.7778,28.7143,29.3949,"34,676"
3037 欣興,2019/5/6,27.9911,28.4591,27.2254,28.1187,"48,478"
3037 欣興,2019/5/3,29.2673,30.033,29.2248,29.6076,"28,535"
3037 欣興,2019/5/2,28.927,29.5651,28.5016,29.2673,"23,955"
3037 欣興,2019/4/30,27.906,29.3099,27.906,29.3099,"43,646"
3037 欣興,2019/4/29,29.2248,29.3099,27.6083,27.6508,"77,239"
3037 欣興,2019/4/26,31.5645,31.6921,30.6711,30.6711,"45,479"
3037 欣興,2019/4/25,31.9048,32.3727,31.3518,32.2876,"47,312"
3037 欣興,2019/4/24,31.3518,32.5003,30.9689,32.2876,"53,014"
3037 欣興,2019/4/23,31.9899,32.0749,30.5435,30.8413,"38,525"
3037 欣興,2019/4/22,32.6705,32.8832,31.8622,31.9899,"30,584"
3037 欣興,2019/4/19,32.0749,33.181,31.607,31.9899,"54,834"
3037 欣興,2019/4/18,32.5854,32.9683,31.4794,31.4794,"27,201"
3037 欣興,2019/4/17,32.16,32.7556,31.8197,31.9473,"27,696"
3037 欣興,2019/4/16,31.7772,33.0108,31.6921,31.6921,"44,493"
3037 欣興,2019/4/15,31.8197,31.8197,31.054,31.5645,"33,718"
3037 欣興,2019/4/12,31.7346,31.9473,30.9264,31.2241,"52,429"
3037 欣興,2019/4/11,31.2241,31.8197,30.501,30.8413,"66,528"
3037 欣興,2019/4/10,30.6286,32.0749,30.3733,30.6286,"87,208"
3037 欣興,2019/4/9,33.734,33.734,30.7562,30.9264,"90,828"
3037 欣興,2019/4/8,31.054,33.734,31.054,33.3937,"130,534"
3037 欣興,2019/4/3,28.2038,30.7562,28.1613,30.6711,"102,946"
3037 欣興,2019/4/2,27.5232,28.0762,27.2679,28.0337,"54,308"
3037 欣興,2019/4/1,25.694,27.6933,25.6089,27.4806,"92,016"
3037 欣興,2019/3/29,25.7791,26.0768,24.673,25.1835,"64,013"
3037 欣興,2019/3/28,25.0133,25.5238,24.5454,25.4387,"34,228"
3037 欣興,2019/3/27,24.5454,25.3111,24.5029,25.226,"47,757"
3037 欣興,2019/3/26,25.9067,26.5873,24.2476,24.5029,"85,197"
3037 欣興,2019/3/25,24.673,25.7791,24.4603,25.7791,"33,833"
3037 欣興,2019/3/22,25.6514,25.9067,25.0133,25.3962,"38,125"
3037 欣興,2019/3/21,24.9708,25.9067,24.9708,25.6514,"52,693"
3037 欣興,2019/3/20,24.0775,25.8641,23.9499,24.8432,"99,496"
3037 欣興,2019/3/19,24.3752,24.4178,23.567,23.6521,"55,321"
3037 欣興,2019/3/18,22.461,24.2051,22.2057,24.2051,"74,809"
3037 欣興,2019/3/15,21.993,22.546,21.8654,22.0356,"48,935"
3037 欣興,2019/3/14,21.3975,21.9505,21.3124,21.6527,"33,887"
3037 欣興,2019/3/13,21.2699,21.4825,21.0572,21.1848,"18,335"
3037 欣興,2019/3/12,21.0572,21.3549,20.9721,21.0997,"19,816"
3037 欣興,2019/3/11,21.0997,21.3124,20.7594,20.7594,"20,955"
3037 欣興,2019/3/8,21.4825,21.4825,20.8445,21.1848,"30,366"
3037 欣興,2019/3/7,21.2699,21.9079,21.0572,21.4825,"53,825"
3037 欣興,2019/3/6,20.9295,21.3549,20.7168,20.9721,"35,136"
3037 欣興,2019/3/5,21.6952,21.8229,20.8445,20.9295,"58,639"
3037 欣興,2019/3/4,20.5892,22.3333,20.5892,22.3333,"59,864"
3037 欣興,2019/2/27,20.8445,21.0146,20.4616,20.5041,"18,687"
3037 欣興,2019/2/26,20.9295,21.3549,20.6318,20.6318,"42,075"
3037 欣興,2019/2/25,19.9086,20.9295,19.7384,20.887,"38,670"
3037 欣興,2019/2/22,20.0362,20.1213,19.6108,19.6959,"14,342"
3037 欣興,2019/2/21,20.0362,20.1638,19.7384,19.9511,"16,915"
3037 欣興,2019/2/20,20.5041,20.5467,19.9511,19.9511,"22,630"
3037 欣興,2019/2/19,20.2064,20.5467,20.0787,20.334,"22,473"
3037 欣興,2019/2/18,21.1422,21.2699,20.1638,20.1638,"32,366"
3037 欣興,2019/2/15,20.5892,20.6743,20.1213,20.5892,"26,622"
3037 欣興,2019/2/14,20.5892,20.887,20.5041,20.5892,"31,484"
3037 欣興,2019/2/13,20.1213,20.6743,20.1213,20.5041,"37,107"
3037 欣興,2019/2/12,19.9086,20.4616,19.9086,19.9937,"37,030"
3037 欣興,2019/2/11,19.6108,19.9086,19.3981,19.781,"30,850"
3037 欣興,2019/1/30,19.6533,19.6533,19.1429,19.1429,"31,600"
3037 欣興,2019/1/29,19.0152,19.4832,18.8876,19.4406,"45,730"
3037 欣興,2019/1/28,18.8876,19.4832,18.6749,19.0152,"40,607"
3037 欣興,2019/1/25,18.5048,18.6749,18.3772,18.4622,"23,376"
3037 欣興,2019/1/24,18.3772,18.5898,18.1645,18.3772,"38,845"
3037 欣興,2019/1/23,18.207,18.2495,17.7816,17.9943,"27,236"
3037 欣興,2019/1/22,18.8025,18.8025,17.8241,18.1645,"38,512"
3037 欣興,2019/1/21,19.1003,19.1854,18.8025,18.8025,"22,923"
3037 欣興,2019/1/18,18.3772,18.9727,18.2495,18.8451,"39,467"
3037 欣興,2019/1/17,18.5473,18.6324,18.1219,18.2495,"22,348"
3037 欣興,2019/1/16,18.1219,18.3772,17.9518,18.3346,"23,137"
3037 欣興,2019/1/15,18.1219,18.2495,17.8667,17.9518,"23,093"
3037 欣興,2019/1/14,17.9092,18.2495,17.5264,17.9092,"45,603"
3037 欣興,2019/1/11,18.9302,19.0578,17.8667,18.0368,"78,196"
3037 欣興,2019/1/10,18.6324,19.0578,18.4622,18.8025,"43,668"
3037 欣興,2019/1/9,20.4191,20.4191,18.76,18.76,"119,732"
3037 欣興,2019/1/8,20.5892,20.9721,20.5041,20.8019,"25,441"
3037 欣興,2019/1/7,21.0572,21.3124,20.4191,20.5041,"59,106"
3037 欣興,2019/1/4,20.4616,20.9721,19.9086,20.334,"62,875"
3037 欣興,2019/1/3,19.4406,20.7168,19.3556,20.5892,"85,659"
3037 欣興,2019/1/2,19.2705,19.7384,19.1429,19.6533,"45,391"
3037 欣興,2018/12/28,19.7384,19.8235,18.8876,18.9727,"42,826"
3037 欣興,2018/12/27,18.9727,19.7384,18.8025,19.7384,"73,287"
3037 欣興,2018/12/26,18.8025,18.9727,17.9518,18.0368,"42,230"
3037 欣興,2018/12/25,19.4406,19.4832,18.5898,18.76,"42,304"
3037 欣興,2018/12/24,19.5257,19.9511,19.3981,19.9511,"29,179"
3037 欣興,2018/12/22,19.5683,19.5683,19.0578,19.2279,"13,289"
3037 欣興,2018/12/21,19.313,19.6533,19.1003,19.4832,"44,466"
3037 欣興,2018/12/20,18.7175,19.5257,18.7175,19.5257,"55,071"
3037 欣興,2018/12/19,19.9937,20.0787,18.9302,18.9302,"54,562"
3037 欣興,2018/12/18,19.313,19.7384,18.9727,19.6533,"61,999"
3037 欣興,2018/12/17,19.4832,20.0787,18.7175,19.1003,"83,076"
3037 欣興,2018/12/14,19.6533,20.0362,19.1429,19.2279,"71,844"
3037 欣興,2018/12/13,20.2489,20.2489,19.4832,19.5257,"72,937"
3037 欣興,2018/12/12,21.5251,21.5676,20.1638,20.5892,"76,874"
3037 欣興,2018/12/11,21.2699,21.3549,20.6318,20.9721,"87,122"
3037 欣興,2018/12/10,19.9086,21.3549,19.9086,20.8019,"150,840"
3037 欣興,2018/12/7,18.3346,19.866,18.3346,19.866,"80,243"
3037 欣興,2018/12/6,19.5683,19.9937,17.7816,18.0794,"64,203"
3037 欣興,2018/12/5,18.6324,19.4832,18.6324,19.4832,"31,024"
3037 欣興,2018/12/4,19.1429,19.6533,18.6749,19.1854,"50,393"
3037 欣興,2018/12/3,18.7175,19.5683,18.6749,19.3556,"71,386"
3037 欣興,2018/11/30,17.1435,18.5898,16.9308,17.9943,"84,706"
3037 欣興,2018/11/29,17.186,17.5264,16.9733,17.0159,"63,606"
3037 欣興,2018/11/28,16.8883,17.1435,16.7181,16.9733,"29,189"
3037 欣興,2018/11/27,16.08,17.0159,15.9949,17.0159,"40,467"
3037 欣興,2018/11/26,16.08,16.3352,15.7397,15.9524,"17,501"
3037 欣興,2018/11/23,16.08,16.1651,15.6546,15.9098,"24,434"
3037 欣興,2018/11/22,17.101,17.1435,15.8673,15.8673,"43,932"
3037 欣興,2018/11/21,16.8457,17.101,16.7181,17.0584,"38,682"
3037 欣興,2018/11/20,16.6756,17.101,16.5905,16.9733,"36,875"
3037 欣興,2018/11/19,16.9733,17.101,16.5905,16.8457,"38,834"
3037 欣興,2018/11/16,16.1651,17.2711,16.1651,16.7181,"124,462"
3037 欣興,2018/11/15,14.8464,15.9098,14.8038,15.9098,"92,292"
3037 欣興,2018/11/14,14.2933,14.5911,14.0381,14.4635,"29,329"
3037 欣興,2018/11/13,13.9956,14.3784,13.4851,14.3359,"36,897"
3037 欣興,2018/11/12,13.6552,14.5486,13.6552,14.2083,"30,757"
3037 欣興,2018/11/9,13.6127,13.8254,13.5276,13.7403,"14,691"
3037 欣興,2018/11/8,13.8679,13.9105,13.3575,13.4425,"11,426"
3037 欣興,2018/11/7,13.2298,13.6978,13.1873,13.6978,"13,086"
3037 欣興,2018/11/6,13.7403,13.8679,13.0597,13.1448,"12,805"
3037 欣興,2018/11/5,13.0597,13.6127,12.9746,13.6127,"10,406"
3037 欣興,2018/11/2,13.2298,13.6127,13.1022,13.2724,"17,148"
3037 欣興,2018/11/1,12.8044,13.3149,12.7619,13.2724,"12,695"
3037 欣興,2018/10/31,12.7194,13.1022,12.7194,12.8044,"16,203"
3037 欣興,2018/10/30,12.3365,12.7619,12.1238,12.4641,"23,870"
3037 欣興,2018/10/29,13.4851,13.6552,12.3365,12.4216,"28,755"
3037 欣興,2018/10/26,13.7829,13.8679,13.4425,13.5276,"12,395"
3037 欣興,2018/10/25,13.5702,13.7829,13.3575,13.6127,"15,205"
3037 欣興,2018/10/24,13.7829,14.0806,13.6978,13.9956,"19,859"
3037 欣興,2018/10/23,13.6552,13.8679,13.6127,13.6127,"7,437"
3037 欣興,2018/10/22,13.6127,13.9956,13.5276,13.9105,"9,841"
3037 欣興,2018/10/19,13.7829,13.7829,13.4851,13.7829,"20,605"
3037 欣興,2018/10/18,13.7829,14.2083,13.6127,14.1232,"16,733"
3037 欣興,2018/10/17,13.7403,13.9105,13.6127,13.6552,"16,584"
3037 欣興,2018/10/16,13.8254,14.1657,13.3149,13.4851,"26,234"
3037 欣興,2018/10/15,13.8679,13.953,13.5276,13.8679,"15,285"
3037 欣興,2018/10/12,13.5276,13.9956,13.4,13.9956,"29,272"
3037 欣興,2018/10/11,13.5276,13.8679,13.4425,13.4425,"46,429"
3037 欣興,2018/10/9,16.2927,16.4203,14.8889,14.9314,"54,646"
3037 欣興,2018/10/8,15.8248,16.3778,15.8248,16.3352,"22,356"
3037 欣興,2018/10/5,16.5905,16.633,15.4845,15.8673,"46,646"
3037 欣興,2018/10/4,16.4629,16.5054,16.2076,16.2927,"15,845"
3037 欣興,2018/10/3,16.6756,16.9733,16.5905,16.5905,"23,337"
3037 欣興,2018/10/2,17.0159,17.0159,16.5479,16.633,"30,436"
3037 欣興,2018/10/1,17.2711,17.3137,16.8883,17.1435,"20,826"
3037 欣興,2018/9/28,17.0159,17.4838,16.8883,17.0584,"63,013"
3037 欣興,2018/9/27,17.0159,17.186,16.5054,16.633,"25,926"
3037 欣興,2018/9/26,17.0159,17.186,16.8457,17.0159,"23,969"
3037 欣興,2018/9/25,16.4203,17.2711,16.3352,17.2711,"45,713"
3037 欣興,2018/9/21,16.8457,16.9733,15.8248,16.2502,"56,805"
3037 欣興,2018/9/20,16.8032,17.1435,16.7606,16.8032,"27,976"
3037 欣興,2018/9/19,17.2711,17.5264,16.7606,16.7606,"44,939"
3037 欣興,2018/9/18,16.7606,17.3987,16.6756,16.8883,"67,753"
3037 欣興,2018/9/17,16.5479,17.3987,16.5054,17.0584,"144,095"
3037 欣興,2018/9/14,15.6971,16.1651,15.527,16.1651,"54,478"
3037 欣興,2018/9/13,15.4419,15.8248,15.2718,15.4419,"32,234"
3037 欣興,2018/9/12,15.1441,15.4845,15.0165,15.4419,"26,865"
3037 欣興,2018/9/11,14.7187,15.0591,14.5486,15.0591,"14,183"
3037 欣興,2018/9/10,14.9314,14.974,14.1657,14.3784,"17,544"
3037 欣興,2018/9/7,15.2718,15.3143,14.8889,14.974,"15,314"
3037 欣興,2018/9/6,15.6121,15.6971,15.3143,15.3143,"19,162"
3037 欣興,2018/9/5,15.5695,15.6546,15.4419,15.4845,"20,553"
3037 欣興,2018/9/4,15.527,15.7397,15.2292,15.3994,"41,611"
3037 欣興,2018/9/3,15.1016,15.3994,14.9314,15.1016,"14,736"
3037 欣興,2018/8/31,15.1016,15.1441,14.8889,14.974,"8,782"
3037 欣興,2018/8/30,15.3143,15.3143,15.0591,15.1441,"8,846"
3037 欣興,2018/8/29,15.3143,15.4419,15.1441,15.1867,"9,931"
3037 欣興,2018/8/28,15.4845,15.6121,15.3143,15.3143,"19,712"
3037 欣興,2018/8/27,15.4419,15.527,15.1441,15.2718,"11,539"
3037 欣興,2018/8/24,15.2292,15.3994,14.974,15.3143,"27,974"
3037 欣興,2018/8/23,14.9314,15.4845,14.8038,15.4845,"51,121"
3037 欣興,2018/8/22,14.5486,14.6337,14.3784,14.6337,"6,123"
3037 欣興,2018/8/21,14.5911,14.6762,14.3359,14.5911,"6,875"
3037 欣興,2018/8/20,15.0591,15.1441,14.3359,14.4635,"15,687"
3037 欣興,2018/8/17,15.3568,15.527,14.8889,14.974,"26,178"
3037 欣興,2018/8/16,14.7613,15.3143,14.6337,15.1867,"32,997"
3037 欣興,2018/8/15,14.8889,15.0165,14.5486,14.6762,"29,238"
3037 欣興,2018/8/14,14.7187,14.8464,14.6337,14.8038,"25,480"
3037 欣興,2018/8/13,14.8038,14.8889,14.2083,14.5486,"46,552"
3037 欣興,2018/8/10,14.3359,14.3784,14.1657,14.1657,"20,650"
3037 欣興,2018/8/9,13.953,14.4635,13.9105,14.4635,"33,102"
3037 欣興,2018/8/8,13.7829,13.8679,13.6978,13.6978,"4,657"
3037 欣興,2018/8/7,13.7829,13.7829,13.6552,13.7829,"3,884"
3037 欣興,2018/8/6,13.7403,13.8254,13.6552,13.7403,"5,230"
3037 欣興,2018/8/3,13.6127,13.7403,13.4851,13.6978,"5,791"
3037 欣興,2018/8/2,13.9105,13.953,13.5276,13.5702,"10,389"
3037 欣興,2018/8/1,13.8679,13.953,13.8679,13.9105,"3,584"
3037 欣興,2018/7/31,13.953,14.0381,13.8254,13.8254,"5,987"
3037 欣興,2018/7/30,13.8679,13.953,13.7829,13.953,"8,504"
3037 欣興,2018/7/27,13.5353,13.7829,13.494,13.7829,"13,681"
3037 欣興,2018/7/26,13.6591,13.7003,13.494,13.494,"7,469"
3037 欣興,2018/7/25,13.7003,13.7829,13.5353,13.6591,"8,906"
3037 欣興,2018/7/24,13.5765,13.7003,13.494,13.6178,"6,312"
3037 欣興,2018/7/23,13.5765,13.6178,13.3289,13.5353,"4,296"
3037 欣興,2018/7/20,13.6591,13.7416,13.4527,13.5353,"6,138"
3037 欣興,2018/7/19,13.6178,13.7003,13.5765,13.5765,"7,302"
3037 欣興,2018/7/18,13.3702,13.5765,13.3702,13.494,"9,029"
3037 欣興,2018/7/17,13.3702,13.4527,13.2464,13.2877,"4,937"
3037 欣興,2018/7/16,13.4115,13.5353,13.3289,13.3702,"5,121"
3037 欣興,2018/7/13,13.3702,13.4115,13.2464,13.3702,"8,176"
3037 欣興,2018/7/12,13.1226,13.3289,13.1226,13.2877,"6,800"
3037 欣興,2018/7/11,13.0813,13.1639,12.9575,13.1226,"4,653"
3037 欣興,2018/7/10,13.0813,13.3702,13.0813,13.1639,"10,615"
3037 欣興,2018/7/9,12.7925,12.9988,12.7099,12.7925,"8,956"
3037 欣興,2018/7/6,13.3702,13.4115,12.6274,12.7099,"18,875"
3037 欣興,2018/7/5,13.2051,13.3702,13.1226,13.3289,"8,168"
3037 欣興,2018/7/4,12.9575,13.2877,12.875,13.0813,"9,693"
3037 欣興,2018/7/3,13.4115,13.5765,13.0401,13.0401,"9,877"
3037 欣興,2018/7/2,13.5765,13.6178,13.3702,13.3702,"5,114"
3037 欣興,2018/6/29,13.4527,13.5353,13.3702,13.4527,"4,591"
3037 欣興,2018/6/28,13.3702,13.5353,13.2051,13.2877,"8,422"
3037 欣興,2018/6/27,13.6591,13.7003,13.3702,13.3702,"8,043"
3037 欣興,2018/6/26,13.7829,13.7829,13.3702,13.5353,"14,922"
3037 欣興,2018/6/25,14.0305,14.1543,13.9479,13.9479,"5,563"
3037 欣興,2018/6/22,14.0717,14.0717,13.9479,13.9479,"8,905"
3037 欣興,2018/6/21,14.2781,14.3193,14.0717,14.113,"9,686"
3037 欣興,2018/6/20,14.4844,14.5256,14.113,14.1955,"17,715"
3037 欣興,2018/6/19,14.6082,14.8558,14.3606,14.3606,"35,926"
3037 欣興,2018/6/15,15.4748,15.9287,14.6082,14.6082,"132,561"
3037 欣興,2018/6/14,14.1543,14.6082,14.0717,14.6082,"35,955"
3037 欣興,2018/6/13,14.1955,14.4844,14.113,14.1543,"33,918"
3037 欣興,2018/6/12,14.113,14.3606,14.0717,14.0717,"9,661"
3037 欣興,2018/6/11,14.2781,14.2781,14.0717,14.113,"5,807"
3037 欣興,2018/6/8,14.1543,14.3193,14.113,14.1543,"7,646"
3037 欣興,2018/6/7,14.2781,14.3606,14.113,14.113,"9,350"
3037 欣興,2018/6/6,14.2368,14.4019,14.1955,14.2368,"9,076"
3037 欣興,2018/6/5,14.5256,14.5256,14.1955,14.2368,"15,337"
3037 欣興,2018/6/4,13.9892,14.5669,13.9479,14.5256,"25,737"
3037 欣興,2018/6/1,13.8654,13.9892,13.8654,13.8654,"5,324"
3037 欣興,2018/5/31,13.9892,14.113,13.8654,13.8654,"9,617"
3037 欣興,2018/5/30,13.9892,14.0717,13.8654,13.8654,"8,224"
3037 欣興,2018/5/29,14.3193,14.3193,14.0305,14.0717,"10,444"
3037 欣興,2018/5/28,14.2781,14.4431,14.2368,14.3606,"6,827"
3037 欣興,2018/5/25,14.4019,14.4431,14.1955,14.1955,"5,711"
3037 欣興,2018/5/24,14.4844,14.5669,14.3606,14.3606,"5,184"
3037 欣興,2018/5/23,14.4844,14.5669,14.3193,14.3606,"3,285"
3037 欣興,2018/5/22,14.732,14.8145,14.4431,14.4431,"6,927"
3037 欣興,2018/5/21,14.1955,14.6494,14.1955,14.5669,"11,375"
3037 欣興,2018/5/18,14.4431,14.5256,14.0717,14.0717,"6,844"
3037 欣興,2018/5/17,14.5669,14.6494,14.4431,14.4431,"6,352"
3037 欣興,2018/5/16,14.4844,14.5256,14.3193,14.4431,"9,669"
3037 欣興,2018/5/15,14.2368,14.6082,14.1955,14.3193,"18,511"
3037 欣興,2018/5/14,14.4019,14.4844,14.113,14.1543,"10,997"
3037 欣興,2018/5/11,14.4431,14.4844,14.113,14.1543,"8,034"
3037 欣興,2018/5/10,14.1543,14.5256,14.113,14.3193,"11,967"
3037 欣興,2018/5/9,14.2781,14.4431,14.1543,14.1543,"9,390"
3037 欣興,2018/5/8,13.9479,14.3193,13.9067,14.1955,"10,473"
3037 欣興,2018/5/7,13.9892,14.1955,13.9067,13.9067,"7,455"
3037 欣興,2018/5/4,14.2368,14.2781,13.7829,13.8241,"10,487"
3037 欣興,2018/5/3,14.113,14.4431,14.113,14.2368,"15,738"
3037 欣興,2018/5/2,14.0305,14.3193,13.7416,14.0717,"14,555"
3037 欣興,2018/4/30,14.113,14.1543,13.7416,13.8654,"13,611"
3037 欣興,2018/4/27,14.0305,14.0305,13.3702,13.6178,"10,368"
3037 欣興,2018/4/26,14.1543,14.2368,13.7003,13.7003,"10,876"
3037 欣興,2018/4/25,13.6591,14.113,13.2051,13.8654,"25,688"
3037 欣興,2018/4/24,14.897,14.9383,13.7416,13.9479,"18,918"
3037 欣興,2018/4/23,15.1034,15.3097,14.7732,14.8145,"10,543"
3037 欣興,2018/4/20,14.9796,15.3097,14.6907,15.0621,"14,731"
3037 欣興,2018/4/19,14.9796,15.2684,14.897,15.0208,"17,691"
3037 欣興,2018/4/18,15.0621,15.4335,14.8145,14.897,"12,143"
3037 欣興,2018/4/17,15.2272,15.516,14.897,14.897,"7,342"
3037 欣興,2018/4/16,15.4335,15.516,15.1446,15.1446,"7,196"
3037 欣興,2018/4/13,15.516,15.7636,15.1859,15.4748,"14,386"
3037 欣興,2018/4/12,14.9383,15.6398,14.897,15.3922,"16,098"
3037 欣興,2018/4/11,15.1034,15.1859,14.8558,14.8558,"8,516"
3037 欣興,2018/4/10,15.0621,15.2272,14.9383,14.9383,"8,260"
3037 欣興,2018/4/9,15.2684,15.2684,14.9383,14.9796,"6,632"
3037 欣興,2018/4/3,15.2684,15.4335,15.1859,15.3097,"7,574"
3037 欣興,2018/4/2,15.6811,15.8049,15.4748,15.4748,"5,484"
3037 欣興,2018/3/31,15.5986,15.8049,15.5573,15.5573,"3,830"
3037 欣興,2018/3/30,15.7636,15.7636,15.4748,15.5573,"7,699"
3037 欣興,2018/3/29,15.8874,15.97,15.516,15.5573,"12,535"
3037 欣興,2018/3/28,16.0525,16.135,15.8462,15.8462,"19,774"
3037 欣興,2018/3/27,15.9287,16.2588,15.6398,16.2176,"20,182"
3037 欣興,2018/3/26,15.4335,15.8462,15.4335,15.5986,"12,261"
3037 欣興,2018/3/23,15.1034,15.6398,15.1034,15.4335,"16,900"
3037 欣興,2018/3/22,16.5064,16.589,15.8462,15.8462,"21,350"
3037 欣興,2018/3/21,16.6302,16.8365,16.3826,16.4652,"24,393"
3037 欣興,2018/3/20,16.3826,16.6715,16.2588,16.5477,"17,967"
3037 欣興,2018/3/19,16.2176,16.6715,16.2176,16.3414,"26,071"
3037 欣興,2018/3/16,16.754,16.8365,16.3001,16.3001,"20,857"
3037 欣興,2018/3/15,16.3826,16.8778,16.3001,16.5477,"24,900"
3037 欣興,2018/3/14,16.5064,16.589,16.3826,16.3826,"12,304"
3037 欣興,2018/3/13,16.3414,16.9191,16.2588,16.6302,"26,742"
3037 欣興,2018/3/12,16.3001,16.589,16.1763,16.3826,"20,397"
3037 欣興,2018/3/9,16.3414,16.5064,16.0112,16.135,"17,604"
3037 欣興,2018/3/8,15.97,16.589,15.97,16.3414,"43,008"
3037 欣興,2018/3/7,15.7636,15.97,15.4748,15.7636,"18,347"
3037 欣興,2018/3/6,15.8462,15.9287,15.6398,15.8874,"11,841"
3037 欣興,2018/3/5,16.135,16.3826,15.516,15.516,"22,433"
3037 欣興,2018/3/2,16.3414,16.4239,16.0938,16.135,"18,496"
3037 欣興,2018/3/1,16.4652,17.0016,16.4652,16.6302,"31,152"
3037 欣興,2018/2/27,16.589,16.7128,16.3001,16.6715,"22,071"
3037 欣興,2018/2/26,16.8365,16.9603,16.4239,16.4239,"18,968"
3037 欣興,2018/2/23,17.0841,17.2905,16.589,16.6715,"33,386"
3037 欣興,2018/2/22,16.4239,17.0841,16.3414,17.0016,"51,131"
3037 欣興,2018/2/21,15.7224,16.589,15.6398,16.4239,"41,733"
3037 欣興,2018/2/12,15.97,16.2588,15.2684,15.2684,"36,161"
3037 欣興,2018/2/9,14.3606,15.8049,14.3193,15.6811,"40,828"
3037 欣興,2018/2/8,16.0938,16.1763,15.0208,15.4335,"24,694"
3037 欣興,2018/2/7,16.4239,16.589,15.97,15.97,"40,042"
3037 欣興,2018/2/6,16.754,16.8778,15.5986,15.7224,"78,326"
3037 欣興,2018/2/5,16.4239,17.4143,16.4239,17.3317,"55,874"
3037 欣興,2018/2/2,17.4968,17.6619,16.9191,17.2492,"72,217"
3037 欣興,2018/2/1,17.6619,17.8682,17.2079,17.4143,"70,291"
3037 欣興,2018/1/31,16.2588,17.7857,16.0525,17.4968,"142,636"
3037 欣興,2018/1/30,16.589,16.8365,15.9287,16.1763,"95,901"
3037 欣興,2018/1/29,15.351,16.3414,15.1034,16.3414,"96,469"
3037 欣興,2018/1/26,15.8049,15.9287,15.3097,15.3097,"75,154"
3037 欣興,2018/1/25,14.6907,15.4335,14.6907,15.351,"108,253"
3037 欣興,2018/1/24,14.5669,14.6494,14.1955,14.2781,"24,044"
3037 欣興,2018/1/23,14.2368,14.6494,14.1955,14.6082,"25,373"
3037 欣興,2018/1/22,14.732,14.732,14.1543,14.1543,"23,293"
3037 欣興,2018/1/19,14.8558,15.0208,14.6907,14.732,"34,752"
3037 欣興,2018/1/18,14.9383,14.9796,14.6082,14.732,"29,845"
3037 欣興,2018/1/17,14.6082,15.1446,14.4844,14.7732,"58,307"
3037 欣興,2018/1/16,14.2368,14.4844,14.1543,14.4844,"14,463"
3037 欣興,2018/1/15,14.4844,14.6082,14.113,14.113,"20,121"
3037 欣興,2018/1/12,14.3606,14.6082,14.3193,14.4431,"24,282"
3037 欣興,2018/1/11,13.9067,14.2781,13.9067,14.2781,"13,041"
3037 欣興,2018/1/10,14.2368,14.3193,13.8654,13.9067,"17,776"
3037 欣興,2018/1/9,14.2368,14.6907,14.2368,14.2781,"51,816"
3037 欣興,2018/1/8,13.9892,14.1955,13.7829,14.1543,"28,166"
3037 欣興,2018/1/5,13.8241,14.1543,13.7416,13.9479,"16,038"
3037 欣興,2018/1/4,13.7416,13.9067,13.6178,13.7416,"10,458"
3037 欣興,2018/1/3,13.9479,14.113,13.7003,13.7003,"16,706"
3037 欣興,2018/1/2,13.5353,13.8654,13.4115,13.8654,"12,617"
3037 欣興,2017/12/29,13.7003,13.7829,13.2877,13.4527,"13,307"
3037 欣興,2017/12/28,13.8654,14.0717,13.5765,13.6591,"21,192"
3037 欣興,2017/12/27,13.9892,14.2368,13.8241,13.8241,"13,316"
3037 欣興,2017/12/26,14.3193,14.4431,13.7829,13.8241,"16,706"
3037 欣興,2017/12/25,14.3606,14.732,14.2368,14.2368,"18,524"
3037 欣興,2017/12/22,14.4431,14.6907,14.2781,14.3193,"15,818"
3037 欣興,2017/12/21,14.3606,14.4844,14.2368,14.2781,"13,380"
3037 欣興,2017/12/20,14.3193,14.8145,14.2368,14.5669,"31,392"
3037 欣興,2017/12/19,14.4844,14.5669,13.9479,14.0717,"22,914"
3037 欣興,2017/12/18,14.6494,15.0621,14.4019,14.4019,"41,719"
3037 欣興,2017/12/15,14.732,14.732,14.113,14.4844,"32,108"
3037 欣興,2017/12/14,14.6907,15.0208,14.4431,14.7732,"38,289"
3037 欣興,2017/12/13,14.732,15.1859,14.6082,14.6907,"82,851"
3037 欣興,2017/12/12,13.0401,14.1955,13.0401,14.113,"61,501"
3037 欣興,2017/12/11,12.9163,13.0401,12.6687,12.9163,"10,433"
3037 欣興,2017/12/8,13.4527,13.6178,12.875,12.9163,"22,346"
3037 欣興,2017/12/7,13.0813,13.7829,12.6687,13.5765,"46,993"
3037 欣興,2017/12/6,12.4623,13.0813,12.4623,13.0401,"19,705"
3037 欣興,2017/12/5,12.6274,12.6687,12.4211,12.4211,"5,722"
3037 欣興,2017/12/4,12.5036,12.875,12.5036,12.7099,"8,875"
3037 欣興,2017/12/1,12.9163,12.9988,12.4623,12.5449,"9,062"
3037 欣興,2017/11/30,12.7512,13.0813,12.7099,12.875,"12,696"
3037 欣興,2017/11/29,12.875,12.9575,12.7099,12.7512,"5,896"
3037 欣興,2017/11/28,12.6687,12.875,12.6274,12.875,"4,931"
3037 欣興,2017/11/27,13.0401,13.0813,12.6274,12.6274,"9,483"
3037 欣興,2017/11/24,12.8337,13.1639,12.8337,12.9988,"8,380"
3037 欣興,2017/11/23,12.9988,13.0813,12.6274,12.7512,"13,001"
3037 欣興,2017/11/22,13.3702,13.4115,12.9575,12.9988,"13,247"
3037 欣興,2017/11/21,13.3289,13.6178,13.2877,13.3289,"12,859"
3037 欣興,2017/11/20,13.494,13.494,13.2051,13.2877,"7,458"
3037 欣興,2017/11/17,13.8241,13.8654,13.4115,13.5353,"13,028"
3037 欣興,2017/11/16,13.5765,13.8241,13.4115,13.7416,"11,294"
3037 欣興,2017/11/15,13.7829,13.7829,13.6178,13.6178,"11,116"
3037 欣興,2017/11/14,14.4019,14.5669,14.0717,14.0717,"7,319"
3037 欣興,2017/11/13,14.6907,14.7732,14.3606,14.4019,"16,271"
3037 欣興,2017/11/10,14.9383,15.351,14.8558,15.1859,"12,743"
3037 欣興,2017/11/9,15.4748,15.5986,14.5256,14.8145,"23,296"
3037 欣興,2017/11/8,15.351,16.0112,15.3097,15.4748,"49,846"
3037 欣興,2017/11/7,14.9796,15.3097,14.6907,15.2684,"18,551"
3037 欣興,2017/11/6,15.0621,15.516,15.0208,15.0621,"23,350"
3037 欣興,2017/11/3,14.4431,15.1859,14.3606,14.897,"30,679"
3037 欣興,2017/11/2,14.4844,14.6494,14.2781,14.2781,"8,067"
3037 欣興,2017/11/1,14.1955,14.4431,14.113,14.3606,"10,718"
3037 欣興,2017/10/31,14.0305,14.2781,13.8241,14.1955,"5,766"
3037 欣興,2017/10/30,14.113,14.1543,13.7416,13.8241,"3,192"
3037 欣興,2017/10/27,14.1543,14.2368,13.8241,13.8654,"4,321"
3037 欣興,2017/10/26,14.1543,14.1955,13.9479,13.9892,"3,564"
3037 欣興,2017/10/25,14.2368,14.3193,14.0717,14.113,"9,440"
3037 欣興,2017/10/24,13.6591,13.9892,13.5765,13.9892,"7,449"
3037 欣興,2017/10/23,13.7003,13.8241,13.5765,13.5765,"2,850"
3037 欣興,2017/10/20,13.4527,13.6178,13.4115,13.6178,"3,180"
3037 欣興,2017/10/19,13.6591,13.7003,13.4527,13.494,"3,328"
3037 欣興,2017/10/18,13.8654,13.9067,13.5353,13.5353,"4,209"
3037 欣興,2017/10/17,13.9067,13.9479,13.7829,13.8241,"2,694"
3037 欣興,2017/10/16,13.9067,13.9892,13.7829,13.9067,"3,096"
3037 欣興,2017/10/13,13.7416,13.9067,13.7003,13.7829,"4,220"
3037 欣興,2017/10/12,13.8654,13.9479,13.7416,13.7416,"3,656"
3037 欣興,2017/10/11,13.5765,13.7416,13.494,13.6591,"4,356"
3037 欣興,2017/10/6,13.8654,13.8654,13.494,13.494,"4,561"
3037 欣興,2017/10/5,13.6178,13.9067,13.5765,13.7829,"3,992"
3037 欣興,2017/10/3,13.7003,13.7416,13.5353,13.5353,"1,936"
3037 欣興,2017/10/2,13.7416,13.7829,13.6178,13.7003,"2,671"
3037 欣興,2017/9/30,13.494,13.7829,13.494,13.6178,"2,500"
3037 欣興,2017/9/29,13.4527,13.494,13.2464,13.494,"4,051"
3037 欣興,2017/9/28,13.5353,13.5353,13.2877,13.3702,"3,877"
3037 欣興,2017/9/27,13.4527,13.6178,13.4115,13.4115,"5,617"
3037 欣興,2017/9/26,13.7829,13.9479,13.3702,13.3702,"8,873"
3037 欣興,2017/9/25,14.6082,14.6082,13.6178,13.8241,"12,878"
3037 欣興,2017/9/22,14.6082,15.1034,14.5669,14.5669,"17,022"
3037 欣興,2017/9/21,14.3606,14.6082,14.2368,14.4019,"3,575"
3037 欣興,2017/9/20,14.5669,14.732,14.2781,14.3193,"6,715"
3037 欣興,2017/9/19,14.9383,14.9796,14.4431,14.4844,"7,291"
3037 欣興,2017/9/18,14.6494,14.9383,14.5256,14.7732,"13,030"
3037 欣興,2017/9/15,14.4431,14.6082,14.3606,14.5669,"9,096"
3037 欣興,2017/9/14,14.5256,14.5256,14.1955,14.3193,"5,164"
3037 欣興,2017/9/13,14.2781,14.7732,14.1955,14.4844,"13,988"
3037 欣興,2017/9/12,14.3606,14.4019,14.1955,14.1955,"3,795"
3037 欣興,2017/9/11,14.2781,14.4019,14.1955,14.2368,"4,776"
3037 欣興,2017/9/8,14.2781,14.3193,14.0717,14.113,"3,883"
3037 欣興,2017/9/7,14.1955,14.3606,14.0717,14.1955,"6,709"
3037 欣興,2017/9/6,14.2368,14.3606,14.0305,14.0717,"5,572"
3037 欣興,2017/9/5,14.3606,14.4019,14.113,14.1955,"4,959"
3037 欣興,2017/9/4,14.113,14.4431,14.0305,14.2368,"5,069"
3037 欣興,2017/9/1,14.1543,14.3193,14.113,14.1543,"4,285"
3037 欣興,2017/8/31,14.4431,14.4431,14.0305,14.2368,"5,988"
3037 欣興,2017/8/30,14.2781,14.4019,14.1955,14.3193,"5,543"
3037 欣興,2017/8/29,14.0305,14.3606,14.0305,14.1955,"6,231"
3037 欣興,2017/8/28,14.2781,14.4019,13.9892,14.0305,"9,015"
3037 欣興,2017/8/25,14.0305,14.4844,13.9479,14.4019,"13,975"
3037 欣興,2017/8/24,13.7829,13.9479,13.7829,13.9479,"4,768"
3037 欣興,2017/8/23,13.9892,13.9892,13.6591,13.6591,"3,718"
3037 欣興,2017/8/22,13.9067,14.1543,13.8654,13.8654,"7,241"
3037 欣興,2017/8/21,13.4527,13.9067,13.3289,13.9067,"7,893"
3037 欣興,2017/8/18,13.7416,13.7416,13.3702,13.3702,"11,168"
3037 欣興,2017/8/17,13.7829,14.0305,13.6591,13.8654,"8,293"
3037 欣興,2017/8/16,13.7003,13.9067,13.6178,13.7003,"9,304"
3037 欣興,2017/8/15,14.113,14.1955,13.6178,13.7003,"11,557"
3037 欣興,2017/8/14,14.6082,14.6082,13.8654,13.9479,"14,076"
3037 欣興,2017/8/11,14.3193,14.6907,14.3193,14.5669,"6,946"
3037 欣興,2017/8/10,14.732,14.8558,14.3193,14.3606,"8,990"
3037 欣興,2017/8/9,15.2272,15.2684,14.5669,14.6494,"17,556"
3037 欣興,2017/8/8,15.7224,15.8049,15.2684,15.351,"12,314"
3037 欣興,2017/8/7,15.5592,15.803,15.478,15.6811,"12,336"
3037 欣興,2017/8/4,15.5999,15.7217,15.3967,15.5186,"9,441"
3037 欣興,2017/8/3,15.6811,15.8842,15.5999,15.5999,"8,853"
3037 欣興,2017/8/2,15.7217,16.0873,15.5999,15.5999,"24,120"
3037 欣興,2017/8/1,15.9248,16.0467,15.7217,15.8436,"11,503"
3037 欣興,2017/7/31,15.9248,16.1686,15.4374,15.9655,"27,973"
3037 欣興,2017/7/28,15.2342,15.9248,15.0311,15.8842,"32,944"
3037 欣興,2017/7/27,14.6249,15.2749,14.5842,15.2749,"32,288"
3037 欣興,2017/7/26,14.828,14.9499,14.5436,14.5436,"7,724"
3037 欣興,2017/7/25,14.6249,14.7874,14.5436,14.7467,"5,867"
3037 欣興,2017/7/24,14.5842,14.9499,14.503,14.6655,"12,615"
3037 欣興,2017/7/21,14.5842,14.7467,14.503,14.5436,"2,896"
3037 欣興,2017/7/20,14.7467,14.7467,14.503,14.5436,"4,241"
3037 欣興,2017/7/19,14.6249,14.7467,14.5436,14.5842,"5,072"
3037 欣興,2017/7/18,14.9092,14.9092,14.6249,14.7061,"7,914"
3037 欣興,2017/7/17,14.9092,15.1936,14.8686,14.9092,"15,916"
3037 欣興,2017/7/14,14.6249,15.153,14.503,14.7874,"19,519"
3037 欣興,2017/7/13,14.5842,14.6655,14.4624,14.503,"5,509"
3037 欣興,2017/7/12,14.3405,14.5842,14.2999,14.503,"6,244"
3037 欣興,2017/7/11,14.1374,14.2999,14.0561,14.2999,"3,708"
3037 欣興,2017/7/10,14.2186,14.3405,14.0561,14.0967,"4,518"
3037 欣興,2017/7/7,14.178,14.2999,14.0967,14.0967,"4,149"
3037 欣興,2017/7/6,14.3405,14.4217,14.1374,14.2186,"4,140"
3037 欣興,2017/7/5,14.503,14.5436,14.2186,14.3405,"3,498"
3037 欣興,2017/7/4,14.5842,14.7061,14.4624,14.4624,"5,394"
3037 欣興,2017/7/3,14.4624,14.503,14.3405,14.4624,"2,891"
3037 欣興,2017/6/30,14.178,14.3405,14.1374,14.3405,"4,477"
3037 欣興,2017/6/29,14.6249,14.6655,14.2999,14.2999,"4,735"
3037 欣興,2017/6/28,14.503,14.7467,14.4217,14.4624,"7,749"
3037 欣興,2017/6/27,14.7874,14.8686,14.503,14.6655,"7,085"
3037 欣興,2017/6/26,14.6249,14.7874,14.5842,14.7467,"6,113"
3037 欣興,2017/6/23,14.8686,14.9499,14.6249,14.6249,"7,375"
3037 欣興,2017/6/22,15.0311,15.1936,14.8686,14.8686,"31,496"
3037 欣興,2017/6/21,14.178,14.6249,14.1374,14.5842,"8,090"
3037 欣興,2017/6/20,14.3405,14.4624,14.178,14.178,"3,646"
3037 欣興,2017/6/19,14.5842,14.6249,14.2999,14.2999,"6,067"
3037 欣興,2017/6/16,14.3811,14.828,14.3405,14.4217,"21,257"
3037 欣興,2017/6/15,14.2592,14.2999,14.0967,14.2999,"5,250"
3037 欣興,2017/6/14,14.1374,14.2186,13.7311,14.2186,"7,874"
3037 欣興,2017/6/13,13.9342,14.0967,13.8124,14.0561,"4,251"
3037 欣興,2017/6/12,14.0967,14.178,13.853,13.853,"6,030"
3037 欣興,2017/6/9,14.2999,14.4217,14.1374,14.2186,"4,661"
3037 欣興,2017/6/8,14.2999,14.3811,14.1374,14.178,"5,435"
3037 欣興,2017/6/7,14.5842,14.6249,14.2592,14.2592,"8,364"
3037 欣興,2017/6/6,14.503,14.7061,14.3811,14.6655,"24,578"
3037 欣興,2017/6/5,13.9749,14.4217,13.8936,14.2999,"7,371"
3037 欣興,2017/6/3,14.0155,14.0967,13.8936,13.9749,"2,014"
3037 欣興,2017/6/2,13.8936,14.178,13.8936,13.9749,"5,904"
3037 欣興,2017/6/1,14.0561,14.0967,13.7717,13.8936,"5,649"
3037 欣興,2017/5/31,13.8124,14.2186,13.6499,14.1374,"5,868"
3037 欣興,2017/5/26,13.9749,14.0561,13.6092,13.7311,"6,448"
3037 欣興,2017/5/25,14.1374,14.1374,13.9749,13.9749,"4,245"
3037 欣興,2017/5/24,14.2592,14.3405,14.0967,14.0967,"2,859"
3037 欣興,2017/5/23,14.1374,14.3405,14.0967,14.178,"2,999"
3037 欣興,2017/5/22,14.3811,14.3811,14.0561,14.178,"2,530"
3037 欣興,2017/5/19,14.1374,14.3405,14.0561,14.2592,"3,941"
3037 欣興,2017/5/18,13.9342,14.0967,13.853,14.0155,"4,512"
3037 欣興,2017/5/17,14.3405,14.4624,14.1374,14.2186,"4,499"
3037 欣興,2017/5/16,14.2999,14.503,14.2186,14.2592,"7,833"
3037 欣興,2017/5/15,14.2186,14.2999,13.9342,14.0561,"8,313"
3037 欣興,2017/5/12,14.5436,14.7467,14.1374,14.1374,"13,290"
3037 欣興,2017/5/11,14.7061,14.7061,14.3405,14.3811,"7,545"
3037 欣興,2017/5/10,14.4217,14.8686,14.3405,14.7874,"10,563"
3037 欣興,2017/5/9,14.3811,14.6249,14.0561,14.2999,"11,489"
3037 欣興,2017/5/8,14.7874,14.7874,14.178,14.178,"6,716"
3037 欣興,2017/5/5,14.6249,14.7874,14.4624,14.503,"7,598"
3037 欣興,2017/5/4,14.6655,14.9499,14.5842,14.8686,"8,439"
3037 欣興,2017/5/3,15.0311,15.0717,14.503,14.5436,"9,187"
3037 欣興,2017/5/2,15.3155,15.478,14.9905,14.9905,"16,766"
3037 欣興,2017/4/28,14.7061,15.3561,14.5436,15.1124,"32,666"
3037 欣興,2017/4/27,14.6655,14.6655,14.3811,14.503,"5,742"
3037 欣興,2017/4/26,14.503,14.7061,14.3811,14.5436,"11,121"
3037 欣興,2017/4/25,14.3811,14.4624,14.178,14.3811,"5,923"
3037 欣興,2017/4/24,14.7467,14.828,14.2186,14.2592,"8,743"
3037 欣興,2017/4/21,14.4217,14.7467,14.2592,14.6249,"16,765"
3037 欣興,2017/4/20,14.3811,14.503,14.0561,14.0561,"10,683"
3037 欣興,2017/4/19,14.0561,14.5436,14.0561,14.3811,"10,711"
3037 欣興,2017/4/18,14.4624,14.828,14.3811,14.5436,"14,777"
3037 欣興,2017/4/17,14.503,14.6655,13.4874,14.0155,"22,980"
3037 欣興,2017/4/14,15.1936,15.1936,14.4217,14.4624,"24,293"
3037 欣興,2017/4/13,14.8686,15.3967,14.7061,15.2748,"43,851"
3037 欣興,2017/4/12,14.2592,14.8686,14.2592,14.6249,"38,081"
3037 欣興,2017/4/11,14.6249,14.7467,14.1374,14.178,"18,091"
3037 欣興,2017/4/10,14.4217,14.9092,14.2999,14.6249,"20,802"
3037 欣興,2017/4/7,13.9749,14.5436,13.9342,14.5436,"33,410"
3037 欣興,2017/4/6,13.9749,14.1374,13.853,13.8936,"11,541"
3037 欣興,2017/4/5,13.6499,14.0967,13.6092,14.0155,"21,828"
3037 欣興,2017/3/31,13.6092,13.7311,13.3249,13.5686,"18,131"
3037 欣興,2017/3/30,14.0155,14.0155,13.6499,13.6499,"15,834"
3037 欣興,2017/3/29,13.203,13.8124,13.203,13.8124,"42,085"
3037 欣興,2017/3/28,12.9999,13.0811,12.5124,12.9592,"13,812"
3037 欣興,2017/3/27,13.1217,13.3655,12.6749,12.7155,"14,455"
3037 欣興,2017/3/24,12.6749,13.7717,12.5124,13.0811,"37,491"
3037 欣興,2017/3/23,12.7967,12.8374,12.5936,12.5936,"7,534"
3037 欣興,2017/3/22,12.2686,12.7561,12.1468,12.7155,"9,045"
3037 欣興,2017/3/21,12.3499,12.7561,12.3093,12.4311,"17,858"
3037 欣興,2017/3/20,12.3905,12.4311,12.1874,12.3093,"11,177"
3037 欣興,2017/3/17,11.9436,12.2686,11.8624,12.228,"13,448"
3037 欣興,2017/3/16,11.6593,11.8624,11.6186,11.8624,"7,869"
3037 欣興,2017/3/15,11.6999,11.7811,11.578,11.6186,"3,273"
3037 欣興,2017/3/14,11.6186,11.7811,11.578,11.6999,"7,749"
3037 欣興,2017/3/13,11.5374,11.578,11.4561,11.578,"3,293"
3037 欣興,2017/3/10,11.5374,11.5374,11.1718,11.4968,"6,944"
3037 欣興,2017/3/9,11.578,11.6186,11.3749,11.5374,"3,925"
3037 欣興,2017/3/8,11.5374,11.7405,11.5374,11.578,"7,315"
3037 欣興,2017/3/7,11.3343,11.4968,11.3343,11.4561,"5,598"
3037 欣興,2017/3/6,11.4155,11.4561,11.2936,11.2936,"3,043"
3037 欣興,2017/3/3,11.4561,11.4968,11.3749,11.3749,"2,983"
3037 欣興,2017/3/2,11.4968,11.6186,11.2936,11.3749,"5,528"
3037 欣興,2017/3/1,11.6593,11.6593,11.3343,11.4155,"7,289"
3037 欣興,2017/2/24,11.5374,11.6593,11.4561,11.6593,"4,922"
3037 欣興,2017/2/23,11.3749,11.6999,11.3343,11.578,"12,765"
3037 欣興,2017/2/22,11.4561,11.578,11.2936,11.3343,"7,046"
3037 欣興,2017/2/21,11.578,11.6186,11.2936,11.3749,"6,774"
3037 欣興,2017/2/20,11.3343,11.7405,11.253,11.6593,"17,391"
3037 欣興,2017/2/18,11.2124,11.3343,11.1311,11.2124,"4,213"
3037 欣興,2017/2/17,11.1718,11.253,11.0499,11.1718,"3,264"
3037 欣興,2017/2/16,11.2936,11.3749,11.1311,11.1718,"7,314"
3037 欣興,2017/2/15,11.0093,11.2936,10.9686,11.1311,"13,184"
3037 欣興,2017/2/14,10.8061,11.0499,10.7249,10.928,"4,589"
3037 欣興,2017/2/13,10.8468,10.928,10.7249,10.8061,"2,812"
3037 欣興,2017/2/10,10.928,11.0093,10.8468,10.8468,"2,744"
3037 欣興,2017/2/9,11.0093,11.0905,10.8468,10.928,"4,278"
3037 欣興,2017/2/8,10.8061,11.1311,10.7655,11.0093,"7,554"
3037 欣興,2017/2/7,10.8468,10.8468,10.7249,10.7655,"2,526"
3037 欣興,2017/2/6,10.9686,11.1311,10.8061,10.8468,"8,292"
3037 欣興,2017/2/3,10.4811,10.8468,10.4405,10.8468,"11,100"
3037 欣興,2017/2/2,9.9937,10.5218,9.9937,10.3593,"6,632"
3037 欣興,2017/1/24,10.0749,10.0749,9.9124,9.9937,"1,997"
3037 欣興,2017/1/23,10.0343,10.1562,9.9937,10.0343,"2,103"
3037 欣興,2017/1/20,9.953,10.0343,9.953,9.953,"1,346"
3037 欣興,2017/1/19,9.9937,10.0749,9.9124,9.953,"1,979"
3037 欣興,2017/1/18,10.0343,10.0749,9.953,9.9937,"1,382"
3037 欣興,2017/1/17,9.9937,10.0749,9.953,10.0343,"1,401"
3037 欣興,2017/1/16,10.1968,10.1968,9.953,9.9937,"2,070"
3037 欣興,2017/1/13,10.2374,10.2374,10.1562,10.1968,961
3037 欣興,2017/1/12,10.1562,10.3593,10.1155,10.2374,"4,684"
3037 欣興,2017/1/11,10.0749,10.1155,10.0343,10.1155,"1,102"
3037 欣興,2017/1/10,10.1562,10.1968,10.0343,10.0343,"1,256"
3037 欣興,2017/1/9,10.3593,10.3593,10.1562,10.1562,"1,402"
3037 欣興,2017/1/6,10.3593,10.3999,10.278,10.3186,"2,091"
3037 欣興,2017/1/5,10.2374,10.3593,10.1968,10.278,"2,741"
3037 欣興,2017/1/4,10.0749,10.2374,10.0749,10.1968,"2,092"
3037 欣興,2017/1/3,10.0749,10.1155,9.9937,10.0343,"1,241"
3037 欣興,2016/12/30,10.0343,10.1155,9.9937,10.0749,"1,505"
3037 欣興,2016/12/29,10.0343,10.0749,9.9937,9.9937,980
3037 欣興,2016/12/28,10.0343,10.1155,9.9937,10.1155,"1,165"
3037 欣興,2016/12/27,9.9937,10.0749,9.953,9.9937,890
3037 欣興,2016/12/26,9.9937,10.0749,9.9937,10.0343,985
3037 欣興,2016/12/23,9.9937,10.0749,9.953,9.953,880
3037 欣興,2016/12/22,10.0343,10.0749,9.953,9.953,"1,015"
3037 欣興,2016/12/21,9.953,10.0749,9.9124,9.953,"1,321"
3037 欣興,2016/12/20,10.0343,10.0343,9.8718,9.9124,"1,532"
3037 欣興,2016/12/19,10.2374,10.2374,9.9937,9.9937,"2,317"
3037 欣興,2016/12/16,10.1968,10.3999,10.1562,10.2374,"4,119"
3037 欣興,2016/12/15,10.0343,10.1562,10.0343,10.1562,"1,695"
3037 欣興,2016/12/14,10.0749,10.1968,10.0343,10.0343,"2,186"
3037 欣興,2016/12/13,10.0749,10.1968,9.9937,10.0343,"2,576"
3037 欣興,2016/12/12,9.953,10.1155,9.9124,10.0343,"3,097"
3037 欣興,2016/12/9,9.9124,9.953,9.8718,9.9124,"1,455"
3037 欣興,2016/12/8,9.953,9.9937,9.8718,9.9124,"2,140"
3037 欣興,2016/12/7,9.953,9.953,9.7905,9.9124,"1,627"
3037 欣興,2016/12/6,9.8718,9.953,9.8312,9.8718,"1,415"
3037 欣興,2016/12/5,10.0343,10.0343,9.8312,9.8718,"1,565"
3037 欣興,2016/12/2,9.9124,9.9937,9.8312,9.9937,"1,800"
3037 欣興,2016/12/1,9.7499,10.0343,9.7499,9.9124,"3,826"
3037 欣興,2016/11/30,9.7905,9.8312,9.7093,9.7093,"1,822"
3037 欣興,2016/11/29,9.6687,9.8312,9.6687,9.7499,"1,420"
3037 欣興,2016/11/28,9.6687,9.7905,9.6687,9.7093,"1,202"
3037 欣興,2016/11/25,9.8718,9.8718,9.5874,9.628,"2,337"
3037 欣興,2016/11/24,9.8312,9.8312,9.7499,9.7905,820
3037 欣興,2016/11/23,9.8718,9.953,9.7499,9.7905,"1,712"
3037 欣興,2016/11/22,9.7499,9.953,9.7093,9.8312,"4,529"
3037 欣興,2016/11/21,9.628,9.7905,9.628,9.7499,"1,709"
3037 欣興,2016/11/18,9.5062,9.6687,9.4249,9.628,"2,495"
3037 欣興,2016/11/17,9.4655,9.5468,9.3843,9.3843,"1,819"
3037 欣興,2016/11/16,9.3843,9.4249,9.3437,9.4249,"2,562"
3037 欣興,2016/11/15,9.1812,9.3843,9.1812,9.303,"1,981"
3037 欣興,2016/11/14,9.3437,9.4249,9.2218,9.303,"1,765"
3037 欣興,2016/11/11,9.5874,9.628,9.2624,9.3437,"3,031"
3037 欣興,2016/11/10,9.628,9.7093,9.5874,9.6687,"2,014"
3037 欣興,2016/11/9,9.8718,9.9124,9.3843,9.4249,"4,978"
3037 欣興,2016/11/8,9.9124,9.953,9.7905,9.8312,"1,647"
3037 欣興,2016/11/7,9.953,9.9937,9.8718,9.8718,"2,097"
3037 欣興,2016/11/4,9.9937,10.0343,9.8718,9.9124,"2,422"
3037 欣興,2016/11/3,10.2374,10.3186,9.9124,9.9937,"4,066"
3037 欣興,2016/11/2,10.278,10.3593,10.1968,10.1968,"2,406"
3037 欣興,2016/11/1,10.5218,10.5624,10.3186,10.3593,"4,021"
3037 欣興,2016/10/31,10.3999,10.603,10.3593,10.603,"3,991"
3037 欣興,2016/10/28,10.6843,10.6843,10.5218,10.5218,"1,255"
3037 欣興,2016/10/27,10.603,10.7249,10.603,10.603,"1,779"
3037 欣興,2016/10/26,10.603,10.6843,10.5624,10.603,"1,485"
3037 欣興,2016/10/25,10.6843,10.6843,10.5624,10.603,"1,879"
3037 欣興,2016/10/24,10.5218,10.6843,10.4811,10.603,"4,047"
3037 欣興,2016/10/21,10.4405,10.603,10.3999,10.4405,"3,156"
3037 欣興,2016/10/20,10.4405,10.5218,10.3593,10.3999,"1,920"
3037 欣興,2016/10/19,10.5218,10.5218,10.3593,10.3999,"1,809"
3037 欣興,2016/10/18,10.3186,10.4811,10.3186,10.4811,"1,572"
3037 欣興,2016/10/17,10.3186,10.3186,10.1968,10.3186,"1,705"
3037 欣興,2016/10/14,10.5218,10.5218,10.3186,10.3186,"2,461"
3037 欣興,2016/10/13,10.5218,10.5624,10.4405,10.4811,"1,681"
3037 欣興,2016/10/12,10.4405,10.603,10.3593,10.4811,"3,383"
3037 欣興,2016/10/11,10.6843,10.7249,10.3593,10.4405,"6,869"
3037 欣興,2016/10/7,10.8468,10.8468,10.7249,10.7655,"1,928"
3037 欣興,2016/10/6,10.928,10.928,10.7655,10.8468,"2,802"
3037 欣興,2016/10/5,10.928,10.928,10.7655,10.8468,"2,205"
3037 欣興,2016/10/4,10.6436,10.9686,10.6436,10.8874,"4,704"
3037 欣興,2016/10/3,10.7655,10.8061,10.6436,10.6436,"1,099"
3037 欣興,2016/9/30,10.7249,10.8061,10.603,10.7655,"2,317"
3037 欣興,2016/9/29,10.928,10.928,10.7249,10.7655,"3,983"
3037 欣興,2016/9/26,10.8874,10.9686,10.7655,10.8468,"1,844"
3037 欣興,2016/9/23,10.8874,10.928,10.8061,10.8874,"3,360"
3037 欣興,2016/9/22,10.8468,10.8468,10.7249,10.8061,"1,918"
3037 欣興,2016/9/21,10.603,10.8468,10.603,10.7655,"2,884"
3037 欣興,2016/9/20,10.6436,10.6436,10.5218,10.603,"1,473"
3037 欣興,2016/9/19,10.5624,10.6436,10.5218,10.5624,"1,820"
3037 欣興,2016/9/14,10.5624,10.6436,10.4405,10.4405,"2,762"
3037 欣興,2016/9/13,10.6843,10.7249,10.5624,10.603,"1,988"
3037 欣興,2016/9/12,10.7249,10.7655,10.603,10.603,"2,624"
3037 欣興,2016/9/10,10.6436,10.8061,10.603,10.7249,"2,317"
3037 欣興,2016/9/9,10.928,10.9686,10.7655,10.8468,"4,280"
3037 欣興,2016/9/8,10.8468,11.1311,10.8468,10.9686,"7,277"
3037 欣興,2016/9/7,10.8468,10.8468,10.7249,10.8468,"3,453"
3037 欣興,2016/9/6,10.5218,10.928,10.4811,10.8061,"12,548"
3037 欣興,2016/9/5,10.5624,10.5624,10.3999,10.4405,"2,927"
3037 欣興,2016/9/2,10.603,10.6436,10.4405,10.4405,"3,866"
3037 欣興,2016/9/1,10.5624,10.6843,10.5218,10.5624,"2,970"
3037 欣興,2016/8/31,10.603,10.603,10.5218,10.5624,"1,921"
3037 欣興,2016/8/30,10.6843,10.7249,10.5624,10.5624,"2,250"
3037 欣興,2016/8/29,10.6843,10.8061,10.6436,10.6436,"1,843"
3037 欣興,2016/8/26,10.7249,10.7249,10.6436,10.6843,"1,217"
3037 欣興,2016/8/25,10.6436,10.7249,10.603,10.7249,"2,488"
3037 欣興,2016/8/24,10.6436,10.6843,10.5218,10.603,"2,429"
3037 欣興,2016/8/23,10.5624,10.7249,10.5624,10.603,"2,525"
3037 欣興,2016/8/22,10.603,10.603,10.4811,10.4811,"1,387"
3037 欣興,2016/8/19,10.7249,10.7655,10.5624,10.603,"2,788"
3037 欣興,2016/8/18,10.4811,10.8468,10.4405,10.6436,"7,153"
3037 欣興,2016/8/17,10.5218,10.5624,10.4405,10.4405,"2,319"
3037 欣興,2016/8/16,10.6436,10.6436,10.4811,10.5218,"2,750"
3037 欣興,2016/8/15,10.5624,10.603,10.4811,10.603,"2,428"
3037 欣興,2016/8/12,10.4811,10.5624,10.3999,10.5624,"3,109"
3037 欣興,2016/8/11,10.3999,10.4811,10.3593,10.4405,"3,563"
3037 欣興,2016/8/10,10.5624,10.603,10.3999,10.4405,"5,845"
3037 欣興,2016/8/9,10.6436,10.7249,10.4811,10.5624,"4,448"
3037 欣興,2016/8/8,10.7249,10.7655,10.6436,10.6436,"2,733"
3037 欣興,2016/8/5,10.6436,10.7249,10.6436,10.6843,"3,933"
3037 欣興,2016/8/4,10.603,10.7249,10.5624,10.603,"5,707"
3037 欣興,2016/8/3,10.6843,10.7655,10.5624,10.603,"9,892"
3037 欣興,2016/8/2,10.9686,10.9686,10.7249,10.7249,"7,559"
3037 欣興,2016/8/1,10.9686,11.0499,10.8874,10.9686,"5,780"
3037 欣興,2016/7/29,11.0093,11.0905,10.8061,11.0499,"7,106"
3037 欣興,2016/7/28,11.253,11.2936,11.0499,11.0499,"6,005"
3037 欣興,2016/7/27,11.2034,11.2431,11.1239,11.1636,"5,692"
3037 欣興,2016/7/26,11.1636,11.2034,11.1239,11.1239,"3,857"
3037 欣興,2016/7/25,11.2034,11.3226,11.1239,11.2034,"2,863"
3037 欣興,2016/7/22,11.2431,11.2828,11.0842,11.1239,"3,851"
3037 欣興,2016/7/21,11.1239,11.3226,11.0445,11.2034,"5,432"
3037 欣興,2016/7/20,10.965,11.1239,10.965,11.0842,"3,349"
3037 欣興,2016/7/19,11.1239,11.1239,10.965,11.0047,"5,171"
3037 欣興,2016/7/18,11.0047,11.2034,10.965,11.1239,"5,409"
3037 欣興,2016/7/15,10.8458,11.0842,10.8061,10.9253,"6,676"
3037 欣興,2016/7/14,10.7664,10.9253,10.7266,10.8458,"3,954"
3037 欣興,2016/7/13,10.6869,10.8855,10.6472,10.7664,"4,660"
3037 欣興,2016/7/12,10.8061,10.9253,10.6472,10.6869,"5,608"
3037 欣興,2016/7/11,11.0842,11.1636,10.7664,10.8061,"6,119"
3037 欣興,2016/7/7,11.0842,11.2431,10.965,11.0047,"3,025"
3037 欣興,2016/7/6,11.1636,11.2034,10.965,11.0445,"3,749"
3037 欣興,2016/7/5,11.2828,11.2828,11.1239,11.1636,"2,854"
3037 欣興,2016/7/4,11.2431,11.3226,11.1636,11.2828,"2,508"
3037 欣興,2016/7/1,11.2828,11.3623,11.1636,11.2034,"3,317"
3037 欣興,2016/6/30,11.2828,11.3226,11.2034,11.2034,"1,863"
3037 欣興,2016/6/29,11.3226,11.402,11.1636,11.2034,"3,776"
3037 欣興,2016/6/28,11.0842,11.2828,11.0445,11.2431,"1,897"
3037 欣興,2016/6/27,11.0047,11.2828,10.965,11.2828,"2,997"
3037 欣興,2016/6/24,11.6007,11.6007,10.9253,11.0047,"7,615"
3037 欣興,2016/6/23,11.8787,11.8787,11.5609,11.6007,"4,808"
3037 欣興,2016/6/22,11.3623,11.9185,11.3623,11.8787,"14,283"
3037 欣興,2016/6/21,11.0047,11.1239,10.965,11.1239,"2,551"
3037 欣興,2016/6/20,11.0047,11.0445,10.9253,11.0047,"1,296"
3037 欣興,2016/6/17,10.9253,11.0047,10.8458,10.8458,"1,251"
3037 欣興,2016/6/16,10.965,11.0047,10.8458,10.8855,"1,212"
3037 欣興,2016/6/15,10.8855,11.0445,10.8458,11.0047,"2,059"
3037 欣興,2016/6/14,10.7664,11.0047,10.7266,10.965,"1,849"
3037 欣興,2016/6/13,10.965,11.0047,10.7266,10.7664,"2,576"
3037 欣興,2016/6/8,11.2034,11.2431,11.0842,11.1239,"2,392"
3037 欣興,2016/6/7,11.1239,11.2828,11.0445,11.1636,"2,747"
3037 欣興,2016/6/6,11.1239,11.1636,10.965,11.0445,"1,346"
3037 欣興,2016/6/4,11.0842,11.0842,11.0047,11.0445,601
3037 欣興,2016/6/3,11.0842,11.0842,11.0047,11.0842,"1,359"
3037 欣興,2016/6/2,11.2034,11.2431,11.0047,11.0047,"2,634"
3037 欣興,2016/6/1,11.0445,11.2828,11.0047,11.2034,"3,722"
3037 欣興,2016/5/31,11.1636,11.2034,10.965,11.0445,"2,312"
3037 欣興,2016/5/30,11.1636,11.2034,11.0842,11.1239,"1,089"
3037 欣興,2016/5/27,11.0445,11.1636,11.0445,11.1239,"2,463"
3037 欣興,2016/5/26,11.0047,11.1239,10.965,11.0047,"1,741"
3037 欣興,2016/5/25,11.0445,11.1636,10.9253,10.965,"4,246"
3037 欣興,2016/5/24,11.0047,11.0445,10.8855,10.965,"1,778"
3037 欣興,2016/5/23,10.6472,11.0047,10.6074,11.0047,"4,348"
3037 欣興,2016/5/20,10.4883,10.6074,10.4883,10.6074,"2,035"
3037 欣興,2016/5/19,10.6074,10.6869,10.3691,10.4088,"2,477"
3037 欣興,2016/5/18,10.7266,10.7266,10.5677,10.6074,"1,927"
3037 欣興,2016/5/17,10.5677,10.8458,10.5677,10.7266,"2,920"
3037 欣興,2016/5/16,10.5677,10.6074,10.4485,10.528,"1,305"
3037 欣興,2016/5/13,10.6074,10.6869,10.4088,10.4485,"2,957"
3037 欣興,2016/5/12,10.7266,10.8458,10.6074,10.6074,"2,268"
3037 欣興,2016/5/11,10.8061,10.8061,10.5677,10.5677,"2,291"
3037 欣興,2016/5/10,10.6869,10.8855,10.4883,10.6472,"2,595"
3037 欣興,2016/5/9,10.4485,10.8061,10.4485,10.6869,"2,833"
3037 欣興,2016/5/6,10.528,10.6074,10.3691,10.4088,"2,709"
3037 欣興,2016/5/5,10.5677,10.7266,10.4088,10.528,"5,241"
3037 欣興,2016/5/4,11.0047,11.1636,10.6074,10.6472,"8,574"
3037 欣興,2016/5/3,11.9185,11.9185,11.0842,11.0842,"19,444"
3037 欣興,2016/4/29,12.3555,12.3952,12.1966,12.276,"3,927"
3037 欣興,2016/4/28,12.3952,12.4349,12.2363,12.276,"1,863"
3037 欣興,2016/4/27,12.5541,12.6336,12.3158,12.3158,"2,438"
3037 欣興,2016/4/26,12.713,12.7528,12.5144,12.5541,"3,416"
3037 欣興,2016/4/25,12.2363,12.713,12.1966,12.6733,"4,635"
3037 欣興,2016/4/22,12.3158,12.3952,12.1171,12.1568,"2,991"
3037 欣興,2016/4/21,12.4349,12.5144,12.276,12.3158,"2,189"
3037 欣興,2016/4/20,12.713,12.7528,12.3952,12.3952,"2,683"
3037 欣興,2016/4/19,12.5939,12.6733,12.5144,12.6336,"2,879"
3037 欣興,2016/4/18,12.7528,12.7528,12.5541,12.5541,"2,397"
3037 欣興,2016/4/15,12.6336,12.713,12.5144,12.713,"4,188"
3037 欣興,2016/4/14,12.6336,12.7528,12.4747,12.6336,"3,677"
3037 欣興,2016/4/13,12.5144,12.5541,12.3952,12.5541,"3,119"
3037 欣興,2016/4/12,12.5939,12.6336,12.3555,12.4747,"5,737"
3037 欣興,2016/4/11,12.3952,12.872,12.3158,12.713,"10,337"
3037 欣興,2016/4/8,12.1171,12.3952,12.0774,12.3158,"2,855"
3037 欣興,2016/4/7,12.4349,12.4349,12.1171,12.1568,"3,351"
3037 欣興,2016/4/6,12.3158,12.4747,12.1966,12.3952,"4,296"
3037 欣興,2016/4/1,12.4747,12.4747,12.1568,12.3158,"3,659"
3037 欣興,2016/3/31,12.4747,12.5541,12.276,12.3952,"4,237"
3037 欣興,2016/3/30,12.0377,12.4349,12.0377,12.4349,"5,353"
3037 欣興,2016/3/29,12.2363,12.3952,11.9979,12.0377,"6,130"
3037 欣興,2016/3/28,12.2363,12.3158,12.1171,12.2363,"4,368"
3037 欣興,2016/3/25,12.7925,12.8322,12.2363,12.2363,"15,469"
3037 欣興,2016/3/24,12.9514,12.9514,12.6336,12.713,"16,848"
3037 欣興,2016/3/23,12.7925,13.0309,12.7925,12.8322,"8,078"
3037 欣興,2016/3/22,12.872,12.9514,12.6336,12.7925,"12,171"
3037 欣興,2016/3/21,12.7925,12.9514,12.713,12.8322,"7,985"
3037 欣興,2016/3/18,13.0309,13.2295,12.713,12.7925,"19,244"
3037 欣興,2016/3/17,13.5076,13.5473,12.9911,12.9911,"10,426"
3037 欣興,2016/3/16,13.1501,13.3487,13.1501,13.2692,"7,908"
3037 欣興,2016/3/15,13.746,13.746,12.9514,12.9514,"11,077"
3037 欣興,2016/3/14,13.7062,13.8254,13.6268,13.6665,"4,735"
3037 欣興,2016/3/11,13.6268,13.746,13.5871,13.5871,"4,150"
3037 欣興,2016/3/10,13.746,13.8652,13.6268,13.6268,"5,713"
3037 欣興,2016/3/9,13.9049,13.9446,13.6268,13.746,"10,601"
3037 欣興,2016/3/8,13.2692,14.1433,13.1898,13.9049,"19,328"
3037 欣興,2016/3/7,13.5076,13.5871,13.2692,13.2692,"5,375"
3037 欣興,2016/3/4,13.2295,13.5076,13.2295,13.5076,"7,532"
3037 欣興,2016/3/3,13.4282,13.5473,13.1898,13.1898,"7,131"
3037 欣興,2016/3/2,13.4282,13.5473,13.1501,13.3487,"11,670"
3037 欣興,2016/3/1,13.4282,13.6268,13.309,13.4282,"8,636"
3037 欣興,2016/2/26,13.1501,13.4282,12.9911,13.4282,"12,229"
3037 欣興,2016/2/25,13.1898,13.309,12.9117,12.9911,"8,626"
3037 欣興,2016/2/24,13.1501,13.2295,12.9911,13.1501,"6,659"
3037 欣興,2016/2/23,13.1103,13.309,12.9514,13.1501,"13,294"
3037 欣興,2016/2/22,13.2692,13.309,12.8322,12.9117,"12,516"
3037 欣興,2016/2/19,13.2692,13.5076,13.1103,13.1898,"20,339"
3037 欣興,2016/2/18,12.6336,13.1898,12.6336,13.1103,"36,185"
3037 欣興,2016/2/17,12.2363,12.5939,12.1966,12.3555,"18,369"
3037 欣興,2016/2/16,12.276,12.5541,12.0774,12.1966,"22,672"
3037 欣興,2016/2/15,11.3623,12.3158,11.3226,12.276,"28,683"
3037 欣興,2016/2/3,11.3623,11.5609,11.2828,11.402,"37,627"
3037 欣興,2016/2/2,11.3623,11.4417,11.1636,11.3623,"34,403"
3037 欣興,2016/2/1,11.1239,11.3226,10.965,11.1239,"30,424"
3037 欣興,2016/1/30,10.6869,11.2034,10.528,11.0842,"25,105"
3037 欣興,2016/1/29,10.7266,11.0047,10.528,10.528,"35,058"
3037 欣興,2016/1/28,9.9718,10.4088,9.9321,10.3293,"9,439"
3037 欣興,2016/1/27,9.9718,10.0512,9.8923,9.9321,"3,476"
3037 欣興,2016/1/26,9.8923,9.9321,9.7732,9.8526,"2,004"
3037 欣興,2016/1/25,9.9718,10.0115,9.8526,9.9718,"2,148"
3037 欣興,2016/1/22,9.8526,9.9321,9.8129,9.8923,"4,033"
3037 欣興,2016/1/21,9.654,9.7334,9.5348,9.7334,"4,521"
3037 欣興,2016/1/20,9.8923,9.8923,9.5745,9.5745,"5,200"
3037 欣興,2016/1/19,9.8129,10.0115,9.7732,9.8923,"4,320"
3037 欣興,2016/1/18,9.4951,10.0115,9.4156,9.8526,"6,267"
3037 欣興,2016/1/15,9.9718,9.9718,9.654,9.7334,"6,213"
3037 欣興,2016/1/14,10.091,10.091,9.7334,9.8129,"6,820"
3037 欣興,2016/1/13,10.2896,10.4485,10.1704,10.1704,"3,692"
3037 欣興,2016/1/12,10.4883,10.5677,10.2499,10.2499,"4,907"
3037 欣興,2016/1/11,10.4883,10.6869,10.4088,10.4883,"6,189"
3037 欣興,2016/1/8,10.1307,10.4485,10.1307,10.4088,"3,817"
3037 欣興,2016/1/7,10.4485,10.5677,10.1704,10.2499,"5,973"
3037 欣興,2016/1/6,10.8855,10.965,10.4088,10.4883,"7,566"
3037 欣興,2016/1/5,10.9253,11.0842,10.8855,10.8855,"3,272"
3037 欣興,2016/1/4,11.0842,11.1636,10.8855,10.9253,"3,717"
