證券代碼,年月日,開盤價(元),最高價(元),最低價(元),收盤價(元),成交量(千股)
3711 日月光投控,2025/12/31,247.5,255,246,250.5,"18,701"
3711 日月光投控,2025/12/30,249.5,251,244,249,"15,115"
3711 日月光投控,2025/12/29,245,253,240,251,"25,589"
3711 日月光投控,2025/12/26,235,240.5,233.5,240.5,"17,100"
3711 日月光投控,2025/12/24,237,237.5,230.5,234.5,"19,221"
3711 日月光投控,2025/12/23,232,236,231.5,234.5,"16,419"
3711 日月光投控,2025/12/22,234,235,231,232,"16,911"
3711 日月光投控,2025/12/19,227.5,229.5,224.5,229.5,"23,088"
3711 日月光投控,2025/12/18,223,224.5,219.5,222,"16,464"
3711 日月光投控,2025/12/17,226,230.5,226,228.5,"14,265"
3711 日月光投控,2025/12/16,231,234.5,226,229,"23,224"
3711 日月光投控,2025/12/15,237.5,237.5,232.5,234,"18,212"
3711 日月光投控,2025/12/12,245.5,248,241.5,243.5,"13,651"
3711 日月光投控,2025/12/11,247,247.5,243,244.5,"17,621"
3711 日月光投控,2025/12/10,240.5,246.5,239,244.5,"19,559"
3711 日月光投控,2025/12/9,238.5,245,236.5,240,"25,895"
3711 日月光投控,2025/12/8,233,238.5,233,237.5,"23,767"
3711 日月光投控,2025/12/5,227.5,231,224.5,231,"13,666"
3711 日月光投控,2025/12/4,231,231,225,228,"17,856"
3711 日月光投控,2025/12/3,233,233,226.5,229,"16,274"
3711 日月光投控,2025/12/2,228.5,233.5,227,228.5,"23,665"
3711 日月光投控,2025/12/1,227,230,223,224.5,"28,174"
3711 日月光投控,2025/11/28,229,230.5,225,229.5,"25,774"
3711 日月光投控,2025/11/27,223.5,234.5,223.5,230.5,"37,855"
3711 日月光投控,2025/11/26,217,221.5,214.5,217.5,"20,380"
3711 日月光投控,2025/11/25,216.5,218,209.5,212,"23,999"
3711 日月光投控,2025/11/24,212,215,210,210.5,"33,678"
3711 日月光投控,2025/11/21,210,212,206,209,"33,914"
3711 日月光投控,2025/11/20,213,222.5,210.5,222.5,"39,495"
3711 日月光投控,2025/11/19,211,212.5,206,209.5,"42,363"
3711 日月光投控,2025/11/18,220,222.5,212,215,"27,179"
3711 日月光投控,2025/11/17,224,225.5,219.5,220,"24,986"
3711 日月光投控,2025/11/14,224.5,225,220.5,222.5,"21,031"
3711 日月光投控,2025/11/13,227,233.5,225.5,231.5,"20,996"
3711 日月光投控,2025/11/12,227,229.5,225,227,"16,586"
3711 日月光投控,2025/11/11,230,232,226,228,"18,882"
3711 日月光投控,2025/11/10,229,232,227,228.5,"22,657"
3711 日月光投控,2025/11/7,231,233,226.5,228.5,"20,331"
3711 日月光投控,2025/11/6,239.5,241.5,233.5,234,"25,136"
3711 日月光投控,2025/11/5,230,238.5,230,235,"33,504"
3711 日月光投控,2025/11/4,248.5,251.5,237,239,"38,818"
3711 日月光投控,2025/11/3,248.5,251,242.5,246,"40,987"
3711 日月光投控,2025/10/31,225.5,247.5,225,247.5,"54,452"
3711 日月光投控,2025/10/30,220,227.5,219,225,"46,443"
3711 日月光投控,2025/10/29,205,222.5,204.5,221,"43,197"
3711 日月光投控,2025/10/28,199.5,203,198,203,"21,533"
3711 日月光投控,2025/10/27,202,205,198,202.5,"31,093"
3711 日月光投控,2025/10/23,191.5,196.5,190,196,"18,906"
3711 日月光投控,2025/10/22,191.5,193.5,190.5,193,"18,468"
3711 日月光投控,2025/10/21,200,200,194,195,"25,981"
3711 日月光投控,2025/10/20,193.5,200.5,191,200,"24,539"
3711 日月光投控,2025/10/17,191.5,199.5,189.5,196,"43,134"
3711 日月光投控,2025/10/16,180,191.5,180,191.5,"53,001"
3711 日月光投控,2025/10/15,172,178,170,178,"21,690"
3711 日月光投控,2025/10/14,175,176.5,168.5,169.5,"26,312"
3711 日月光投控,2025/10/13,173.5,174.5,171,173,"23,359"
3711 日月光投控,2025/10/9,180,181.5,176,179,"26,056"
3711 日月光投控,2025/10/8,173,175.5,171,174.5,"22,202"
3711 日月光投控,2025/10/7,169,176.5,168.5,173.5,"37,598"
3711 日月光投控,2025/10/3,166,169,165,165.5,"21,196"
3711 日月光投控,2025/10/2,165.5,166.5,163.5,164.5,"16,420"
3711 日月光投控,2025/10/1,166,166.5,162.5,163,"14,445"
3711 日月光投控,2025/9/30,166,166.5,163,164,"27,435"
3711 日月光投控,2025/9/26,170.5,170.5,165.5,165.5,"17,434"
3711 日月光投控,2025/9/25,173,173.5,170,172,"14,660"
3711 日月光投控,2025/9/24,175,175.5,171,172,"17,175"
3711 日月光投控,2025/9/23,177.5,177.5,173.5,174.5,"26,525"
3711 日月光投控,2025/9/22,171.5,173.5,169,172.5,"19,848"
3711 日月光投控,2025/9/19,171.5,172.5,169.5,170,"17,710"
3711 日月光投控,2025/9/18,170.5,173.5,169,170,"20,541"
3711 日月光投控,2025/9/17,170,170,167.5,169,"8,848"
3711 日月光投控,2025/9/16,168.5,170.5,167.5,169.5,"14,161"
3711 日月光投控,2025/9/15,167.5,168,165,166.5,"8,720"
3711 日月光投控,2025/9/12,168,168.5,165,167,"10,981"
3711 日月光投控,2025/9/11,170,172,166,166.5,"16,367"
3711 日月光投控,2025/9/10,169.5,172,168.5,169,"26,755"
3711 日月光投控,2025/9/9,170,170,164,167,"53,554"
3711 日月光投控,2025/9/8,166,171.5,162,171.5,"45,515"
3711 日月光投控,2025/9/5,155,156.5,154.5,156,"6,327"
3711 日月光投控,2025/9/4,156.5,157,153.5,154,"10,227"
3711 日月光投控,2025/9/3,156.5,157,154,157,"8,823"
3711 日月光投控,2025/9/2,156.5,160.5,156,157,"29,904"
3711 日月光投控,2025/9/1,152,157,151,156,"21,915"
3711 日月光投控,2025/8/29,149,153.5,149,151,"18,217"
3711 日月光投控,2025/8/28,149.5,150,147,147.5,"10,402"
3711 日月光投控,2025/8/27,150,151.5,150,150.5,"9,205"
3711 日月光投控,2025/8/26,148,149.5,147.5,149,"14,089"
3711 日月光投控,2025/8/25,146.5,149,146.5,148.5,"9,338"
3711 日月光投控,2025/8/22,144,145,143,143.5,"6,626"
3711 日月光投控,2025/8/21,144,145.5,143.5,144,"9,998"
3711 日月光投控,2025/8/20,148,148.5,144,145,"13,288"
3711 日月光投控,2025/8/19,151,151.5,148,148.5,"11,423"
3711 日月光投控,2025/8/18,149,151,148.5,150.5,"12,992"
3711 日月光投控,2025/8/15,148.5,149,148,148,"7,370"
3711 日月光投控,2025/8/14,147.5,149,147,148,"9,006"
3711 日月光投控,2025/8/13,150,150.5,147,148.5,"14,965"
3711 日月光投控,2025/8/12,152.5,152.5,148,148,"13,628"
3711 日月光投控,2025/8/11,150.5,154.5,149.5,151,"21,029"
3711 日月光投控,2025/8/8,150,152,149,149,"13,956"
3711 日月光投控,2025/8/7,147.5,149.5,147,148,"13,007"
3711 日月光投控,2025/8/6,145,146,144,145,"9,936"
3711 日月光投控,2025/8/5,148,149,146,146.5,"16,238"
3711 日月光投控,2025/8/4,148.5,148.5,146,147.5,"18,382"
3711 日月光投控,2025/8/1,143.5,152.5,141.5,152.5,"41,643"
3711 日月光投控,2025/7/31,150.5,154,149.5,152.5,"12,413"
3711 日月光投控,2025/7/30,154,155,151,152,"11,434"
3711 日月光投控,2025/7/29,154,155,153.5,153.5,"5,103"
3711 日月光投控,2025/7/28,154,155.5,153,154.5,"10,584"
3711 日月光投控,2025/7/25,154.5,155,152,153.5,"8,223"
3711 日月光投控,2025/7/24,154,155.5,152.5,155.5,"11,211"
3711 日月光投控,2025/7/23,152,154.5,152,153.5,"12,179"
3711 日月光投控,2025/7/22,151,154.5,150,151,"12,041"
3711 日月光投控,2025/7/21,153,153.5,151.5,152.5,"10,711"
3711 日月光投控,2025/7/18,153.5,155,153,154,"14,682"
3711 日月光投控,2025/7/17,151.5,153,151,151.5,"9,574"
3711 日月光投控,2025/7/16,150,153,149,151,"12,261"
3711 日月光投控,2025/7/15,147,150.5,146.5,150.5,"9,133"
3711 日月光投控,2025/7/14,149,150.5,148,148.5,"7,679"
3711 日月光投控,2025/7/11,148.5,151,148,150,"11,800"
3711 日月光投控,2025/7/10,145.5,151.5,145.5,150,"16,429"
3711 日月光投控,2025/7/9,143,146.5,142.5,146.5,"14,002"
3711 日月光投控,2025/7/8,142.5,144,141.5,143,"8,246"
3711 日月光投控,2025/7/7,146.5,148.5,143,144,"15,172"
3711 日月光投控,2025/7/4,145,148,144,147,"25,515"
3711 日月光投控,2025/7/3,147.5,148,143,144,"35,655"
3711 日月光投控,2025/7/2,140.5,144,138,141.5,"54,051"
3711 日月光投控,2025/7/1,141.6454,143.5725,139.7182,140.2,"22,081"
3711 日月光投控,2025/6/30,144.5361,144.5361,142.1272,142.1272,"19,277"
3711 日月光投控,2025/6/27,145.4997,146.4632,143.0907,144.5361,"20,832"
3711 日月光投控,2025/6/26,145.9815,147.4268,144.5361,146.945,"16,379"
3711 日月光投控,2025/6/25,145.0179,147.4268,144.5361,147.4268,"12,437"
3711 日月光投控,2025/6/24,144.0543,144.5361,142.609,144.0543,"14,908"
3711 日月光投控,2025/6/23,137.3093,141.6454,136.8275,141.6454,"13,172"
3711 日月光投控,2025/6/20,140.2,141.6454,138.2729,139.2364,"11,364"
3711 日月光投控,2025/6/19,142.1272,144.0543,139.7182,140.6818,"8,570"
3711 日月光投控,2025/6/18,141.6454,144.5361,141.1636,142.609,"11,059"
3711 日月光投控,2025/6/17,140.6818,143.5725,140.6818,142.609,"12,563"
3711 日月光投控,2025/6/16,137.7911,140.6818,137.7911,139.7182,"10,005"
3711 日月光投控,2025/6/13,137.3093,140.2,135.8639,138.2729,"13,759"
3711 日月光投控,2025/6/12,141.6454,141.6454,137.3093,139.7182,"13,187"
3711 日月光投控,2025/6/11,139.7182,141.6454,138.7547,140.2,"16,593"
3711 日月光投控,2025/6/10,136.3457,138.2729,136.3457,137.3093,"15,797"
3711 日月光投控,2025/6/9,134.9004,136.3457,133.9368,134.9004,"8,035"
3711 日月光投控,2025/6/6,133.9368,135.8639,132.9732,133.9368,"7,049"
3711 日月光投控,2025/6/5,133.9368,137.3093,133.9368,134.4186,"11,826"
3711 日月光投控,2025/6/4,131.5279,135.3821,131.5279,134.9004,"17,117"
3711 日月光投控,2025/6/3,131.0461,132.0096,128.6371,128.6371,"21,396"
3711 日月光投控,2025/6/2,131.5279,133.455,128.1553,129.6007,"15,766"
3711 日月光投控,2025/5/29,136.3457,137.3093,132.9732,132.9732,"31,149"
3711 日月光投控,2025/5/28,139.7182,139.7182,135.8639,136.8275,"8,948"
3711 日月光投控,2025/5/27,138.2729,138.2729,135.8639,136.3457,"8,204"
3711 日月光投控,2025/5/26,136.8275,139.2364,135.8639,138.7547,"4,279"
3711 日月光投控,2025/5/23,139.7182,140.2,136.8275,137.3093,"6,866"
3711 日月光投控,2025/5/22,139.7182,141.6454,138.7547,139.7182,"6,933"
3711 日月光投控,2025/5/21,139.2364,140.6818,138.7547,139.2364,"7,328"
3711 日月光投控,2025/5/20,138.7547,140.6818,138.7547,138.7547,"8,445"
3711 日月光投控,2025/5/19,139.7182,140.6818,136.3457,136.8275,"14,806"
3711 日月光投控,2025/5/16,143.0907,143.5725,140.2,141.6454,"10,461"
3711 日月光投控,2025/5/15,144.5361,145.4997,142.1272,145.0179,"9,665"
3711 日月光投控,2025/5/14,142.609,144.5361,142.1272,144.5361,"12,235"
3711 日月光投控,2025/5/13,141.6454,141.6454,138.7547,139.7182,"11,159"
3711 日月光投控,2025/5/12,133.9368,137.3093,133.455,136.8275,"7,840"
3711 日月光投控,2025/5/9,132.4914,133.9368,131.0461,132.4914,"6,530"
3711 日月光投控,2025/5/8,130.5643,133.455,130.5643,132.4914,"7,339"
3711 日月光投控,2025/5/7,132.0096,132.9732,129.6007,130.5643,"13,344"
3711 日月光投控,2025/5/6,130.0825,135.8639,129.6007,131.5279,"18,349"
3711 日月光投控,2025/5/5,133.9368,135.3821,129.1189,129.1189,"9,589"
3711 日月光投控,2025/5/2,132.9732,134.4186,132.0096,133.9368,"10,541"
3711 日月光投控,2025/4/30,132.0096,132.4914,130.5643,130.5643,"8,460"
3711 日月光投控,2025/4/29,132.0096,133.455,130.5643,133.455,"10,476"
3711 日月光投控,2025/4/28,132.9732,133.455,131.0461,132.0096,"7,185"
3711 日月光投控,2025/4/25,133.9368,136.3457,132.0096,132.4914,"16,148"
3711 日月光投控,2025/4/24,131.5279,131.5279,127.6736,127.6736,"12,638"
3711 日月光投控,2025/4/23,127.6736,132.4914,127.1918,132.4914,"10,645"
3711 日月光投控,2025/4/22,123.3375,126.71,122.3739,122.8557,"7,457"
3711 日月光投控,2025/4/21,123.8193,125.2646,123.3375,123.8193,"4,236"
3711 日月光投控,2025/4/18,125.7464,126.71,123.8193,124.301,"8,670"
3711 日月光投控,2025/4/17,125.2646,126.71,122.3739,124.7828,"14,506"
3711 日月光投控,2025/4/16,128.6371,130.0825,127.1918,128.6371,"7,901"
3711 日月光投控,2025/4/15,128.6371,132.4914,127.1918,130.5643,"12,295"
3711 日月光投控,2025/4/14,127.6736,132.9732,126.71,127.6736,"25,882"
3711 日月光投控,2025/4/11,118.5196,131.0461,117.0742,129.6007,"37,478"
3711 日月光投控,2025/4/10,121.8921,121.8921,121.8921,121.8921,"4,118"
3711 日月光投控,2025/4/9,117.556,118.5196,110.811,110.811,"29,069"
3711 日月光投控,2025/4/8,118.0378,125.7464,118.0378,122.8557,"38,948"
3711 日月光投控,2025/4/7,129.6007,129.6007,129.6007,129.6007,"3,495"
3711 日月光投控,2025/4/2,143.0907,145.4997,143.0907,143.5725,"10,464"
3711 日月光投控,2025/4/1,138.7547,145.4997,138.2729,144.0543,"18,797"
3711 日月光投控,2025/3/31,138.2729,142.1272,137.7911,137.7911,"20,413"
3711 日月光投控,2025/3/28,147.9086,148.3904,143.5725,145.0179,"19,750"
3711 日月光投控,2025/3/27,152.2447,152.7265,148.8722,150.7993,"16,531"
3711 日月光投控,2025/3/26,155.6172,156.5808,154.6536,155.6172,"4,763"
3711 日月光投控,2025/3/25,156.099,157.0626,153.6901,154.6536,"7,552"
3711 日月光投控,2025/3/24,156.5808,157.0626,153.6901,154.6536,"7,679"
3711 日月光投控,2025/3/21,158.0261,158.0261,154.1718,155.1354,"17,022"
3711 日月光投控,2025/3/20,153.2083,158.0261,153.2083,156.5808,"10,781"
3711 日月光投控,2025/3/19,154.1718,155.6172,152.2447,152.2447,"8,946"
3711 日月光投控,2025/3/18,153.6901,155.1354,153.2083,154.6536,"11,501"
3711 日月光投控,2025/3/17,151.7629,153.6901,151.2811,151.7629,"11,021"
3711 日月光投控,2025/3/14,152.7265,154.1718,149.354,149.354,"12,773"
3711 日月光投控,2025/3/13,156.5808,158.0261,151.7629,151.7629,"14,070"
3711 日月光投控,2025/3/12,150.7993,156.099,150.3175,153.2083,"17,381"
3711 日月光投控,2025/3/11,149.354,152.7265,147.4268,150.3175,"20,412"
3711 日月光投控,2025/3/10,156.5808,157.5443,154.6536,155.1354,"8,738"
3711 日月光投控,2025/3/7,157.0626,159.4715,156.5808,156.5808,"9,563"
3711 日月光投控,2025/3/6,161.8804,163.3258,159.4715,159.9533,"10,776"
3711 日月光投控,2025/3/5,159.9533,162.844,158.9897,159.9533,"18,334"
3711 日月光投控,2025/3/4,155.1354,159.9533,154.1718,158.0261,"23,185"
3711 日月光投控,2025/3/3,158.0261,161.3986,157.5443,159.4715,"16,892"
3711 日月光投控,2025/2/27,168.6255,169.1072,162.844,164.7712,"25,604"
3711 日月光投控,2025/2/26,167.1801,169.589,165.7347,169.1072,"21,997"
3711 日月光投控,2025/2/25,165.2529,171.0344,164.7712,170.0708,"20,640"
3711 日月光投控,2025/2/24,171.0344,171.5162,167.6619,169.589,"19,227"
3711 日月光投控,2025/2/21,171.998,175.8523,170.0708,174.4069,"18,621"
3711 日月光投控,2025/2/20,177.2976,178.2612,171.0344,172.9615,"23,976"
3711 日月光投控,2025/2/19,171.998,179.2248,171.998,176.8158,"25,009"
3711 日月光投控,2025/2/18,170.5526,174.4069,170.5526,172.4797,"11,486"
3711 日月光投控,2025/2/17,167.6619,172.9615,167.1801,171.5162,"18,177"
3711 日月光投控,2025/2/14,166.6983,169.589,164.7712,168.6255,"29,872"
3711 日月光投控,2025/2/13,158.5079,165.7347,158.5079,164.2894,"21,569"
3711 日月光投控,2025/2/12,160.9169,161.8804,159.4715,159.4715,"9,277"
3711 日月光投控,2025/2/11,159.4715,162.844,159.4715,161.3986,"14,454"
3711 日月光投控,2025/2/10,157.0626,161.8804,156.099,160.4351,"20,326"
3711 日月光投控,2025/2/7,155.1354,159.4715,155.1354,158.5079,"16,082"
3711 日月光投控,2025/2/6,155.6172,158.5079,155.1354,155.1354,"8,723"
3711 日月光投控,2025/2/5,153.6901,157.0626,153.6901,155.6172,"16,100"
3711 日月光投控,2025/2/4,155.6172,157.0626,151.2811,151.7629,"20,365"
3711 日月光投控,2025/2/3,155.1354,159.9533,154.1718,155.1354,"38,085"
3711 日月光投控,2025/1/22,168.6255,171.998,165.7347,170.5526,"24,592"
3711 日月光投控,2025/1/21,164.7712,166.6983,164.2894,165.7347,"9,983"
3711 日月光投控,2025/1/20,160.4351,166.6983,160.4351,165.7347,"15,868"
3711 日月光投控,2025/1/17,160.4351,160.9169,157.5443,159.9533,"13,290"
3711 日月光投控,2025/1/16,160.4351,162.844,158.9897,158.9897,"16,764"
3711 日月光投控,2025/1/15,155.1354,158.0261,153.6901,155.6172,"12,483"
3711 日月光投控,2025/1/14,154.6536,157.5443,154.1718,155.1354,"13,553"
3711 日月光投控,2025/1/13,159.9533,161.3986,155.6172,156.5808,"15,674"
3711 日月光投控,2025/1/10,158.9897,163.8076,158.9897,162.3622,"10,794"
3711 日月光投控,2025/1/9,166.2165,167.6619,159.4715,159.9533,"13,116"
3711 日月光投控,2025/1/8,168.6255,168.6255,164.7712,165.2529,"18,188"
3711 日月光投控,2025/1/7,163.3258,171.5162,161.8804,168.6255,"33,766"
3711 日月光投控,2025/1/6,157.5443,161.3986,157.5443,159.9533,"13,633"
3711 日月光投控,2025/1/3,157.0626,158.0261,154.6536,155.1354,"6,091"
3711 日月光投控,2025/1/2,155.6172,157.0626,154.1718,154.6536,"7,539"
3711 日月光投控,2024/12/31,156.099,157.0626,155.1354,156.099,"5,569"
3711 日月光投控,2024/12/30,158.0261,159.9533,157.5443,157.5443,"8,547"
3711 日月光投控,2024/12/27,158.5079,160.4351,158.5079,158.9897,"6,215"
3711 日月光投控,2024/12/26,159.4715,159.9533,157.5443,158.9897,"5,287"
3711 日月光投控,2024/12/25,159.4715,160.9169,158.9897,159.4715,"7,896"
3711 日月光投控,2024/12/24,156.099,160.4351,156.099,158.5079,"15,136"
3711 日月光投控,2024/12/23,152.7265,156.5808,152.7265,154.6536,"9,870"
3711 日月光投控,2024/12/20,153.6901,155.6172,151.7629,151.7629,"24,344"
3711 日月光投控,2024/12/19,152.2447,155.1354,151.7629,155.1354,"10,891"
3711 日月光投控,2024/12/18,153.2083,156.099,153.2083,155.1354,"11,571"
3711 日月光投控,2024/12/17,153.2083,154.6536,151.2811,152.2447,"14,559"
3711 日月光投控,2024/12/16,154.1718,157.0626,153.6901,154.6536,"18,192"
3711 日月光投控,2024/12/13,150.7993,154.1718,150.7993,152.7265,"10,552"
3711 日月光投控,2024/12/12,149.354,153.6901,149.354,151.2811,"14,233"
3711 日月光投控,2024/12/11,149.8358,152.2447,149.354,150.3175,"11,412"
3711 日月光投控,2024/12/10,153.2083,153.2083,151.7629,152.2447,"9,895"
3711 日月光投控,2024/12/9,154.1718,155.1354,152.7265,154.1718,"6,697"
3711 日月光投控,2024/12/6,152.7265,156.099,152.2447,153.6901,"21,024"
3711 日月光投控,2024/12/5,152.7265,153.2083,150.3175,151.7629,"16,654"
3711 日月光投控,2024/12/4,149.354,152.2447,147.9086,152.2447,"18,060"
3711 日月光投控,2024/12/3,151.2811,153.2083,148.8722,149.354,"17,881"
3711 日月光投控,2024/12/2,146.945,149.8358,146.945,148.8722,"11,201"
3711 日月光投控,2024/11/29,141.1636,146.945,140.6818,145.9815,"11,717"
3711 日月光投控,2024/11/28,145.4997,145.9815,140.6818,141.6454,"17,410"
3711 日月光投控,2024/11/27,148.8722,149.354,145.0179,145.0179,"13,087"
3711 日月光投控,2024/11/26,149.354,150.3175,148.8722,149.354,"7,976"
3711 日月光投控,2024/11/25,152.2447,152.7265,150.3175,150.3175,"11,487"
3711 日月光投控,2024/11/22,149.8358,152.2447,149.8358,150.7993,"12,232"
3711 日月光投控,2024/11/21,147.4268,148.3904,144.5361,147.9086,"13,432"
3711 日月光投控,2024/11/20,149.8358,151.2811,148.8722,149.354,"15,599"
3711 日月光投控,2024/11/19,152.2447,153.6901,147.4268,148.8722,"25,193"
3711 日月光投控,2024/11/18,149.354,149.8358,145.0179,145.9815,"17,860"
3711 日月光投控,2024/11/15,148.3904,153.6901,147.9086,149.354,"20,817"
3711 日月光投控,2024/11/14,150.3175,150.7993,146.4632,148.3904,"20,519"
3711 日月光投控,2024/11/13,146.945,156.5808,146.945,151.2811,"28,179"
3711 日月光投控,2024/11/12,148.3904,149.354,146.945,146.945,"15,428"
3711 日月光投控,2024/11/11,149.354,153.2083,147.9086,151.7629,"8,077"
3711 日月光投控,2024/11/8,152.2447,153.6901,149.354,149.8358,"13,412"
3711 日月光投控,2024/11/7,145.9815,152.2447,145.4997,150.3175,"15,701"
3711 日月光投控,2024/11/6,145.4997,148.8722,145.0179,146.4632,"13,491"
3711 日月光投控,2024/11/5,144.5361,145.0179,142.609,144.5361,"17,713"
3711 日月光投控,2024/11/4,148.8722,149.8358,145.9815,146.945,"12,753"
3711 日月光投控,2024/11/1,140.2,149.354,139.7182,148.3904,"31,210"
3711 日月光投控,2024/10/30,152.7265,154.1718,151.2811,151.2811,"14,852"
3711 日月光投控,2024/10/29,153.6901,153.6901,149.8358,152.7265,"17,401"
3711 日月光投控,2024/10/28,156.5808,157.5443,153.6901,155.1354,"10,599"
3711 日月光投控,2024/10/25,153.2083,157.0626,153.2083,156.099,"9,439"
3711 日月光投控,2024/10/24,155.1354,156.5808,153.2083,153.2083,"9,582"
3711 日月光投控,2024/10/23,158.0261,158.5079,155.1354,155.6172,"11,816"
3711 日月光投控,2024/10/22,155.6172,158.5079,155.1354,158.0261,"15,332"
3711 日月光投控,2024/10/21,158.0261,158.5079,155.1354,155.6172,"17,040"
3711 日月光投控,2024/10/18,166.6983,166.6983,155.1354,157.5443,"35,763"
3711 日月光投控,2024/10/17,159.9533,160.4351,157.0626,159.4715,"14,981"
3711 日月光投控,2024/10/16,157.5443,162.844,157.0626,158.9897,"34,622"
3711 日月光投控,2024/10/15,153.6901,162.844,152.7265,162.3622,"35,033"
3711 日月光投控,2024/10/14,150.3175,154.6536,149.354,152.2447,"18,333"
3711 日月光投控,2024/10/11,149.354,151.2811,147.9086,149.354,"12,079"
3711 日月光投控,2024/10/9,147.4268,149.8358,147.4268,148.3904,"10,363"
3711 日月光投控,2024/10/8,146.945,147.4268,145.9815,147.4268,"12,059"
3711 日月光投控,2024/10/7,147.4268,149.354,146.4632,149.354,"14,192"
3711 日月光投控,2024/10/4,144.5361,147.9086,143.5725,145.4997,"18,726"
3711 日月光投控,2024/10/1,145.0179,148.8722,145.0179,145.9815,"10,581"
3711 日月光投控,2024/9/30,149.354,150.7993,145.4997,145.4997,"18,567"
3711 日月光投控,2024/9/27,157.0626,157.5443,153.2083,153.2083,"26,717"
3711 日月光投控,2024/9/26,152.2447,156.5808,152.2447,156.5808,"25,492"
3711 日月光投控,2024/9/25,152.2447,153.2083,150.3175,152.7265,"24,871"
3711 日月光投控,2024/9/24,149.354,151.2811,146.4632,151.2811,"19,958"
3711 日月光投控,2024/9/23,149.354,151.2811,147.4268,151.2811,"17,546"
3711 日月光投控,2024/9/20,150.3175,151.2811,146.945,148.8722,"35,560"
3711 日月光投控,2024/9/19,145.0179,146.945,142.609,146.4632,"26,227"
3711 日月光投控,2024/9/18,146.945,149.8358,143.5725,146.945,"32,408"
3711 日月光投控,2024/9/16,147.4268,150.3175,145.9815,148.3904,"21,579"
3711 日月光投控,2024/9/13,142.1272,142.609,140.6818,141.6454,"9,239"
3711 日月光投控,2024/9/12,140.6818,144.0543,140.6818,142.1272,"15,082"
3711 日月光投控,2024/9/11,138.2729,138.7547,135.8639,136.8275,"11,482"
3711 日月光投控,2024/9/10,137.7911,140.6818,137.3093,139.2364,"9,582"
3711 日月光投控,2024/9/9,132.9732,137.7911,132.4914,136.8275,"12,456"
3711 日月光投控,2024/9/6,138.7547,139.7182,136.3457,136.3457,"7,403"
3711 日月光投控,2024/9/5,139.7182,140.6818,138.2729,138.2729,"7,399"
3711 日月光投控,2024/9/4,137.3093,140.6818,135.3821,138.2729,"20,267"
3711 日月光投控,2024/9/3,146.945,147.9086,145.4997,145.9815,"7,064"
3711 日月光投控,2024/9/2,149.8358,150.7993,146.4632,147.4268,"8,500"
3711 日月光投控,2024/8/30,146.945,149.354,146.4632,147.9086,"13,091"
3711 日月光投控,2024/8/29,144.0543,147.9086,143.5725,146.4632,"10,691"
3711 日月光投控,2024/8/28,142.609,147.4268,141.6454,146.4632,"10,209"
3711 日月光投控,2024/8/27,141.6454,143.0907,140.6818,141.6454,"8,908"
3711 日月光投控,2024/8/26,145.4997,146.4632,142.1272,142.609,"13,577"
3711 日月光投控,2024/8/23,142.1272,145.0179,141.1636,145.0179,"15,667"
3711 日月光投控,2024/8/22,146.945,146.945,143.0907,144.5361,"13,296"
3711 日月光投控,2024/8/21,147.4268,148.8722,145.9815,146.945,"14,873"
3711 日月光投控,2024/8/20,150.3175,150.3175,148.3904,149.354,"10,454"
3711 日月光投控,2024/8/19,148.8722,148.8722,145.9815,148.3904,"12,376"
3711 日月光投控,2024/8/16,149.8358,151.2811,147.9086,147.9086,"15,008"
3711 日月光投控,2024/8/15,148.8722,149.354,145.4997,145.4997,"17,050"
3711 日月光投控,2024/8/14,145.4997,151.2811,145.4997,150.3175,"22,804"
3711 日月光投控,2024/8/13,143.0907,145.9815,141.6454,143.5725,"13,211"
3711 日月光投控,2024/8/12,140.2,146.4632,140.2,143.0907,"20,648"
3711 日月光投控,2024/8/9,137.3093,143.0907,135.8639,140.2,"21,953"
3711 日月光投控,2024/8/8,133.9368,135.3821,131.0461,132.9732,"22,538"
3711 日月光投控,2024/8/7,136.3457,140.6818,133.9368,140.2,"27,262"
3711 日月光投控,2024/8/6,131.5279,133.455,124.301,132.4914,"29,208"
3711 日月光投控,2024/8/5,128.6371,130.0825,124.7828,125.2646,"30,934"
3711 日月光投控,2024/8/2,142.1272,144.5361,137.7911,138.2729,"27,006"
3711 日月光投控,2024/8/1,148.3904,149.8358,146.4632,147.9086,"14,799"
3711 日月光投控,2024/7/31,146.945,148.3904,144.0543,144.5361,"20,559"
3711 日月光投控,2024/7/30,145.4997,151.2811,143.5725,149.8358,"20,009"
3711 日月光投控,2024/7/29,150.3175,151.2811,146.4632,147.9086,"22,441"
3711 日月光投控,2024/7/26,149.8358,151.2811,149.8358,149.8358,"50,516"
3711 日月光投控,2024/7/23,161.8804,168.6255,161.3986,166.2165,"17,567"
3711 日月光投控,2024/7/22,162.3622,162.844,157.0626,158.0261,"20,661"
3711 日月光投控,2024/7/19,166.2165,168.1437,161.8804,164.7712,"27,132"
3711 日月光投控,2024/7/18,169.1072,172.4797,164.2894,169.589,"24,777"
3711 日月光投控,2024/7/17,171.0344,181.1519,170.0708,175.8523,"28,254"
3711 日月光投控,2024/7/16,171.0344,173.4433,169.589,172.4797,"16,730"
3711 日月光投控,2024/7/15,173.4433,174.8887,170.5526,172.9615,"17,614"
3711 日月光投控,2024/7/12,181.1519,181.1519,168.6255,171.0344,"43,836"
3711 日月光投控,2024/7/11,175.8523,186.4516,173.4433,186.4516,"26,272"
3711 日月光投控,2024/7/10,174.4069,176.334,170.0708,172.9615,"14,120"
3711 日月光投控,2024/7/9,167.6619,173.4433,166.2165,173.4433,"25,649"
3711 日月光投控,2024/7/8,162.3622,166.6983,161.3986,166.2165,"10,165"
3711 日月光投控,2024/7/5,161.3986,162.844,158.9897,162.3622,"7,482"
3711 日月光投控,2024/7/4,156.5808,159.9533,156.5808,159.9533,"11,225"
3711 日月光投控,2024/7/3,155.6172,157.0626,153.6901,154.6536,"13,917"
3711 日月光投控,2024/7/2,158.9897,159.9533,153.2083,153.2083,"24,936"
3711 日月光投控,2024/7/1,156.099,159.9533,155.6172,158.5079,"21,560"
3711 日月光投控,2024/6/28,157.8089,159.6764,156.4082,157.342,"18,670"
3711 日月光投控,2024/6/27,157.8088,161.5439,157.8088,160.6102,"15,225"
3711 日月光投控,2024/6/26,156.4082,163.4115,156.4082,161.0771,"15,170"
3711 日月光投控,2024/6/25,155.0075,158.7426,152.2061,157.8088,"20,782"
3711 日月光投控,2024/6/24,161.5439,163.4115,160.1433,161.0771,"12,009"
3711 日月光投控,2024/6/21,162.9446,164.8122,161.5439,162.9446,"16,811"
3711 日月光投控,2024/6/20,168.0804,168.0804,165.2791,166.2128,"9,248"
3711 日月光投控,2024/6/19,162.4777,169.0142,162.0108,167.1466,"18,881"
3711 日月光投控,2024/6/18,155.4744,160.1433,155.0075,159.6764,"13,697"
3711 日月光投控,2024/6/17,155.0075,157.8088,154.0737,155.9413,"8,526"
3711 日月光投控,2024/6/14,153.6068,155.0075,152.2061,155.0075,"6,823"
3711 日月光投控,2024/6/13,155.0075,156.4082,153.1399,153.1399,"11,673"
3711 日月光投控,2024/6/12,149.4048,152.2061,148.9379,151.7393,"9,000"
3711 日月光投控,2024/6/11,147.5372,150.3386,146.6035,149.4048,"13,404"
3711 日月光投控,2024/6/7,149.4048,149.8717,147.5372,148.9379,"7,689"
3711 日月光投控,2024/6/6,148.471,151.2724,148.0041,149.4048,"11,518"
3711 日月光投控,2024/6/5,148.0041,148.471,146.1366,146.6035,"13,837"
3711 日月光投控,2024/6/4,149.4048,150.3386,147.5372,148.9379,"13,467"
3711 日月光投控,2024/6/3,147.5372,151.2724,147.0704,150.3386,"12,915"
3711 日月光投控,2024/5/31,148.471,150.3386,145.6697,146.6035,"37,533"
3711 日月光投控,2024/5/30,148.9379,150.3386,146.6035,148.0041,"15,086"
3711 日月光投控,2024/5/29,153.1399,154.5406,151.2724,152.2061,"9,932"
3711 日月光投控,2024/5/28,155.9413,156.4082,152.2061,153.1399,"9,848"
3711 日月光投控,2024/5/27,151.2724,155.0075,150.8055,154.5406,"16,398"
3711 日月光投控,2024/5/24,148.9379,150.8055,147.5372,148.9379,"10,455"
3711 日月光投控,2024/5/23,145.2028,150.8055,145.2028,150.8055,"17,583"
3711 日月光投控,2024/5/22,144.7359,146.1366,143.8021,145.2028,"8,605"
3711 日月光投控,2024/5/21,141.9346,144.269,141.9346,143.8021,"8,439"
3711 日月光投控,2024/5/20,141.4677,142.4015,140.067,141.9346,"6,328"
3711 日月光投控,2024/5/17,138.6663,142.4015,138.6663,141.4677,"6,697"
3711 日月光投控,2024/5/16,142.8683,143.8021,140.067,140.067,"8,757"
3711 日月光投控,2024/5/15,140.067,143.3352,140.067,141.0008,"10,717"
3711 日月光投控,2024/5/14,138.1994,140.5339,138.1994,139.1332,"6,956"
3711 日月光投控,2024/5/13,141.4677,142.8683,137.7326,138.1994,"12,683"
3711 日月光投控,2024/5/10,139.6001,143.3352,138.6663,141.4677,"15,084"
3711 日月光投控,2024/5/9,139.1332,140.067,137.2657,138.1994,"8,600"
3711 日月光投控,2024/5/8,140.067,140.5339,138.1994,140.5339,"9,802"
3711 日月光投控,2024/5/7,139.6001,141.4677,139.1332,141.0008,"10,506"
3711 日月光投控,2024/5/6,140.067,140.067,136.7988,138.1994,"9,382"
3711 日月光投控,2024/5/3,136.3319,138.6663,135.865,138.1994,"10,252"
3711 日月光投控,2024/5/2,134.9312,135.865,132.5968,134.9312,"15,655"
3711 日月光投控,2024/4/30,136.3319,139.1332,136.3319,138.1994,"11,555"
3711 日月光投控,2024/4/29,133.9974,137.7326,133.9974,137.2657,"9,734"
3711 日月光投控,2024/4/26,134.4643,135.865,132.5968,133.0637,"15,489"
3711 日月光投控,2024/4/25,136.3319,137.2657,133.5305,135.3981,"12,781"
3711 日月光投控,2024/4/24,137.2657,141.0008,137.2657,138.1994,"12,613"
3711 日月光投控,2024/4/23,141.0008,141.0008,134.9312,135.3981,"12,863"
3711 日月光投控,2024/4/22,135.865,136.3319,132.1299,134.9312,"15,790"
3711 日月光投控,2024/4/19,138.6663,140.067,133.9974,136.3319,"36,366"
3711 日月光投控,2024/4/18,144.7359,144.7359,141.0008,141.0008,"19,873"
3711 日月光投控,2024/4/17,142.8683,145.6697,141.9346,145.6697,"10,789"
3711 日月光投控,2024/4/16,146.1366,148.0041,142.4015,142.8683,"21,541"
3711 日月光投控,2024/4/15,146.6035,151.2724,145.2028,149.4048,"15,814"
3711 日月光投控,2024/4/12,147.5372,150.3386,147.5372,149.8717,"15,093"
3711 日月光投控,2024/4/11,145.6697,148.471,145.6697,148.471,"14,976"
3711 日月光投控,2024/4/10,147.0704,148.471,146.1366,148.0041,"18,823"
3711 日月光投控,2024/4/9,143.8021,146.6035,142.4015,145.6697,"12,511"
3711 日月光投控,2024/4/8,146.6035,146.6035,141.4677,142.8683,"15,550"
3711 日月光投控,2024/4/3,143.8021,144.7359,141.9346,144.269,"14,631"
3711 日月光投控,2024/4/2,141.4677,145.2028,141.0008,143.3352,"17,175"
3711 日月光投控,2024/4/1,148.9379,149.4048,140.067,140.067,"26,235"
3711 日月光投控,2024/3/29,143.8021,152.2061,141.9346,150.3386,"32,110"
3711 日月光投控,2024/3/28,144.7359,145.6697,142.4015,144.7359,"17,817"
3711 日月光投控,2024/3/27,144.7359,145.6697,142.4015,143.8021,"18,508"
3711 日月光投控,2024/3/26,147.0704,148.471,142.8683,146.6035,"12,618"
3711 日月光投控,2024/3/25,148.471,148.471,145.2028,147.0704,"11,869"
3711 日月光投控,2024/3/22,149.4048,149.4048,147.0704,148.471,"10,993"
3711 日月光投控,2024/3/21,147.0704,150.3386,146.1366,149.4048,"16,675"
3711 日月光投控,2024/3/20,148.0041,150.3386,145.6697,146.1366,"15,452"
3711 日月光投控,2024/3/19,147.5372,149.8717,145.2028,149.4048,"19,427"
3711 日月光投控,2024/3/18,143.3352,148.0041,143.3352,147.5372,"15,685"
3711 日月光投控,2024/3/15,140.5339,144.269,139.1332,142.8683,"23,988"
3711 日月光投控,2024/3/14,146.1366,146.6035,141.9346,143.8021,"15,313"
3711 日月光投控,2024/3/13,148.0041,149.4048,145.2028,148.0041,"18,553"
3711 日月光投控,2024/3/12,143.8021,147.5372,142.8683,147.0704,"14,017"
3711 日月光投控,2024/3/11,148.471,148.471,141.9346,143.8021,"26,235"
3711 日月光投控,2024/3/8,165.2791,165.2791,146.6035,148.9379,"74,505"
3711 日月光投控,2024/3/7,144.7359,152.673,142.4015,152.673,"45,000"
3711 日月光投控,2024/3/6,134.9312,139.6001,134.4643,139.1332,"16,828"
3711 日月光投控,2024/3/5,132.1299,135.3981,132.1299,134.9312,"13,825"
3711 日月光投控,2024/3/4,129.7954,133.0637,129.7954,132.1299,"13,246"
3711 日月光投控,2024/3/1,129.7954,130.7292,128.3948,128.8616,"8,617"
3711 日月光投控,2024/2/29,126.5272,130.7292,126.5272,129.7954,"12,239"
3711 日月光投控,2024/2/27,131.1961,131.663,128.8616,128.8616,"9,964"
3711 日月光投控,2024/2/26,131.663,132.5968,130.7292,132.1299,"8,066"
3711 日月光投控,2024/2/23,130.7292,133.5305,129.7954,132.1299,"14,529"
3711 日月光投控,2024/2/22,128.8616,131.1961,128.8616,129.3285,"8,756"
3711 日月光投控,2024/2/21,127.461,128.8616,126.9941,128.3948,"8,458"
3711 日月光投控,2024/2/20,126.5272,128.3948,126.0603,127.9279,"9,486"
3711 日月光投控,2024/2/19,127.9279,128.8616,126.5272,126.9941,"7,086"
3711 日月光投控,2024/2/16,130.7292,134.4643,126.5272,127.9279,"20,623"
3711 日月光投控,2024/2/15,127.461,127.9279,125.1265,126.5272,"15,478"
3711 日月光投控,2024/2/5,119.5238,121.8583,118.1232,121.3914,"11,087"
3711 日月光投控,2024/2/2,123.259,123.7259,120.4576,120.9245,"16,768"
3711 日月光投控,2024/2/1,126.0603,126.0603,123.259,124.1927,"13,577"
3711 日月光投控,2024/1/31,126.0603,127.461,125.5934,126.9941,"8,079"
3711 日月光投控,2024/1/30,127.9279,127.9279,126.0603,126.9941,"6,893"
3711 日月光投控,2024/1/29,127.9279,128.3948,127.461,127.9279,"3,413"
3711 日月光投控,2024/1/26,127.9279,128.8616,126.9941,127.9279,"6,023"
3711 日月光投控,2024/1/25,125.5934,127.9279,125.1265,127.9279,"8,724"
3711 日月光投控,2024/1/24,126.0603,126.5272,124.6596,125.1265,"5,075"
3711 日月光投控,2024/1/23,126.5272,126.5272,125.1265,125.5934,"9,511"
3711 日月光投控,2024/1/22,122.7921,125.5934,122.3252,125.5934,"16,701"
3711 日月光投控,2024/1/19,122.3252,122.7921,120.4576,122.3252,"21,835"
3711 日月光投控,2024/1/18,116.7225,119.9907,114.8549,118.5901,"12,981"
3711 日月光投控,2024/1/17,115.7887,117.6563,115.3218,116.7225,"14,052"
3711 日月光投控,2024/1/16,116.2556,118.1232,114.8549,117.1894,"10,910"
3711 日月光投控,2024/1/15,119.5238,119.5238,116.7225,117.1894,"6,009"
3711 日月光投控,2024/1/12,117.6563,117.6563,116.7225,117.6563,"5,057"
3711 日月光投控,2024/1/11,118.1232,118.1232,116.7225,117.1894,"6,357"
3711 日月光投控,2024/1/10,117.6563,118.1232,115.7887,118.1232,"9,430"
3711 日月光投控,2024/1/9,119.5238,119.5238,117.1894,118.1232,"12,994"
3711 日月光投控,2024/1/8,118.1232,119.5238,117.1894,117.6563,"8,384"
3711 日月光投控,2024/1/5,118.5901,119.057,116.7225,118.1232,"12,260"
3711 日月光投控,2024/1/4,118.1232,119.5238,117.6563,118.5901,"8,411"
3711 日月光投控,2024/1/3,121.8583,121.8583,117.1894,118.1232,"25,860"
3711 日月光投控,2024/1/2,125.5934,126.0603,123.259,124.6596,"12,019"
3711 日月光投控,2023/12/29,126.9941,127.461,124.1927,126.0603,"8,366"
3711 日月光投控,2023/12/28,125.1265,126.5272,125.1265,126.5272,"6,918"
3711 日月光投控,2023/12/27,124.1927,125.1265,123.7259,124.6596,"7,427"
3711 日月光投控,2023/12/26,123.259,124.6596,123.259,123.7259,"5,268"
3711 日月光投控,2023/12/25,122.7921,123.259,121.3914,122.3252,"5,178"
3711 日月光投控,2023/12/22,121.8583,123.259,120.9245,122.7921,"8,935"
3711 日月光投控,2023/12/21,120.9245,122.3252,119.9907,121.3914,"11,802"
3711 日月光投控,2023/12/20,124.1927,124.6596,121.8583,122.7921,"15,216"
3711 日月光投控,2023/12/19,122.7921,123.259,121.3914,122.7921,"10,788"
3711 日月光投控,2023/12/18,120.4576,124.1927,120.4576,122.7921,"9,756"
3711 日月光投控,2023/12/15,124.6596,125.1265,122.3252,122.3252,"15,429"
3711 日月光投控,2023/12/14,123.259,124.6596,122.3252,124.6596,"13,735"
3711 日月光投控,2023/12/13,120.9245,122.3252,120.4576,121.3914,"7,058"
3711 日月光投控,2023/12/12,122.3252,122.7921,120.4576,120.9245,"9,137"
3711 日月光投控,2023/12/11,121.3914,122.7921,120.4576,122.3252,"10,308"
3711 日月光投控,2023/12/8,119.5238,121.8583,119.057,120.9245,"14,457"
3711 日月光投控,2023/12/7,120.4576,120.4576,117.1894,118.1232,"9,652"
3711 日月光投控,2023/12/6,119.9907,120.4576,118.5901,120.4576,"8,223"
3711 日月光投控,2023/12/5,120.4576,121.3914,119.5238,120.9245,"11,959"
3711 日月光投控,2023/12/4,120.4576,122.3252,120.4576,121.3914,"12,762"
3711 日月光投控,2023/12/1,118.5901,119.9907,118.1232,119.5238,"9,913"
3711 日月光投控,2023/11/30,118.5901,119.5238,117.6563,119.5238,"19,196"
3711 日月光投控,2023/11/29,117.1894,119.5238,116.7225,118.5901,"13,711"
3711 日月光投控,2023/11/28,117.6563,118.1232,116.7225,117.1894,"10,784"
3711 日月光投控,2023/11/27,118.1232,119.5238,117.6563,117.6563,"8,090"
3711 日月光投控,2023/11/24,118.5901,119.5238,118.1232,118.1232,"6,825"
3711 日月光投控,2023/11/23,117.6563,119.057,117.6563,118.5901,"6,524"
3711 日月光投控,2023/11/22,117.1894,118.5901,117.1894,118.1232,"7,870"
3711 日月光投控,2023/11/21,116.2556,119.5238,115.7887,118.5901,"20,869"
3711 日月光投控,2023/11/20,116.7225,116.7225,114.8549,115.7887,"7,344"
3711 日月光投控,2023/11/17,116.2556,117.6563,115.7887,117.1894,"6,858"
3711 日月光投控,2023/11/16,117.6563,117.6563,115.7887,116.7225,"10,675"
3711 日月光投控,2023/11/15,116.7225,118.5901,116.2556,117.6563,"22,806"
3711 日月光投控,2023/11/14,115.3218,115.7887,113.9212,115.3218,"13,626"
3711 日月光投控,2023/11/13,112.5205,115.3218,112.0536,114.3881,"26,087"
3711 日月光投控,2023/11/10,109.7192,110.186,108.7854,109.7192,"4,999"
3711 日月光投控,2023/11/9,109.2523,110.6529,109.2523,110.186,"5,936"
3711 日月光投控,2023/11/8,109.2523,110.6529,108.7854,109.7192,"4,908"
3711 日月光投控,2023/11/7,110.186,110.6529,108.7854,109.7192,"6,978"
3711 日月光投控,2023/11/6,110.6529,111.5867,109.7192,110.6529,"13,806"
3711 日月光投控,2023/11/3,108.7854,109.7192,108.3185,109.7192,"9,529"
3711 日月光投控,2023/11/2,107.3847,108.3185,106.9178,108.3185,"8,352"
3711 日月光投控,2023/11/1,105.5171,107.3847,105.5171,106.9178,"7,736"
3711 日月光投控,2023/10/31,104.5834,106.4509,104.5834,105.984,"12,503"
3711 日月光投控,2023/10/30,105.5171,105.984,103.6496,104.5834,"15,678"
3711 日月光投控,2023/10/27,103.6496,106.9178,103.6496,105.984,"13,488"
3711 日月光投控,2023/10/26,103.6496,105.984,102.7158,104.5834,"16,476"
3711 日月光投控,2023/10/25,105.5171,106.9178,104.5834,106.4509,"15,404"
3711 日月光投控,2023/10/24,106.9178,106.9178,105.5171,106.4509,"10,705"
3711 日月光投控,2023/10/23,109.7192,109.7192,107.3847,107.3847,"9,923"
3711 日月光投控,2023/10/20,107.3847,110.6529,107.3847,110.6529,"20,815"
3711 日月光投控,2023/10/19,107.8516,108.3185,105.984,108.3185,"13,187"
3711 日月光投控,2023/10/18,108.3185,109.7192,106.9178,108.3185,"20,795"
3711 日月光投控,2023/10/17,109.2523,109.7192,108.3185,108.3185,"12,562"
3711 日月光投控,2023/10/16,107.3847,108.3185,106.4509,108.3185,"9,270"
3711 日月光投控,2023/10/13,107.8516,109.2523,106.9178,108.7854,"10,496"
3711 日月光投控,2023/10/12,108.3185,110.186,106.9178,108.7854,"15,615"
3711 日月光投控,2023/10/11,105.5171,108.3185,105.0503,107.8516,"23,041"
3711 日月光投控,2023/10/6,104.5834,104.5834,103.1827,103.1827,"5,232"
3711 日月光投控,2023/10/5,102.7158,104.5834,102.2489,104.5834,"9,622"
3711 日月光投控,2023/10/4,101.782,103.1827,101.3151,102.2489,"8,610"
3711 日月光投控,2023/10/3,103.1827,104.1165,102.7158,103.1827,"4,598"
3711 日月光投控,2023/10/2,103.1827,104.1165,102.7158,103.6496,"5,348"
3711 日月光投控,2023/9/28,102.2489,102.7158,101.782,102.2489,"8,856"
3711 日月光投控,2023/9/27,100.3814,102.7158,100.3814,102.2489,"12,112"
3711 日月光投控,2023/9/26,104.1165,104.1165,101.3151,101.782,"16,530"
3711 日月光投控,2023/9/25,105.0503,106.4509,104.1165,105.0503,"9,411"
3711 日月光投控,2023/9/22,103.6496,105.5171,103.1827,104.5834,"9,049"
3711 日月光投控,2023/9/21,105.984,106.4509,104.1165,104.5834,"12,231"
3711 日月光投控,2023/9/20,107.3847,108.3185,105.984,106.9178,"10,826"
3711 日月光投控,2023/9/19,105.984,107.8516,105.984,106.4509,"6,323"
3711 日月光投控,2023/9/18,106.4509,107.8516,105.984,105.984,"8,967"
3711 日月光投控,2023/9/15,107.8516,109.7192,107.3847,108.3185,"14,514"
3711 日月光投控,2023/9/14,105.984,108.3185,105.984,107.8516,"10,224"
3711 日月光投控,2023/9/13,107.8516,107.8516,104.1165,105.0503,"20,217"
3711 日月光投控,2023/9/12,106.9178,108.3185,106.4509,107.8516,"13,364"
3711 日月光投控,2023/9/11,108.3185,108.7854,105.5171,105.984,"15,969"
3711 日月光投控,2023/9/8,109.2523,109.7192,106.4509,108.7854,"13,351"
3711 日月光投控,2023/9/7,109.2523,111.5867,109.2523,110.6529,"8,898"
3711 日月光投控,2023/9/6,110.6529,111.5867,109.2523,110.186,"11,349"
3711 日月光投控,2023/9/5,109.2523,111.1198,107.8516,110.6529,"9,916"
3711 日月光投控,2023/9/4,110.6529,110.6529,108.3185,110.186,"8,537"
3711 日月光投控,2023/9/1,110.186,110.6529,109.7192,110.6529,"4,294"
3711 日月光投控,2023/8/31,111.1198,111.5867,108.7854,110.186,"19,007"
3711 日月光投控,2023/8/30,111.1198,112.9874,110.186,112.0536,"18,359"
3711 日月光投控,2023/8/29,111.1198,111.5867,108.3185,109.7192,"19,687"
3711 日月光投控,2023/8/28,112.9874,116.2556,109.2523,111.1198,"37,165"
3711 日月光投控,2023/8/25,103.6496,110.186,103.6496,108.7854,"39,232"
3711 日月光投控,2023/8/24,103.6496,106.4509,103.6496,105.5171,"16,810"
3711 日月光投控,2023/8/23,100.3814,102.2489,100.3814,102.2489,"4,366"
3711 日月光投控,2023/8/22,101.3151,102.2489,100.3814,101.3151,"6,431"
3711 日月光投控,2023/8/21,100.3814,100.8482,99.4476,100.8482,"5,196"
3711 日月光投控,2023/8/18,100.8482,101.3151,99.4476,99.9145,"8,135"
3711 日月光投控,2023/8/17,98.9807,101.782,97.1131,101.3151,"14,322"
3711 日月光投控,2023/8/16,101.782,102.2489,99.9145,100.8482,"11,566"
3711 日月光投控,2023/8/15,103.1827,104.1165,101.782,102.7158,"11,101"
3711 日月光投控,2023/8/14,102.7158,103.6496,101.782,102.2489,"8,657"
3711 日月光投控,2023/8/11,103.1827,104.5834,102.7158,103.1827,"8,392"
3711 日月光投控,2023/8/10,103.1827,103.6496,101.782,103.6496,"19,747"
3711 日月光投控,2023/8/9,101.782,104.1165,101.782,103.6496,"11,429"
3711 日月光投控,2023/8/8,104.1165,104.1165,101.3151,101.782,"10,041"
3711 日月光投控,2023/8/7,101.782,104.1165,101.3151,104.1165,"5,088"
3711 日月光投控,2023/8/4,102.2489,103.6496,101.3151,101.782,"12,509"
3711 日月光投控,2023/8/2,105.0503,105.5171,102.2489,103.1827,"24,601"
3711 日月光投控,2023/8/1,106.9178,107.8516,104.5834,106.4509,"19,842"
3711 日月光投控,2023/7/31,110.186,110.6529,106.4509,106.9178,"23,313"
3711 日月光投控,2023/7/28,108.3185,111.1198,107.8516,109.7192,"28,371"
3711 日月光投控,2023/7/27,105.0503,106.4509,104.1165,106.4509,"11,871"
3711 日月光投控,2023/7/26,107.8516,108.3185,105.5171,105.984,"8,171"
3711 日月光投控,2023/7/25,104.5834,108.7854,104.1165,106.9178,"16,262"
3711 日月光投控,2023/7/24,103.6496,104.1165,102.7158,103.1827,"10,047"
3711 日月光投控,2023/7/21,102.7158,104.1165,101.782,103.1827,"19,571"
3711 日月光投控,2023/7/20,105.0503,106.4509,104.1165,105.984,"10,713"
3711 日月光投控,2023/7/19,108.3185,108.7854,105.0503,105.0503,"16,730"
3711 日月光投控,2023/7/18,109.2523,110.186,105.5171,108.3185,"23,143"
3711 日月光投控,2023/7/17,108.7854,108.7854,106.4509,107.3847,"19,330"
3711 日月光投控,2023/7/14,103.6496,108.3185,103.6496,107.3847,"20,258"
3711 日月光投控,2023/7/13,104.5834,104.5834,102.7158,102.7158,"14,108"
3711 日月光投控,2023/7/12,102.2489,102.7158,99.9145,102.7158,"18,198"
3711 日月光投控,2023/7/11,102.2489,103.6496,101.3151,102.2489,"15,952"
3711 日月光投控,2023/7/10,101.782,103.6496,100.3814,100.8482,"17,434"
3711 日月光投控,2023/7/7,101.782,102.2489,100.8482,101.782,"20,322"
3711 日月光投控,2023/7/6,103.1827,103.6496,100.8482,101.3151,"16,720"
3711 日月光投控,2023/7/5,103.1827,105.0503,103.1827,104.1165,"12,598"
3711 日月光投控,2023/7/4,103.1827,104.1165,102.2489,103.6496,"16,598"
3711 日月光投控,2023/7/3,103.6496,104.5834,102.2489,103.6496,"20,227"
3711 日月光投控,2023/6/30,105.984,105.984,101.782,103.1827,"43,832"
3711 日月光投控,2023/6/29,107.4708,107.4708,105.3041,106.1708,"24,174"
3711 日月光投控,2023/6/28,106.1708,107.9042,105.3041,107.4708,"23,979"
3711 日月光投控,2023/6/27,109.2042,109.2042,105.7374,107.4708,"33,110"
3711 日月光投控,2023/6/26,108.7709,110.0709,107.4708,109.2042,"21,322"
3711 日月光投控,2023/6/21,108.7709,110.0709,108.7709,109.6376,"11,745"
3711 日月光投控,2023/6/20,109.6376,110.5043,108.3375,109.6376,"10,051"
3711 日月光投控,2023/6/19,108.3375,110.0709,107.9042,109.6376,"9,263"
3711 日月光投控,2023/6/16,108.3375,109.2042,107.4708,108.7709,"14,470"
3711 日月光投控,2023/6/15,108.3375,110.5043,108.3375,109.6376,"13,960"
3711 日月光投控,2023/6/14,109.6376,110.0709,107.9042,107.9042,"18,074"
3711 日月光投控,2023/6/13,110.0709,110.9376,109.2042,110.9376,"22,003"
3711 日月光投控,2023/6/12,110.0709,110.0709,107.9042,108.7709,"18,984"
3711 日月光投控,2023/6/9,107.9042,109.6376,106.6041,109.2042,"20,404"
3711 日月光投控,2023/6/8,107.0375,108.3375,105.7374,106.1708,"18,537"
3711 日月光投控,2023/6/7,107.4708,110.5043,106.6041,108.3375,"43,029"
3711 日月光投控,2023/6/6,101.4039,105.7374,100.5372,105.3041,"41,303"
3711 日月光投控,2023/6/5,102.2706,103.1373,100.1039,100.9706,"21,796"
3711 日月光投控,2023/6/2,98.8038,101.4039,98.3705,100.9706,"36,343"
3711 日月光投控,2023/6/1,96.6371,97.5038,96.2037,97.0704,"12,924"
3711 日月光投控,2023/5/31,95.7704,97.5038,95.7704,96.6371,"42,194"
3711 日月光投控,2023/5/30,94.9038,97.9372,94.4704,96.6372,"36,148"
3711 日月光投控,2023/5/29,97.0705,97.0705,94.0371,94.4704,"35,991"
3711 日月光投控,2023/5/26,94.4704,96.6372,94.4704,95.7705,"42,183"
3711 日月光投控,2023/5/25,95.3371,97.0705,94.0371,94.0371,"39,489"
3711 日月光投控,2023/5/24,94.4704,94.9038,93.6037,94.0371,"17,089"
3711 日月光投控,2023/5/23,95.3371,96.2038,93.6037,95.3371,"13,643"
3711 日月光投控,2023/5/22,94.9038,95.7705,94.0371,95.3371,"16,689"
3711 日月光投控,2023/5/19,94.9038,94.9038,93.6037,94.4704,"9,749"
3711 日月光投控,2023/5/18,92.737,95.3371,92.737,94.4704,"21,736"
3711 日月光投控,2023/5/17,90.5703,92.3037,90.1369,91.437,"17,347"
3711 日月光投控,2023/5/16,90.1369,91.0036,89.7036,90.1369,"11,984"
3711 日月光投控,2023/5/15,88.8369,89.7036,88.8369,89.2702,"6,834"
3711 日月光投控,2023/5/12,88.8369,89.7036,88.4035,89.2702,"10,708"
3711 日月光投控,2023/5/11,89.2702,90.1369,88.8369,89.7036,"5,165"
3711 日月光投控,2023/5/10,90.1369,90.1369,88.4035,88.8369,"10,108"
3711 日月光投控,2023/5/9,90.1369,91.0036,89.2702,90.5703,"6,401"
3711 日月光投控,2023/5/8,89.7036,90.5703,89.2702,90.1369,"5,299"
3711 日月光投控,2023/5/5,89.7036,90.1369,89.2702,89.2702,"3,634"
3711 日月光投控,2023/5/4,87.9702,89.7036,87.5368,89.2702,"9,845"
3711 日月光投控,2023/5/3,87.5368,88.4035,86.6701,87.9702,"12,102"
3711 日月光投控,2023/5/2,87.5368,88.4035,86.2367,87.1035,"13,169"
3711 日月光投控,2023/4/28,86.6701,87.9702,86.5834,87.5368,"15,262"
3711 日月光投控,2023/4/27,86.6701,88.4035,86.4968,87.5368,"11,117"
3711 日月光投控,2023/4/26,87.1035,87.5368,85.9767,87.1035,"18,181"
3711 日月光投控,2023/4/25,89.2702,89.2702,87.5368,87.9702,"10,444"
3711 日月光投控,2023/4/24,88.4035,89.2702,88.4035,88.4035,"10,552"
3711 日月光投控,2023/4/21,88.8369,90.1369,88.8369,88.8369,"19,738"
3711 日月光投控,2023/4/20,88.8369,90.5703,88.8369,89.7036,"11,745"
3711 日月光投控,2023/4/19,91.437,91.437,89.2702,89.7036,"11,251"
3711 日月光投控,2023/4/18,91.8703,92.3037,91.0036,91.437,"5,967"
3711 日月光投控,2023/4/17,91.437,92.3037,90.5703,91.8703,"6,549"
3711 日月光投控,2023/4/14,90.5703,91.8703,89.7036,91.437,"14,230"
3711 日月光投控,2023/4/13,92.737,93.1704,89.2702,89.7036,"39,740"
3711 日月光投控,2023/4/12,94.4704,95.3371,93.1704,94.4704,"15,803"
3711 日月光投控,2023/4/11,94.4704,94.9038,93.6037,94.4704,"11,051"
3711 日月光投控,2023/4/10,95.3371,95.7705,93.6037,94.4704,"12,766"
3711 日月光投控,2023/4/7,97.9372,97.9372,95.3371,95.7705,"9,549"
3711 日月光投控,2023/4/6,97.9372,97.9372,97.0705,97.5039,"11,188"
3711 日月光投控,2023/3/31,98.3706,99.2373,96.6372,97.5039,"19,517"
3711 日月光投控,2023/3/30,97.9372,97.9372,96.6372,97.5039,"13,796"
3711 日月光投控,2023/3/29,95.3371,97.5039,94.9038,96.6372,"16,802"
3711 日月光投控,2023/3/28,94.4704,95.3371,94.0371,94.9038,"12,220"
3711 日月光投控,2023/3/27,96.2038,96.2038,94.0371,94.4704,"12,035"
3711 日月光投控,2023/3/24,96.2038,96.6372,95.3371,96.2038,"12,924"
3711 日月光投控,2023/3/23,94.4704,96.2038,94.0371,95.7705,"12,381"
3711 日月光投控,2023/3/22,93.6037,94.4704,92.737,94.4704,"12,485"
3711 日月光投控,2023/3/21,95.3371,95.7705,92.3037,92.737,"10,377"
3711 日月光投控,2023/3/20,94.4704,94.9038,93.6037,94.9038,"10,686"
3711 日月光投控,2023/3/17,94.9038,95.3371,93.1704,94.9038,"18,700"
3711 日月光投控,2023/3/16,93.6037,94.0371,92.3037,93.6037,"9,365"
3711 日月光投控,2023/3/15,94.0371,95.3371,93.1704,94.0371,"14,883"
3711 日月光投控,2023/3/14,93.6037,95.3371,92.3037,92.737,"17,203"
3711 日月光投控,2023/3/13,91.8703,94.4704,91.8703,94.0371,"10,397"
3711 日月光投控,2023/3/10,93.1704,93.1704,91.8703,92.737,"9,975"
3711 日月光投控,2023/3/9,95.3371,95.7705,93.6037,94.4704,"6,514"
3711 日月光投控,2023/3/8,94.9038,95.3371,94.0371,94.9038,"7,886"
3711 日月光投控,2023/3/7,94.4704,96.2038,93.6037,95.7705,"14,411"
3711 日月光投控,2023/3/6,94.4704,94.4704,93.6037,94.4704,"6,938"
3711 日月光投控,2023/3/3,93.6037,94.4704,92.737,93.6037,"7,394"
3711 日月光投控,2023/3/2,91.8703,94.0371,91.437,93.6037,"13,995"
3711 日月光投控,2023/3/1,90.5703,92.3037,90.5703,91.8703,"9,510"
3711 日月光投控,2023/2/24,90.5703,93.1704,90.1369,91.8703,"26,117"
3711 日月光投控,2023/2/23,89.2702,90.5703,88.4035,89.7036,"12,007"
3711 日月光投控,2023/2/22,87.9702,89.2702,87.5368,88.8369,"8,309"
3711 日月光投控,2023/2/21,89.2702,89.2702,88.4035,88.8369,"5,530"
3711 日月光投控,2023/2/20,87.9702,89.2702,87.9702,89.2702,"9,596"
3711 日月光投控,2023/2/17,89.7036,90.1369,88.4035,88.4035,"11,149"
3711 日月光投控,2023/2/16,91.0036,91.437,90.1369,90.1369,"11,023"
3711 日月光投控,2023/2/15,90.1369,91.0036,89.7036,90.5703,"12,560"
3711 日月光投控,2023/2/14,90.5703,91.0036,88.8369,90.5703,"14,474"
3711 日月光投控,2023/2/13,91.0036,91.437,89.2702,90.1369,"10,890"
3711 日月光投控,2023/2/10,92.3037,93.1704,90.1369,91.8703,"20,085"
3711 日月光投控,2023/2/9,90.5703,92.737,90.5703,91.8703,"17,813"
3711 日月光投控,2023/2/8,90.1369,91.8703,90.1369,91.8703,"10,833"
3711 日月光投控,2023/2/7,90.1369,90.5703,89.2702,89.7036,"9,382"
3711 日月光投控,2023/2/6,90.5703,91.0036,88.8369,89.7036,"10,555"
3711 日月光投控,2023/2/3,89.7036,91.8703,88.8369,91.8703,"27,897"
3711 日月光投控,2023/2/2,89.2702,90.5703,88.4035,89.2702,"19,590"
3711 日月光投控,2023/2/1,87.5368,88.4035,86.0634,88.4035,"14,739"
3711 日月光投控,2023/1/31,90.1369,90.1369,86.6701,86.6701,"19,693"
3711 日月光投控,2023/1/30,91.8703,91.8703,89.7036,91.0036,"26,417"
3711 日月光投控,2023/1/17,87.5368,87.9702,87.1035,87.9702,"9,199"
3711 日月光投控,2023/1/16,87.9702,87.9702,87.1035,87.5368,"5,054"
3711 日月光投控,2023/1/13,87.9702,88.4035,87.1035,87.5368,"10,443"
3711 日月光投控,2023/1/12,87.5368,87.9702,86.6701,87.5368,"8,909"
3711 日月光投控,2023/1/11,87.9702,88.4035,87.1035,87.1035,"11,623"
3711 日月光投控,2023/1/10,87.5368,87.9702,87.1035,87.9702,"13,759"
3711 日月光投控,2023/1/9,86.1501,87.5368,85.37,87.5368,"19,969"
3711 日月光投控,2023/1/6,82.3366,84.07,81.9899,83.8967,"15,827"
3711 日月光投控,2023/1/5,81.9032,83.1166,81.6432,81.9899,"9,171"
3711 日月光投控,2023/1/4,81.4699,81.9032,81.2099,81.2099,"4,799"
3711 日月光投控,2023/1/3,80.8632,82.1633,79.9965,81.9899,"7,290"
3711 日月光投控,2022/12/30,81.9899,82.1633,81.2966,81.3832,"4,331"
3711 日月光投控,2022/12/29,80.2565,81.2966,79.8232,81.2966,"4,744"
3711 日月光投控,2022/12/28,81.2099,81.7299,80.7765,81.0365,"5,060"
3711 日月光投控,2022/12/27,81.9032,82.2499,81.6432,81.9032,"3,642"
3711 日月光投控,2022/12/26,81.2966,81.4699,80.6032,81.4699,"3,654"
3711 日月光投控,2022/12/23,82.5966,82.5966,80.9499,81.2966,"11,869"
3711 日月光投控,2022/12/22,83.1166,84.33,82.6833,84.33,"23,120"
3711 日月光投控,2022/12/21,81.0365,82.7699,81.0365,82.5966,"21,833"
3711 日月光投控,2022/12/20,81.9899,82.5099,80.8632,81.0365,"24,962"
3711 日月光投控,2022/12/19,82.4233,83.4633,82.2499,83.03,"22,989"
3711 日月光投控,2022/12/16,83.55,84.5033,83.29,83.3766,"26,614"
3711 日月光投控,2022/12/15,84.07,85.37,83.4633,85.11,"13,009"
3711 日月光投控,2022/12/14,83.81,84.9367,83.3766,84.9367,"16,460"
3711 日月光投控,2022/12/13,85.37,85.5434,83.03,83.4633,"16,942"
3711 日月光投控,2022/12/12,85.8034,85.9767,84.33,85.0234,"11,332"
3711 日月光投控,2022/12/9,85.1967,86.3234,85.0234,86.2367,"13,184"
3711 日月光投控,2022/12/8,85.8034,86.0634,83.29,84.07,"11,521"
3711 日月光投控,2022/12/7,86.4101,87.1035,85.2834,85.8034,"16,323"
3711 日月光投控,2022/12/6,87.1035,87.5368,85.8901,86.4101,"8,735"
3711 日月光投控,2022/12/5,87.9702,88.8369,86.6701,87.5368,"12,260"
3711 日月光投控,2022/12/2,86.6701,87.5368,86.4968,87.5368,"11,929"
3711 日月光投控,2022/12/1,85.8034,88.4035,85.5434,87.9702,"25,638"
3711 日月光投控,2022/11/30,83.55,84.2433,82.4233,84.2433,"13,641"
3711 日月光投控,2022/11/29,82.0766,82.7699,81.1232,82.6833,"6,227"
3711 日月光投控,2022/11/28,81.8166,82.6833,81.5566,81.9899,"5,952"
3711 日月光投控,2022/11/25,83.2033,83.7233,82.5966,83.29,"10,453"
3711 日月光投控,2022/11/24,83.6366,83.81,82.6833,83.55,"7,076"
3711 日月光投控,2022/11/23,82.7699,83.2033,82.5966,83.03,"9,040"
3711 日月光投控,2022/11/22,81.7299,82.1633,80.7765,82.1633,"8,025"
3711 日月光投控,2022/11/21,82.7699,82.7699,81.1232,81.6432,"8,263"
3711 日月光投控,2022/11/18,81.8166,82.2499,81.2099,82.2499,"12,535"
3711 日月光投控,2022/11/17,80.1698,81.0365,79.7365,81.0365,"9,168"
3711 日月光投控,2022/11/16,80.2565,81.6432,79.9965,81.1232,"17,692"
3711 日月光投控,2022/11/15,78.9565,80.8632,78.8698,80.4299,"20,371"
3711 日月光投控,2022/11/14,79.3031,79.9965,78.9565,79.4765,"16,350"
3711 日月光投控,2022/11/11,78.6965,79.4765,76.963,78.3498,"24,810"
3711 日月光投控,2022/11/10,74.3629,75.143,74.1029,74.9696,"7,384"
3711 日月光投控,2022/11/9,73.9296,75.2296,73.9296,75.2296,"16,103"
3711 日月光投控,2022/11/8,73.6696,73.6696,72.7162,73.1496,"11,643"
3711 日月光投控,2022/11/7,71.5028,73.2362,70.9828,73.2362,"19,519"
3711 日月光投控,2022/11/4,68.4694,70.1161,68.296,69.7694,"8,023"
3711 日月光投控,2022/11/3,67.8627,69.0761,67.8627,68.9027,"10,077"
3711 日月光投控,2022/11/2,69.8561,69.8561,68.8161,69.3361,"7,624"
3711 日月光投控,2022/11/1,69.2494,69.7694,68.6427,69.3361,"7,941"
3711 日月光投控,2022/10/31,70.2028,70.3761,68.2094,69.6828,"13,695"
3711 日月光投控,2022/10/28,68.4694,69.9428,67.8627,69.9428,"17,573"
3711 日月光投控,2022/10/27,67.0827,68.296,66.8226,68.2094,"10,921"
3711 日月光投控,2022/10/26,67.256,67.516,66.3893,66.6493,"9,378"
3711 日月光投控,2022/10/25,67.6027,67.6027,65.7826,66.996,"14,580"
3711 日月光投控,2022/10/24,67.516,67.9494,67.1693,67.3427,"10,772"
3711 日月光投控,2022/10/21,65.8693,67.0827,65.4359,66.1293,"11,259"
3711 日月光投控,2022/10/20,64.0492,66.0426,63.9625,65.8693,"19,824"
3711 日月光投控,2022/10/19,65.2626,65.9559,64.7426,64.9159,"12,228"
3711 日月光投控,2022/10/18,67.1693,67.4293,65.0026,65.9559,"22,542"
3711 日月光投控,2022/10/17,64.6559,66.1293,64.3092,66.0426,"12,957"
3711 日月光投控,2022/10/14,64.4826,66.0426,64.4826,65.6959,"16,191"
3711 日月光投控,2022/10/13,63.5292,64.2225,61.9691,62.7492,"17,183"
3711 日月光投控,2022/10/12,63.8759,64.6559,62.8358,63.4425,"20,976"
3711 日月光投控,2022/10/11,67.6027,67.6027,64.6559,64.6559,"30,297"
3711 日月光投控,2022/10/7,71.1562,71.6762,70.4628,71.0695,"9,985"
3711 日月光投控,2022/10/6,71.5895,71.9362,71.0695,71.7628,"12,345"
3711 日月光投控,2022/10/5,71.0695,72.3695,70.4628,70.9828,"21,662"
3711 日月光投控,2022/10/4,68.2094,69.3361,67.8627,69.1627,"13,458"
3711 日月光投控,2022/10/3,68.3827,68.7294,66.8226,66.8226,"16,185"
3711 日月光投控,2022/9/30,67.6893,69.6828,67.3427,69.4228,"13,604"
3711 日月光投控,2022/9/29,69.3361,69.9428,68.036,68.3827,"11,878"
3711 日月光投控,2022/9/28,70.6361,70.8961,67.776,67.776,"12,632"
3711 日月光投控,2022/9/27,71.0695,71.1562,69.9428,70.2895,"9,131"
3711 日月光投控,2022/9/26,71.7628,72.8896,69.7694,70.4628,"15,395"
3711 日月光投控,2022/9/23,73.3229,74.1029,72.8029,72.8029,"6,869"
3711 日月光投控,2022/9/22,73.0629,73.5829,72.5429,73.3229,"8,701"
3711 日月光投控,2022/9/21,73.4962,74.1896,73.4096,73.5829,"8,042"
3711 日月光投控,2022/9/20,73.6696,74.0163,73.1496,74.0163,"9,892"
3711 日月光投控,2022/9/19,73.2362,73.7563,72.8029,73.0629,"14,602"
3711 日月光投控,2022/9/16,71.5895,72.9762,71.5895,72.4562,"20,596"
3711 日月光投控,2022/9/15,71.7628,72.5429,71.3295,72.1095,"12,337"
3711 日月光投控,2022/9/14,71.9362,72.0229,71.2428,71.6762,"22,898"
3711 日月光投控,2022/9/13,72.8029,75.143,72.8029,74.4496,"16,333"
3711 日月光投控,2022/9/12,72.3695,72.4562,70.9828,71.9362,"11,822"
3711 日月光投控,2022/9/8,70.3761,71.5028,70.2028,71.1562,"9,327"
3711 日月光投控,2022/9/7,70.4628,70.5495,68.9027,69.5094,"9,461"
3711 日月光投控,2022/9/6,72.1095,72.1962,71.2428,71.4162,"4,374"
3711 日月光投控,2022/9/5,71.7628,72.2829,71.0695,71.3295,"5,467"
3711 日月光投控,2022/9/2,72.5429,72.5429,71.6762,71.6762,"8,437"
3711 日月光投控,2022/9/1,72.7162,73.4962,72.0229,72.7162,"10,593"
3711 日月光投控,2022/8/31,72.9762,74.1896,72.8896,74.0163,"12,852"
3711 日月光投控,2022/8/30,72.8029,74.0163,72.8029,73.3229,"7,962"
3711 日月光投控,2022/8/29,73.6696,73.7563,72.5429,73.1496,"10,432"
3711 日月光投控,2022/8/26,75.7497,76.443,75.663,75.8363,"7,215"
3711 日月光投控,2022/8/25,75.0563,75.2296,74.623,74.883,"5,339"
3711 日月光投控,2022/8/24,75.403,75.663,74.2763,74.7096,"6,720"
3711 日月光投控,2022/8/23,76.2697,76.2697,74.623,75.0563,"11,724"
3711 日月光投控,2022/8/22,77.2231,77.2231,76.5297,76.8764,"5,597"
3711 日月光投控,2022/8/19,77.4831,78.0031,77.2231,78.0031,"7,189"
3711 日月光投控,2022/8/18,77.8297,77.8297,76.8764,77.4831,"6,963"
3711 日月光投控,2022/8/17,78.1764,78.6098,78.0898,78.5231,"6,056"
3711 日月光投控,2022/8/16,78.7831,78.7831,78.1764,78.6098,"4,784"
3711 日月光投控,2022/8/15,78.0031,78.8698,78.0031,78.4364,"8,789"
3711 日月光投控,2022/8/12,77.5697,77.8297,77.2231,77.5697,"7,459"
3711 日月光投控,2022/8/11,77.3097,77.7431,76.963,77.5697,"9,577"
3711 日月光投控,2022/8/10,75.0563,75.4897,74.7096,75.403,"12,050"
3711 日月光投控,2022/8/9,76.2697,76.3564,75.2296,76.0097,"6,597"
3711 日月光投控,2022/8/8,76.2697,76.2697,75.663,76.183,"4,485"
3711 日月光投控,2022/8/5,76.5297,76.703,75.8363,76.443,"7,221"
3711 日月光投控,2022/8/4,75.7497,76.0097,74.623,75.7497,"14,449"
3711 日月光投控,2022/8/3,73.1496,74.5363,72.4562,74.5363,"9,529"
3711 日月光投控,2022/8/2,74.2763,74.3629,72.8896,73.2362,"8,331"
3711 日月光投控,2022/8/1,74.7096,74.9696,73.7563,74.7963,"6,663"
3711 日月光投控,2022/7/29,75.2296,75.663,74.5363,74.883,"18,911"
3711 日月光投控,2022/7/28,75.0563,76.0963,74.1896,76.0963,"19,829"
3711 日月光投控,2022/7/27,72.8896,73.7563,71.5895,73.7563,"8,081"
3711 日月光投控,2022/7/26,73.5829,73.5829,72.3695,72.5429,"6,574"
3711 日月光投控,2022/7/25,73.5829,74.0163,72.9762,73.3229,"5,856"
3711 日月光投控,2022/7/22,74.3629,74.4496,73.3229,73.8429,"10,999"
3711 日月光投控,2022/7/21,72.5429,74.2763,72.5429,74.2763,"12,165"
3711 日月光投控,2022/7/20,72.3695,73.2362,71.7628,72.2829,"12,256"
3711 日月光投控,2022/7/19,69.6828,71.6762,69.4228,71.5895,"9,767"
3711 日月光投控,2022/7/18,68.8161,70.7228,68.4694,70.2895,"13,342"
3711 日月光投控,2022/7/15,68.036,68.9027,67.6027,68.6427,"11,478"
3711 日月光投控,2022/7/14,65.7826,68.3827,65.3493,67.9494,"13,239"
3711 日月光投控,2022/7/13,65.6093,66.216,65.1759,66.0426,"9,595"
3711 日月光投控,2022/7/12,64.6559,64.7426,63.3558,63.9625,"7,963"
3711 日月光投控,2022/7/11,66.5626,66.736,65.3493,65.6959,"6,307"
3711 日月光投控,2022/7/8,65.6093,66.476,65.1759,65.9559,"9,419"
3711 日月光投控,2022/7/7,63.7892,65.1759,61.8825,64.6559,"14,746"
3711 日月光投控,2022/7/6,65.4359,65.5226,63.1825,63.3558,"12,043"
3711 日月光投控,2022/7/5,65.6093,66.1293,63.2692,64.8292,"12,753"
3711 日月光投控,2022/7/4,64.2225,64.7426,63.4425,64.1359,"20,039"
3711 日月光投控,2022/7/1,66.736,67.4293,64.4826,64.5692,"19,976"
3711 日月光投控,2022/6/30,68.556,68.8161,65.5226,66.216,"42,232"
3711 日月光投控,2022/6/29,71.8495,71.8495,68.4694,68.556,"68,271"
3711 日月光投控,2022/6/28,75.843,75.843,72.5629,72.8029,"34,040"
3711 日月光投控,2022/6/27,74.803,75.683,74.483,75.443,"16,934"
3711 日月光投控,2022/6/24,75.283,76.003,72.5629,73.6029,"39,116"
3711 日月光投控,2022/6/23,78.0831,78.1631,75.843,76.323,"10,562"
3711 日月光投控,2022/6/22,80.0032,80.0032,76.8831,77.1231,"13,467"
3711 日月光投控,2022/6/21,78.2431,79.6032,77.6031,79.5232,"9,463"
3711 日月光投控,2022/6/20,78.0031,78.5631,76.9631,76.9631,"9,193"
3711 日月光投控,2022/6/17,79.0431,79.5232,77.6831,78.0031,"21,133"
3711 日月光投控,2022/6/16,82.0033,82.8033,80.4032,80.8032,"11,268"
3711 日月光投控,2022/6/15,81.2032,82.0033,80.0032,80.0032,"14,551"
3711 日月光投控,2022/6/14,80.0032,82.0033,80.0032,81.6032,"11,343"
3711 日月光投控,2022/6/13,82.0033,82.4033,80.8032,81.6032,"13,730"
3711 日月光投控,2022/6/10,83.2033,84.8034,82.4033,84.0033,"10,728"
3711 日月光投控,2022/6/9,82.8033,84.0033,82.4033,84.0033,"11,034"
3711 日月光投控,2022/6/8,82.8033,84.0033,82.0033,83.2033,"13,187"
3711 日月光投控,2022/6/7,84.0033,84.0033,82.0033,82.0033,"10,548"
3711 日月光投控,2022/6/6,84.0033,84.0033,82.4033,83.6033,"10,831"
3711 日月光投控,2022/6/2,82.0033,84.0033,81.6032,83.2033,"10,940"
3711 日月光投控,2022/6/1,82.8033,83.6033,82.0033,82.4033,"9,936"
3711 日月光投控,2022/5/31,82.4033,83.6033,81.2032,83.6033,"31,069"
3711 日月光投控,2022/5/30,81.6032,82.4033,80.8032,82.4033,"12,221"
3711 日月光投控,2022/5/27,79.6032,81.2032,79.1231,80.8032,"15,900"
3711 日月光投控,2022/5/26,79.0431,79.4432,78.3231,78.8831,"10,679"
3711 日月光投控,2022/5/25,77.2831,79.0431,77.1231,78.5631,"10,779"
3711 日月光投控,2022/5/24,78.1631,78.3231,77.2031,77.2831,"7,577"
3711 日月光投控,2022/5/23,78.8031,78.9631,77.6031,78.0031,"6,493"
3711 日月光投控,2022/5/20,77.2831,78.0031,76.8831,78.0031,"8,051"
3711 日月光投控,2022/5/19,76.403,76.9631,76.083,76.563,"10,835"
3711 日月光投控,2022/5/18,78.7231,79.1231,77.2031,77.5231,"18,795"
3711 日月光投控,2022/5/17,76.403,78.3231,76.003,77.8431,"13,277"
3711 日月光投控,2022/5/16,76.563,76.9631,75.203,75.763,"6,016"
3711 日月光投控,2022/5/13,74.803,75.603,74.803,75.443,"8,494"
3711 日月光投控,2022/5/12,75.683,76.003,74.403,74.403,"10,585"
3711 日月光投控,2022/5/11,75.363,76.9631,75.363,76.9631,"6,459"
3711 日月光投控,2022/5/10,74.723,76.323,74.0829,76.323,"7,579"
3711 日月光投控,2022/5/9,75.523,75.843,75.043,75.283,"10,613"
3711 日月光投控,2022/5/6,76.643,77.0431,76.323,76.723,"9,473"
3711 日月光投控,2022/5/5,78.2431,79.2031,78.1631,78.8831,"13,783"
3711 日月光投控,2022/5/4,76.8831,77.3631,76.563,77.2831,"6,042"
3711 日月光投控,2022/5/3,76.643,76.8831,76.163,76.723,"8,344"
3711 日月光投控,2022/4/29,78.1631,79.1231,76.083,76.483,"26,688"
3711 日月光投控,2022/4/28,74.0029,75.8429,73.5228,74.4029,"16,503"
3711 日月光投控,2022/4/27,73.4428,73.8429,72.5628,73.4428,"15,624"
3711 日月光投控,2022/4/26,76.243,76.403,75.8429,76.0029,"7,463"
3711 日月光投控,2022/4/25,77.843,77.843,75.6029,75.6829,"17,472"
3711 日月光投控,2022/4/22,78.8831,79.5231,78.323,79.2831,"6,188"
3711 日月光投控,2022/4/21,79.2031,79.7631,79.0431,79.6031,"6,179"
3711 日月光投控,2022/4/20,78.7231,79.5231,78.323,79.3631,"9,117"
3711 日月光投控,2022/4/19,78.9631,79.5231,78.483,78.483,"6,575"
3711 日月光投控,2022/4/18,78.163,78.483,77.683,78.323,"4,616"
3711 日月光投控,2022/4/15,78.563,78.7231,78.003,78.323,"5,944"
3711 日月光投控,2022/4/14,80.0031,80.4031,79.6031,79.6031,"7,530"
3711 日月光投控,2022/4/13,78.163,79.2831,77.923,79.2831,"8,138"
3711 日月光投控,2022/4/12,77.683,78.323,77.123,77.283,"16,374"
3711 日月光投控,2022/4/11,80.4031,80.4031,78.003,78.323,"14,481"
3711 日月光投控,2022/4/8,80.4031,80.4031,79.7631,80.4031,"10,841"
3711 日月光投控,2022/4/7,80.8031,81.6032,79.8431,79.8431,"15,990"
3711 日月光投控,2022/4/6,80.8031,81.6032,80.4031,81.6032,"15,220"
3711 日月光投控,2022/4/1,82.0032,82.8032,81.2031,82.8032,"10,519"
3711 日月光投控,2022/3/31,83.6032,83.6032,82.4032,82.8032,"7,372"
3711 日月光投控,2022/3/30,83.6032,84.0033,82.8032,83.6032,"11,912"
3711 日月光投控,2022/3/29,82.4032,82.8032,81.6032,82.8032,"6,328"
3711 日月光投控,2022/3/28,82.8032,82.8032,81.2031,82.8032,"14,150"
3711 日月光投控,2022/3/25,84.4033,84.4033,83.2032,83.6032,"13,581"
3711 日月光投控,2022/3/24,83.2032,84.4033,82.8032,84.0033,"13,556"
3711 日月光投控,2022/3/23,84.0033,84.4033,83.6032,84.4033,"10,196"
3711 日月光投控,2022/3/22,84.0033,84.4033,82.8032,83.6032,"8,264"
3711 日月光投控,2022/3/21,84.0033,84.8033,83.2032,84.0033,"8,008"
3711 日月光投控,2022/3/18,82.8032,84.0033,82.8032,83.6032,"16,948"
3711 日月光投控,2022/3/17,81.6032,83.2032,81.2031,82.8032,"22,679"
3711 日月光投控,2022/3/16,80.0031,80.4031,79.2031,79.8431,"10,845"
3711 日月光投控,2022/3/15,80.8031,80.8031,78.8831,79.1231,"12,013"
3711 日月光投控,2022/3/14,81.2031,82.0032,80.8031,81.6032,"12,839"
3711 日月光投控,2022/3/11,80.4031,81.2031,80.0031,80.4031,"13,761"
3711 日月光投控,2022/3/10,80.4031,80.8031,79.9231,80.4031,"11,197"
3711 日月光投控,2022/3/9,77.683,78.8831,77.603,78.563,"11,166"
3711 日月光投控,2022/3/8,76.803,78.003,76.403,76.883,"21,368"
3711 日月光投控,2022/3/7,79.9231,79.9231,77.203,78.083,"34,672"
3711 日月光投控,2022/3/4,81.2031,82.4032,81.2031,81.6032,"9,535"
3711 日月光投控,2022/3/3,82.8032,83.2032,81.6032,82.8032,"13,152"
3711 日月光投控,2022/3/2,82.0032,82.4032,81.2031,82.0032,"8,131"
3711 日月光投控,2022/3/1,80.4031,82.8032,80.0031,82.4032,"16,494"
3711 日月光投控,2022/2/25,80.8031,80.8031,79.2831,79.4431,"20,163"
3711 日月光投控,2022/2/24,80.0031,81.2031,79.2831,79.7631,"25,869"
3711 日月光投控,2022/2/23,82.8032,82.8032,81.2031,81.6032,"12,309"
3711 日月光投控,2022/2/22,82.8032,84.0033,81.6032,82.4032,"15,371"
3711 日月光投控,2022/2/21,82.4032,84.4033,82.4032,84.0033,"11,990"
3711 日月光投控,2022/2/18,81.6032,83.6032,81.6032,83.2032,"12,537"
3711 日月光投控,2022/2/17,82.4032,84.0033,82.4032,83.2032,"14,310"
3711 日月光投控,2022/2/16,82.0032,82.8032,81.6032,82.0032,"15,851"
3711 日月光投控,2022/2/15,80.4031,80.8031,79.8431,80.0031,"8,819"
3711 日月光投控,2022/2/14,80.8031,80.8031,79.8431,80.0031,"16,199"
3711 日月光投控,2022/2/11,83.6032,84.8033,81.6032,82.4032,"33,631"
3711 日月光投控,2022/2/10,82.8032,83.6032,82.0032,82.8032,"18,157"
3711 日月光投控,2022/2/9,80.8031,82.0032,80.0031,81.6032,"17,134"
3711 日月光投控,2022/2/8,79.6831,80.8031,79.4431,80.0031,"18,352"
3711 日月光投控,2022/2/7,80.4031,82.0032,79.2831,80.0031,"22,852"
3711 日月光投控,2022/1/26,79.1231,79.7631,78.8831,79.0431,"14,082"
3711 日月光投控,2022/1/25,79.6031,80.4031,78.643,80.0031,"23,643"
3711 日月光投控,2022/1/24,80.8031,82.4032,80.4031,81.2031,"12,239"
3711 日月光投控,2022/1/21,83.2032,83.6032,80.8031,81.2031,"24,833"
3711 日月光投控,2022/1/20,83.2032,84.8033,82.8032,84.4033,"9,052"
3711 日月光投控,2022/1/19,84.8033,85.6033,83.6032,84.0033,"14,161"
3711 日月光投控,2022/1/18,87.6034,88.4034,85.6033,86.0033,"13,613"
3711 日月光投控,2022/1/17,85.2033,86.8034,84.8033,86.4033,"14,083"
3711 日月光投控,2022/1/14,84.4033,84.8033,83.2032,84.4033,"13,436"
3711 日月光投控,2022/1/13,85.6033,85.6033,83.2032,84.0033,"9,893"
3711 日月光投控,2022/1/12,85.6033,86.0033,85.2033,85.6033,"8,740"
3711 日月光投控,2022/1/11,85.6033,86.0033,84.4033,85.2033,"12,542"
3711 日月光投控,2022/1/10,84.4033,85.2033,84.0033,84.8033,"8,353"
3711 日月光投控,2022/1/7,87.6034,88.0034,84.0033,85.2033,"14,917"
3711 日月光投控,2022/1/6,88.0034,88.0034,86.0033,86.8034,"18,197"
3711 日月光投控,2022/1/5,85.6033,89.6035,85.2033,88.8034,"32,174"
3711 日月光投控,2022/1/4,84.8033,86.0033,84.4033,85.6033,"14,057"
3711 日月光投控,2022/1/3,85.6033,86.0033,84.0033,84.4033,"9,976"
3711 日月光投控,2021/12/30,84.8033,85.6033,84.4033,85.2033,"7,619"
3711 日月光投控,2021/12/29,85.2033,85.6033,84.8033,84.8033,"6,550"
3711 日月光投控,2021/12/28,85.2033,85.2033,84.4033,84.4033,"7,925"
3711 日月光投控,2021/12/27,84.0033,84.4033,83.2032,84.0033,"7,274"
3711 日月光投控,2021/12/24,83.2032,84.4033,82.8032,84.0033,"10,515"
3711 日月光投控,2021/12/23,83.2032,84.4033,82.8032,82.8032,"10,213"
3711 日月光投控,2021/12/22,82.4032,82.8032,82.0032,82.4032,"4,022"
3711 日月光投控,2021/12/21,81.6032,82.4032,81.2031,81.6032,"7,894"
3711 日月光投控,2021/12/20,81.6032,82.4032,80.8031,81.2031,"7,986"
3711 日月光投控,2021/12/17,81.2031,82.8032,81.2031,81.6032,"17,312"
3711 日月光投控,2021/12/16,82.4032,82.8032,80.8031,82.8032,"16,479"
3711 日月光投控,2021/12/15,81.6032,82.0032,81.2031,81.2031,"10,867"
3711 日月光投控,2021/12/14,81.2031,82.4032,80.8031,81.6032,"11,642"
3711 日月光投控,2021/12/13,83.2032,83.6032,81.6032,82.0032,"9,928"
3711 日月光投控,2021/12/10,83.2032,84.0033,82.4032,82.4032,"13,168"
3711 日月光投控,2021/12/9,84.0033,84.4033,83.2032,83.6032,"22,312"
3711 日月光投控,2021/12/8,86.4033,87.2034,84.8033,85.6033,"18,826"
3711 日月光投控,2021/12/7,85.2033,85.6033,82.8032,83.2032,"16,026"
3711 日月光投控,2021/12/6,86.8034,86.8034,84.8033,84.8033,"17,670"
3711 日月光投控,2021/12/3,85.6033,88.0034,84.8033,87.2034,"26,853"
3711 日月光投控,2021/12/2,84.0033,85.2033,82.8032,84.0033,"20,591"
3711 日月光投控,2021/12/1,80.8031,83.6032,80.4031,83.2032,"14,130"
3711 日月光投控,2021/11/30,82.0032,82.8032,81.6032,81.6032,"18,993"
3711 日月光投控,2021/11/29,80.0031,82.0032,79.6031,80.8031,"11,545"
3711 日月光投控,2021/11/26,82.4032,83.2032,81.2031,81.2031,"9,638"
3711 日月光投控,2021/11/25,82.8032,84.0033,81.6032,83.2032,"12,612"
3711 日月光投控,2021/11/24,83.6032,84.4033,82.4032,82.4032,"11,944"
3711 日月光投控,2021/11/23,84.8033,84.8033,83.6032,84.0033,"11,493"
3711 日月光投控,2021/11/22,85.2033,86.0033,84.8033,85.2033,"13,156"
3711 日月光投控,2021/11/19,85.6033,86.0033,84.4033,84.8033,"10,475"
3711 日月光投控,2021/11/18,85.2033,85.2033,84.4033,84.8033,"9,890"
3711 日月光投控,2021/11/17,84.8033,85.2033,84.0033,85.2033,"10,787"
3711 日月光投控,2021/11/16,84.4033,84.8033,84.0033,84.4033,"11,496"
3711 日月光投控,2021/11/15,83.6032,84.4033,83.2032,84.4033,"11,945"
3711 日月光投控,2021/11/12,82.8032,84.4033,81.2031,83.2032,"18,812"
3711 日月光投控,2021/11/11,82.0032,82.4032,81.2031,82.0032,"17,317"
3711 日月光投控,2021/11/10,83.6032,84.0033,82.4032,83.2032,"13,722"
3711 日月光投控,2021/11/9,86.0033,87.2034,84.0033,84.0033,"27,382"
3711 日月光投控,2021/11/8,83.2032,84.8033,82.4032,84.4033,"28,893"
3711 日月光投控,2021/11/5,79.0431,79.9231,78.403,79.7631,"7,521"
3711 日月光投控,2021/11/4,79.2831,79.6031,78.483,78.483,"6,908"
3711 日月光投控,2021/11/3,79.2831,79.4431,78.083,78.643,"8,413"
3711 日月光投控,2021/11/2,79.6031,80.4031,78.643,79.0431,"10,968"
3711 日月光投控,2021/11/1,79.7631,80.4031,78.243,78.563,"15,443"
3711 日月光投控,2021/10/29,82.8032,82.8032,79.8431,79.8431,"32,184"
3711 日月光投控,2021/10/28,77.843,81.2031,77.603,79.8431,"18,235"
3711 日月光投控,2021/10/27,78.563,78.7231,77.363,77.763,"9,221"
3711 日月光投控,2021/10/26,77.923,78.643,77.683,78.403,"10,079"
3711 日月光投控,2021/10/25,76.643,77.843,76.163,77.123,"11,210"
3711 日月光投控,2021/10/22,76.403,77.043,75.8429,76.803,"13,217"
3711 日月光投控,2021/10/21,77.523,78.483,76.563,76.723,"14,987"
3711 日月光投控,2021/10/20,79.8431,79.8431,77.843,78.163,"15,091"
3711 日月光投控,2021/10/19,76.403,78.8031,76.0029,78.7231,"16,938"
3711 日月光投控,2021/10/18,76.963,77.363,75.4429,75.6829,"15,287"
3711 日月光投控,2021/10/15,76.803,77.203,75.9229,76.963,"22,876"
3711 日月光投控,2021/10/14,74.8829,75.2029,74.0029,74.8829,"17,878"
3711 日月光投控,2021/10/13,75.6829,76.0829,73.7629,73.9229,"22,465"
3711 日月光投控,2021/10/12,76.163,76.243,74.8029,74.8029,"36,890"
3711 日月光投控,2021/10/8,79.0431,79.4431,76.323,76.963,"32,699"
3711 日月光投控,2021/10/7,80.8031,81.6032,79.5231,80.8031,"23,211"
3711 日月光投控,2021/10/6,80.8031,82.0032,79.3631,80.0031,"19,900"
3711 日月光投控,2021/10/5,80.0031,81.2031,79.2831,80.4031,"32,436"
3711 日月光投控,2021/10/4,86.8034,86.8034,81.6032,82.8032,"24,035"
3711 日月光投控,2021/10/1,86.0033,86.4033,84.4033,86.4033,"11,221"
3711 日月光投控,2021/9/30,85.2033,88.0034,84.8033,87.2034,"17,187"
3711 日月光投控,2021/9/29,87.2034,88.0034,84.0033,84.8033,"26,484"
3711 日月光投控,2021/9/28,91.2035,91.2035,89.2035,90.0035,"20,452"
3711 日月光投控,2021/9/27,92.8036,93.6036,91.2035,92.4036,"11,648"
3711 日月光投控,2021/9/24,94.0036,94.8037,92.8036,94.0036,"8,507"
3711 日月光投控,2021/9/23,93.6036,94.8037,92.8036,93.2036,"12,919"
3711 日月光投控,2021/9/22,92.0036,92.8036,90.4035,92.8036,"24,741"
3711 日月光投控,2021/9/17,96.4037,96.8038,94.0036,94.4037,"24,933"
3711 日月光投控,2021/9/16,98.8038,99.6039,96.8038,97.2038,"8,759"
3711 日月光投控,2021/9/15,100.0039,100.4039,98.8038,99.2038,"12,958"
3711 日月光投控,2021/9/14,100.4039,100.8039,99.2038,99.6039,"8,844"
3711 日月光投控,2021/9/13,100.8039,102.004,99.2038,99.2038,"10,725"
3711 日月光投控,2021/9/10,98.8038,102.404,98.0038,102.404,"18,856"
3711 日月光投控,2021/9/9,95.2037,98.8038,94.4037,97.6038,"12,456"
3711 日月光投控,2021/9/8,95.6037,96.4037,93.2036,95.6037,"12,525"
3711 日月光投控,2021/9/7,99.2038,99.6039,95.2037,97.2038,"13,864"
3711 日月光投控,2021/9/6,100.0039,102.404,99.2038,99.6039,"13,965"
3711 日月光投控,2021/9/3,97.5091,99.8308,97.1222,99.4438,"13,581"
3711 日月光投控,2021/9/2,97.8961,98.283,96.7352,97.1222,"8,723"
3711 日月光投控,2021/9/1,97.8961,98.67,96.7352,97.8961,"8,980"
3711 日月光投控,2021/8/31,98.67,99.4438,95.9614,99.4438,"11,520"
3711 日月光投控,2021/8/30,99.8308,100.6047,97.8961,99.8308,"10,948"
3711 日月光投控,2021/8/27,95.5744,98.283,94.0267,98.283,"10,194"
3711 日月光投控,2021/8/26,96.3483,96.3483,93.6397,95.5744,"8,057"
3711 日月光投控,2021/8/25,94.0267,95.5744,93.2528,94.8005,"7,420"
3711 日月光投控,2021/8/24,95.1875,95.1875,92.092,92.8658,"7,691"
3711 日月光投控,2021/8/23,90.9311,95.1875,90.5442,93.6397,"11,734"
3711 日月光投控,2021/8/20,90.9311,91.3181,88.2225,89.7703,"13,280"
3711 日月光投控,2021/8/19,90.9311,91.705,88.6095,89.3834,"15,450"
3711 日月光投控,2021/8/18,89.3834,92.4789,88.2225,92.092,"12,547"
3711 日月光投控,2021/8/17,94.8005,95.1875,89.7703,90.5442,"17,125"
3711 日月光投控,2021/8/16,92.4789,94.8005,92.092,94.4136,"13,792"
3711 日月光投控,2021/8/13,97.5091,97.5091,92.4789,92.8658,"16,606"
3711 日月光投控,2021/8/12,98.283,98.67,96.3483,97.1222,"8,481"
3711 日月光投控,2021/8/11,97.5091,100.2177,96.3483,98.283,"13,594"
3711 日月光投控,2021/8/10,99.0569,99.4438,96.3483,97.8961,"9,092"
3711 日月光投控,2021/8/9,98.67,100.9916,97.5091,99.0569,"10,004"
3711 日月光投控,2021/8/6,101.7655,102.9263,99.0569,99.8308,"13,774"
3711 日月光投控,2021/8/5,101.3785,103.3132,100.6047,102.1524,"15,598"
3711 日月光投控,2021/8/4,98.283,101.3785,97.8961,101.3785,"17,285"
3711 日月光投控,2021/8/3,97.1222,98.283,95.5744,98.283,"13,044"
3711 日月光投控,2021/8/2,95.9614,97.5091,93.2528,97.1222,"20,937"
3711 日月光投控,2021/7/30,91.705,96.3483,91.705,94.8005,"48,108"
3711 日月光投控,2021/7/29,88.2225,89.7703,87.0617,88.9964,"6,964"
3711 日月光投控,2021/7/28,88.6095,88.6095,85.127,87.0617,"10,501"
3711 日月光投控,2021/7/27,89.7703,90.5442,88.6095,88.9964,"6,320"
3711 日月光投控,2021/7/26,89.3834,90.5442,88.9964,88.9964,"8,010"
3711 日月光投控,2021/7/23,92.092,92.092,88.9964,88.9964,"9,671"
3711 日月光投控,2021/7/22,92.8658,93.2528,90.5442,90.9311,"14,269"
3711 日月光投控,2021/7/21,92.8658,93.2528,90.9311,92.4789,"18,024"
3711 日月光投控,2021/7/20,90.5442,92.4789,90.5442,91.3181,"12,710"
3711 日月光投控,2021/7/19,89.7703,92.4789,88.9964,90.9311,"13,722"
3711 日月光投控,2021/7/16,89.3834,90.5442,88.6095,90.1573,"17,024"
3711 日月光投控,2021/7/15,87.8356,92.8658,87.8356,92.8658,"26,856"
3711 日月光投控,2021/7/14,89.7703,90.1573,87.8356,88.6095,"11,410"
3711 日月光投控,2021/7/13,87.8356,90.5442,87.8356,89.3834,"16,712"
3711 日月光投控,2021/7/12,87.4487,87.8356,85.9009,87.0617,"10,131"
3711 日月光投控,2021/7/9,85.514,87.0617,85.514,85.9009,"9,552"
3711 日月光投控,2021/7/8,88.2225,88.6095,86.6748,86.6748,"10,578"
3711 日月光投控,2021/7/7,87.8356,89.3834,87.4487,88.6095,"6,932"
3711 日月光投控,2021/7/6,88.2225,88.6095,87.4487,87.4487,"5,113"
3711 日月光投控,2021/7/5,87.0617,88.2225,87.0617,88.2225,"10,925"
3711 日月光投控,2021/7/2,86.6748,87.4487,86.2878,86.6748,"5,083"
3711 日月光投控,2021/7/1,86.2878,86.6748,85.514,85.9009,"7,542"
3711 日月光投控,2021/6/30,87.0617,87.4487,85.9009,86.6748,"13,374"
3711 日月光投控,2021/6/29,87.0617,87.8356,84.7401,87.4487,"17,706"
3711 日月光投控,2021/6/28,87.4487,88.6095,86.6748,87.0617,"20,538"
3711 日月光投控,2021/6/25,90.1573,91.3181,89.3834,90.9311,"11,023"
3711 日月光投控,2021/6/24,89.7703,89.7703,88.2225,89.3834,"6,139"
3711 日月光投控,2021/6/23,88.2225,89.7703,87.8356,89.7703,"10,806"
3711 日月光投控,2021/6/22,88.6095,88.9964,86.2878,87.4487,"8,063"
3711 日月光投控,2021/6/21,88.9964,88.9964,86.2878,87.4487,"11,584"
3711 日月光投控,2021/6/18,91.3181,92.092,90.1573,90.1573,"10,889"
3711 日月光投控,2021/6/17,88.9964,91.3181,88.6095,91.3181,"9,854"
3711 日月光投控,2021/6/16,90.5442,91.3181,89.3834,89.3834,"10,860"
3711 日月光投控,2021/6/15,92.092,92.4789,90.5442,91.3181,"19,091"
3711 日月光投控,2021/6/11,91.3181,92.8658,90.5442,91.705,"30,003"
3711 日月光投控,2021/6/10,89.3834,90.1573,88.6095,90.1573,"11,658"
3711 日月光投控,2021/6/9,89.3834,89.3834,87.4487,88.2225,"9,963"
3711 日月光投控,2021/6/8,90.1573,90.9311,88.9964,89.3834,"10,271"
3711 日月光投控,2021/6/7,87.0617,89.7703,85.514,89.3834,"20,731"
3711 日月光投控,2021/6/4,85.9009,86.2878,85.127,85.9009,"5,524"
3711 日月光投控,2021/6/3,86.6748,87.0617,85.514,86.6748,"8,171"
3711 日月光投控,2021/6/2,87.8356,88.2225,84.7401,85.9009,"12,761"
3711 日月光投控,2021/6/1,86.6748,88.2225,86.2878,87.4487,"10,557"
3711 日月光投控,2021/5/31,85.514,86.6748,84.7401,86.2878,"13,840"
3711 日月光投控,2021/5/28,84.3531,85.9009,83.9662,85.514,"15,977"
3711 日月光投控,2021/5/27,82.8054,84.3531,80.4837,84.3531,"20,535"
3711 日月光投控,2021/5/26,85.127,86.2878,82.8054,83.1923,"18,572"
3711 日月光投控,2021/5/25,83.5793,84.3531,82.8054,83.9662,"17,820"
3711 日月光投控,2021/5/24,81.2576,83.5793,80.0968,82.4184,"8,776"
3711 日月光投控,2021/5/21,83.5793,85.514,80.4837,81.6446,"21,623"
3711 日月光投控,2021/5/20,82.0315,82.8054,80.8707,82.4184,"11,634"
3711 日月光投控,2021/5/19,81.2576,82.8054,80.4837,81.6446,"10,457"
3711 日月光投控,2021/5/18,80.8707,82.4184,80.0968,82.4184,"18,853"
3711 日月光投控,2021/5/17,77.7751,81.2576,76.6917,79.7098,"24,034"
3711 日月光投控,2021/5/14,78.936,82.0315,78.549,81.2576,"30,292"
3711 日月光投控,2021/5/13,73.1318,78.936,71.971,77.3882,"29,081"
3711 日月光投控,2021/5/12,78.1621,79.3229,72.2032,75.0666,"39,819"
3711 日月光投控,2021/5/11,83.1923,83.5793,78.936,80.0968,"24,200"
3711 日月光投控,2021/5/10,88.9964,88.9964,84.3531,85.127,"12,490"
3711 日月光投控,2021/5/7,85.127,87.4487,83.9662,87.4487,"17,171"
3711 日月光投控,2021/5/6,82.8054,85.127,81.2576,83.1923,"17,652"
3711 日月光投控,2021/5/5,85.9009,86.2878,82.0315,82.4184,"19,883"
3711 日月光投控,2021/5/4,86.2878,87.4487,82.8054,86.2878,"26,860"
3711 日月光投控,2021/5/3,90.5442,91.3181,86.2878,87.0617,"27,875"
3711 日月光投控,2021/4/29,94.4136,94.8005,90.1573,91.3181,"34,122"
3711 日月光投控,2021/4/28,91.3181,95.9614,90.9311,95.1875,"38,199"
3711 日月光投控,2021/4/27,90.5442,92.4789,89.3834,91.3181,"31,019"
3711 日月光投控,2021/4/26,86.2878,91.3181,85.9009,91.3181,"44,738"
3711 日月光投控,2021/4/23,83.9662,85.9009,83.9662,85.9009,"12,034"
3711 日月光投控,2021/4/22,86.6748,87.0617,83.1923,83.5793,"20,960"
3711 日月光投控,2021/4/21,86.2878,87.0617,85.127,85.127,"12,511"
3711 日月光投控,2021/4/20,85.514,87.4487,85.514,87.4487,"9,872"
3711 日月光投控,2021/4/19,88.6095,88.6095,86.2878,86.2878,"9,409"
3711 日月光投控,2021/4/16,85.514,88.2225,85.127,87.4487,"20,003"
3711 日月光投控,2021/4/15,83.5793,84.3531,82.8054,84.3531,"14,055"
3711 日月光投控,2021/4/14,87.4487,88.2225,82.8054,85.127,"19,963"
3711 日月光投控,2021/4/13,87.4487,88.6095,86.2878,87.0617,"19,030"
3711 日月光投控,2021/4/12,88.9964,89.7703,87.0617,87.0617,"34,403"
3711 日月光投控,2021/4/9,87.0617,88.2225,85.9009,86.6748,"22,206"
3711 日月光投控,2021/4/8,86.6748,86.6748,85.127,86.2878,"13,956"
3711 日月光投控,2021/4/7,87.0617,87.4487,85.127,86.2878,"15,823"
3711 日月光投控,2021/4/6,85.127,86.2878,85.127,86.2878,"22,144"
3711 日月光投控,2021/4/1,83.5793,84.3531,82.4184,83.1923,"17,022"
3711 日月光投控,2021/3/31,85.514,85.9009,82.8054,83.1923,"18,755"
3711 日月光投控,2021/3/30,84.7401,85.9009,83.9662,85.9009,"26,586"
3711 日月光投控,2021/3/29,83.9662,84.7401,83.5793,84.3531,"17,434"
3711 日月光投控,2021/3/26,82.0315,83.1923,80.8707,82.8054,"18,419"
3711 日月光投控,2021/3/25,81.6446,82.8054,80.4837,82.0315,"14,138"
3711 日月光投控,2021/3/24,83.5793,84.3531,82.0315,82.8054,"15,557"
3711 日月光投控,2021/3/23,84.3531,84.7401,82.8054,83.5793,"21,970"
3711 日月光投控,2021/3/22,82.8054,83.9662,81.6446,83.5793,"18,319"
3711 日月光投控,2021/3/19,83.1923,83.5793,80.4837,83.5793,"28,660"
3711 日月光投控,2021/3/18,80.4837,82.8054,80.0968,82.4184,"28,547"
3711 日月光投控,2021/3/17,80.8707,80.8707,79.3229,79.7098,"21,220"
3711 日月光投控,2021/3/16,79.7098,80.8707,78.936,80.4837,"23,781"
3711 日月光投控,2021/3/15,80.4837,80.4837,78.936,79.3229,"24,115"
3711 日月光投控,2021/3/12,82.8054,83.5793,80.0968,81.2576,"23,597"
3711 日月光投控,2021/3/11,78.549,81.6446,78.549,81.2576,"22,080"
3711 日月光投控,2021/3/10,79.7098,80.0968,77.3882,78.1621,"18,337"
3711 日月光投控,2021/3/9,78.549,78.936,76.4595,78.1621,"31,119"
3711 日月光投控,2021/3/8,80.4837,81.2576,78.936,79.3229,"14,610"
3711 日月光投控,2021/3/5,77.7751,80.4837,77.2334,78.936,"33,512"
3711 日月光投控,2021/3/4,82.4184,82.4184,79.3229,79.7098,"30,003"
3711 日月光投控,2021/3/3,82.0315,83.5793,79.7098,82.8054,"23,891"
3711 日月光投控,2021/3/2,83.1923,84.3531,81.6446,82.0315,"28,371"
3711 日月光投控,2021/2/26,80.4837,82.0315,80.0968,80.0968,"33,891"
3711 日月光投控,2021/2/25,83.9662,84.7401,82.0315,83.1923,"25,269"
3711 日月光投控,2021/2/24,83.5793,84.7401,81.6446,82.0315,"28,665"
3711 日月光投控,2021/2/23,83.9662,85.514,82.8054,85.127,"35,944"
3711 日月光投控,2021/2/22,88.6095,88.9964,85.127,86.6748,"44,979"
3711 日月光投控,2021/2/19,88.9964,88.9964,85.9009,87.8356,"53,642"
3711 日月光投控,2021/2/18,91.3181,92.092,88.9964,90.9311,"88,834"
3711 日月光投控,2021/2/17,89.7703,89.7703,89.7703,89.7703,"29,430"
3711 日月光投控,2021/2/5,77.3882,82.0315,76.6917,81.6446,"90,654"
3711 日月光投控,2021/2/4,75.0666,77.0013,74.4474,75.6083,"25,123"
3711 日月光投控,2021/2/3,77.3882,77.7751,75.1439,75.9178,"26,923"
3711 日月光投控,2021/2/2,74.6796,77.0786,74.2927,76.3048,"46,658"
3711 日月光投控,2021/2/1,71.5841,73.5188,70.965,73.4414,"31,020"
3711 日月光投控,2021/1/29,75.5309,75.5309,71.1971,71.1971,"37,501"
3711 日月光投控,2021/1/28,73.5962,74.6796,72.7449,73.1318,"34,931"
3711 日月光投控,2021/1/27,77.3882,78.1621,75.4535,76.0726,"31,909"
3711 日月光投控,2021/1/26,78.936,79.7098,75.9952,76.15,"45,503"
3711 日月光投控,2021/1/25,82.0315,83.5793,78.1621,78.936,"40,704"
3711 日月光投控,2021/1/22,81.6446,82.4184,80.4837,81.2576,"29,842"
3711 日月光投控,2021/1/21,82.0315,82.8054,80.0968,81.6446,"30,284"
3711 日月光投控,2021/1/20,82.8054,83.5793,79.7098,80.8707,"53,094"
3711 日月光投控,2021/1/19,78.549,84.7401,78.549,81.6446,"63,842"
3711 日月光投控,2021/1/18,76.6143,78.549,72.7449,77.7751,"48,184"
3711 日月光投控,2021/1/15,78.936,79.7098,75.3761,75.8404,"41,562"
3711 日月光投控,2021/1/14,78.549,78.936,75.9178,76.6143,"50,512"
3711 日月光投控,2021/1/13,72.4354,77.0786,72.4354,77.0786,"59,992"
3711 日月光投控,2021/1/12,71.971,74.5248,70.578,71.3519,"68,233"
3711 日月光投控,2021/1/11,68.2564,70.0363,68.2564,69.9589,"32,732"
3711 日月光投控,2021/1/8,70.1137,70.1137,67.7147,68.1016,"41,704"
3711 日月光投控,2021/1/7,69.6494,70.4233,68.8755,69.1851,"35,177"
3711 日月光投控,2021/1/6,68.1016,70.0363,67.3277,68.4886,"66,853"
3711 日月光投控,2021/1/5,64.9287,67.3277,64.6965,67.0182,"45,299"
3711 日月光投控,2021/1/4,63.4583,65.393,63.3035,64.9287,"33,994"
3711 日月光投控,2020/12/31,63.5357,63.8453,62.4523,62.9166,"16,470"
3711 日月光投控,2020/12/30,62.4523,63.3035,62.0653,63.2262,"15,627"
3711 日月光投控,2020/12/29,63.4583,63.8453,61.9106,62.4523,"22,678"
3711 日月光投控,2020/12/28,63.3035,64,62.9166,63.2262,"21,042"
3711 日月光投控,2020/12/25,62.9166,64.2322,62.3749,62.6071,"35,679"
3711 日月光投控,2020/12/24,60.3628,63.2262,60.208,62.2975,"48,749"
3711 日月光投控,2020/12/23,60.2854,60.8271,59.4341,59.7437,"21,820"
3711 日月光投控,2020/12/22,61.2915,61.9879,60.208,60.5176,"18,462"
3711 日月光投控,2020/12/21,61.5236,61.7558,60.6723,61.5236,"16,604"
3711 日月光投控,2020/12/18,61.5236,61.9106,61.0593,61.0593,"16,824"
3711 日月光投控,2020/12/17,61.6784,62.4523,61.1367,61.5236,"23,131"
3711 日月光投控,2020/12/16,61.1367,61.4462,60.595,60.9045,"16,587"
3711 日月光投控,2020/12/15,59.8211,60.9045,59.4341,60.0532,"19,061"
3711 日月光投控,2020/12/14,60.5176,60.6723,59.5889,59.5889,"19,922"
3711 日月光投控,2020/12/11,62.5297,63.1488,59.7437,60.9819,"34,084"
3711 日月光投控,2020/12/10,61.5236,62.7618,61.4462,62.3749,"34,944"
3711 日月光投控,2020/12/9,61.9106,62.2975,61.3688,61.5236,"22,372"
3711 日月光投控,2020/12/8,61.0593,61.5236,60.4402,61.5236,"14,025"
3711 日月光投控,2020/12/7,63.4583,63.4583,60.595,60.9819,"34,287"
3711 日月光投控,2020/12/4,61.9106,61.9106,60.595,61.601,"26,294"
3711 日月光投控,2020/12/3,59.9759,60.4402,59.0472,60.2854,"21,392"
3711 日月光投控,2020/12/2,59.5115,59.8985,58.2733,59.8211,"24,400"
3711 日月光投控,2020/12/1,60.1306,60.3628,58.6603,59.3567,"24,146"
3711 日月光投控,2020/11/30,60.3628,63.3035,59.1246,59.2794,"74,501"
3711 日月光投控,2020/11/27,57.1125,58.1959,56.9577,57.5768,"16,124"
3711 日月光投控,2020/11/26,56.1064,57.1125,55.9517,56.8803,"12,755"
3711 日月光投控,2020/11/25,57.1125,57.422,55.8743,56.1064,"15,688"
3711 日月光投控,2020/11/24,57.8864,57.9638,56.8029,56.8029,"15,859"
3711 日月光投控,2020/11/23,56.9577,57.9638,56.8029,57.1899,"22,856"
3711 日月光投控,2020/11/20,56.6482,56.8029,55.8743,56.416,"14,563"
3711 日月光投控,2020/11/19,56.1064,56.6482,55.8743,56.416,"11,904"
3711 日月光投控,2020/11/18,56.1064,56.8803,55.8743,56.4934,"20,470"
3711 日月光投控,2020/11/17,56.2612,56.8803,55.5647,55.7195,"20,226"
3711 日月光投控,2020/11/16,54.9456,55.6421,54.7908,55.6421,"15,396"
3711 日月光投控,2020/11/13,55.1778,55.3326,54.1717,54.5587,"13,971"
3711 日月光投控,2020/11/12,55.4873,56.1064,55.023,55.7195,"21,047"
3711 日月光投控,2020/11/11,55.3326,55.5647,54.8682,55.3326,"25,148"
3711 日月光投控,2020/11/10,54.9456,55.3326,54.6361,55.3326,"40,313"
3711 日月光投控,2020/11/9,53.5526,54.3265,53.3205,54.3265,"30,757"
3711 日月光投控,2020/11/6,53.0883,53.2431,52.5466,53.1657,"22,024"
3711 日月光投控,2020/11/5,53.0109,53.0109,52.237,52.7788,"22,215"
3711 日月光投控,2020/11/4,51.9275,52.624,51.6179,52.624,"26,605"
3711 日月光投控,2020/11/3,52.3144,52.7014,51.231,51.6953,"31,202"
3711 日月光投控,2020/11/2,50.9988,52.3918,50.6119,51.6953,"85,636"
3711 日月光投控,2020/10/30,48.3676,49.2189,48.3676,48.9093,"16,418"
3711 日月光投控,2020/10/29,47.8259,48.445,47.5937,48.3676,"16,517"
3711 日月光投控,2020/10/28,49.838,49.838,48.7546,48.832,"18,990"
3711 日月光投控,2020/10/27,50.6893,50.7667,49.6832,49.838,"23,586"
3711 日月光投控,2020/10/26,51.4632,52.237,50.9214,51.3084,"39,371"
3711 日月光投控,2020/10/23,49.9154,50.6119,49.9154,50.4571,"22,853"
3711 日月光投控,2020/10/22,49.5284,50.1476,49.1415,49.838,"25,908"
3711 日月光投控,2020/10/21,48.445,50.0702,48.2128,49.6058,"46,096"
3711 日月光投控,2020/10/20,47.9807,48.7546,47.7485,47.9033,"17,049"
3711 日月光投控,2020/10/19,47.9033,48.1355,47.5937,47.9033,"17,165"
3711 日月光投控,2020/10/16,47.5937,48.1355,47.2842,47.3616,"18,866"
3711 日月光投控,2020/10/15,47.2068,47.7485,46.8972,47.439,"16,342"
3711 日月光投控,2020/10/14,47.5164,48.1355,47.052,47.1294,"20,082"
3711 日月光投控,2020/10/13,48.2128,48.2902,47.2842,47.8259,"14,942"
3711 日月光投控,2020/10/12,48.2902,48.5998,47.439,48.0581,"30,702"
3711 日月光投控,2020/10/8,46.9746,47.6711,46.7425,47.5937,"18,425"
3711 日月光投控,2020/10/7,46.3555,46.8199,46.2008,46.5103,"9,633"
3711 日月光投控,2020/10/6,47.3616,47.5937,46.5103,46.5877,"17,884"
3711 日月光投控,2020/10/5,46.5103,47.5937,46.2781,46.8199,"21,291"
3711 日月光投控,2020/9/30,45.659,46.2008,45.4269,45.8138,"10,667"
3711 日月光投控,2020/9/29,46.6651,46.8199,45.2721,45.3495,"17,577"
3711 日月光投控,2020/9/28,45.9686,46.9746,45.659,46.5877,"14,664"
3711 日月光投控,2020/9/25,45.1947,45.8138,45.0399,45.5816,"11,568"
3711 日月光投控,2020/9/24,45.7364,46.046,45.0399,45.0399,"14,636"
3711 日月光投控,2020/9/23,46.8199,46.9746,46.2008,46.3555,"8,895"
3711 日月光投控,2020/9/22,47.3616,47.439,46.7425,46.7425,"9,328"
3711 日月光投控,2020/9/21,48.1355,48.5224,47.7485,47.7485,"5,110"
3711 日月光投控,2020/9/18,48.2902,48.5998,47.9807,48.2902,"9,205"
3711 日月光投控,2020/9/17,48.2902,48.5998,48.0581,48.2128,"5,853"
3711 日月光投控,2020/9/16,48.5224,48.7546,48.2128,48.2902,"11,401"
3711 日月光投控,2020/9/15,47.8259,48.2902,47.7485,47.9807,"8,085"
3711 日月光投控,2020/9/14,47.439,47.9807,47.439,47.6711,"6,663"
3711 日月光投控,2020/9/11,47.5164,47.7485,47.2068,47.439,"4,608"
3711 日月光投控,2020/9/10,48.2902,48.445,47.2842,47.3616,"9,704"
3711 日月光投控,2020/9/9,47.052,47.9807,46.8199,47.9807,"7,879"
3711 日月光投控,2020/9/8,47.5164,47.8259,46.9746,47.5164,"8,308"
3711 日月光投控,2020/9/7,46.1234,47.439,46.1234,47.2068,"12,077"
3711 日月光投控,2020/9/4,45.7364,46.2781,45.659,46.046,"15,113"
3711 日月光投控,2020/9/3,46.8972,47.052,46.4329,46.6651,"13,339"
3711 日月光投控,2020/9/2,47.6711,47.7485,46.1234,46.5877,"22,333"
3711 日月光投控,2020/9/1,47.2068,47.5937,46.7425,47.439,"10,921"
3711 日月光投控,2020/8/31,47.7485,48.3676,47.2068,47.3616,"14,892"
3711 日月光投控,2020/8/28,47.2842,47.5937,47.2068,47.2842,"9,296"
3711 日月光投控,2020/8/27,48.2128,48.3676,47.439,47.6711,"8,078"
3711 日月光投控,2020/8/26,48.0581,48.3676,47.6711,47.9033,"7,669"
3711 日月光投控,2020/8/25,47.8259,48.7546,47.6711,48.0581,"9,087"
3711 日月光投控,2020/8/24,47.9807,48.0581,47.2068,47.439,"7,737"
3711 日月光投控,2020/8/21,47.5937,48.2902,47.2068,47.9033,"14,733"
3711 日月光投控,2020/8/20,49.6832,49.6832,46.046,47.2842,"33,794"
3711 日月光投控,2020/8/19,51.7727,52.0049,50.0702,50.1476,"26,083"
3711 日月光投控,2020/8/18,53.0109,53.0109,51.6953,51.8501,"19,240"
3711 日月光投控,2020/8/17,52.0049,52.9335,51.5405,52.9335,"11,668"
3711 日月光投控,2020/8/14,52.3918,52.4692,51.6179,51.6953,"16,360"
3711 日月光投控,2020/8/13,52.9335,53.3979,52.5466,52.624,"13,642"
3711 日月光投控,2020/8/12,52.8473,53.148,52.1707,52.5466,"18,989"
3711 日月光投控,2020/8/11,52.9225,53.3735,52.9225,52.9225,"10,226"
3711 日月光投控,2020/8/10,52.9976,53.5239,52.7721,52.9225,"9,250"
3711 日月光投控,2020/8/7,53.7494,53.7494,52.697,52.8473,"13,740"
3711 日月光投控,2020/8/6,53.2983,53.6742,52.8473,53.2983,"16,277"
3711 日月光投控,2020/8/5,53.2232,53.5239,52.7721,52.8473,"22,628"
3711 日月光投控,2020/8/4,53.8997,54.3508,52.9976,53.0728,"33,013"
3711 日月光投控,2020/8/3,55.2529,55.7039,53.6742,53.8246,"48,954"
3711 日月光投控,2020/7/31,56.7563,57.5833,55.7791,56.8315,"21,262"
3711 日月光投控,2020/7/30,56.0046,57.1322,55.2529,56.7564,"26,169"
3711 日月光投控,2020/7/29,54.1253,55.4784,53.7494,54.5012,"21,341"
3711 日月光投控,2020/7/28,56.9819,58.335,52.9977,53.148,"49,796"
3711 日月光投控,2020/7/27,53.148,57.1322,53.148,54.877,"38,316"
3711 日月光投控,2020/7/24,53.5239,54.6515,52.2459,52.5466,"16,911"
3711 日月光投控,2020/7/23,53.7494,53.9749,53.2984,53.9749,"10,358"
3711 日月光投控,2020/7/22,54.2756,55.1777,53.5991,53.9749,"11,100"
3711 日月光投控,2020/7/21,53.3735,54.6515,53.3735,54.1253,"14,091"
3711 日月光投控,2020/7/20,52.4715,53.148,52.0956,53.0728,"7,336"
3711 日月光投控,2020/7/17,52.8473,52.9225,51.9452,52.0956,"9,702"
3711 日月光投控,2020/7/16,53.5239,53.5991,52.2459,52.3963,"9,255"
3711 日月光投控,2020/7/15,53.7494,54.0501,53.148,53.148,"6,857"
3711 日月光投控,2020/7/14,54.426,54.8018,53.148,53.148,"10,711"
3711 日月光投控,2020/7/13,54.3508,54.7267,53.7494,54.426,"12,159"
3711 日月光投控,2020/7/10,53.4487,54.1253,52.9225,53.8246,"15,252"
3711 日月光投控,2020/7/9,52.697,54.2756,52.697,52.9225,"19,088"
3711 日月光投控,2020/7/8,52.697,52.7721,51.7949,52.2459,"18,966"
3711 日月光投控,2020/7/7,53.8246,54.2005,52.6218,52.9977,"18,798"
3711 日月光投控,2020/7/6,54.1253,54.2756,53.3735,53.8246,"15,261"
3711 日月光投控,2020/7/3,55.4032,56.0046,53.5991,54.0501,"19,272"
3711 日月光投控,2020/7/2,51.3438,54.7267,51.1183,54.6515,"24,142"
3711 日月光投控,2020/7/1,50.5169,51.3438,50.2162,51.1183,"6,306"
3711 日月光投控,2020/6/30,50.8176,51.1183,50.2162,50.8176,"8,433"
3711 日月光投控,2020/6/29,50.5169,51.4942,50.2162,50.5921,"6,206"
3711 日月光投控,2020/6/24,51.1183,51.4942,50.6673,51.1183,"6,605"
3711 日月光投控,2020/6/23,51.4942,51.7197,50.3666,50.968,"6,564"
3711 日月光投控,2020/6/22,50.8928,51.5694,50.6673,51.2687,"6,003"
3711 日月光投控,2020/6/19,50.5921,51.4942,50.4418,51.2687,"13,415"
3711 日月光投控,2020/6/18,51.1183,51.419,49.9907,50.7425,"5,142"
3711 日月光投控,2020/6/17,50.7425,51.1183,50.4418,51.1183,"7,990"
3711 日月光投控,2020/6/16,50.2162,51.419,50.1411,50.5921,"8,762"
3711 日月光投控,2020/6/15,49.69,50.1411,49.1638,49.3141,"6,742"
3711 日月光投控,2020/6/12,48.5624,50.1411,48.4121,49.8404,"8,496"
3711 日月光投控,2020/6/11,50.5921,51.0431,49.4645,49.9907,"12,374"
3711 日月光投控,2020/6/10,49.8404,51.1183,49.8404,51.1183,"13,284"
3711 日月光投控,2020/6/9,51.0431,51.0431,49.7652,49.7652,"12,240"
3711 日月光投控,2020/6/8,51.4942,51.7949,50.5169,51.1183,"13,370"
3711 日月光投控,2020/6/5,50.1411,51.419,49.7652,51.2687,"13,734"
3711 日月光投控,2020/6/4,50.5921,50.7425,49.6148,50.2162,"7,425"
3711 日月光投控,2020/6/3,48.7879,50.4418,48.6376,49.9907,"19,835"
3711 日月光投控,2020/6/2,47.3596,47.8107,47.2093,47.7355,"7,591"
3711 日月光投控,2020/6/1,47.0589,47.3596,46.9086,47.2093,"7,814"
3711 日月光投控,2020/5/29,45.4803,46.9838,45.4803,46.4575,"27,554"
3711 日月光投控,2020/5/28,46.3072,46.5327,45.781,46.0817,"7,231"
3711 日月光投控,2020/5/27,46.3072,46.5327,45.781,45.8561,"11,281"
3711 日月光投控,2020/5/26,46.0817,46.8334,45.7058,46.1568,"9,475"
3711 日月光投控,2020/5/25,46.0817,46.4575,45.1796,45.9313,"9,468"
3711 日月光投控,2020/5/22,46.9086,46.9086,46.0065,46.0817,"10,516"
3711 日月光投控,2020/5/21,46.9086,47.5851,46.3824,47.3596,"19,529"
3711 日月光投控,2020/5/20,46.4575,47.1341,45.8561,46.3824,"11,055"
3711 日月光投控,2020/5/19,48.2617,48.3369,46.232,46.7582,"11,905"
3711 日月光投控,2020/5/18,49.0134,49.0886,46.9838,47.0589,"15,781"
3711 日月光投控,2020/5/15,50.8176,50.8176,49.0886,49.9155,"4,163"
3711 日月光投控,2020/5/14,50.4418,51.1183,49.9907,49.9907,"8,139"
3711 日月光投控,2020/5/13,50.0659,51.3438,50.0659,51.1183,"6,986"
3711 日月光投控,2020/5/12,50.968,51.7197,50.7425,51.1935,"7,010"
3711 日月光投控,2020/5/11,51.8701,52.0956,51.419,51.7949,"6,928"
3711 日月光投控,2020/5/8,50.3666,51.419,50.3666,50.8176,"6,710"
3711 日月光投控,2020/5/7,48.8631,50.2162,48.5624,49.7652,"8,343"
3711 日月光投控,2020/5/6,48.5624,49.1638,48.1114,48.4121,"13,182"
3711 日月光投控,2020/5/5,48.5624,49.3893,48.5624,48.8631,"8,474"
3711 日月光投控,2020/5/4,47.4348,48.8631,47.4348,48.4121,"14,482"
3711 日月光投控,2020/4/30,49.5397,50.7425,49.3893,50.4418,"11,778"
3711 日月光投控,2020/4/29,48.8631,49.6148,48.7128,49.0886,"4,864"
3711 日月光投控,2020/4/28,49.0886,49.239,48.2617,48.7128,"5,950"
3711 日月光投控,2020/4/27,48.1114,49.3893,47.961,49.0886,"8,751"
3711 日月光投控,2020/4/24,47.1341,47.8858,46.9838,47.4348,"3,456"
3711 日月光投控,2020/4/23,47.2093,48.0362,46.8334,47.5851,"8,164"
3711 日月光投控,2020/4/22,46.7582,47.6603,46.0065,47.0589,"10,070"
3711 日月光投控,2020/4/21,48.6376,48.9383,47.4348,47.4348,"9,641"
3711 日月光投控,2020/4/20,49.7652,49.8404,48.6376,49.239,"10,488"
3711 日月光投控,2020/4/17,49.6148,50.8176,49.3141,50.2162,"16,882"
3711 日月光投控,2020/4/16,49.0886,49.5397,48.5624,48.6376,"7,627"
3711 日月光投控,2020/4/15,49.6148,49.8404,48.8631,49.239,"11,597"
3711 日月光投控,2020/4/14,47.1341,49.9155,46.8334,48.8631,"12,603"
3711 日月光投控,2020/4/13,45.8561,46.9086,45.8561,46.6079,"4,241"
3711 日月光投控,2020/4/10,46.7582,47.0589,45.8561,46.232,"10,010"
3711 日月光投控,2020/4/9,46.6831,47.5851,46.6079,46.7582,"8,241"
3711 日月光投控,2020/4/8,46.4575,47.1341,46.0817,46.6079,"9,766"
3711 日月光投控,2020/4/7,44.9541,46.3824,44.8037,46.3824,"12,625"
3711 日月光投控,2020/4/6,44.2023,44.2775,42.774,44.2023,"10,854"
3711 日月光投控,2020/4/1,43.6761,43.8264,42.8492,42.9995,"7,873"
3711 日月光投控,2020/3/31,45.2547,45.7058,43.6009,44.052,"12,423"
3711 日月光投控,2020/3/30,43.2251,45.3299,42.8492,44.503,"11,957"
3711 日月光投控,2020/3/27,45.9313,46.5327,44.503,44.9541,"12,558"
3711 日月光投控,2020/3/26,45.8561,45.8561,43.6761,44.9541,"14,965"
3711 日月光投控,2020/3/25,42.774,44.8789,42.4733,44.2775,"16,201"
3711 日月光投控,2020/3/24,39.1657,41.4209,39.1657,40.8195,"12,069"
3711 日月光投控,2020/3/23,38.1884,39.0905,37.9629,38.3387,"13,606"
3711 日月光投控,2020/3/20,38.3387,40.9698,38.3387,40.7443,"29,118"
3711 日月光投控,2020/3/19,39.8422,40.0677,37.5494,37.7373,"26,286"
3711 日月光投控,2020/3/18,43.1499,43.3002,41.7216,41.7216,"16,818"
3711 日月光投控,2020/3/17,42.3981,44.5782,42.1726,43.3754,"18,659"
3711 日月光投控,2020/3/16,45.4803,45.8561,44.5782,44.5782,"18,705"
3711 日月光投控,2020/3/13,46.3072,46.3072,43.1499,45.8561,"25,759"
3711 日月光投控,2020/3/12,50.1411,50.1411,46.5327,47.1341,"20,674"
3711 日月光投控,2020/3/11,51.2687,52.0956,50.5921,50.5921,"10,755"
3711 日月光投控,2020/3/10,50.6673,51.7197,50.0659,51.1183,"10,227"
3711 日月光投控,2020/3/9,51.9452,52.4715,51.3438,51.7949,"14,316"
3711 日月光投控,2020/3/6,54.5763,54.6515,53.4487,53.7494,"8,366"
3711 日月光投控,2020/3/5,54.877,55.5536,54.2756,55.3281,"8,593"
3711 日月光投控,2020/3/4,54.0501,54.6515,53.9749,54.5012,"5,401"
3711 日月光投控,2020/3/3,53.3735,54.8018,53.3735,54.5012,"12,997"
3711 日月光投控,2020/3/2,51.8701,53.5239,51.8701,52.697,"11,854"
3711 日月光投控,2020/2/27,54.426,54.6515,53.5991,53.5991,"15,272"
3711 日月光投控,2020/2/26,54.3508,55.2529,54.3508,54.7267,"10,070"
3711 日月光投控,2020/2/25,54.9522,56.0046,54.8018,55.2529,"8,066"
3711 日月光投控,2020/2/24,55.6288,56.3805,55.3281,55.5536,"8,906"
3711 日月光投控,2020/2/21,56.5308,57.2074,56.4557,56.5308,"3,462"
3711 日月光投控,2020/2/20,58.1847,58.1847,56.606,56.8315,"4,447"
3711 日月光投控,2020/2/19,56.155,58.5605,56.155,57.4329,"8,606"
3711 日月光投控,2020/2/18,57.1322,57.3578,56.3053,56.8315,"13,861"
3711 日月光投控,2020/2/17,57.4329,57.884,57.2826,57.6585,"3,146"
3711 日月光投控,2020/2/14,58.0343,58.5605,57.884,58.1847,"5,193"
3711 日月光投控,2020/2/13,58.335,58.9364,58.1847,58.2599,"5,902"
3711 日月光投控,2020/2/12,57.5081,59.0116,57.5081,58.2599,"11,489"
3711 日月光投控,2020/2/11,56.5308,57.5833,56.5308,57.2826,"7,238"
3711 日月光投控,2020/2/10,55.1025,56.5308,54.9522,56.3053,"10,454"
3711 日月光投控,2020/2/7,56.606,57.0571,56.0798,56.2302,"10,288"
3711 日月光投控,2020/2/6,56.7564,58.7109,56.7564,58.5605,"10,110"
3711 日月光投控,2020/2/5,55.7039,56.9067,55.4032,56.2302,"10,396"
3711 日月光投控,2020/2/4,54.1253,56.0046,54.1253,55.4032,"11,487"
3711 日月光投控,2020/2/3,54.7267,54.877,53.2984,54.7267,"25,164"
3711 日月光投控,2020/1/31,55.4032,56.3805,55.3281,56.0798,"11,150"
3711 日月光投控,2020/1/30,57.884,57.9592,55.3281,55.7039,"17,419"
3711 日月光投控,2020/1/20,59.9137,59.9137,59.3123,59.3875,"5,678"
3711 日月光投控,2020/1/17,59.6882,59.9137,59.0868,59.613,"8,246"
3711 日月光投控,2020/1/16,60.1392,60.1392,59.1619,59.613,"10,366"
3711 日月光投控,2020/1/15,61.2668,61.793,60.8158,60.9661,"8,096"
3711 日月光投控,2020/1/14,60.8909,61.1916,60.6654,61.0413,"7,691"
3711 日月光投控,2020/1/13,60.064,60.6654,59.613,60.6654,"7,143"
3711 日月光投控,2020/1/10,60.1392,60.3647,59.1619,59.8385,"5,780"
3711 日月光投控,2020/1/9,59.2371,60.3647,58.8612,59.9889,"9,771"
3711 日月光投控,2020/1/8,58.6357,59.0868,58.1847,58.1847,"8,384"
3711 日月光投控,2020/1/7,59.3875,59.6882,58.6357,59.1619,"8,119"
3711 日月光投控,2020/1/6,60.7406,60.7406,58.7861,59.1619,"15,008"
3711 日月光投控,2020/1/3,62.9958,62.9958,60.7406,61.4923,"11,206"
3711 日月光投控,2020/1/2,62.9958,62.9958,62.0186,62.2441,"7,381"
3711 日月光投控,2019/12/31,63.1462,63.3717,62.5448,62.5448,"4,653"
3711 日月光投控,2019/12/30,63.8227,63.8227,63.2965,63.4469,"3,678"
3711 日月光投控,2019/12/27,63.522,64.1234,63.2213,64.0482,"7,806"
3711 日月光投控,2019/12/26,63.1462,63.6724,62.3944,62.7703,"4,269"
3711 日月光投控,2019/12/25,63.5972,63.7476,62.9958,63.071,"2,748"
3711 日月光投控,2019/12/24,64.1986,64.2738,63.522,63.7476,"3,630"
3711 日月光投控,2019/12/23,63.6724,64.1986,63.6724,64.1986,"6,321"
3711 日月光投控,2019/12/20,63.8979,63.8979,62.9958,63.5972,"10,959"
3711 日月光投控,2019/12/19,64.2738,64.2738,62.9958,63.3717,"9,086"
3711 日月光投控,2019/12/18,63.8227,64.4241,63.522,64.1986,"8,582"
3711 日月光投控,2019/12/17,63.4469,64.1234,63.2213,63.8979,"9,093"
3711 日月光投控,2019/12/16,63.8979,64.6496,63.2213,63.2213,"8,159"
3711 日月光投控,2019/12/13,65.4014,65.8524,63.2965,64.0482,"28,552"
3711 日月光投控,2019/12/12,61.1165,63.5972,61.0413,63.5972,"29,176"
3711 日月光投控,2019/12/11,60.2144,60.4399,60.064,60.4399,"8,024"
3711 日月光投控,2019/12/10,60.1392,60.4399,59.9889,60.2144,"7,344"
3711 日月光投控,2019/12/9,60.5151,60.6654,59.5378,60.1392,"11,214"
3711 日月光投控,2019/12/6,60.2144,62.0186,59.4626,59.9137,"33,983"
3711 日月光投控,2019/12/5,56.9067,57.7336,56.6812,57.7336,"8,450"
3711 日月光投控,2019/12/4,56.9067,57.2826,56.0046,56.3805,"8,241"
3711 日月光投控,2019/12/3,56.5308,56.9067,56.3805,56.7564,"8,001"
3711 日月光投控,2019/12/2,56.5308,57.1322,56.5308,56.9819,"3,769"
3711 日月光投控,2019/11/29,57.884,58.0343,56.3805,56.8315,"8,882"
3711 日月光投控,2019/11/28,58.1095,58.4102,57.884,57.884,"3,291"
3711 日月光投控,2019/11/27,58.4854,58.8612,57.9592,57.9592,"5,459"
3711 日月光投控,2019/11/26,58.1847,58.6357,57.8088,58.1095,"15,382"
3711 日月光投控,2019/11/25,58.4854,58.5605,57.884,57.884,"5,150"
3711 日月光投控,2019/11/22,58.4854,59.0116,58.1095,58.4854,"6,063"
3711 日月光投控,2019/11/21,58.8612,59.0868,57.7336,58.335,"8,391"
3711 日月光投控,2019/11/20,59.7633,60.5151,59.2371,59.9137,"9,137"
3711 日月光投控,2019/11/19,59.0868,59.7633,59.0868,59.3875,"4,518"
3711 日月光投控,2019/11/18,58.7861,59.9137,58.7861,59.9137,"6,123"
3711 日月光投控,2019/11/15,59.2371,59.613,58.7861,58.7861,"4,644"
3711 日月光投控,2019/11/14,58.4102,58.7109,58.0343,58.6357,"4,387"
3711 日月光投控,2019/11/13,58.4854,59.1619,58.4102,58.6357,"3,439"
3711 日月光投控,2019/11/12,59.0116,59.0116,58.6357,58.8612,"3,308"
3711 日月光投控,2019/11/11,58.4102,59.3123,58.2599,58.6357,"6,149"
3711 日月光投控,2019/11/8,60.1392,60.2144,58.7861,58.8612,"8,847"
3711 日月光投控,2019/11/7,60.064,60.2895,59.6882,59.9137,"6,655"
3711 日月光投控,2019/11/6,60.2895,60.3647,59.613,59.8385,"7,831"
3711 日月光投控,2019/11/5,60.6654,60.7406,59.8385,60.1392,"7,041"
3711 日月光投控,2019/11/4,60.2144,61.1916,59.9137,60.5151,"10,925"
3711 日月光投控,2019/11/1,59.9889,60.3647,59.6882,60.1392,"9,045"
3711 日月光投控,2019/10/31,59.6882,60.6654,59.4626,59.7633,"28,500"
3711 日月光投控,2019/10/30,58.8612,59.2371,58.1095,58.335,"7,138"
3711 日月光投控,2019/10/29,59.2371,59.2371,58.5605,58.8612,"5,398"
3711 日月光投控,2019/10/28,59.4626,59.6882,58.335,58.7109,"10,511"
3711 日月光投控,2019/10/25,59.8385,59.8385,59.3875,59.6882,"8,414"
3711 日月光投控,2019/10/24,59.1619,59.7633,59.0868,59.5378,"6,220"
3711 日月光投控,2019/10/23,58.6357,59.6882,58.6357,59.0868,"8,304"
3711 日月光投控,2019/10/22,58.7109,58.9364,58.335,58.6357,"4,471"
3711 日月光投控,2019/10/21,58.6357,58.8612,58.1847,58.4102,"6,402"
3711 日月光投控,2019/10/18,58.6357,58.8612,58.0343,58.6357,"10,361"
3711 日月光投控,2019/10/17,58.1847,58.1847,57.5833,58.1847,"7,362"
3711 日月光投控,2019/10/16,58.2599,58.4102,57.1322,57.884,"9,117"
3711 日月光投控,2019/10/15,58.4102,58.7861,57.3578,57.7336,"10,225"
3711 日月光投控,2019/10/14,55.6288,58.335,55.4032,57.7336,"20,919"
3711 日月光投控,2019/10/9,55.2529,55.6288,54.3508,54.426,"4,620"
3711 日月光投控,2019/10/8,54.877,56.0798,54.877,55.6288,"7,882"
3711 日月光投控,2019/10/7,55.1777,55.4032,54.877,55.1777,"4,552"
3711 日月光投控,2019/10/4,54.5012,55.1777,54.2756,54.7267,"8,510"
3711 日月光投控,2019/10/3,53.8246,54.9522,53.6742,54.3508,"6,377"
3711 日月光投控,2019/10/2,54.426,55.1025,54.426,55.1025,"6,597"
3711 日月光投控,2019/10/1,53.3735,55.2529,53.3735,55.2529,"16,758"
3711 日月光投控,2019/9/27,53.7494,53.8998,52.9977,53.2232,"6,038"
3711 日月光投控,2019/9/26,53.6742,53.8998,53.2984,53.6742,"6,610"
3711 日月光投控,2019/9/25,54.7267,54.8018,52.8473,53.5991,"11,694"
3711 日月光投控,2019/9/24,54.877,55.4032,54.6515,55.1025,"5,401"
3711 日月光投控,2019/9/23,54.8018,55.4032,54.5763,54.9522,"7,786"
3711 日月光投控,2019/9/20,54.877,55.1777,54.2756,55.1025,"10,312"
3711 日月光投控,2019/9/19,54.877,55.1025,54.6515,55.0274,"6,477"
3711 日月光投控,2019/9/18,54.6515,55.1025,54.5012,54.877,"6,166"
3711 日月光投控,2019/9/17,54.426,55.1777,54.1253,54.9522,"8,104"
3711 日月光投控,2019/9/16,54.2756,54.5012,53.9749,54.2005,"5,454"
3711 日月光投控,2019/9/12,54.2005,54.2756,53.8998,54.1253,"7,420"
3711 日月光投控,2019/9/11,53.6742,53.8998,52.8473,53.3735,"6,094"
3711 日月光投控,2019/9/10,54.1253,54.1253,52.697,53.148,"6,444"
3711 日月光投控,2019/9/9,54.426,54.5012,53.6742,53.8246,"4,228"
3711 日月光投控,2019/9/6,54.1253,54.5763,53.9749,54.0501,"7,092"
3711 日月光投控,2019/9/5,54.426,54.426,53.148,54.1253,"13,030"
3711 日月光投控,2019/9/4,52.2459,53.7494,52.2459,53.5991,"10,091"
3711 日月光投控,2019/9/3,53.5239,53.5239,52.0956,52.2459,"6,789"
3711 日月光投控,2019/9/2,53.9749,53.9749,52.7721,53.7494,"4,149"
3711 日月光投控,2019/8/30,52.6218,53.9749,52.6218,53.6742,"10,074"
3711 日月光投控,2019/8/29,51.8701,52.5466,51.419,52.5466,"3,307"
3711 日月光投控,2019/8/28,51.8701,52.1708,51.3438,51.8701,"4,493"
3711 日月光投控,2019/8/27,51.9452,51.9452,51.4942,51.8701,"11,028"
3711 日月光投控,2019/8/26,51.8701,52.1708,51.1935,51.419,"5,802"
3711 日月光投控,2019/8/23,53.3735,53.5239,52.6218,53.148,"6,617"
3711 日月光投控,2019/8/22,52.4715,53.3735,52.2459,53.148,"12,060"
3711 日月光投控,2019/8/21,52.0204,52.697,51.7949,52.0956,"5,188"
3711 日月光投控,2019/8/20,51.419,52.3963,51.419,52.0956,"10,448"
3711 日月光投控,2019/8/19,50.7425,52.0204,50.5921,51.6445,"8,344"
3711 日月光投控,2019/8/16,50.0659,50.7425,49.9155,50.4418,"5,737"
3711 日月光投控,2019/8/15,50.7425,50.8176,50.1411,50.3666,"7,761"
3711 日月光投控,2019/8/14,50.4418,52.1708,50.3666,51.3438,"9,873"
3711 日月光投控,2019/8/13,50.1411,50.6673,49.9155,50.0659,"10,660"
3711 日月光投控,2019/8/12,49.336,50.2778,49.336,49.9156,"10,033"
3711 日月光投控,2019/8/8,50.2778,50.2778,49.6982,49.9156,"6,297"
3711 日月光投控,2019/8/7,49.988,50.1329,49.6982,49.8431,"9,146"
3711 日月光投控,2019/8/6,48.9738,49.988,48.3217,49.4809,"13,866"
3711 日月光投控,2019/8/5,49.2635,50.2778,49.2635,49.8431,"9,768"
3711 日月光投控,2019/8/2,49.9156,50.7125,48.5391,49.8431,"16,208"
3711 日月光投控,2019/8/1,49.988,51.292,49.9156,50.2778,"9,746"
3711 日月光投控,2019/7/31,50.1329,51.1471,49.8431,50.64,"8,870"
3711 日月光投控,2019/7/30,50.7124,51.292,50.2053,50.4951,"5,541"
3711 日月光投控,2019/7/29,49.9879,50.9297,49.9879,50.64,"5,679"
3711 日月光投控,2019/7/26,50.8573,50.9297,50.0604,50.4226,"7,340"
3711 日月光投控,2019/7/25,51.4369,51.5093,50.7124,51.4369,"4,949"
3711 日月光投控,2019/7/24,51.4369,51.7991,51.0022,51.3644,"6,887"
3711 日月光投控,2019/7/23,51.1471,52.0889,51.1471,51.4369,"8,011"
3711 日月光投控,2019/7/22,51.0746,51.2195,50.7124,51.0746,"7,887"
3711 日月光投控,2019/7/19,49.9879,51.3644,49.9879,51.0022,"16,372"
3711 日月光投控,2019/7/18,48.539,49.4084,48.539,48.9737,"5,998"
3711 日月光投控,2019/7/17,49.4084,49.7706,48.539,48.9013,"12,019"
3711 日月光投控,2019/7/16,50.2053,50.7849,49.7706,50.0604,"10,783"
3711 日月光投控,2019/7/15,49.4808,50.2777,48.9013,50.0604,"11,127"
3711 日月光投控,2019/7/12,48.9737,49.5533,48.7564,48.9013,"4,519"
3711 日月光投控,2019/7/11,48.2492,50.2777,48.1768,49.5533,"18,592"
3711 日月光投控,2019/7/10,46.8003,48.1768,46.6554,47.887,"9,186"
3711 日月光投控,2019/7/9,47.235,47.3074,46.3656,46.4381,"5,195"
3711 日月光投控,2019/7/8,47.3074,47.6697,46.5105,46.7279,"6,956"
3711 日月光投控,2019/7/5,47.9595,48.7564,47.3074,47.9595,"9,852"
3711 日月光投控,2019/7/4,47.5248,48.9737,47.0901,47.3074,"12,255"
3711 日月光投控,2019/7/3,46.6554,47.1625,46.2207,46.6554,"8,922"
3711 日月光投控,2019/7/2,47.8146,48.1768,46.8003,46.8003,"11,481"
3711 日月光投控,2019/7/1,46.3656,48.9013,46.3656,47.887,"15,340"
3711 日月光投控,2019/6/28,45.2789,45.4238,44.5545,44.5545,"6,076"
3711 日月光投控,2019/6/27,44.3371,45.8585,44.2647,45.4963,"9,713"
3711 日月光投控,2019/6/26,43.9025,44.7718,43.6851,43.83,"6,452"
3711 日月光投控,2019/6/25,44.9167,45.2789,44.1922,44.4096,"9,411"
3711 日月光投控,2019/6/24,45.2789,45.8585,44.6994,45.6412,"8,340"
3711 日月光投控,2019/6/21,45.4963,46.1483,45.4238,45.7861,"8,702"
3711 日月光投控,2019/6/20,44.9167,45.8585,44.6269,45.2789,"9,200"
3711 日月光投控,2019/6/19,43.0331,45.2789,42.8158,45.134,"18,824"
3711 日月光投控,2019/6/18,42.3086,42.6709,42.3086,42.3086,"6,920"
3711 日月光投控,2019/6/17,42.8882,43.3953,42.3086,42.3086,"7,275"
3711 日月光投控,2019/6/14,43.5402,43.6851,43.3953,43.4678,"8,877"
3711 日月光投控,2019/6/13,43.4678,44.0474,43.4678,43.9025,"5,189"
3711 日月光投控,2019/6/12,43.6851,44.0474,43.178,43.83,"5,392"
3711 日月光投控,2019/6/11,43.4678,44.0474,43.1055,43.83,"6,988"
3711 日月光投控,2019/6/10,43.1055,43.5402,42.8158,43.3953,"5,270"
3711 日月光投控,2019/6/6,43.2504,43.2504,42.4535,42.526,"5,427"
3711 日月光投控,2019/6/5,43.2504,43.6127,43.1055,43.4678,"6,478"
3711 日月光投控,2019/6/4,43.3229,43.4678,42.5984,42.7433,"8,730"
3711 日月光投控,2019/6/3,42.8158,43.83,42.4535,43.4678,"10,809"
3711 日月光投控,2019/5/31,42.3086,43.83,42.3086,43.3229,"17,213"
3711 日月光投控,2019/5/30,42.3086,42.8882,42.3086,42.4535,"7,754"
3711 日月光投控,2019/5/29,42.0189,42.4535,41.7291,42.3086,"7,888"
3711 日月光投控,2019/5/28,42.5984,42.8882,42.3086,42.3086,"21,892"
3711 日月光投控,2019/5/27,42.4535,42.526,42.1637,42.526,"6,440"
3711 日月光投控,2019/5/24,42.2362,42.8158,42.2362,42.4535,"10,160"
3711 日月光投控,2019/5/23,44.7718,44.8443,42.2362,42.2362,"20,120"
3711 日月光投控,2019/5/22,45.4238,46.1483,45.2789,45.5687,"7,366"
3711 日月光投控,2019/5/21,46.7279,46.7279,44.5545,45.3514,"16,820"
3711 日月光投控,2019/5/20,47.5248,47.5248,46.6554,46.7279,"8,651"
3711 日月光投控,2019/5/17,49.5533,49.8431,47.5248,47.5248,"9,806"
3711 日月光投控,2019/5/16,48.9013,50.4226,48.539,49.6257,"8,258"
3711 日月光投控,2019/5/15,48.1768,49.6982,48.1768,49.2635,"6,389"
3711 日月光投控,2019/5/14,48.3941,49.0461,47.8146,48.3941,"9,534"
3711 日月光投控,2019/5/13,49.6982,50.2777,49.191,49.2635,"3,515"
3711 日月光投控,2019/5/10,50.3502,50.9297,49.8431,49.8431,"5,809"
3711 日月光投控,2019/5/9,50.1328,50.7849,49.8431,50.2777,"9,310"
3711 日月光投控,2019/5/8,50.3502,51.1471,50.1328,50.7124,"8,485"
3711 日月光投控,2019/5/7,51.4369,51.8716,51.2195,51.4369,"5,640"
3711 日月光投控,2019/5/6,51.2195,51.944,50.3502,51.7267,"8,169"
3711 日月光投控,2019/5/3,51.0746,52.3787,50.8573,52.1613,"10,893"
3711 日月光投控,2019/5/2,51.2195,52.5236,51.2195,51.2195,"11,465"
3711 日月光投控,2019/4/30,51.8716,52.3787,51.5818,51.944,"9,621"
3711 日月光投控,2019/4/29,52.5236,52.8858,51.5818,51.8716,"13,315"
3711 日月光投控,2019/4/26,52.8858,53.6103,52.5236,52.9582,"7,675"
3711 日月光投控,2019/4/25,51.944,54.1174,51.944,53.3205,"10,671"
3711 日月光投控,2019/4/24,53.8276,53.9,52.596,52.9582,"20,188"
3711 日月光投控,2019/4/23,54.1898,54.3347,53.3205,53.8276,"7,121"
3711 日月光投控,2019/4/22,54.697,54.8418,54.0449,54.3347,"7,749"
3711 日月光投控,2019/4/19,53.4654,54.697,53.0307,54.697,"12,760"
3711 日月光投控,2019/4/18,54.3347,55.349,53.1756,53.6827,"21,088"
3711 日月光投控,2019/4/17,51.8716,55.9285,51.8716,54.4796,"29,499"
3711 日月光投控,2019/4/16,50.9297,51.6542,50.7124,51.4369,"4,689"
3711 日月光投控,2019/4/15,50.9297,51.4369,50.5675,51.4369,"5,008"
3711 日月光投控,2019/4/12,51.1471,51.3644,50.4951,50.4951,"8,746"
3711 日月光投控,2019/4/11,51.8716,52.0164,51.2195,51.7267,"5,081"
3711 日月光投控,2019/4/10,51.3644,52.0164,51.1471,52.0164,"7,086"
3711 日月光投控,2019/4/9,51.2195,51.6542,50.8573,51.292,"6,490"
3711 日月光投控,2019/4/8,51.8716,51.8716,50.8573,51.1471,"8,944"
3711 日月光投控,2019/4/3,51.5818,51.7991,50.8573,51.292,"12,154"
3711 日月光投控,2019/4/2,51.4369,52.0889,50.1328,51.1471,"27,083"
3711 日月光投控,2019/4/1,49.2635,50.3502,48.9737,49.7706,"15,028"
3711 日月光投控,2019/3/29,49.4084,49.4084,48.2492,48.9013,"10,339"
3711 日月光投控,2019/3/28,49.4084,49.6257,48.7564,49.0461,"6,248"
3711 日月光投控,2019/3/27,49.2635,50.4951,49.1186,49.5533,"20,554"
3711 日月光投控,2019/3/26,47.4523,49.4084,47.235,48.9013,"15,544"
3711 日月光投控,2019/3/25,46.9452,47.235,46.5105,47.0901,"6,117"
3711 日月光投控,2019/3/22,46.6554,48.0319,46.3656,47.7421,"19,681"
3711 日月光投控,2019/3/21,46.0034,46.2932,45.5687,46.1483,"7,464"
3711 日月光投控,2019/3/20,45.5687,46.2207,45.3514,45.6412,"12,968"
3711 日月光投控,2019/3/19,45.4963,45.7136,45.0616,45.3514,"9,656"
3711 日月光投控,2019/3/18,45.134,45.5687,44.7718,45.4238,"9,182"
3711 日月光投控,2019/3/15,45.6412,45.8585,44.9892,44.9892,"13,498"
3711 日月光投控,2019/3/14,45.4238,45.7861,45.3514,45.6412,"6,690"
3711 日月光投控,2019/3/13,45.2789,45.7861,45.134,45.6412,"5,744"
3711 日月光投控,2019/3/12,45.5687,45.931,45.3514,45.5687,"7,275"
3711 日月光投控,2019/3/11,45.6412,45.7861,45.0616,45.0616,"8,768"
3711 日月光投控,2019/3/8,45.8585,46.6554,45.134,46.0034,"8,877"
3711 日月光投控,2019/3/7,46.6554,46.8728,45.6412,45.7136,"6,097"
3711 日月光投控,2019/3/6,46.7279,47.3799,45.931,46.3656,"8,562"
3711 日月光投控,2019/3/5,45.6412,46.2207,45.4963,46.0034,"8,251"
3711 日月光投控,2019/3/4,44.9892,46.7279,44.7718,46.2207,"12,309"
3711 日月光投控,2019/2/27,47.0901,47.1625,45.2789,45.5687,"16,706"
3711 日月光投控,2019/2/26,44.9167,47.3074,44.8443,46.7279,"17,048"
3711 日月光投控,2019/2/25,43.5402,45.134,43.4678,44.9167,"7,047"
3711 日月光投控,2019/2/22,43.2504,43.5402,43.1055,43.3229,"3,849"
3711 日月光投控,2019/2/21,43.7576,43.7576,43.0331,43.3953,"4,264"
3711 日月光投控,2019/2/20,42.8158,43.83,42.7433,43.7576,"6,873"
3711 日月光投控,2019/2/19,42.526,42.8158,42.4535,42.4535,"2,062"
3711 日月光投控,2019/2/18,43.0331,43.2504,42.4535,42.4535,"3,706"
3711 日月光投控,2019/2/15,42.3811,43.1055,42.3811,42.6709,"2,785"
3711 日月光投控,2019/2/14,42.4535,42.9607,42.4535,42.5984,"4,753"
3711 日月光投控,2019/2/13,43.6127,43.7576,42.7433,43.178,"4,747"
3711 日月光投控,2019/2/12,42.3811,43.83,42.3086,43.6851,"4,034"
3711 日月光投控,2019/2/11,43.5402,43.6851,42.3811,42.5984,"7,591"
3711 日月光投控,2019/1/30,43.5402,43.7576,42.8882,43.4678,"6,035"
3711 日月光投控,2019/1/29,43.6127,43.6127,42.7433,43.3953,"4,743"
3711 日月光投控,2019/1/28,43.83,44.0474,43.5402,43.83,"2,286"
3711 日月光投控,2019/1/25,43.3229,43.9025,43.0331,43.83,"9,302"
3711 日月光投控,2019/1/24,42.4535,42.5984,42.2362,42.526,"2,080"
3711 日月光投控,2019/1/23,42.3086,42.6709,42.0189,42.2362,"2,861"
3711 日月光投控,2019/1/22,42.3811,42.7433,42.1637,42.3811,"4,758"
3711 日月光投控,2019/1/21,42.9607,43.4678,42.5984,42.5984,"4,121"
3711 日月光投控,2019/1/18,42.5984,42.7433,42.3086,42.5984,"4,046"
3711 日月光投控,2019/1/17,42.526,42.8158,41.7291,42.0913,"4,185"
3711 日月光投控,2019/1/16,42.4535,42.7433,42.0913,42.4535,"5,289"
3711 日月光投控,2019/1/15,41.5842,42.4535,41.5117,42.4535,"7,951"
3711 日月光投控,2019/1/14,41.874,42.1637,41.2944,41.5117,"3,483"
3711 日月光投控,2019/1/11,41.4393,41.8015,41.1495,41.7291,"5,031"
3711 日月光投控,2019/1/10,40.9322,41.2944,40.7873,41.2944,"3,647"
3711 日月光投控,2019/1/9,40.2077,41.0046,40.0628,40.7873,"8,833"
3711 日月光投控,2019/1/8,40.1353,40.2077,39.9179,39.9904,"3,775"
3711 日月光投控,2019/1/7,40.3526,40.3526,39.8455,39.8455,"8,979"
3711 日月光投控,2019/1/4,39.8455,40.2077,39.5557,39.9904,"6,542"
3711 日月光投控,2019/1/3,39.7006,41.0046,39.121,40.5699,"14,270"
3711 日月光投控,2019/1/2,41.8015,41.8015,40.9322,40.9322,"11,621"
3711 日月光投控,2018/12/28,41.874,42.3086,41.7291,42.2362,"4,117"
3711 日月光投控,2018/12/27,42.0189,42.4535,41.7291,41.9464,"5,468"
3711 日月光投控,2018/12/26,41.7291,42.0913,41.2944,41.2944,"2,644"
3711 日月光投控,2018/12/25,41.2219,42.0913,41.1495,41.5117,"5,147"
3711 日月光投控,2018/12/24,42.5984,42.9607,42.0913,42.0913,"6,312"
3711 日月光投控,2018/12/22,42.3811,42.4535,42.0913,42.1637,750
3711 日月光投控,2018/12/21,43.178,43.178,42.2362,42.526,"10,395"
3711 日月光投控,2018/12/20,43.4678,43.6851,43.178,43.3229,"4,998"
3711 日月光投控,2018/12/19,43.6127,44.0474,43.3229,43.6851,"3,550"
3711 日月光投控,2018/12/18,43.4678,43.7576,43.2504,43.3229,"5,506"
3711 日月光投控,2018/12/17,44.2647,44.2647,43.6851,43.6851,"2,991"
3711 日月光投控,2018/12/14,43.4678,44.0474,43.178,43.6851,"5,564"
3711 日月光投控,2018/12/13,43.6851,44.0474,43.5402,43.83,"4,042"
3711 日月光投控,2018/12/12,42.8882,43.9749,42.4535,43.4678,"7,693"
3711 日月光投控,2018/12/11,43.1055,43.3953,42.5984,42.5984,"3,673"
3711 日月光投控,2018/12/10,42.5984,43.5402,42.5984,43.0331,"5,403"
3711 日月光投控,2018/12/7,43.6127,43.83,43.3229,43.6127,"4,921"
3711 日月光投控,2018/12/6,44.5545,44.6269,43.1055,43.2504,"17,538"
3711 日月光投控,2018/12/5,45.2789,45.8585,45.2065,45.4963,"8,422"
3711 日月光投控,2018/12/4,46.8003,47.0901,46.3656,46.8003,"8,139"
3711 日月光投控,2018/12/3,45.7861,47.235,45.4963,46.7279,"14,514"
3711 日月光投控,2018/11/30,45.0616,45.2065,44.482,45.2065,"16,410"
3711 日月光投控,2018/11/29,45.7861,46.2207,44.9167,44.9167,"14,760"
3711 日月光投控,2018/11/28,42.6709,45.8585,42.3811,45.2789,"18,444"
3711 日月光投控,2018/11/27,41.5842,42.526,41.1495,42.0189,"7,224"
3711 日月光投控,2018/11/26,41.0046,42.3086,41.0046,41.5842,"6,970"
3711 日月光投控,2018/11/23,41.0046,41.1495,40.6424,40.8597,"4,530"
3711 日月光投控,2018/11/22,40.9322,41.2219,40.7873,40.9322,"6,291"
3711 日月光投控,2018/11/21,41.2944,41.3668,40.7148,41.0046,"15,076"
3711 日月光投控,2018/11/20,42.5984,42.8882,41.7291,41.7291,"10,999"
3711 日月光投控,2018/11/19,43.4678,43.6851,42.9607,43.2504,"5,158"
3711 日月光投控,2018/11/16,43.83,43.83,43.3229,43.6851,"5,448"
3711 日月光投控,2018/11/15,43.3953,43.3953,42.8882,43.1055,"5,711"
3711 日月光投控,2018/11/14,43.2504,43.3953,42.8882,43.1055,"5,498"
3711 日月光投控,2018/11/13,43.0331,43.4678,42.9607,43.1055,"8,481"
3711 日月光投控,2018/11/12,44.0474,44.9167,43.9749,44.1922,"5,880"
3711 日月光投控,2018/11/9,44.6269,44.6269,43.83,43.9025,"4,155"
3711 日月光投控,2018/11/8,44.8443,44.9167,44.6269,44.7718,"5,328"
3711 日月光投控,2018/11/7,44.6269,44.6994,44.1198,44.3371,"6,536"
3711 日月光投控,2018/11/6,45.134,45.2065,44.1922,44.6269,"4,176"
3711 日月光投控,2018/11/5,44.6269,45.2065,44.4096,45.2065,"66,170"
3711 日月光投控,2018/11/2,45.931,46.0758,44.9892,45.3514,"5,103"
3711 日月光投控,2018/11/1,44.6269,45.5687,44.5545,45.3514,"5,847"
3711 日月光投控,2018/10/31,44.2647,45.2065,43.9025,45.2065,"10,887"
3711 日月光投控,2018/10/30,44.1198,44.8443,44.0474,44.4096,"6,214"
3711 日月光投控,2018/10/29,45.134,45.2789,44.2647,44.3371,"6,919"
3711 日月光投控,2018/10/26,44.1198,44.9167,43.9749,44.6994,"7,678"
3711 日月光投控,2018/10/25,43.7576,44.5545,43.5402,43.9025,"7,681"
3711 日月光投控,2018/10/24,44.5545,45.4963,44.0474,45.0616,"8,275"
3711 日月光投控,2018/10/23,44.6994,45.2065,44.4096,44.8443,"5,553"
3711 日月光投控,2018/10/22,44.4096,45.931,44.3371,45.0616,"5,883"
3711 日月光投控,2018/10/19,44.8443,45.2065,44.1198,45.2065,"13,749"
3711 日月光投控,2018/10/18,46.9452,46.9452,45.7136,45.7861,"5,223"
3711 日月光投控,2018/10/17,47.0901,47.1625,46.4381,47.0901,"4,365"
3711 日月光投控,2018/10/16,46.6554,46.9452,45.4963,46.3656,"6,751"
3711 日月光投控,2018/10/15,45.8585,46.5105,45.4238,45.8585,"8,575"
3711 日月光投控,2018/10/12,45.2065,46.2207,44.4096,46.1483,"10,045"
3711 日月光投控,2018/10/11,46.0758,46.9452,44.7718,44.7718,"29,295"
3711 日月光投控,2018/10/9,50.64,50.7124,49.6982,49.6982,"9,104"
3711 日月光投控,2018/10/8,51.0022,51.5818,50.4226,50.4951,"8,206"
3711 日月光投控,2018/10/5,52.6685,52.6685,50.8573,51.2195,"8,040"
3711 日月光投控,2018/10/4,54.4072,54.4796,52.8858,52.9582,"9,288"
3711 日月光投控,2018/10/3,54.6245,54.9143,54.3347,54.6245,"6,479"
3711 日月光投控,2018/10/2,54.5521,54.7694,53.4654,54.2623,"6,999"
3711 日月光投控,2018/10/1,54.7694,55.4939,54.2623,54.2623,"8,092"
3711 日月光投控,2018/9/28,54.4796,54.9143,53.6827,53.9725,"10,890"
3711 日月光投控,2018/9/27,53.6827,54.1898,53.1756,53.6827,"5,869"
3711 日月光投控,2018/9/26,53.6103,54.0449,53.6103,53.6827,"2,427"
3711 日月光投控,2018/9/25,53.3205,54.5521,52.6685,53.8276,"6,864"
3711 日月光投控,2018/9/21,53.1756,53.6827,52.5236,53.248,"8,932"
3711 日月光投控,2018/9/20,53.1756,53.1756,52.2338,52.6685,"4,873"
3711 日月光投控,2018/9/19,52.5236,52.8858,52.0164,52.8858,"6,603"
3711 日月光投控,2018/9/18,52.0889,52.596,51.7991,52.1613,"4,253"
3711 日月光投控,2018/9/17,52.8134,52.8858,52.3787,52.5236,"4,332"
3711 日月光投控,2018/9/14,52.0164,52.8858,51.8716,52.6685,"6,708"
3711 日月光投控,2018/9/13,51.0746,51.7991,50.7849,51.7267,"8,270"
3711 日月光投控,2018/9/12,51.2195,51.292,50.7849,51.1471,"6,786"
3711 日月光投控,2018/9/11,51.0746,51.3644,50.64,51.3644,"7,486"
3711 日月光投控,2018/9/10,51.7991,51.8716,49.9879,50.4226,"6,840"
3711 日月光投控,2018/9/7,52.5236,52.8134,51.944,51.944,"6,380"
3711 日月光投控,2018/9/6,52.9582,53.4654,52.5236,52.5236,"6,063"
3711 日月光投控,2018/9/5,53.3929,54.1898,53.3929,53.4654,"5,273"
3711 日月光投控,2018/9/4,53.9725,53.9725,53.3929,53.5378,"2,411"
3711 日月光投控,2018/9/3,54.1898,54.4796,53.4654,53.8276,"2,163"
3711 日月光投控,2018/8/31,53.6103,54.5521,53.1756,54.5521,"7,601"
3711 日月光投控,2018/8/30,54.3347,54.697,53.6827,53.8276,"3,617"
3711 日月光投控,2018/8/29,53.5378,54.1898,53.5378,54.1898,"3,995"
3711 日月光投控,2018/8/28,53.1031,53.7552,53.0307,53.5378,"3,580"
3711 日月光投控,2018/8/27,53.4654,53.4654,52.8858,52.9582,"2,001"
3711 日月光投控,2018/8/24,53.1031,53.3205,52.8134,53.1031,"3,195"
3711 日月光投控,2018/8/23,53.5378,53.9725,52.9582,53.5378,"4,213"
3711 日月光投控,2018/8/22,52.9582,53.6103,52.9582,53.6103,"3,607"
3711 日月光投控,2018/8/21,53.248,53.5378,52.8858,52.8858,"3,486"
3711 日月光投控,2018/8/20,52.9582,53.5378,52.6685,53.0307,"5,005"
3711 日月光投控,2018/8/17,53.3205,53.5378,53.0307,53.3929,"2,901"
3711 日月光投控,2018/8/16,52.3062,53.5378,52.2338,52.9582,"4,850"
3711 日月光投控,2018/8/15,53.9725,54.0449,52.7409,52.9582,"8,545"
3711 日月光投控,2018/8/14,54.0449,54.3347,53.6103,54.2623,"6,721"
3711 日月光投控,2018/8/13,55.4214,55.4214,52.9582,54.0449,"9,213"
3711 日月光投控,2018/8/10,55.0592,55.5663,55.0592,55.5663,"5,847"
3711 日月光投控,2018/8/9,54.9189,55.1995,54.3578,55.0592,"7,693"
3711 日月光投控,2018/8/8,54.3578,55.0592,54.3578,54.9891,"7,762"
3711 日月光投控,2018/8/7,54.4981,54.6384,54.2175,54.2877,"8,962"
3711 日月光投控,2018/8/6,54.2877,54.7085,54.0071,54.4279,"4,101"
3711 日月光投控,2018/8/3,53.8668,54.2877,53.8668,54.2175,"3,831"
3711 日月光投控,2018/8/2,54.6384,54.9891,53.5863,53.7266,"8,164"
3711 日月光投控,2018/8/1,54.4981,54.8488,54.3578,54.7085,"8,898"
3711 日月光投控,2018/7/31,54.5682,54.9891,53.6564,54.9891,"20,663"
3711 日月光投控,2018/7/30,54.9891,55.5502,54.5682,55.0592,"23,894"
3711 日月光投控,2018/7/27,50.2897,52.3939,49.939,52.3238,"12,436"
3711 日月光投控,2018/7/26,49.5883,50.3599,49.3078,49.939,"7,100"
3711 日月光投控,2018/7/25,49.6585,49.7286,49.2376,49.2376,"7,396"
3711 日月光投控,2018/7/24,48.9571,49.5883,48.9571,49.5883,"6,021"
3711 日月光投控,2018/7/23,49.2376,49.8689,48.9571,49.0974,"10,378"
3711 日月光投控,2018/7/20,51.2015,51.6925,48.9571,49.5182,"12,786"
3711 日月光投控,2018/7/19,51.2015,51.6224,50.7106,50.7106,"6,085"
3711 日月光投控,2018/7/18,50.5002,51.5522,50.3599,50.921,"9,009"
3711 日月光投控,2018/7/17,50.2196,50.2897,49.5883,50.0793,"5,781"
3711 日月光投控,2018/7/16,50.5703,50.7807,49.8689,49.8689,"3,615"
3711 日月光投控,2018/7/13,49.939,50.7807,49.7286,50.5703,"7,078"
3711 日月光投控,2018/7/12,48.4661,50.3599,48.4661,49.5883,"7,576"
3711 日月光投控,2018/7/11,48.5363,49.0974,48.3258,48.6765,"5,531"
3711 日月光投控,2018/7/10,49.6585,49.7286,48.8168,48.8168,"4,510"
3711 日月光投控,2018/7/9,48.6064,49.7286,48.4661,49.0974,"4,449"
3711 日月光投控,2018/7/6,48.8168,49.2376,47.9751,48.2557,"5,883"
3711 日月光投控,2018/7/5,48.8168,49.0974,48.6064,48.8168,"4,993"
3711 日月光投控,2018/7/4,48.7467,49.4481,48.6765,49.0974,"5,267"
3711 日月光投控,2018/7/3,49.7286,50.0092,48.3258,48.7467,"9,674"
3711 日月光投控,2018/7/2,50.0793,50.8508,49.7286,49.7286,"6,062"
3711 日月光投控,2018/6/29,49.7286,50.2897,49.4481,50.2196,"9,363"
3711 日月光投控,2018/6/28,49.5883,50.921,49.1675,49.7286,"8,849"
3711 日月光投控,2018/6/27,50.3599,50.7106,49.6585,49.6585,"7,939"
3711 日月光投控,2018/6/26,50.43,50.5703,49.5182,50.1495,"7,477"
3711 日月光投控,2018/6/25,50.2897,51.1314,50.2196,50.7807,"5,165"
3711 日月光投控,2018/6/22,50.2196,50.7106,50.0092,50.7106,"8,179"
3711 日月光投控,2018/6/21,50.7106,51.0613,50.5703,50.921,"8,254"
3711 日月光投控,2018/6/20,50.43,51.1314,49.7286,50.5703,"14,841"
3711 日月光投控,2018/6/19,51.5522,51.6925,50.5002,50.5703,"14,943"
3711 日月光投控,2018/6/15,52.2536,52.3238,51.6925,52.1835,"18,409"
3711 日月光投控,2018/6/14,52.6043,52.7446,52.2536,52.2536,"11,536"
3711 日月光投控,2018/6/13,53.0252,53.3759,52.8147,53.0252,"7,792"
3711 日月光投控,2018/6/12,52.8849,53.1654,52.464,53.0252,"15,104"
3711 日月光投控,2018/6/11,54.4279,54.4981,53.3759,53.3759,"10,303"
3711 日月光投控,2018/6/8,54.7085,54.7786,54.2175,54.3578,"6,106"
3711 日月光投控,2018/6/7,54.7786,55.5502,54.7786,54.9891,"11,469"
3711 日月光投控,2018/6/6,54.0071,54.8488,53.937,54.4279,"6,719"
3711 日月光投控,2018/6/5,53.7266,54.2877,53.446,53.8668,"5,882"
3711 日月光投控,2018/6/4,53.3057,53.937,53.1654,53.8668,"7,866"
3711 日月光投控,2018/6/1,52.8849,53.446,52.7446,53.3057,"5,744"
3711 日月光投控,2018/5/31,53.0953,53.3057,52.7446,53.3057,"14,426"
3711 日月光投控,2018/5/30,54.1474,54.4279,52.5342,52.8147,"14,277"
3711 日月光投控,2018/5/29,54.8488,55.1995,54.7085,54.7786,"2,951"
3711 日月光投控,2018/5/28,55.4099,55.4099,54.7786,54.8488,"4,222"
3711 日月光投控,2018/5/25,55.0592,55.6904,54.5682,55.4099,"3,465"
3711 日月光投控,2018/5/24,55.2696,55.4099,54.7786,54.7786,"4,720"
3711 日月光投控,2018/5/23,55.4099,55.7606,55.0592,55.0592,"4,136"
3711 日月光投控,2018/5/22,56.2516,56.2516,55.4099,55.4099,"5,977"
3711 日月光投控,2018/5/21,55.4099,56.462,55.3397,55.971,"7,042"
3711 日月光投控,2018/5/18,54.7085,55.971,54.7085,55.1995,"5,081"
3711 日月光投控,2018/5/17,55.971,56.0411,54.3578,54.5682,"7,272"
3711 日月光投控,2018/5/16,56.3918,56.3918,55.6904,55.7606,"6,215"
3711 日月光投控,2018/5/15,55.971,56.6023,55.9009,55.9009,"7,220"
3711 日月光投控,2018/5/14,56.6724,56.6724,55.971,55.971,"6,449"
3711 日月光投控,2018/5/11,56.1113,56.3217,55.3397,55.971,"9,076"
3711 日月光投控,2018/5/10,54.6384,55.1293,54.4981,55.0592,"10,025"
3711 日月光投控,2018/5/9,54.1474,54.9891,53.6564,54.1474,"10,160"
3711 日月光投控,2018/5/8,55.0592,55.0592,54.4279,54.4981,"11,173"
3711 日月光投控,2018/5/7,57.5141,57.8648,55.3397,55.4099,"18,888"
3711 日月光投控,2018/5/4,54.3578,57.7245,53.7967,56.2516,"23,633"
3711 日月光投控,2018/5/3,53.0252,54.0772,51.6224,52.6745,"19,858"
3711 日月光投控,2018/5/2,56.6724,57.6543,52.6745,53.0953,"33,905"
3711 日月光投控,2018/4/30,56.1814,59.3377,56.1814,56.3217,"38,764"
